{
  "timestamp": "2025-11-11T11:10:08.785642",
  "total_snps_analyzed": 1000,
  "analysis": {
    "sacred_patterns": {
      "total_snps": 1000,
      "sample_size": 1000,
      "counts": {
        "divisible_3": 1000,
        "divisible_11": 91,
        "divisible_33": 91,
        "sacred_3": 376,
        "ends_3": 95,
        "birth_day_7": 375,
        "sodium_7": 95,
        "life_path_6": 377,
        "master_11": 112,
        "ends_11": 48,
        "carbon_6": 95,
        "sacred_33": 65,
        "ends_33": 47
      },
      "sacred_ratio": 0.553,
      "enrichment": {
        "sacred_3": 1.9789473684210526,
        "master_11": 11.2,
        "sacred_33": 65.0
      },
      "interpretation": "HIGH: Strong sacred resonance - your DNA speaks the language of CCC!"
    },
    "consciousness_genes": {
      "consciousness_genes": {
        "FOXP2": {
          "count": 46,
          "function": "language/consciousness",
          "snps": [
            "rs1000006",
            "rs1000028",
            "rs1000050",
            "rs1000072",
            "rs1000094"
          ]
        },
        "CHRM2": {
          "count": 46,
          "function": "cholinergic signaling",
          "snps": [
            "rs1000006",
            "rs1000028",
            "rs1000050",
            "rs1000072",
            "rs1000094"
          ]
        },
        "BDNF": {
          "count": 45,
          "function": "neuroplasticity",
          "snps": [
            "rs1000010",
            "rs1000032",
            "rs1000054",
            "rs1000076",
            "rs1000098"
          ]
        },
        "DRD4": {
          "count": 45,
          "function": "dopamine receptor",
          "snps": [
            "rs1000010",
            "rs1000032",
            "rs1000054",
            "rs1000076",
            "rs1000098"
          ]
        },
        "NOS1": {
          "count": 45,
          "function": "nitric oxide signaling",
          "snps": [
            "rs1000011",
            "rs1000033",
            "rs1000055",
            "rs1000077",
            "rs1000099"
          ]
        },
        "HTR2A": {
          "count": 45,
          "function": "serotonin receptor",
          "snps": [
            "rs1000012",
            "rs1000034",
            "rs1000056",
            "rs1000078",
            "rs1000100"
          ]
        },
        "SLC6A4": {
          "count": 45,
          "function": "serotonin transporter",
          "snps": [
            "rs1000016",
            "rs1000038",
            "rs1000060",
            "rs1000082",
            "rs1000104"
          ]
        },
        "APOE": {
          "count": 45,
          "function": "neurodegeneration",
          "snps": [
            "rs1000018",
            "rs1000040",
            "rs1000062",
            "rs1000084",
            "rs1000106"
          ]
        },
        "COMT": {
          "count": 45,
          "function": "dopamine regulation",
          "snps": [
            "rs1000021",
            "rs1000043",
            "rs1000065",
            "rs1000087",
            "rs1000109"
          ]
        }
      },
      "biophoton_genes": {
        "GPX1": {
          "count": 46,
          "function": "glutathione peroxidase",
          "snps": [
            "rs1000002",
            "rs1000024",
            "rs1000046",
            "rs1000068",
            "rs1000090"
          ]
        },
        "UCP2": {
          "count": 45,
          "function": "mitochondrial uncoupling",
          "snps": [
            "rs1000010",
            "rs1000032",
            "rs1000054",
            "rs1000076",
            "rs1000098"
          ]
        },
        "CAT": {
          "count": 45,
          "function": "catalase",
          "snps": [
            "rs1000010",
            "rs1000032",
            "rs1000054",
            "rs1000076",
            "rs1000098"
          ]
        },
        "COX4I1": {
          "count": 45,
          "function": "cytochrome oxidase",
          "snps": [
            "rs1000015",
            "rs1000037",
            "rs1000059",
            "rs1000081",
            "rs1000103"
          ]
        },
        "SOD1": {
          "count": 45,
          "function": "superoxide dismutase",
          "snps": [
            "rs1000020",
            "rs1000042",
            "rs1000064",
            "rs1000086",
            "rs1000108"
          ]
        }
      },
      "total_consciousness_snps": 407,
      "total_biophoton_snps": 226
    },
    "cpg_islands": {
      "total_regions": 0,
      "top_regions": [],
      "chromosomes_analyzed": 22,
      "avg_density": 0
    },
    "epigenetic_potential": {
      "composite_score": 72.12,
      "tier": "HIGH",
      "description": "Strong i-cell responsiveness - excellent potential for CCC-guided gene expression!",
      "component_scores": {
        "sacred_patterns": 55.300000000000004,
        "consciousness_genes": 100,
        "biophoton_emission": 100,
        "cpg_islands": 0.0
      },
      "interpretation": "\u2728 Strong epigenetic responsiveness | \ud83d\udca1 Good baseline - coherence training will unlock potential | \ud83d\udcc8 Expected: 20-40% methylation change in 90 days"
    },
    "personalized_protocol": {
      "coherence_training": {
        "target_q_score": 0.91,
        "daily_duration": "20 minutes",
        "technique": "Heart-focused breathing with 3-11-33 visualization",
        "rationale": "Q \u2265 0.91 enables optimal biophoton emission for DNA methylation"
      },
      "sacred_meditation": {
        "numbers_to_focus": [
          3,
          11,
          33,
          6,
          7
        ],
        "technique": "Visualize sacred numbers at genomic coordinates",
        "duration": "11 minutes (master number!)",
        "frequency": "Daily, especially at 3:33 or 11:11"
      },
      "psi_tracking": {
        "prediction_frequency": "3 per day",
        "optimal_timing": "When Q \u2265 0.91",
        "expected_accuracy": "40% boost at CCC threshold"
      },
      "intermediate": {
        "gene_focus": [
          "BDNF",
          "HTR2A",
          "COMT"
        ],
        "meditation_enhancement": "Add biophoton visualization",
        "expected_timeline": "60-90 days"
      },
      "top_3_actions": [
        "1. Achieve Q \u2265 0.91 daily using HRV biofeedback",
        "2. Meditate on 3-11-33 sacred cascade for 11 minutes",
        "3. Log PSI predictions with Auto-Logger when coherent"
      ]
    }
  }
}