object_id,target
Eluwaith_Mithrim_nothrim,0.02680720851591411
Eru_heledir_archam,0.004941437522532884
Gonhir_anann_fuin,0.018821774210107254
Gwathuirim_haradrim_tegilbor,0.1610490153785388
achas_minai_maen,0.05226155781430455
adab_fae_gath,0.2166304352205069
adel_draug_gaur,0.1596459873630501
aderthad_cuil_galadhrim,0.24400315650559734
aegas_laug_ithildin,0.008535592852393897
aegas_mereth_law,0.13125259436722908
agar_heron_salph,0.07321447018078667
agarwaen_glae_ithildin,0.006263384713345097
agor_achas_aiglos,0.008192290360021804
agor_ang_adel,0.11660405676424802
aiglos_Gonhir_lacha,0.261015993047879
alagos_mithren_harad,0.15653893807098296
alph_ang_graw,0.0031815510954093826
amarth_cuil_cund,0.04699676599332391
amdir_lasguil_neledh,0.015530856397389962
andrann_acharn_ryn,0.11086722118956419
andrann_rovalug_ithildin,0.004731013849370704
angos_bass_aras,0.08202734109525717
angos_elvellon_melethron,0.1711892178414026
anwar_firion_gobennas,0.024213176755461824
aphadrim_elu_tavor,0.0017604903334916449
aphadrim_ruith_cyron,0.11691818000661812
aran_puig_cuil,0.19755170736124839
aras_aeruil_muinthel,0.007192821567017708
barad_araf_loss,0.5401821631258862
bragol_manadh_heron,0.04104823661750701
bragol_melethril_certh,0.13190824679660465
braig_dam_rusc,0.2650841172126169
bronwe_echad_mithril,0.019980019592195537
cair_pethron_tirith,0.15374746550937973
cair_ulug_min,0.0019110775107383084
corch_salph_mithren,0.007879565431943207
cuil_firiel_minas,0.16056246849188557
cund_per_parf,0.011241507730588803
cund_roch_magol,0.3164589235682444
curunir_luith_tirith,0.09503741808835374
curunir_mirdan_tavor,0.0023363413158925626
curunir_nagol_idhren,0.02338974351562499
cyron_baug_aes,0.000873628121987362
dagnir_faradrim_fae,0.04985596999991042
dam_gwaun_andrann,0.03054641903906299
drafn_Ennor_ithildin,0.17175739478853647
draug_thavron_gwachaedir,0.0036393481765073466
duin_raef_galenas,0.02087719421854195
dunedhel_aiglos_Sindarin,0.055216849367518604
edlothiad_lorn_pess,0.04839289021045425
eredh_sogannen_hun,0.0021646667546549357
eryn_lhug_lagor,0.0024032886308745626
faradrim_drego_muil,0.007928460173384482
faradrim_noroth_aderthad,0.12615135573546463
fast_ylf_cugu,0.01241259359145484
faun_soga_perian,0.003622814123313195
fervain_cirdan_drafn,0.018082331022804696
firen_calad_uir,0.010349125687974404
firion_harad_morn,0.2500810566897462
forodrim_idhren_navaer,0.08158969803087511
gador_luith_panas,0.27212262214032895
galad_lobor_lalaith,0.0051834970262884346
galenas_Mirion_lost,0.11796995823173212
gaurwaith_ithildin_mindon,0.1589027816769693
gellui_neledh_corch,0.14287070141258326
gilgalad_achas_nagol,0.030002717592786766
glamor_glaur_nothrim,0.08342016901855769
gli_bass_heleg,0.03998249309520064
gond_lain_uan,0.14108314922003334
grond_muil_uir,0.10681486213413324
gwael_andrann_rovalug,0.07230432527505876
gwaloth_eryn_agarwaen,0.2236732432772424
gwarth_rovalug_lebdas,0.005885169291675423
gwaun_cirion_agar,0.0049245211799451225
gwaun_hadhod_lain,0.21500471786458836
gwaun_navaer_ithildin,0.018948463820423495
gwend_agar_ira,0.2243073103180774
gwend_gobennas_ingem,0.16400626433398244
gwend_pess_lin,0.004326742612663884
hadhod_Gonhir_hast,0.30361994951345356
hadhod_gond_drafn,0.29677547535364757
haradrim_saer_ithron,0.001729746589403287
haust_magor_guldur,0.010016282876017264
hervenn_achas_Tawarwaith,0.011293403651389918
hervenn_adab_ram,0.013533131114658724
hervess_galadhrim_nidh,0.4012874138781595
hervess_tamin_imrath,0.0834179174881355
honeg_galvorn_midh,0.011851880114742185
hu_faradrim_laug,0.06150329794445498
hud_iphant_rhach,0.06576888368129097
hud_panas_thavron,0.0330176224280481
hwiniol_minas_meril,0.13159465416651192
iphant_bragol_tinuviel,0.08129007171436467
ist_lebed_hervenn,0.15055541127416094
ist_magor_hub,0.026988567578309534
lain_menel_pendrath,0.12695715082528372
lam_meldir_galad,0.23246331613343565
lang_laes_angos,0.004649030049829173
lebed_espalass_angos,0.01170962096629697
lembas_uan_gwarth,0.07390446654708767
lhug_alagos_gwathui,0.0014277526358795526
lost_badhor_fuin,0.0047600017115301315
luin_tathar_Tawarwaith,0.1521549311996478
maen_duin_laes,0.0063667215696729396
malad_romru_ai,0.07086736327158798
melethril_mir_ennorath,0.017137367263995725
menel_graw_heledh,0.0072443993919369745
menel_ogol_nell,0.699858688307781
merilin_amloth_ithron,0.0012976722834358299
merilin_cabed_gobennas,0.06871548705936201
midh_minuial_uruk,0.006363127713461984
mil_rhosc_mithril,0.006764002464715258
mindon_amloth_rhun,0.0007626827133268579
mirdan_uir_thangail,0.0036134438267137223
mithren_hador_minuial,0.008271663022599933
mithren_ithron_haust,0.06806751461503209
mithril_haeron_rhach,0.019779132713740405
mithril_lachenn_hast,0.12894705512559473
morgul_hador_muinthel,0.26517594964822866
morn_bronwe_meril,0.00839974874967075
nadhras_hervess_celeb,0.023863555309155866
naer_anann_erchion,0.004566952359261012
naer_glaur_hun,0.17744598659519992
nagol_luith_dirnaith,0.0002105690347399543
nagol_mirdan_naer,0.007552580319132499
nana_haeron_inias,0.0023942165262629852
nana_lebenedh_achas,0.020125143721075944
nath_mithril_Gonhir,0.21169937840164246
nath_rovalug_yll,0.30840421199423235
neledh_adab_ylf,0.1613285388245714
nimp_luin_gellui,0.02499220019645132
nimp_roch_onodrim,0.18041870663846665
noroth_nidh_ram,0.05771699916380093
nost_lain_aduial,0.0026160939678865594
nothrim_lain_lossen,0.28531830282279713
nur_Mithrim_idhren,0.0363272059186592
ogol_parf_midh,0.019491440450638116
onodrim_Sindarin_ogol,0.060425281419116676
onodrim_amloth_rist,0.09435618663756717
pendrath_roch_calad,0.03497576012236471
pennas_pethron_rusc,0.1757174742391986
pent_bronwe_dannas,0.06712050535733183
pent_pilin_nim,0.003333023213443075
per_rovalug_saew,0.001966252916395632
pess_glandagol_fuin,0.16061073678355303
pethron_andrann_Ennor,0.005188825828518775
pethron_ogol_ah,0.03795759556464674
puig_raegdan_gwanur,0.04122463645893441
rach_cair_corch,0.0070839643918419685
rach_grond_lalaith,0.03901191075547206
rhun_galad_ris,0.2171002393982927
riel_firiel_adab,0.041471853627703996
riel_sirion_gath,0.01571892813732393
rist_ai_gobennas,0.08558157697397634
roch_luith_hand,0.08230330948860179
roch_myril_ogol,0.1265924083431555
rochir_galvorn_faradrim,0.057546636558930886
rom_amloth_Rochirrim,0.002761075692343779
rudh_uanui_cuin,0.3471834708220521
ruith_lam_alag,0.01071539595661396
saelor_pod_thul,0.021429535252870308
saig_law_lass,0.280942035388555
salph_laug_forodrim,0.009076202331609481
salph_lorn_malad,0.10680203410503415
salph_sammar_lain,0.22107915202625908
sogannen_badhor_ruith,0.030017592906365933
sogannen_uan_eglan,0.14349338645939633
talraph_toll_naer,0.25927104961240927
tamin_mithril_eirien,0.09674034799930448
tang_parf_luith,0.03974860606822619
tann_edlothiad_sador,0.09243301523669105
tann_inias_melethril,0.20754180153339918
tann_lin_dagnir,0.08919786938389347
tathar_glamor_fuin,0.36465403718698436
tavor_nim_roch,0.009014235431494834
thavron_ira_peredhel,0.012980511364134025
thurin_faen_Elrim,0.0511332949191469
tinuviel_celon_thor,0.08402036400093302
tirith_thangail_heledir,0.07763644095867812
toll_magol_fervain,0.10474463728757326
uan_agarwaen_Eluwaith,0.04511102747645011
uanui_dagnir_hast,0.02307525255842439
uanui_rochben_fang,0.005246118246111474
uir_minas_sammar,0.03587253719839231
ungol_hadhod_gwend,0.22155746039904245
uruk_hervenn_braig,0.014066350091338525
yll_ank_minai,0.07442343408875479
yll_barad_bass,0.0123796301786923
Druadan_bronwe_laes,0.08691229198239692
Elrim_ruith_ang,0.1946232537523976
Eluwaith_maethor_cugu,0.1552986030840276
Eluwaith_sammar_perian,0.023538625822742205
Gwathuirim_faradrim_ris,0.005130150782926968
Ithil_hal_romru,0.013181443433746708
Mirion_hador_menel,0.010824619530367832
Mithrim_raegdan_melethril,0.10416331173367717
Rochirrim_menel_anann,0.16763436108038376
achad_Eru_laes,0.1776161097503487
achad_ah_sirion,0.006478093148050029
acharn_dannas_aran,0.004527302069799794
achas_agarwaen_rudh,0.1297904401338274
adab_gond_aglareb,0.19476233802260573
adan_gellui_meril,0.22646575684757111
adan_paich_amlug,0.0031249166698366264
adel_amarth_balrog,0.07211103285632399
adel_honeg_amath,0.18017283828672992
adel_pendrath_ablad,0.005136774271786197
adel_rist_agarwaen,0.0533836458532629
aegas_gwilwileth_rist,0.005858420590060001
aglareb_luith_rochben,0.004520458697315933
ai_mil_meldir,0.08155598729395545
alagos_araf_aeruil,0.01146197597249532
alagos_hun_firiel,0.0006573363437408148
alph_nagol_uanui,0.13232019054619976
amarth_bass_Ithil,0.07335509360693351
amarth_fang_rust,0.05623205569831687
amloth_nagol_rusc,0.00045523571459152627
amlug_aderthad_talraph,0.08214688307159479
amon_aegas_pilin,0.013137870373020393
anann_firion_laes,0.046311256869288685
ang_nell_agarwaen,0.014640931672882307
annon_nagol_uir,0.036627829643627305
aphadrim_rovalug_iar,0.14913453326635637
aran_luin_noroth,0.11305240681595717
aranarth_hadhod_gwador,0.0030445532448087815
aras_cair_echad,0.14339119578822454
aras_nagol_draug,0.047939212176282935
archam_nagol_sogannen,0.003943654144343333
badhor_fervain_imrad,0.021886830619927817
badhor_lacha_gaur,0.1544544052330045
barad_firion_ogol,0.3199632668025295
bass_ram_elvellon,0.006570363131962669
baug_mil_aerlinn,0.052625156524075956
bragol_imlad_naer,0.0026645564852241523
bragol_ogol_Dornhoth,0.055319384669354765
braig_rhosc_glaur,0.08247844124953393
bronwe_aduial_raegdan,0.12235397203071194
cabed_dagnir_aderthad,0.17701802258450888
cabed_heledh_ai,0.28709936163390615
cabed_tamin_araf,0.009880586354866924
cae_mir_certh,0.04761517533812083
cair_morn_nimbrethil,0.029806262688383878
calad_rhun_mithren,0.3609795872992221
callon_alagos_erchion,0.02622061407816014
callon_ryn_tamin,0.013403206258989662
celeb_malad_ylf,0.08291564850619292
celon_alag_hast,0.3287867382120545
certh_gorn_pendrath,0.03816705505927384
corf_rudh_fern,0.08984632628256724
cugu_inias_fern,0.030316674276713716
cuil_ram_thavron,0.021801756768466393
cuin_lin_rochir,0.01675055706171351
daen_narthan_ingem,0.1979347140715496
dam_hwiniol_ablad,0.054260643468587784
dol_Mithrim_Ithil,0.006408368987778947
dol_nur_tinnu,0.01820996535420506
drego_gilgalad_fast,0.01153312473683485
duin_merilin_imrath,0.012574203337681576
dunadan_bellas_per,0.018801972563228492
dunedhel_elu_gwador,0.04277299521034859
edlothiad_amon_lin,0.1862908950698677
edlothiad_ithildin_uruk,0.06193805048581164
eglan_nimbrethil_agarwaen,0.09160505810131282
elu_bain_saer,0.009823604116981164
emel_honeg_perian,0.03651294074039058
espalass_barad_thul,0.36062106506760405
espalass_gorn_hal,0.2807831151903646
fang_dol_lebenedh,0.01995479105205929
fang_toll_eilian,0.13804070499965504
faradrim_lavan_nost,0.23268908568631191
fast_celeb_cyron,0.01039949179465066
faun_Ithil_celeb,0.023457005461149268
fern_rhosc_ryn,0.020586741390482475
fervain_lend_gli,0.0021549940786372256
fervain_rodwen_adar,0.011490424926645386
firion_cair_hal,0.09720656541663222
firion_dunadan_heron,0.0035509401947406262
galad_agar_glae,0.009044297605341681
galadh_adar_ah,0.07077023040020591
galadhrim_eilian_melethril,0.0031419933878335843
galadhrim_fuin_lasguil,0.05334807106148408
gas_gond_daen,0.0022700905990107566
gath_lasguil_raug,0.0937923707565343
gaur_magol_mithren,0.04590742090479002
gaur_salab_graw,0.10915556622802661
gellui_cabor_harad,0.079828588673436
gellui_eryn_gwanur,0.041195366603716685
gilgalad_achad_rodwen,0.0032579118566270163
glae_erchion_dirnaith,0.2520871353174452
glamog_lebed_pod,0.0007201535157058298
glandagol_gaw_fervain,0.10031565910429321
glaur_ris_lossen,0.15166961331769088
gorn_aear_amloth,0.017796214835568
grond_menel_galadh,0.009541669773990286
gwador_aear_aras,0.5227720767398252
gwael_raegdan_corch,0.0019114290497606683
gwanur_callon_glass,0.07656942063387566
gwarth_aglareb_mereth,0.04965603991363973
gwarth_perian_hal,0.006863053637690209
gwathui_bronwe_Eluwaith,0.07727735292494561
gwaun_haust_raug,0.0035244322996584487
gwaun_heledh_lam,0.02107056480003863
gwend_naer_lorn,0.052968558794926165
gwilwileth_pennas_parf,0.004268711009314844
hadhod_glamog_lhug,0.21765700539144675
hador_nimp_hud,0.0535309422396426
haeron_rhun_anwar,0.11117982770241304
hand_dirnaith_ablad,0.05953009943502816
hand_lhug_minas,0.025725435941008006
harad_laes_hu,0.10610681549559062
hast_dunadan_mindon,0.09953326356411074
hud_forodrim_tang,0.057372991437977944
hun_anwar_paich,0.22413234571350607
hwiniol_ai_mindon,0.01290533314072535
iaun_onodrim_guldur,0.07714628552633303
imlad_toll_tobas,0.04041839962491579
imloth_cair_alagos,0.03045971382156446
ira_midh_sogannen,0.3575037595908131
ist_salab_gwachaedir,0.004761724612467493
ithildin_lain_agarwaen,0.0098915738284654
ithron_archam_duin,0.09806381774766777
ithron_per_firiel,0.29076497927948675
laer_lebdas_alph,0.010400262291219476
lagor_pendrath_hast,0.03355027798987518
lain_nimbrethil_perian,0.17525964214786965
lass_minuial_tang,0.07589975887350363
lathron_Gwathuirim_haust,0.012001416559620144
lebed_dam_lasguil,0.13997169070075346
lebed_ryn_adan,0.059229985336012925
lebenedh_firen_cair,0.008151272567694092
lembas_ennorath_corch,0.17218864058682035
limlug_glaur_mithril,0.0042230527016018544
loss_melethril_adel,0.05744223278933977
lossen_lebdas_alag,0.005498327214649151
lost_ah_cugu,0.038662523160994104
lunt_adar_baneth,0.03665917728875373
lunt_fuin_thor,0.08940663875408447
maen_bregedur_erchion,0.1996588580571917
maethor_bregedur_cuil,0.5457490855151196
magol_aeglir_morgul,0.04488771693556829
min_aphadrim_gondrath,0.006354009307121225
min_lebdas_angos,0.0017539542980292118
minai_calad_aduial,0.004768373092114314
minai_mund_lembas,0.0815991930131075
minuial_rach_adel,0.02936542341796956
mithren_aiglos_echad,0.7594011625079891
mithren_glaur_lagor,0.2781471338736871
morgul_aes_min,0.024700904363111367
myril_annon_hast,0.15551327266518447
nadhras_rodwen_tachol,0.780772142002891
naer_rust_narthan,0.03396151342570111
neledh_onodrim_agarwaen,0.06109066118277592
nestad_rochben_hun,0.04703909128735208
nim_eredh_gondrath,0.20535176979504835
nimp_ulug_galad,0.04092161437121905
noroth_tegilbor_drafn,0.13499356355228095
nost_puig_glaur,0.0018404179284650325
nur_thamas_gli,0.03583058388119069
onodrim_gaw_tirith,0.0641145629863344
panas_graw_andrann,0.08253398254514255
parf_raug_glass,0.017612558484109232
pendrath_dol_gil,0.0014506239369718667
pendrath_imlad_gador,0.007741104155895201
pendrath_ithron_hadhod,0.0053859697873488155
peredhel_uanui_Ennor,0.07696884671360624
raegdan_angos_imloth,0.10083474605235261
raegdan_bain_pod,0.01243953594133678
ram_tang_mindon,0.026005962005815564
raug_angos_roch,0.01435379381255002
rhovan_gaur_ingem,0.4563483045368725
rhun_Mirion_menel,0.15462439472626277
romru_aeruil_bass,0.06875965909248517
rovalug_rhach_salab,0.19819923155518965
saelor_aras_uruk,0.3912024032591631
saer_myril_lhug,0.002188555580372066
saew_hun_bass,0.025008382603314654
salab_faen_tegilbor,0.0012164225144190271
tachol_callon_per,0.1581875497395202
tachol_dannas_aeruil,0.013560858230272152
tachol_nimp_ingem,0.010977471528313024
tamin_glamor_tann,0.5046681298987076
tann_achad_alagos,0.0014440110909182218
tathar_tinuviel_faradrim,0.013222233864751071
thangail_espalass_myril,0.7704213503106149
thor_nath_baug,0.010600408777499196
tinuviel_elu_aerlinn,0.28737865291464226
tinuviel_puig_alph,0.07619353516661248
uanui_guldur_rovalug,0.04621802507249208
yll_min_rodwen,0.09563576871446385
yll_onodrim_rist,0.3213239619119429
Elrim_mereth_riel,0.005109147586320803
Ennor_glamor_puig,0.06437678604688209
Ennor_tathar_uir,0.011093663740752801
Gonhir_honeg_Sindarin,0.03788591393180767
Mirion_salph_pendrath,0.0009839543465769156
acharn_elvellon_aran,0.15447984041243676
achas_luith_haradrim,0.03148109375982449
adar_gwaloth_salph,0.00463853733003758
adel_hand_caras,0.06054913650734447
aderthad_lossen_Gwathuirim,0.022582421974900655
aderthad_toll_ram,0.00669516603918328
aduial_rhach_pess,0.023209568080050112
aear_minuial_gil,0.009419569857437055
aegas_acharn_galenas,0.024398125199156646
aegas_glae_fervain,0.03505013067596558
aeglir_pendrath_uan,0.037178750126508266
aeglir_ris_cabed,0.009880174413087776
aerlinn_ang_alagos,0.02225679420084746
agar_mereth_aiglos,0.0035529647899538194
aglareb_curunir_rochben,0.09184529142748725
alae_araf_grond,0.010059392415186946
alagos_hadhod_minuial,0.20820546503862292
amarth_aeglir_haust,0.001315452938320691
amlug_midh_gwanur,0.23205083501202364
amon_aes_aglareb,0.009188232340903844
angos_lang_ryn,0.022137022741828147
ank_pilin_thul,0.0017649552817310039
annon_cirion_maethor,0.07763973695616297
anwar_malad_melethril,0.07632068702036837
aran_ulug_emel,0.08266038946599207
aranarth_amon_hun,0.06446858374852983
aras_galvorn_calad,0.0052569149242192225
aras_glamog_adab,0.03474343934739787
aras_noroth_ruith,0.012305937328496167
bain_maethor_neledh,0.08538337665523289
bain_paich_rach,0.0793994941962495
bain_uruk_nestad,0.08109705365299626
balrog_gwador_fuin,0.11471003531746196
bragol_heledir_panas,0.04693899777556206
bragol_hervenn_raug,0.1886643211283158
braig_lembas_Druadan,0.024950473046071342
braig_morgul_drafn,0.30997407495459195
callon_alph_meldir,0.12072220837107625
celair_dunedhel_midh,0.0068115146926893905
cenedril_tegilbor_cuin,0.065775948296889
cirdan_lachenn_suil,0.008108804377328504
corch_tirith_nur,0.02200718558666865
cugu_aras_Rochirrim,0.135624227548443
cuil_uruk_aderthad,0.10884707888772423
cuin_imrad_draug,0.003090923410062664
dagnir_pilin_ryn,0.017003760836315107
dirnaith_ungol_Sindarin,0.004669243402060105
drafn_gwaun_malad,0.13497614238002859
draug_gath_araf,0.004160678870093217
draug_sador_gond,0.010472468037876407
drego_laer_tathar,0.3499030275093592
dunadan_barad_bregedur,0.1375233904342507
dunadan_tachol_manadh,0.005618923008215169
edlothiad_aphadrim_lass,0.007319840097630735
edlothiad_romru_nath,0.20460891627147848
eglan_Ithil_Tawarwaith,0.06877251947236743
elu_gaurwaith_galas,0.1240797311591011
elvellon_guldur_ai,0.7383935208166095
ennorath_Gonhir_corf,0.0009455953860296707
eredh_tinuviel_Ennor,0.0909684066970785
eryn_Mithrim_saig,0.004658225389849675
fae_noroth_neledh,0.027551611549378165
faradrim_salph_imrath,0.020886004377873628
fern_nim_Tawarwaith,0.07281041762421822
fervain_aegas_cabed,0.3313347303602863
firen_lunt_echad,0.1714123319581145
firiel_adab_tegilbor,0.044958166518996374
forodrim_toll_laug,0.002986521845954175
gador_rach_aiglos,0.5566145959356117
galad_erchion_harad,0.010523366603864182
galadhrim_tang_braig,0.07437735967054702
galadhrim_tegilbor_lembas,0.01938036703333737
galvorn_pod_saew,0.010993395332090306
gath_lalaith_celair,0.011711557829155441
gaur_cirion_iphant,0.24285383232925142
gaurwaith_adar_aderthad,0.0220155949768393
gaw_saelor_bragol,0.009095256422755993
gellui_sador_Druadan,0.1377822710773901
glamor_hu_heleg,0.00787558325312355
glandagol_soga_lasguil,0.07564501248468494
glaur_dol_lass,0.003403578960889697
gobennas_rochir_glass,0.011718992428306032
gobennas_uan_maecheneb,0.06630029577154918
gondrath_dunedhel_lasguil,0.012460942861626759
graw_luith_baneth,0.0023759850077212353
graw_magol_gador,0.1547741548194378
graw_myril_hervenn,0.1814447012005833
grond_magol_tavor,0.009707422050433989
grond_mund_dol,0.026771629139893775
gwanur_saew_aegas,0.06223949571221673
gwarth_Gonhir_forodrim,0.002429308790829128
gwarth_ninglor_firiel,0.0031657709014999875
haeron_araf_cuin,0.16215371985718655
hal_baug_gobennas,0.002289401042245813
harad_fuin_peredhel,0.0013062756781005188
heledir_imloth_Elrim,0.058406162282383677
hun_gwanur_idhren,0.06181685923645127
hun_helegnen_gwachaedir,0.20840587982371728
iar_amarth_ira,0.0032272893727493027
idhren_amlug_luin,0.05443261937865059
imrath_hwiniol_emel,0.003528654800941712
imrath_inias_ryn,0.19917985318620057
in_nur_cund,0.002610157184660336
ingem_pethron_rovalug,0.15615663189461057
inias_alph_aduial,0.15244302897043507
inias_lathron_saer,0.004983002812522265
iphant_lend_uruk,0.10301659166423249
iphant_rom_dol,0.005272821964259744
ist_saer_gwael,0.004366086902682893
lacha_cabor_espalass,0.13105931862812042
lacha_talraph_rom,0.03960074955295195
lass_heleg_uan,0.01184085371029366
lathron_daen_aegas,0.009204133037486377
lathron_lebdas_melethril,0.11623933913051032
laug_merilin_draug,0.20306273518011547
lebdas_rodwen_gobennas,0.002647170484687496
lembas_gaw_amloth,0.009307733178516037
lend_lobor_luith,0.0012749839927036456
luin_forodrim_meril,0.05745283713468414
luin_yll_glandagol,0.03823707661893324
magol_saig_gil,0.00491421587534589
menel_dol_faun,0.08030699253543888
mereth_mund_lorn,0.14349281838044234
midh_galad_echad,0.0172236250330047
midh_hador_galad,0.033569563898513365
midh_uan_imrad,0.05185670178311084
minas_ithildin_aranarth,0.014651341767718533
minuial_lachenn_dunadan,0.0009029557752292287
minuial_nestad_meril,0.010812023644372788
muil_in_adab,0.02601272029602198
nadhras_duin_uir,0.08882369735397644
naer_gwael_achad,0.297774757968615
nagol_hun_tirith,0.11750798106150924
nath_faun_lhug,0.1039739439642506
nath_maen_raug,0.03972475759615373
neledh_aduial_haradrim,0.003454131874572346
nestad_gwend_nost,0.007378373796676427
nidh_nestad_ank,0.006248297476880467
nim_lebenedh_maecheneb,0.11628634332386845
ogol_hun_alagos,0.18598132752830596
panas_araf_luith,0.003997088685335128
panas_laer_cuin,0.02904167345614697
per_nestad_fuin,0.16576975386343806
peredhel_lend_erchion,0.09610464715812315
perian_rhun_nidh,0.0019552264107959077
pethron_limlug_baneth,0.06979864008694134
pod_hervenn_corf,0.0064627826626541315
ris_lain_bass,0.0020391471031710883
rist_hervenn_gli,0.035534947190713206
roch_achas_tegilbor,0.1748528822415966
roch_agar_lossen,0.0030736936120567765
roch_nagol_salab,0.0002503314195892264
rochir_echad_rudh,0.07770550489290629
rusc_aran_badhor,0.03482903810083153
rusc_gellui_lain,0.004632730139387753
ryn_corch_nestad,0.1750243560997816
saelor_salph_bass,0.014478201156602187
salab_elvellon_hub,0.027307262324577624
tamin_emel_perian,0.1223168579640747
tamin_haeron_limlug,0.14807798110629897
tamin_ruith_aderthad,0.01592417423762483
tang_Dornhoth_imrath,0.019184933511591836
thamas_lossen_tavor,0.0328436956353524
tinnu_amlug_rhun,0.0154335623465692
tobas_aduial_firiel,0.1648944239385929
toll_galvorn_gond,0.0030322183944424463
uan_hun_haust,0.04936350858233476
uanui_lost_cae,0.09106017855430379
uir_gwaun_angos,0.07629580805515336
ulug_faun_cirion,0.018005476558521145
ulug_rodwen_lebenedh,0.00905211085544324
vin_gwaun_lin,0.02446609763470821
ylf_magol_limlug,0.025218532071783782
Dornhoth_celeb_achad,0.02562785216388403
Ithil_imrath_iar,0.06468929492065531
Mirion_rust_suil,0.09590223071600769
Mithrim_dagnir_adar,0.2357664733335959
Mithrim_laer_paich,0.01553249827495705
Rochirrim_galas_iaun,0.10481619968193825
Rochirrim_per_ram,0.1888168586340246
Sindarin_dunedhel_aeruil,0.14827240875653425
adab_gul_glaur,0.02688493820337235
adar_angos_thul,0.06849189750640303
adar_rochben_corch,0.14368786971980238
aeglir_Ennor_sammar,0.02165900581964598
aes_magor_rusc,0.127325239087968
agar_tegilbor_ungol,0.028985174275720702
agor_firion_sirion,0.14560758342242552
agor_galadhrim_luith,0.02557997267276334
ai_vin_glaur,0.0027467853388300485
alag_gwador_ithildin,0.14309439862941586
amath_heledir_rhovan,0.00440142237446664
amloth_ithron_idhren,0.3389058602645722
amloth_rochir_lebenedh,0.002032770301176516
angos_adan_aphadrim,0.014076278691964003
angos_cenedril_lam,0.001145347114115421
angos_hub_elu,0.19901062335936737
aran_lalaith_edlothiad,0.01161972266306103
aran_thavron_acharn,0.25851641231498484
archam_glae_perian,0.04435870284001842
bain_hador_sirion,0.004221819739850465
bain_noroth_salph,0.13397176719275997
balrog_ruith_faradrim,0.28930390547337503
bass_paich_tamin,0.18588757232047753
baug_eredh_salph,0.06794456375176125
bregedur_naer_manadh,0.12346709086622551
cabor_eryn_rhovan,0.17194372682499115
cabor_rom_nath,0.00959285591419654
cae_haeron_Mirion,0.010050029116227707
cair_thavron_hast,0.004590569337005945
celair_eirien_honeg,0.008424884361206619
celeb_cugu_aglareb,0.2516244724768918
corch_aras_ang,0.06664954818575512
cugu_gaw_meril,0.011161566261718901
cyron_ank_uruk,0.0022722156111585645
dol_cugu_galenas,0.23696926846951777
dol_gwaun_aras,0.09547320956213108
draug_mereth_nimbrethil,0.03594950131072792
drego_baug_eredh,0.3055561585956787
drego_dirnaith_hand,0.006384797763153557
drego_nimbrethil_dagnir,0.046148094238604956
duin_aras_navaer,0.0024086407273659705
dunadan_Gwathuirim_nimp,0.1300262711481742
dunadan_amloth_saew,0.010526780623859791
dunedhel_lembas_agor,0.059825435359209624
echad_aerlinn_parf,0.0042533376859501286
eglan_loss_onodrim,0.030199572212123944
eilian_lass_faen,0.1242229901122404
emel_sammar_Dornhoth,0.003509350609650833
emel_sammar_saew,0.19028830937015895
eredh_galas_sirion,0.004109419676962377
eredh_glass_naer,0.0010025541604097063
faen_iphant_Eluwaith,0.016959276253315243
fang_ulug_acharn,0.11877177989503747
faun_curunir_lagor,0.3347505292987224
faun_dagnir_limlug,0.02000662678763116
faun_gath_Mithrim,0.06750118796809261
firen_pennas_gellui,0.018741931094787966
gador_ennorath_galenas,0.021554567681959416
galad_gwathui_riel,0.15722258934479086
galenas_salph_nimbrethil,0.1153912685404428
galvorn_glamor_galenas,0.01830656377899093
glamog_rhun_lass,0.0031958502607018708
glandagol_amloth_min,0.020818213895583474
gli_thamas_lacha,0.03339668075330337
gond_fast_ulug,0.006955900282927609
gul_araf_iaun,0.08293750974742763
gwachaedir_lin_haust,0.011804363106355211
gwachaedir_rhun_achas,0.05594094687068689
gwador_suil_merilin,0.00770018728244747
gwarth_lorn_alae,0.08252595100765578
gwathui_tegilbor_Tawarwaith,0.11608710177352004
hador_pendrath_uan,0.006893590767326781
hand_maen_hun,0.021414482529084723
haust_Eluwaith_haradrim,0.015259812280048132
helegnen_nadhras_aegas,0.0045418427251070195
hend_edlothiad_thul,0.34630201106847897
hervenn_galad_eryn,0.06603330653825748
hervenn_glass_gondrath,0.0601392444828627
honeg_ablad_harad,0.01599904916013966
iaun_Dornhoth_gellui,0.12038398465536494
idhren_gaurwaith_glandagol,0.009842946153188863
imlad_rhosc_limlug,0.022053515576311754
imloth_noroth_lin,0.08668738003592907
imrath_aranarth_pethron,0.013691919008729498
lacha_araf_tamin,0.006445481326393563
lachenn_tirith_thangail,0.1804634425428294
lalaith_agarwaen_nimbrethil,0.03390764380332034
lang_lebed_gil,0.025871009014615257
lass_maen_heron,0.1759850832921494
law_gath_bragol,0.37775169045456397
lebed_alae_saelor,0.10139828843938976
lend_uanui_amath,0.11413569275501328
limlug_bain_nell,0.004886196223990309
limlug_magor_lebdas,0.22742784198938898
lin_rovalug_saew,0.33642671226682647
lorn_mithren_nath,0.08600736302728142
loss_harad_rhun,0.09519944879230702
lossen_cugu_rhun,0.7272129911325881
luin_lam_lebenedh,0.0019132875181339572
magor_honeg_hal,0.19134017516950452
magor_hud_adan,0.07027844254228356
malad_ira_balrog,0.10981067183705881
melethril_maen_panas,0.12623320667566526
mereth_cund_aduial,0.08652803853324093
midh_glandagol_ingem,0.02011566731775445
mithren_ist_ank,0.2261950036276329
morn_Elrim_saelor,0.04401273645444618
muil_cund_aes,0.01137317532941768
nana_salab_law,0.11073609029666533
nim_gwilwileth_duin,0.004752416608189674
nimbrethil_Gonhir_fuin,0.03717766868229052
nimbrethil_myril_bain,0.011868380823381515
nimp_tirith_lachenn,0.003678096822305451
ninglor_nadhras_romru,0.004499602795797686
noroth_thangail_corf,0.20230627017374098
nost_rhosc_ithron,0.21572865576342354
nothrim_cuil_maecheneb,0.005580614139799827
nur_puig_hervenn,0.544030303737937
peredhel_gul_haeron,0.06171684932417772
peredhel_maethor_faun,0.1194583639910075
pethron_bass_mithren,0.20967502773890523
pilin_glamor_laer,0.1068989228910899
pod_rudh_gwachaedir,0.3644653789023212
raug_ithron_galenas,0.018796434761859663
raug_paich_lorn,0.0007669014782701934
rhosc_echad_cabed,0.09924396856659873
rhovan_emel_duin,0.009876488488911043
rist_emel_tobas,0.09923111956689912
rist_ulug_gwachaedir,0.010402112283957429
rochben_gil_amath,0.005988505579154518
rochir_imloth_hervess,0.4284680999688465
romru_lang_badhor,0.0031442007740917536
rust_thul_riel,0.00045906777122619967
salab_tobas_alph,0.002371641177069528
salph_ithron_magol,0.005615119518226354
sirion_aran_amloth,0.00447833835005274
tavor_sador_dagnir,0.17426815930692274
thor_gilgalad_puig,0.005363840416468196
thor_ingem_celeb,0.060315015282194864
thurin_bronwe_imrath,0.437925873489846
tirith_dunedhel_edlothiad,0.07833022696764551
tobas_cirdan_pendrath,0.002038669630858334
toll_ai_harad,0.13754683075897606
uanui_baneth_amdir,0.11385939798185384
ulug_Gwathuirim_mithril,0.09854626864410103
ulug_alagos_morgul,0.008406643080115626
uruk_badhor_hand,0.06854467883198477
vin_aegas_thavron,0.01721474753416547
yll_cund_braig,0.1532911760219227
yll_hador_imrath,0.08006823080156192
Druadan_lalaith_gul,0.09437900030443877
Gwathuirim_sammar_laer,0.09874371063350475
Ithil_helegnen_aegas,0.22071183986730408
Rochirrim_angos_narthan,0.03981213637491541
Tawarwaith_noroth_lunt,0.04079206594021645
achad_adab_hul,0.1004966036141937
achad_gwador_cabor,0.194408992371724
adab_nidh_morn,0.05679391147701635
adel_thangail_edlothiad,0.14495530279479524
aderthad_Dornhoth_ungol,0.024317205951437652
aderthad_gwarth_agarwaen,0.03337869719193091
aduial_gwaloth_celon,0.038261157092272687
aegas_fern_rust,0.04069056312885029
aegas_gwador_ogol,0.04872614344960453
aeglir_hand_inias,0.06561728915160106
aiglos_noroth_tegilbor,0.1630152266742924
aiglos_rochir_maecheneb,0.008699217542526168
aith_lobor_graw,0.025467423200346187
alae_maecheneb_nath,0.7581875175564401
alph_gul_maethor,0.043072541255452915
ang_gaur_laes,0.035882707269712925
anwar_gwilwileth_ulug,0.1579084465636816
aphadrim_luin_fuin,0.40585430059653965
aran_imlad_grond,0.2553462351186854
aras_in_eglan,0.08393153205763262
badhor_Ennor_nimbrethil,0.28503605690114775
barad_meldir_sirion,0.07024257461060728
bellas_Rochirrim_edlothiad,0.04920633899263187
braig_callon_saig,0.11759159110564353
braig_rochben_saig,0.09840363073072984
braig_tachol_nath,0.16420845878604837
cabed_gwilwileth_haust,0.010312968988842878
callon_cirion_rusc,0.011939869677897468
callon_gil_ruith,0.0862170299485756
celair_andrann_morn,0.013927372003473883
daen_celon_emel,0.0022509629164035655
dagnir_Rochirrim_lhug,0.0021657588779479607
dam_aes_haudh,0.006480453927854273
dam_per_aear,0.0025564759065655725
dirnaith_cair_gobennas,0.006135683438908256
dirnaith_ungol_aerlinn,0.10449929592833396
draug_bronwe_espalass,0.05915696953886059
duin_cyron_pennas,0.5563945878292582
duin_lacha_midh,0.004629365827328508
echad_pilin_aderthad,0.006785124615492978
emel_ogol_bragol,0.0022976977102527113
eryn_acharn_cugu,0.014085388658469573
eryn_badhor_rhun,0.008280444797145296
espalass_elu_Ithil,0.26213540030204696
espalass_lorn_narthan,0.01691191004504163
fang_haust_sador,0.029212178726284087
faradrim_pent_faun,0.04022989444737051
fast_dunadan_soga,0.029907037306782205
fast_rach_saew,0.0962654198131658
faun_ang_lebdas,0.04903391584020117
fervain_nim_gond,0.21542147035946316
firion_acharn_glae,0.1573311328812668
galas_angos_lost,0.13692388678854378
galas_lasguil_gath,0.14870014455622407
galenas_cae_galad,0.08291802671496838
gath_laer_heleg,0.02098945324476224
gath_ylf_cenedril,0.0884726190845224
gilgalad_lavan_lathron,0.024726912414613705
glass_aduial_rochben,0.24387385952936025
glass_bragol_nagol,0.1021098536770271
gli_cuin_alag,0.0021625654549831666
gobennas_ogol_ira,0.08318515390318929
gorn_uir_nothrim,0.10744489201929079
gul_angos_gond,0.06616767513667263
gwador_rudh_aes,0.012578369043678
gwend_aith_fervain,0.0028921602970379363
gwend_gwachaedir_echad,0.061991303813698155
hador_toll_heleg,0.15012386846350995
haeron_gwend_galadh,0.10216351388727944
hand_erchion_fae,0.20033494344893044
haradrim_drafn_gobennas,0.0706740083835877
hast_lavan_eirien,0.09191279550881346
haust_guldur_vin,0.005285942305618799
haust_rust_lin,0.14228788303893983
haust_thangail_cirdan,0.2017189992090421
helegnen_emel_araf,0.2165121301548651
hervenn_gaw_hun,0.2623968150241424
imrath_toll_cabed,0.022355351163020593
in_aras_hub,0.15982334576986554
ingem_lunt_ram,0.15404229334098585
ist_aiglos_nim,0.16222278552484376
ist_hador_imrath,0.08798301040637903
ithron_fang_rom,0.12399644890734526
lacha_gwarth_hervess,0.16577326438614332
lachenn_luin_paich,0.16877410608388163
laes_eredh_gond,0.0766507464075333
lalaith_aear_melethril,0.16097110238974927
lalaith_tobas_randir,0.11279989298303493
lam_haeron_neledh,0.004485992823767264
lam_lorn_rodwen,0.009770580492631473
lathron_melethron_bellas,0.03670458458804659
lathron_rhun_agor,0.015957633182903535
laug_nana_Gwathuirim,0.058851815601753545
lhug_in_rhun,0.11952644068333092
limlug_aerlinn_inias,0.13204507255261363
lin_alagos_Sindarin,0.01611425380397348
loss_andrann_rusc,0.008638783446223706
lossen_suil_maen,0.047884103288166925
luin_anwar_barad,0.12836809212733835
magol_bass_pess,0.05096307375814529
magor_rhach_hervess,0.2468312131950145
manadh_anwar_nim,0.20819782754656296
meldir_thavron_randir,0.046014590566453656
melethril_gilgalad_Gwathuirim,0.03744103081385748
melethril_rusc_aphadrim,0.059835028684924615
mereth_mir_aras,0.1269287763241912
midh_galvorn_min,0.13604151948008386
mil_lasguil_rodwen,0.2253303404426568
mil_noroth_min,0.17751486680813758
minuial_nadhras_sogannen,0.25050721590854347
mir_heleg_hub,0.0020225515892086485
morgul_rist_ram,0.11889345330943106
muil_gwarth_Rochirrim,0.0035611097846721665
myril_lunt_raef,0.11673835172334694
nadhras_lobor_lebenedh,0.28872595401786455
nath_iaun_min,0.07906149982842252
navaer_harad_ithildin,0.004077186723684705
navaer_lathron_rust,0.010581640991849932
nestad_peredhel_imlad,0.008991843127649878
nim_dagnir_mithril,0.32671392303795294
nimbrethil_adar_ulug,0.05794704620932293
noroth_lam_tang,0.010787670731543273
nothrim_celeb_gwaun,0.059268413509317955
nothrim_nadhras_lalaith,0.0007501874304661129
ogol_ulug_Mithrim,0.0020798665426465337
onodrim_sirion_dol,0.023030502157866086
pennas_adab_cirion,0.004046821388756151
pennas_cenedril_in,0.15858647207780383
per_araf_narthan,0.0491716121251991
rach_laes_aglareb,0.20952408962877872
ram_lathron_ulug,0.029827603441631663
ram_limlug_elu,0.2473790809485614
rhach_raug_gaur,0.23805509174354275
rhovan_lagor_fervain,0.021095408636673273
rhovan_tathar_bronwe,0.15268312155657845
rhun_maethor_lalaith,0.09104965662766577
riel_lacha_Eluwaith,0.08070833666885767
rist_rochben_Gonhir,0.05523964146446061
rochben_aras_lalaith,0.02435266653768894
rochben_sador_hand,0.06350352564773995
rochir_cirion_manadh,0.11072780626432067
rodwen_melethril_alag,0.18988470299679036
romru_magol_hud,0.37230046948058587
rovalug_Eluwaith_meril,0.03972632731074026
rust_gorn_dam,0.054495694881130534
sador_melethron_ris,0.19232132906832586
saelor_midh_edlothiad,0.19173975340175906
saew_grond_fae,0.0027707652215189283
salph_adan_haeron,0.016560925331561272
salph_celeb_ank,0.09290868161346764
sirion_dam_nimp,0.23666141325040607
sirion_rist_hast,0.09365335420547836
soga_dannas_curunir,0.02280592285110618
soga_nath_firen,0.26808981990627656
suil_rust_gaur,0.4167046028606872
tachol_lass_rovalug,0.18484176955450113
tachol_lebenedh_amon,0.028392531588648753
tamin_law_Ennor,0.1669662688332909
tathar_aran_pess,0.008917692092035608
thangail_forodrim_nost,0.020543961813505165
thavron_eredh_salab,0.09542415378737358
thurin_uan_per,0.2666459050416193
tobas_lalaith_aith,0.21936830033431298
uanui_saig_aranarth,0.2435824782504551
uir_muil_glae,0.2629099130332446
ulug_adab_ris,0.03633443832644856
ulug_pod_alph,0.09530593127386737
uruk_lossen_in,0.12747559181616608
vin_gwanur_lagor,0.004630908466260304
Dornhoth_glae_aras,0.7918081315518392
Druadan_nidh_rhosc,0.002602129755915387
Elrim_ingem_melethron,0.16773282105078166
Elrim_ist_gwaun,0.03911994803434704
Elrim_ogol_ylf,0.20953348735223903
Ennor_nana_roch,0.004963331385173908
Sindarin_salph_iphant,0.09068982714470934
Tawarwaith_hervenn_hal,0.4361700859799098
ablad_gwachaedir_haust,0.08369561999424163
ablad_saew_lhug,0.06546122990630131
achad_emel_lembas,0.0519155500125096
achas_aith_Ennor,0.12013201453879291
adan_amath_rust,0.008424103571491946
aegas_gilgalad_grond,0.0028865000264752805
aeglir_callon_elu,0.09131506128230099
agar_randir_tann,0.1549485475367937
agar_suil_amarth,0.0036127740735927916
agor_per_saig,0.0901913742205728
aith_archam_cair,0.07979649770048042
aith_curunir_minai,0.11041932560882145
alae_cabed_tobas,0.15032479315443578
alph_lachenn_vin,0.33696434851031226
amon_hub_rhovan,0.20272813886121388
araf_hervess_tamin,0.004733573236386405
aran_guldur_bregedur,0.15334552863078962
aranarth_muil_uan,0.1407067513021186
aras_lin_ira,0.2518158957936261
badhor_gwael_nothrim,0.32745946279230626
bass_lunt_muil,0.24183898022362754
braig_lasguil_honeg,0.0048449556548983514
bregedur_saew_fervain,0.0692036436783132
bronwe_rom_aran,0.2605053167852005
cae_lachenn_Gwathuirim,0.030764163284979853
celair_nim_hul,0.011414813129806842
cund_agar_emel,0.008549362278758488
curunir_gellui_nur,0.0542894591704962
curunir_gobennas_eirien,0.02330426006873525
cyron_gath_nimbrethil,0.08983761876277963
daen_cabor_sador,0.37628350846059927
dagnir_gaur_minuial,0.00422462337718743
dirnaith_aderthad_amloth,0.00872311627213233
dirnaith_lalaith_muinthel,0.0049788055795924316
draug_pent_merilin,0.16126419710300077
draug_tinnu_lorn,0.0810465636339073
dunadan_bregedur_aras,0.022477040149250883
dunadan_imrath_galas,0.10857953983986986
echad_cund_maen,0.047393304911316374
eirien_gellui_calad,0.1418852206926201
elvellon_saer_hud,0.022447128212960545
emel_perian_minuial,0.056747115647929475
ennorath_eglan_gul,0.010628937907451612
fae_galenas_muinthel,0.009440364345376996
faen_ram_drafn,0.31370573738873514
faradrim_haudh_uan,0.09712687965557268
fern_ram_aduial,0.08754084250004394
firiel_suil_Druadan,0.019370849512669406
galadh_eglan_adab,0.01822310021349742
galadh_nell_fuin,0.056535858124638086
galadhrim_caras_naer,0.06609491670514805
galadhrim_tobas_saelor,0.040410752545161896
gas_Eru_gwaun,0.001699094237847077
gas_inias_aranarth,0.004251239347179327
gas_mir_cabor,0.05930653404120834
gath_lacha_noroth,0.14025172843539693
gaw_ram_nidh,0.04034843122426364
gellui_maethor_Gwathuirim,0.0307682321238838
gellui_pod_elvellon,0.008705857386521633
glaur_pess_aphadrim,0.004124641590834683
gli_laug_ingem,0.040560614170857365
gli_mithren_alag,0.03911270495672511
gobennas_gwathui_laes,0.035391042390457386
gond_hwiniol_nim,0.11131538292806042
graw_baug_sador,0.0049252104044959395
graw_nell_drego,0.005038839572057889
grond_lam_aiglos,0.1278975635748554
gul_idhren_rist,0.007456349490872858
guldur_rhach_hub,0.07853791434030633
gwador_perian_sammar,0.09809511473901242
gwael_saew_haudh,0.08815433950927627
gwaloth_adan_luin,0.021096573094411476
gwaloth_gondrath_raug,0.10985591314335896
gwanur_aeruil_lebdas,0.038580963342569934
gwilwileth_hu_hub,0.09520422801168048
hador_saig_drafn,0.16509989590007146
haeron_galenas_ithron,0.25195945122803126
haeron_gul_thurin,0.0032005893001215316
hal_corch_gwachaedir,0.1309379717194827
hand_lass_celair,0.11483004646284257
haradrim_vin_nimp,0.00171038035684294
haust_ungol_faun,0.015841877729625527
heledh_haeron_nana,0.0530188446736391
heleg_araf_pilin,0.12996944137814584
helegnen_melethril_celair,0.03934062118734268
hervess_angos_lass,0.008189397494177842
hervess_lebdas_rust,0.1381473109344007
hervess_lin_onodrim,0.3227676059518685
hu_anann_maecheneb,0.3365132394741257
hu_cae_pethron,0.06119901454818407
iar_myril_cirion,0.12161725302915674
iaun_luithien_lobor,0.05843965543815498
ingem_lost_angos,0.003959022207556726
iphant_heron_ank,0.0027828258247388714
laer_faen_callon,0.00368747497465831
lagor_celair_tachol,0.15987573931363788
lagor_ithron_cae,0.1203848621983865
lalaith_cugu_ruith,0.06602369516843415
lasguil_minai_ank,0.0425738956963653
lass_ingem_myril,0.08566891193693504
laug_ungol_cabed,0.0848323958597453
lebenedh_salab_tavor,0.04066490783999781
lebenedh_tegilbor_alae,0.005080102705140169
lembas_eglan_hud,0.036627817151493484
lembas_panas_hal,0.08648334090538735
lin_forodrim_lost,0.000696655300315416
lobor_pent_iphant,0.006907069361440061
lorn_ingem_Ithil,0.0020020944347058853
loss_galas_aith,0.02828181022041442
loss_iaun_cund,0.637242777895905
lossen_heron_gil,0.23389099158469343
luin_ylf_rom,0.1153359523654156
luithien_rhosc_midh,0.0655653055491146
manadh_bellas_helegnen,0.024643265025500606
melethril_laer_nestad,0.02015804042274438
midh_aegas_edlothiad,0.024233617994080067
minai_iar_emel,0.007964609160371635
minai_rhach_cae,0.020116808385407605
minas_sogannen_maethor,0.010754104018217272
mindon_gli_firion,0.07901960703445486
muinthel_lobor_cugu,0.44610885486750074
muinthel_morgul_aear,0.057469281818113845
mund_nestad_tavor,0.02849194021143744
myril_callon_randir,0.04133883081648154
myril_gul_cyron,0.06602684196046577
myril_nur_hub,0.11385687056228583
nagol_galvorn_glae,0.301692582109718
narthan_rhach_glaur,0.07940266687656995
nath_gwathui_aran,0.01820178418154962
neledh_nimbrethil_onodrim,0.10181986215545401
nell_luin_cuil,0.029934141132163396
nimp_riel_saelor,0.0009668121015173373
nur_amlug_hend,0.001102342102851443
ogol_nimbrethil_onodrim,0.2488226176884771
panas_barad_cae,0.14484846316116828
pilin_haradrim_galadhrim,0.1310117625989265
puig_thul_balrog,0.1668962803600881
raef_gil_tavor,0.02245996606950767
raef_lam_gaurwaith,0.0007479011679648636
raegdan_luin_bain,0.05779757484497664
ram_hal_dol,0.2501494632986615
randir_minuial_archam,0.007833436042998526
rochben_rovalug_edlothiad,0.015294467051537784
rochir_sirion_muil,0.06113828297563331
rom_aeglir_haust,0.09790554069441927
rom_agarwaen_ist,0.13451060335102602
rom_saelor_imlad,0.007325771124629434
romru_lam_adar,0.02040558877709937
rovalug_min_naer,0.0012250416018112754
rovalug_nim_galad,0.07412299489091197
saelor_narthan_braig,0.01659724823654087
saew_echad_baneth,0.5528422769467273
saig_lebed_anann,0.005415765099476414
soga_fervain_Ithil,0.006565933877030342
sogannen_annon_lasguil,0.16847640853266935
sogannen_ylf_luith,0.1372034593678323
tachol_alagos_dol,0.00269015299923391
tamin_hadhod_myril,0.08864312651518703
tamin_honeg_hend,0.004215271365791672
tann_menel_pendrath,0.12205927743123467
tavor_nestad_laer,0.006692189248678565
thamas_elu_nimbrethil,0.1009577428442268
thavron_gwarth_merilin,0.008481797577513078
thurin_nidh_tegilbor,0.35243648614269735
tirith_rhach_uruk,0.009563980317642117
tobas_saer_cyron,0.009863947438490369
toll_celair_loss,0.08214991432095525
ulug_lorn_ennorath,0.2088055891212276
ulug_luithien_lachenn,0.0036510527023240237
uruk_pennas_panas,0.04055876956526444
vin_graw_galad,0.07517957166446612
ylf_nim_ungol,0.05645844386651851
yll_hwiniol_haudh,0.044805560114393204
Elrim_acharn_luin,0.010438133590027682
Eluwaith_myril_melethron,0.060341677411672394
Ennor_saelor_iphant,0.04592792957413224
Gwathuirim_maen_toll,0.032088987686249924
Rochirrim_gas_paich,0.016850365808750115
achad_bregedur_nath,0.013546346758892111
acharn_lasguil_gaur,0.13529070590445713
adab_perian_grond,0.01906046520066077
adan_heledir_hend,0.012804807698180393
adar_firen_midh,0.18207343344840612
adel_lossen_lorn,0.004185267969581704
aegas_aes_firiel,0.016153170135516086
aegas_peredhel_ank,0.13893755881087894
aegas_ryn_fast,0.0021110478519432746
agar_maethor_Elrim,0.0078081831226751285
agarwaen_ram_rust,0.0038779885785358995
aglareb_lobor_cirion,0.0029498852675710406
ai_hador_dagnir,0.18308993010231456
alag_archam_rusc,0.007905945515520303
alph_gath_adel,0.009837293548728181
amdir_salph_lavan,0.15013346442739645
amon_melethril_aran,0.24344864229324353
amon_morgul_gil,0.010168727544330455
anann_guldur_glae,0.1715264618986868
ang_firion_rhovan,0.01718566615623584
angos_ylf_rach,0.08553352181162038
anwar_gath_dannas,0.04448198403329566
aphadrim_gwilwileth_tavor,0.30165746267185967
araf_lebdas_raegdan,0.14837522285607477
araf_magor_bellas,0.15611634992911103
aran_maethor_saig,0.08635884745383186
aran_soga_merilin,0.11443205942046147
bain_aeruil_puig,0.12840792164705725
balrog_muinthel_daen,0.08569132997705338
baug_haradrim_angos,0.16485619849555086
bragol_cabed_ungol,0.11127887902927712
cae_mir_nana,0.08579854062143626
calad_tann_glamog,0.06582200306028557
caras_Mithrim_tinnu,0.001516991427100515
caras_achad_amdir,0.010986827439798895
celon_Eru_Ennor,0.018706229114284646
cirdan_cuil_andrann,0.025477137906582212
cirdan_rochir_rust,0.014653788063071084
cuil_limlug_gilgalad,0.24360216791160452
cund_aerlinn_riel,0.01454012374154304
curunir_ruith_firiel,0.002027558501623307
dannas_gobennas_gas,0.11434528338850969
dannas_tavor_ira,0.1304230563000011
dol_Dornhoth_in,0.1541001879669343
draug_romru_achad,0.2467121264618542
duin_bragol_ennorath,0.11451125862880007
echad_erchion_tegilbor,0.19429078933463842
edlothiad_aegas_tathar,0.08764903619377652
elvellon_lend_aith,0.15756429886883114
ennorath_ram_nimp,0.5087638329030364
eryn_aras_gwador,0.012334284105310515
espalass_luith_Dornhoth,0.1898274865856431
espalass_raegdan_guldur,0.5459706753081532
faradrim_aderthad_rovalug,0.19350018232069843
faradrim_hervenn_dagnir,0.04052384326865008
fast_Rochirrim_sammar,0.0265019546143895
fast_hervenn_ylf,0.09411504723949177
firiel_gas_nimp,0.016128602074552502
galad_grond_toll,0.049974674294226216
galadh_Dornhoth_haeron,0.0036390558882362714
galadhrim_haust_adan,0.10271526561107384
galadhrim_suil_tinuviel,0.03071464194951223
galas_dirnaith_hud,0.2980468314032955
galenas_aran_calad,0.000581336624659338
gath_toll_hand,0.1479077376364121
gaw_midh_narthan,0.09081709857782438
gaw_saig_hador,0.05570967677488579
gellui_Mithrim_pent,0.07490386796836902
glamog_faun_lalaith,0.22545609683569148
glamog_yll_amarth,0.08848194892844749
glamor_certh_sogannen,0.07092107418141677
glandagol_hast_eirien,0.015069683103217692
glaur_nimbrethil_tann,0.004753395753020412
gobennas_thurin_onodrim,0.07426089727533648
graw_raegdan_muil,0.09628159301858755
graw_tirith_eglan,0.048397154233210365
guldur_cyron_ithildin,0.012989940595288947
guldur_navaer_fae,0.2463267205809657
gwael_braig_thavron,0.03976541067684735
gwarth_tathar_luith,0.17417193810114615
gwend_soga_uanui,0.23689441694229454
gwilwileth_adan_galadhrim,0.05863147485990738
gwilwileth_hend_rodwen,0.0838923856300958
gwilwileth_hwiniol_bregedur,0.18360868302509412
hador_rodwen_melethron,0.11369638751276719
hand_onodrim_rodwen,0.11214801933172021
haudh_gilgalad_ninglor,0.08994799282145131
haudh_glamog_ram,0.01599769512182578
haudh_hud_edlothiad,0.0690351785126352
haudh_morn_cuil,0.1930181644473481
haust_forodrim_lagor,0.08007349485387048
haust_imrath_gwachaedir,0.18091510821973586
hend_inias_vin,0.12345114202694472
hend_mund_lang,0.08033643560232358
hervess_lavan_lathron,0.05002889210164918
hu_roch_melethril,0.09147368246509288
hu_rovalug_rust,0.16709866011642535
hul_elvellon_aith,0.0002230199171279767
hun_saelor_Eru,0.026817379025105077
imlad_sirion_ylf,0.07526993438126417
in_firen_saer,0.002758075139000771
ingem_gwael_rochben,0.04252489151803378
ist_rhovan_perian,0.08461637336039593
ithron_rudh_mirdan,0.021517158962661292
laes_achad_gador,0.03463166682746504
laes_agor_saer,0.009038373010488317
laes_amon_maen,0.006574302416006438
lavan_rudh_gaw,0.25623727053989315
lebenedh_bain_ungol,0.039773168695825915
lembas_galadh_echad,0.07033671026269796
lhug_Ithil_hun,0.08533668058199002
lobor_dirnaith_guldur,0.01946411626619032
loss_manadh_rusc,0.0067966875696132845
luith_gellui_rochben,0.19261723970411793
maen_anann_Druadan,0.10008732020281483
maethor_cae_adel,0.04067063179119168
magor_hadhod_gorn,0.1006738846408863
magor_rach_lossen,0.07467179475453709
meldir_dol_haust,0.048845531433236354
meldir_tinuviel_aeglir,0.007605251049135068
melethron_Dornhoth_agarwaen,0.24471532409300017
melethron_cirdan_barad,0.02188010086152274
mil_galadhrim_nidh,0.11138474597489967
minai_aglareb_gilgalad,0.1941804076576476
minas_morgul_limlug,0.040294264072288345
mindon_adel_faradrim,0.004054696299013322
minuial_curunir_fang,0.1433759853468342
mir_aras_ram,0.014351325172888408
mithren_cuin_uanui,0.2567379723964613
mithren_rach_ithron,0.0013188964105666167
mund_amath_nur,0.004182640534804609
myril_duin_badhor,0.2688610080815964
myril_iaun_ira,0.0037932718978709937
nadhras_mir_mithril,0.08437381020437576
naer_hal_paich,0.08899839959781504
naer_riel_gorn,0.053971434271667916
nath_pethron_Gwathuirim,0.0040755188467426874
navaer_meldir_cae,0.04678502823678553
navaer_minuial_paich,0.010382305074283955
neledh_lossen_aderthad,0.002791784633768605
nell_glamor_amloth,0.018006140504937655
nim_alph_ithildin,0.0006949452199412329
nim_baug_minuial,0.1610130566674373
nimbrethil_rodwen_sirion,0.014393470244846586
nimp_Sindarin_araf,0.09044780517367178
ninglor_mithren_ulug,0.020506388450193317
ninglor_rhun_Gwathuirim,0.14952327711343374
noroth_aith_Eru,0.1317326871769477
nur_paich_thamas,0.02783067853470547
onodrim_merilin_celeb,0.16656910037310557
onodrim_thor_midh,0.009350561338531384
paich_laes_cae,0.011713860699386344
panas_rust_hervenn,0.02212833960174771
pennas_randir_corf,0.0557196406265206
per_imlad_caras,0.6903796049322752
peredhel_edlothiad_iphant,0.0021559864888411086
perian_amlug_aerlinn,0.0682168874819549
pess_hervess_imlad,0.003129301735631981
pod_Mithrim_lavan,0.04707306428396421
rach_suil_magor,0.0007877472870505895
raegdan_sador_amlug,0.008567587751999716
ram_imrad_riel,0.029077931290173366
randir_lebdas_aes,0.0965741166111113
rhun_badhor_certh,0.08848722611878983
rist_galenas_lacha,0.007670625958642286
rist_mirdan_minas,0.3804305027386421
roch_gli_raegdan,0.20306638432010904
rochben_gwanur_achas,0.007925760877869444
rochir_balrog_ogol,0.0128563296762748
rochir_lembas_alag,0.06621555076981492
rom_badhor_emel,0.0729511264000792
rom_braig_agar,0.08886739838255589
rudh_galadhrim_onodrim,0.1426683994504777
ryn_luith_rhovan,0.02427957967834115
sador_nell_harad,0.011536775128548733
saelor_aegas_nimp,0.014081177063675454
saelor_ennorath_rach,0.0012593341696789146
saew_aeruil_nidh,0.1451737273476589
saig_Ithil_roch,0.19785623215287843
salph_glaur_galas,0.02586566578507598
salph_harad_ithron,0.11182631577151655
salph_muil_aerlinn,0.2881407274229534
soga_suil_anann,0.06990720827612099
sogannen_randir_faen,0.011932758326386163
talraph_cae_Ithil,0.020866530232738396
tamin_agar_curunir,0.16939406699848805
tang_Ithil_calad,0.014994407968892726
tann_glaur_rhach,0.046938671408604284
thamas_harad_elvellon,0.27262940297267635
thangail_randir_drego,0.004356206216512301
thurin_tirith_aduial,0.5200467819267293
tinnu_hu_malad,0.012575466240099479
ungol_anwar_lend,0.01255031062842707
ungol_lachenn_morgul,0.011398598777745649
uruk_gwachaedir_saig,0.12038086515710059
vin_lebenedh_thurin,0.015771641830253865
vin_ryn_dagnir,0.027149557705032332
yll_aduial_graw,0.24358053075036565
Dornhoth_peredhel_eglan,0.06289043522957741
Eluwaith_gondrath_lass,0.02960684938774904
Eluwaith_minas_limlug,0.0020817812938962645
Eru_aduial_gwador,0.0558748701892398
Gwathuirim_caras_lost,0.03454521739105176
Gwathuirim_rach_galas,0.0018387469807271313
Mithrim_maethor_lebenedh,0.0023508902351670594
ablad_rusc_meldir,0.033784430576604935
aduial_hal_ylf,0.10917893138659558
aegas_haeron_cirion,0.0873135169807745
aegas_pilin_amloth,0.0379494748167937
aeglir_braig_celair,0.00300488354566408
aerlinn_Ennor_Mithrim,0.21885925023404582
aerlinn_aith_cirdan,0.0016906749100764663
aeruil_baneth_Eluwaith,0.17474689997264134
aes_faradrim_galvorn,0.06495116431819331
agarwaen_ryn_dol,0.07188399342279964
agor_gul_bass,0.13213178001319192
aith_muinthel_Eru,0.0033124919373777335
alae_imrath_rom,0.017461854191345504
alae_tobas_hul,0.037754050797193045
alag_eglan_dam,0.001024563814839672
alag_tinnu_meril,0.020055112426419015
alph_draug_gwilwileth,0.005032417570588239
alph_eglan_galadhrim,0.004494581817870684
amarth_lang_nimp,0.0028902830156702403
amlug_tinnu_imrad,0.1118340975561719
amon_anwar_nestad,0.012424379815962118
annon_rovalug_cirion,0.001808513745429303
anwar_ank_uruk,0.09308465696304205
archam_tann_cugu,0.02194534200535261
barad_sogannen_glamog,0.02382886389518934
bass_loss_dirnaith,0.0060628801026325375
braig_lebdas_bain,0.4242198976274549
cabed_agar_gond,0.043692213648863096
calad_mir_thavron,0.06129149439015366
caras_cuil_eglan,0.05143608550188943
celair_hu_fern,0.08488866222526052
cenedril_haradrim_drafn,0.0013674354505960854
cenedril_ulug_minuial,0.3014540383293607
corch_firion_meril,0.0030944521649500932
corf_dam_hud,0.03279296245030607
cugu_meldir_nadhras,0.004627338989647073
cuil_duin_saew,0.00407554852879723
cund_lacha_haudh,0.13627095608997777
cyron_gwend_faen,0.01954948124725558
dagnir_morn_nim,0.07271021192886573
dagnir_onodrim_iar,0.11445784289552978
dirnaith_rust_magol,0.008965194839654887
dol_bragol_eglan,0.12402664405835254
dol_morn_lobor,0.1306983303306481
drafn_narthan_hervess,0.042122800099045364
duin_anann_morn,0.035440706610321435
dunadan_mereth_thangail,0.1923602238295189
dunedhel_cair_gond,0.061063876464183
dunedhel_saelor_dirnaith,0.019478291298903706
eglan_rovalug_manadh,0.028361537217147022
eirien_elu_harad,0.02330639022288052
elu_heleg_rusc,0.07104122365919008
elu_lin_thangail,0.0016751223780054943
faen_agarwaen_lin,0.1849063039379328
faen_minas_laer,0.051325779885596994
faradrim_ira_Dornhoth,0.006561084229564196
faradrim_tathar_drego,0.6946779435675982
firen_eryn_lathron,0.022894407932923695
firiel_lost_loss,0.13332694585977303
firion_bain_annon,0.013380224399071251
forodrim_nell_thamas,0.0014671305432906534
gador_badhor_nothrim,0.011250479487203141
galadhrim_aranarth_Ithil,0.016633910763747293
galvorn_gwaloth_ram,0.00035021948216470896
galvorn_nimbrethil_eirien,0.0019808487928369787
gas_rochben_haradrim,0.01841605634061698
gaurwaith_tobas_cugu,0.13049009504884537
gaw_aegas_perian,0.021928598224220316
gellui_ennorath_aderthad,0.05306271201784377
gellui_firion_iphant,0.032239586561606304
gellui_rodwen_rom,0.014771540396244131
gilgalad_certh_nost,0.09972064257651349
glamog_tang_bregedur,0.007396673730415921
glass_agarwaen_aglareb,0.028797917511031494
gli_salph_galadhrim,0.04166223890780743
grond_lebdas_rom,0.039514536438805446
gul_Elrim_aegas,0.07923070319392421
gul_pendrath_hwiniol,0.014042505110314957
hador_sammar_echad,0.027802045183833463
hal_tann_Druadan,0.09733805698489717
hand_pess_nost,0.15102343463006357
harad_galenas_hub,0.02919239054967843
haust_anwar_gorn,0.029342272232833786
hend_lathron_nana,0.04084829259918034
hend_tinuviel_ablad,0.0019918252714983637
hervenn_saelor_noroth,0.08874294246485535
honeg_badhor_agarwaen,0.007921085386228615
hu_dagnir_honeg,0.019704386389418446
hu_saer_calad,0.04198808744277982
hul_aderthad_haradrim,0.0032230991851012448
hul_gwador_heron,0.0023074083553560006
hun_erchion_nadhras,0.16485742919413948
hun_lorn_ogol,0.009113507955867134
iar_hadhod_midh,0.02107370786876793
imloth_gwathui_gath,0.004485561917659346
ingem_Gonhir_limlug,0.016467435172313905
ithildin_harad_firiel,0.009525434378034284
ithron_adel_erchion,0.03386501436147028
lachenn_annon_pod,0.013030283005745087
laer_riel_lebenedh,0.08089478805170032
laes_haradrim_echad,0.1279857079966911
lagor_araf_tobas,0.007058937499619044
lain_aras_sador,0.1438013060156198
lasguil_thavron_merilin,0.2869726073788181
lavan_tavor_fuin,0.024940448033103236
lavan_yll_Gwathuirim,0.006838562407911575
law_adar_glae,0.003937818132293292
lebdas_hador_firion,0.038867465409762256
lebenedh_menel_echad,0.028828776130534
lebenedh_muinthel_draug,0.009253577248206789
lend_morn_lembas,0.0013084844271001044
limlug_nath_faun,0.16521569803208738
lin_amlug_ah,0.0652965441533826
lin_ris_aglareb,0.031632575432878424
loss_thurin_edlothiad,0.2665477353201393
lossen_ingem_nestad,0.05837735400497294
lossen_saig_ogol,0.01557633300167842
luin_gador_ist,0.013908176391642876
maecheneb_raegdan_imrath,0.06367799808024086
maethor_aranarth_pent,0.17305918610902785
magor_heledir_lembas,0.24411881344413758
malad_lossen_anann,0.016251671856762035
meldir_bain_rodwen,0.06135965559254095
menel_magor_amarth,0.049899608198496696
meril_amlug_forodrim,0.08038256606419951
midh_archam_gas,0.00820889361741282
midh_hast_tirith,0.5758806406467124
morn_andrann_galadh,0.0009125151688936352
muil_rhosc_idhren,0.1129028661443157
muinthel_lagor_hervenn,0.05132483290658698
muinthel_ylf_manadh,0.03865876654835469
mund_lossen_emel,0.009992629038101806
mund_pent_agar,0.06318353006035324
myril_Eru_rom,0.0006846196176630312
nadhras_galas_andrann,0.006030109204235993
neledh_bregedur_grond,0.0624857993957936
nestad_hud_lembas,0.0649694064757965
nimbrethil_adel_midh,0.012739672841506006
nimbrethil_bronwe_merilin,0.36764714034150425
nimbrethil_gobennas_manadh,0.01783368837029316
nimp_gwaloth_sirion,0.017537401557335738
nimp_heleg_per,0.011238583122068657
nimp_rhosc_bass,0.041945226156839946
nost_haudh_cabor,0.047688513318416
ogol_eglan_panas,0.00839119747967824
pendrath_rhovan_ingem,0.11708996096252733
peredhel_pent_cair,0.14903021717938142
perian_gorn_dunadan,0.010849300216278225
pess_gaw_suil,0.040014001113439834
pod_fang_dunadan,0.0877848590904048
rach_manadh_romru,0.09207711154144106
raef_espalass_alag,0.07550279999489291
randir_rhosc_riel,0.015434721963480499
rhach_haradrim_cirion,0.06269289036206374
rhosc_thor_glaur,0.2739239333634934
rhovan_nath_pess,0.1727423036265843
rist_galas_cirdan,0.02586500746443914
rochir_Druadan_tang,0.00987256614911298
rochir_ram_riel,0.041166565391161106
rodwen_thor_glass,0.007114216959733194
rom_menel_gath,0.0008771077066001545
rovalug_gorn_raug,0.07458938828034099
rudh_glaur_onodrim,0.004181714292735889
rusc_lembas_aeruil,0.027552688132226482
rust_lalaith_Druadan,0.11710551356878048
rust_minai_aeglir,0.07037969670510082
ryn_gorn_agor,0.03364142410903137
ryn_nana_luith,0.056127522998661056
sador_curunir_mir,0.004550194098853563
sador_tathar_amdir,0.010380174489620227
saer_duin_lebed,0.0014663927175457715
saig_elu_cirion,0.21611896210233342
saig_salph_mirdan,0.02679285184175009
salab_galvorn_glamog,0.04374955746540494
sammar_glandagol_nimp,0.04292837829822214
sirion_morgul_ylf,0.08337548442363796
talraph_ryn_nath,0.058484038573150175
tamin_sador_Gwathuirim,0.00355486372517935
tann_aphadrim_saelor,0.02056883896277359
tathar_aeglir_heleg,0.031886404143753815
tavor_aran_cirdan,0.03590695204695201
tegilbor_gwathui_gil,0.03874576683721128
tegilbor_mirdan_glandagol,0.08134400570109286
thamas_aeglir_rodwen,0.12463185469568427
thul_salab_minas,0.038665016243468416
tinnu_ninglor_melethril,0.0039757591932962555
toll_maethor_ingem,0.0070850164806582905
uanui_tinnu_callon,0.06245505470042356
uir_baug_ennorath,0.0014854787141228862
uir_lend_aeglir,0.07138171159129841
uir_ruith_fuin,0.025358858425111014
ulug_ryn_aduial,0.02092328050795138
yll_iphant_alagos,0.007150113130071789
yll_salph_meril,0.2288107715154795
Eluwaith_adar_aear,0.0729991805997911
Rochirrim_galadhrim_lunt,0.08667062685661668
Rochirrim_saig_raef,0.016557963671873295
Rochirrim_tirith_gaw,0.26559843365806823
acharn_fuin_dunedhel,0.001823600664132298
achas_galadhrim_hadhod,0.004587757309860755
adan_gwend_amloth,0.06843609926693656
adan_ryn_nimbrethil,0.05505078018713375
adel_luith_haradrim,0.05200875751919445
aderthad_bain_daen,0.006057549028806494
aduial_fang_minai,0.1755837025749012
aear_cuil_nana,0.06730788634729777
aerlinn_amath_adab,0.16943094413484666
agor_glae_glass,0.011163704504733809
agor_tobas_tirith,0.0073978803450807365
ai_tachol_ira,0.004495952537648799
alagos_achas_perian,0.023091278855859786
amarth_thavron_Mithrim,0.06113809541781912
amon_hud_angos,0.12226639425762395
anann_Mirion_fast,0.1433956027044916
andrann_gond_romru,0.03092102918815659
andrann_onodrim_sogannen,0.008414815461200941
angos_hal_gaur,0.3008315029416173
annon_magol_araf,0.03476916853964294
anwar_echad_faen,0.18379797800110156
aranarth_saew_lathron,0.3345254072175875
archam_nidh_ruith,0.0033377959914541824
badhor_myril_glamor,0.01351095260039537
barad_hadhod_aiglos,0.07131901192117285
bass_espalass_nana,0.1928327768247287
baug_rovalug_faen,0.04813202827740365
bronwe_celair_firion,0.043110262264950475
cirdan_galad_calad,0.009009649639781533
cirion_espalass_tinnu,0.013711840659993955
cuil_lin_sirion,0.0704891409302272
cuin_erchion_minas,0.00660043619163167
drafn_aran_lavan,0.041425340189964334
drafn_luith_eilian,0.014347557104733401
duin_fae_gwaun,0.009605660872785662
dunadan_gath_edlothiad,0.025606480229193637
dunadan_gilgalad_idhren,0.06349489085008177
dunedhel_dirnaith_imlad,0.1512569689793912
edlothiad_faen_fuin,0.006526088194608851
eilian_roch_ira,0.00230270399456226
eirien_alagos_gas,0.003327171459473395
eirien_calad_ank,0.0010148810241473105
elvellon_nost_rist,0.16232887899242548
fae_saer_maen,0.14690032591851546
faen_saig_aes,0.04600250898289472
faen_uruk_tavor,0.08567610193572422
faradrim_hast_hud,0.01020105301620489
fern_guldur_Ennor,0.004081142856727845
fervain_aglareb_bain,0.010743901653098764
fervain_perian_maecheneb,0.06315950353974882
gador_caras_bellas,0.08932067177075038
galad_gobennas_hwiniol,0.001066739697593617
galadhrim_per_harad,0.005538104523299214
galadhrim_raef_mithren,0.035096285521235095
galas_magor_ungol,0.007831029836055567
galas_minuial_lin,0.32075829764983166
galenas_rodwen_lorn,0.06187942121441362
galvorn_aranarth_pent,0.004812559205162143
gas_draug_daen,0.06551578094412434
gas_glamor_gwael,0.0795586865163818
gellui_gwaun_ah,0.3007106634350695
gellui_morn_fast,0.009427510338807302
gil_eredh_alae,0.6782334544314251
gilgalad_calad_gwanur,0.003278385439429004
gilgalad_ninglor_soga,0.08434244357821587
glamog_hwiniol_lathron,0.08231337915989892
glamog_pilin_saelor,0.03961644394069216
gond_gwanur_dunadan,0.16417710306286185
gond_limlug_tachol,0.24776389049250894
gondrath_lembas_hu,0.09998688565633151
graw_aderthad_pess,0.08539622086063864
gul_graw_ist,0.003326625357004113
gwachaedir_ris_ninglor,0.07768344489288646
gwador_ennorath_baneth,0.0017777060308284546
gwael_certh_achad,0.028939982935483603
gwael_cugu_maen,0.006084666925226568
gwaloth_faun_glamog,0.014481505966700994
gwarth_cair_aran,0.19045992777789733
gwathui_aiglos_imlad,0.004568832865718776
gwend_gwachaedir_agar,0.005051981603295507
haeron_roch_aear,0.007562472229928268
harad_ungol_rhosc,0.0017960924108253841
hast_gwarth_amdir,0.22669971810366088
heron_galadh_Ennor,0.09728055787554173
heron_nana_mithril,0.23740820512370256
honeg_Ithil_erchion,0.047670883067645525
hub_mereth_uruk,0.07203580906575792
hwiniol_bronwe_certh,0.021046506021052163
idhren_alae_ablad,0.2154768804184462
ira_hadhod_lasguil,0.006843221357383604
ira_minai_amon,0.10110893219329076
ist_lacha_uruk,0.04910280813787567
ithildin_panas_inias,0.1933261555107172
ithron_lembas_Eluwaith,0.01344982146871062
lacha_puig_erchion,0.028339469614581718
lachenn_achas_saig,0.03188192215423882
lachenn_agor_galvorn,0.07288406911939173
lasguil_melethril_nimbrethil,0.02251548260214059
lavan_mithren_amdir,0.1594596806014902
law_calad_amarth,0.09317768563838187
lebdas_maethor_lathron,0.2371782573962084
lebenedh_amath_tathar,0.056071874956450656
lhug_anwar_thurin,0.038319367385743056
lhug_rhach_menel,0.0185446848507371
lhug_sirion_saelor,0.04543413995183057
limlug_callon_rhach,0.2102805231171635
limlug_echad_harad,0.005626513477373989
lin_gas_amarth,0.21430975354739887
lossen_achad_Eru,0.01373485988126033
magol_bronwe_malad,0.059553381859018026
magor_gwarth_minai,0.005542460916001179
malad_lebed_neledh,0.037728753686416615
melethril_idhren_gul,0.21953500644883253
mil_fast_puig,0.20577952237998526
minai_midh_rudh,0.07008366450122805
minuial_cugu_lavan,0.20297516192128584
mir_nadhras_aran,0.003619354559652244
mirdan_aran_graw,0.006436055447220889
mirdan_nadhras_lain,0.11434430511901972
morgul_ram_meldir,0.06530515377854185
muinthel_raegdan_aranarth,0.02883099909285196
narthan_gwaloth_tinuviel,0.06897006546160997
narthan_lebdas_ram,0.02268496179177393
navaer_saelor_gwathui,0.08398813454224523
neledh_cirdan_hador,0.09556719729825346
neledh_faun_cabor,0.021565717859840242
ninglor_firen_maen,0.027642622675696584
nothrim_hervenn_imlad,0.07513463452506729
ogol_haeron_pent,0.009496013400888825
pent_imlad_galadh,0.15011401075579198
pess_randir_lobor,0.004155248020014865
pilin_gwend_morgul,0.03531214466187766
raegdan_tinuviel_nimbrethil,0.06605656263601854
ram_heledir_nidh,0.004804043555232248
randir_faradrim_tirith,0.013873081481918204
raug_ryn_acharn,0.07751366522654611
ris_magor_aranarth,0.0027687008784048907
rist_baug_vin,0.007154419620230888
rom_vin_paich,0.014663986844705969
rust_archam_Mithrim,0.004464704526023151
sador_soga_thor,0.03172930859970673
salph_hand_certh,0.07081824610682029
sammar_haradrim_achad,0.008565077614485002
sogannen_heledir_lorn,0.00642204118254593
tavor_pilin_neledh,0.07921686453199568
tegilbor_ah_heledh,0.17864638336692226
uir_cair_calad,0.053405092407872584
ungol_cuin_Mirion,0.009534994943004903
Druadan_glae_aiglos,0.008019110866600539
Druadan_gobennas_graw,0.008662663253138962
Ennor_minas_braig,0.0315017203600449
Eru_tathar_dam,0.22423301132900034
Gonhir_achas_uruk,0.018811504853408635
Gonhir_cabor_talraph,0.08749214706367749
Mirion_gath_gellui,0.10542520560626151
Mithrim_lavan_aegas,0.09261623370215896
ablad_ai_heledh,0.03994440649515573
acharn_daen_lunt,0.0006399544816370154
achas_tirith_agar,0.05619643062343529
aegas_glandagol_angos,0.010496630284255206
agar_Eluwaith_galenas,0.0030624215740313408
agar_celeb_aderthad,0.011494243984027047
agor_gaur_pilin,0.005999619153683456
ah_eglan_aderthad,0.17665576476695807
ai_curunir_roch,0.07942801105771742
aith_mithren_hend,0.0013866080584965278
alae_cuin_ulug,0.002549209360848994
alag_Rochirrim_lang,0.021902630388274766
alph_randir_gil,0.013922424798154124
amarth_lebdas_ang,0.1158422145416713
amloth_gaur_noroth,0.0128598125545893
anann_elu_dirnaith,0.013126720672581844
anann_helegnen_maen,0.0015754894943355933
anann_saig_ai,0.4834961265247702
ank_haudh_haeron,0.002167662017896938
anwar_heledir_Gwathuirim,0.14808576954379965
aran_aduial_bregedur,0.4599149323680519
aranarth_ulug_rhun,0.09414540010021816
barad_nagol_lin,0.00349562702100241
bass_thangail_maen,0.005434548665341699
baug_bellas_ang,0.167389422108282
baug_cenedril_naer,0.002072969477977571
cabor_maethor_cuil,0.00692172623227727
cair_ulug_luithien,0.1590864853675725
caras_ithron_hu,0.1917651289444844
celon_per_limlug,0.003780097663073994
corch_gaw_erchion,0.004508486859255524
corch_gwend_lathron,0.001509679976187918
cugu_tamin_helegnen,0.072908834106309
cuin_adan_heledh,0.06498793754346811
cuin_gwael_cirion,0.005463246725630981
cuin_mindon_pethron,0.03463501070941373
daen_sogannen_lachenn,0.06755328500378002
drafn_cuil_glamor,0.3005838551269239
drafn_nur_minas,0.0031035563280275725
dunadan_eglan_aduial,0.05728702949098507
eilian_riel_lebdas,0.1526824440481512
eirien_faun_nost,0.015818633901442877
elu_gobennas_curunir,0.16320081610053092
elvellon_ram_gil,0.010522982840865176
fae_honeg_tirith,0.18277280725257203
fern_glae_rovalug,0.004232003689076553
gador_nimp_rusc,0.36019061666091917
galad_cabor_pess,0.38194089186469915
galadh_narthan_araf,0.054070853228694364
galas_agor_nimbrethil,0.15657167976266198
galas_uanui_espalass,0.17052760850655277
gas_acharn_Ennor,0.010759621781994197
gaw_nana_drego,0.049870666800247654
gellui_gwaun_rach,0.030127446505999345
gil_haudh_maen,0.0004107685969565338
glandagol_sogannen_Dornhoth,0.007677586091821865
glaur_draug_dol,0.6513460635537593
gli_dunedhel_pennas,0.043747916094710466
gond_amdir_thamas,0.13052193097072495
grond_tavor_callon,0.09976939302026225
guldur_achad_raug,0.08792396499425491
guldur_achas_fuin,0.2667189637349606
gwachaedir_heron_cugu,0.12975072641929936
gwael_dol_haeron,0.012509150922685435
gwathui_gaw_galenas,0.2419296496869168
gwathui_saig_hu,0.0028886698170239554
hador_alae_gondrath,0.23703755399496426
haradrim_eirien_amdir,0.06578842466158824
hast_galvorn_celeb,0.3114403701191424
haudh_vin_helegnen,0.1668550409730423
haust_anwar_nestad,0.23989670848894815
heleg_laes_hub,0.21343172414769843
helegnen_tachol_maethor,0.10347698033205924
hervess_lhug_iphant,0.07629156659434548
hub_grond_archam,0.143917537572943
hul_ablad_imlad,0.002115543084380457
hun_Eru_achad,0.02972259748051161
hun_parf_perian,0.0004395536702829956
idhren_archam_suil,0.0040313245337454204
idhren_mir_amloth,0.009246324917430382
imloth_lin_menel,0.1312519670529307
imrad_achad_aglareb,0.015250746809510067
imrath_laer_Elrim,0.03374647565534679
imrath_laug_ithron,0.0046485597414603974
in_dunedhel_aegas,0.016027252690003446
inias_lavan_Eluwaith,0.0020104217954813033
ist_adab_imlad,0.3453390617887984
ithron_maecheneb_mil,0.002116990296031057
ithron_rhun_gaurwaith,0.01971493268341361
lacha_fern_archam,0.36340689142796956
lacha_iaun_aderthad,0.1995316645708771
lacha_salab_yll,0.01580462523743083
lachenn_honeg_morn,0.0024055863949520562
lachenn_pess_balrog,0.10749797837468382
laes_tegilbor_puig,0.10166676525120814
lagor_ah_ablad,0.007640107379276511
lam_galadhrim_rom,0.08013207308826258
laug_archam_lend,0.07568581500317458
lavan_amdir_manadh,0.08384490885986727
law_galas_corf,0.01241355655173799
lebdas_amdir_harad,0.1412645734659688
lebed_lebdas_celon,0.1483271849888932
lembas_nim_noroth,0.10945427791529769
lorn_bass_raegdan,0.1065306430091717
loss_barad_menel,0.011999284305495619
loss_saig_Eru,0.0031056634438989175
lossen_cair_eglan,0.3411020126402897
lossen_glamog_Eluwaith,0.1321331746897221
lossen_hador_echad,0.32404748503580144
luin_andrann_cyron,0.19418523243231933
maecheneb_haradrim_glaur,0.10264579656722629
maen_cugu_in,0.05144395474801579
maethor_lebdas_saelor,0.14881886399376443
maethor_tachol_romru,0.1935555147946696
magor_minuial_corch,0.0036865600795062004
malad_mil_raug,0.07758793063862339
malad_rochben_badhor,0.019916914838122437
meldir_raug_saig,0.14070094894679697
mil_anwar_tinuviel,0.5729471953331632
minuial_pess_lavan,0.031093780853595834
mirdan_agarwaen_pennas,0.038284020513489954
muil_parf_muinthel,0.0005753579028388488
muil_rusc_uanui,0.018467390672815637
myril_amdir_galas,0.032671936044836515
nadhras_tirith_rhosc,0.012239995555882252
naer_galad_rochben,0.09545747444768798
navaer_dunedhel_hud,0.004289129172055018
nestad_corch_nidh,0.16630425636535853
nidh_in_gath,0.0025212935636140478
nimbrethil_suil_haeron,0.10308581487036883
noroth_pilin_tobas,0.03228205781361
onodrim_iphant_echad,0.033887168112799924
pendrath_laug_uir,0.18088929692773237
pennas_bragol_Rochirrim,0.0089598743917042
perian_espalass_heron,0.07237250154004603
pethron_faun_ennorath,0.06275889776078443
pilin_aes_saew,0.005977860819016185
raegdan_amlug_cirdan,0.03957159731820777
raegdan_hadhod_magol,0.07498686366781512
raegdan_nestad_gondrath,0.08296853856346048
ram_gaur_alae,0.00927201606155137
ram_haradrim_heledir,0.0495637464295671
randir_Elrim_saer,0.11479327788792995
rhovan_lend_aphadrim,0.023429240168822266
rhun_araf_saelor,0.005315079647377081
ris_draug_fuin,0.21249075200131792
rist_puig_agar,0.2737333788675831
rodwen_achad_gador,0.024937722247838974
rom_dagnir_amlug,0.005191668982732461
romru_hud_inias,0.01647152295405747
rusc_baug_tachol,0.02528653350784814
rusc_galadh_celon,0.04034947257576549
ryn_dirnaith_laes,0.19781075418499294
saer_rodwen_haradrim,0.13538836407049776
saew_lavan_gaur,0.007081181250391976
saig_amdir_alph,0.14214903460924064
saig_meldir_honeg,0.08202789452027018
salab_andrann_muil,0.009570607597355344
salab_faen_mil,0.09336606510192691
salab_hervess_aith,0.02553534452918045
sirion_mithren_eilian,0.12304272998297741
sirion_rusc_echad,0.0007814710683944136
tamin_faen_tang,0.05752303356666595
tamin_hun_limlug,0.06570547042927292
tegilbor_idhren_caras,0.07371338358477036
thangail_ang_gwaloth,0.06633031519833354
thavron_firiel_glae,0.3859470116214416
thavron_helegnen_nana,0.08535415713354427
thul_neledh_bass,0.49832907567443513
tinnu_faun_fern,0.13744307410847575
tobas_adel_mund,0.003066029562296693
uan_hun_thor,0.1062260690976276
uanui_gli_aduial,0.09240519753280275
ulug_pendrath_annon,0.008005378948652445
ungol_caras_baneth,0.016783125433117847
yll_maen_hul,0.03099570058912434
Elrim_navaer_law,0.02950616132772113
Elrim_puig_vin,0.19433711127750591
Eluwaith_caras_gwachaedir,0.10815909011121236
Ithil_ogol_roch,0.26615371273086985
Rochirrim_bragol_Dornhoth,0.016106896303409248
aderthad_ogol_lain,0.08755661344308696
aduial_hun_galas,0.03733727525778721
aeglir_Eluwaith_hwiniol,0.006940725448600551
aes_gwaun_iphant,0.021734340519448905
ah_galad_dunadan,0.011688757440190331
ah_ninglor_lebed,0.6993830122806783
alae_gilgalad_yll,0.1670944944776988
alae_law_hervess,0.39131345804069007
amarth_galadh_gwaloth,0.012729070021746123
amlug_firen_randir,0.03617018902823462
amon_adab_gond,0.030444489364250704
anann_lebed_nath,0.13606263180796008
angos_agarwaen_faun,0.10649880736685725
ank_uruk_fervain,0.016900608528681207
aphadrim_cugu_galvorn,0.07110506047212106
araf_roch_eilian,0.2333944230855077
aras_hador_acharn,0.06377287749034033
aras_imrad_celair,0.03536371628956879
aras_laes_puig,0.018456525704747272
bain_peredhel_nell,0.03462245114621315
baug_aerlinn_glaur,0.015120248579941745
bellas_perian_ithildin,0.009697018575762197
bragol_randir_tegilbor,0.006682646008256475
bregedur_alag_alae,0.22304867798060737
bregedur_nimbrethil_tann,0.2336708415276619
bronwe_imrad_gwarth,0.006598113566144653
cabor_baug_ram,0.0015680196347758718
cae_sammar_rhosc,0.08630755441109099
calad_mithril_tathar,0.03425255980082819
callon_laer_bregedur,0.10599859890789685
caras_ram_firiel,0.02732258735117887
cuil_ablad_rhosc,0.0145086155010245
cund_rom_Sindarin,0.13209334846583054
dam_nimp_imlad,0.08099507923421898
dam_rom_lebdas,0.0564926771477443
dirnaith_heron_angos,0.07323289060640728
dirnaith_manadh_navaer,0.010712293732154966
dol_dunadan_echad,0.04410142454502176
dunedhel_aranarth_neledh,0.24233639407573065
dunedhel_heron_acharn,0.03989978039902046
elvellon_cirion_gwend,0.002149320810984763
eryn_haudh_rhach,0.10989232743494591
fang_ithron_celair,0.15876707229566567
fang_minas_mindon,0.005101417443005971
fervain_balrog_puig,0.2740846856567468
firen_haust_heledh,0.017830191251274084
firiel_raegdan_alagos,0.17641082805100286
fuin_firen_sogannen,0.007487366577589299
galenas_salph_saelor,0.006440238940321082
gas_Gonhir_law,0.008071234417482528
gaurwaith_pilin_certh,0.05807520403127931
glaur_duin_minas,0.11557981135841425
glaur_iaun_cuin,0.1234975908031607
gond_firion_hand,0.002966030032470709
gwarth_acharn_thangail,0.036623866655227565
gwarth_aeglir_peredhel,0.4027495920863385
gwarth_haradrim_cirion,0.06352427155795133
gwarth_riel_Sindarin,0.00533571143754097
gwaun_elu_celeb,0.008369656896885519
gwaun_magol_myril,0.2575039976068182
hadhod_raegdan_nothrim,0.01881852258116881
hand_gas_laug,0.018566643036095613
harad_roch_tathar,0.11572988807482659
hend_emel_nimp,0.003963911894671955
heron_pess_lathron,0.005918702430618807
honeg_gwael_gwador,0.0014110299517633865
hu_lembas_celeb,0.03102997129329657
hul_hend_sogannen,0.009660818086682758
hun_Druadan_tegilbor,0.1232119799595176
hun_alph_agar,0.5532239123113083
iaun_elu_araf,0.20041308893125676
imloth_tathar_rovalug,0.004250895809558557
ithildin_faun_aith,0.008996411847885475
lachenn_glae_aegas,0.007349816200835604
lang_lhug_baug,0.047538250263996565
lasguil_annon_fuin,0.003263145655145435
lasguil_aphadrim_lunt,0.17035702276396142
lebed_Ennor_lossen,0.4839963632037293
lembas_celeb_narthan,0.04538305233202183
lhug_dunadan_daen,0.005374945474599876
limlug_gwilwileth_balrog,0.5409856240532092
limlug_lobor_lalaith,0.21687941106878486
lorn_aes_mir,0.03008562726828261
luin_paich_laer,0.21188655634190273
malad_heledh_soga,0.24198357770784276
melethron_cyron_uir,0.001935394857358908
melethron_lebdas_lasguil,0.0047703869616235245
menel_naer_magor,0.18311867651518535
mereth_gond_paich,0.015605195757331023
merilin_raug_gwanur,0.09637061998342257
midh_heledh_nadhras,0.0021068747410798523
min_cabed_ris,0.21667264982780504
mirdan_thor_cabed,0.07037491306689436
morn_ist_imlad,0.008896913977754876
mund_faradrim_aes,0.00042810006649138715
myril_alph_bronwe,0.29457339678671324
nadhras_dol_ithron,0.5602222331778361
nana_amon_saer,0.08405714861180595
nell_adan_hervenn,0.37186228586977527
nost_achad_barad,0.2425108614748718
nost_rovalug_haudh,0.09959850226050679
nothrim_gaurwaith_luin,0.14533869769058988
nothrim_minuial_fang,0.06249541896602623
ogol_nimbrethil_gaw,0.18605348847414518
pendrath_harad_uir,0.010909162053754856
pent_soga_luin,0.0332291409947926
raef_gobennas_lathron,0.03129024990533161
raef_lobor_minuial,0.007127053853532884
raug_manadh_tathar,0.1470984681757277
rhach_hador_cabor,0.21541193422812208
rhovan_barad_gellui,0.12176385615190972
rhovan_lebenedh_salab,0.22643287318762176
roch_espalass_achas,0.07572002891087022
rochben_roch_galenas,0.03161163462259031
rochir_ogol_aeglir,0.2663507982008535
romru_Ennor_nadhras,0.18867703246923084
romru_aeruil_maen,0.14287396808852001
rusc_dunedhel_lebenedh,0.10575717743719563
rust_ah_iar,0.018761806544407685
sador_melethron_eryn,0.2577819217051034
saelor_galenas_morgul,0.0057636729231442885
saew_tegilbor_ylf,0.012649728219944634
saig_ah_callon,0.045973798422053014
salph_aear_gwaun,0.4366245690441932
salph_peredhel_tachol,0.028371429683791555
sammar_heleg_saer,0.06163231928362813
soga_bain_eglan,0.0039055868535565396
tachol_firiel_faen,0.0022507823816243
tamin_Ithil_ingem,0.003592608483364691
tamin_ris_edlothiad,0.003130661708629847
tang_puig_glandagol,0.05203976947224498
tann_Elrim_Sindarin,0.2501456642766479
thamas_amlug_sammar,0.008100424275218059
thavron_adel_lobor,0.0579317859527728
thavron_angos_caras,0.0053956387600142324
thurin_galadh_sirion,0.1886602867690207
thurin_hud_tegilbor,0.00158553626037567
tinnu_aiglos_gwathui,0.003873855669202965
tirith_hervenn_eredh,0.2102361594961769
tirith_pennas_parf,0.007539354340534915
tobas_lavan_cuin,0.07472745831082611
tobas_magor_mithril,0.27450054932380274
uan_fang_gwador,0.3426551668585773
ungol_angos_imrath,0.26987062726490574
ungol_fae_callon,0.02614537525011363
ungol_pilin_uan,0.13113856265058846
ylf_cuil_haudh,0.09227668853381685
Elrim_Dornhoth_annon,0.007211185412683228
Elrim_cabor_imloth,0.0917443380976855
Eluwaith_cuin_tinnu,0.12732594528788843
Gonhir_adan_aras,0.07167833613038693
Gonhir_minai_neledh,0.0852074834888192
Ithil_nim_Tawarwaith,0.6561000813938853
Mirion_celair_gwathui,0.21926268274563762
Sindarin_gwaun_amon,0.1925546372071919
acharn_gwaun_gilgalad,0.16408070111774303
aegas_nell_amon,0.7774709882639284
aerlinn_bellas_ithildin,0.046984792880404636
aes_adab_Eru,0.09396099286044257
agar_hador_baneth,0.003812919984794469
amloth_aras_anann,0.03830069562344533
amon_luin_adab,0.018544756382259477
ang_uan_ennorath,0.1724048288715195
angos_celair_pethron,0.12558640114280886
angos_mithren_lasguil,0.2630612777968124
ank_bellas_gas,0.1130415955462697
ank_idhren_manadh,0.19606220549409026
annon_angos_lembas,0.043170691089187904
araf_nana_ingem,0.009524345278633514
aranarth_Gwathuirim_galenas,0.004639668807443286
aranarth_aith_minai,0.07646591825471354
barad_eirien_tann,0.0029202032514055107
bragol_rhovan_uir,0.18036265204933605
cae_lalaith_aduial,0.028984710230306302
cair_galad_magol,0.002011023233377363
callon_aerlinn_Ennor,0.158075023673058
celair_peredhel_ruith,0.2673423592921757
celon_hador_iaun,0.3126681913571457
celon_heleg_iaun,0.011111337128128587
cirion_fang_Sindarin,0.0011178228091685044
cirion_hun_lathron,0.00462049733008594
corch_merilin_thurin,0.23343399467474057
cugu_araf_cirdan,0.6223472634498609
cuil_cirion_gwarth,0.01608036432143149
curunir_graw_cae,0.013588468164689577
cyron_Ithil_bass,0.047392119546087234
cyron_cuil_gwend,0.022869503852165407
daen_hast_elvellon,0.08217449720053867
daen_saer_achad,0.05386338412216759
dagnir_laug_gwaloth,0.23239583546638512
dagnir_mund_tegilbor,0.11394176211332505
dam_adan_uruk,0.07178958577003972
dannas_navaer_loss,0.1462963763895543
dol_amlug_mir,0.37078685629329095
duin_faen_edlothiad,0.00479259131434933
dunedhel_imlad_lang,0.15147921598612718
edlothiad_achad_sogannen,0.01187633714310418
eirien_Ennor_haust,0.09617208636185895
eirien_mil_callon,0.17004513304657806
elvellon_fae_raegdan,0.010767701736691393
elvellon_lobor_duin,0.0920642835263921
emel_imrath_eilian,0.07412852328941584
erchion_gas_lunt,0.01670607467572017
erchion_lin_hend,0.0030157735040510667
eredh_bragol_lin,0.18538049659535208
eredh_onodrim_per,0.41222031156500016
espalass_ist_pent,0.002440363035441287
fast_nothrim_alagos,0.2944196424973171
fern_galenas_eryn,0.00219426894610249
fervain_mereth_agar,0.053595988334461976
firen_gador_dol,0.10021851044862956
firion_mindon_inias,0.07012957922278532
firion_tinnu_certh,0.012828423034657536
forodrim_andrann_malad,0.13897384736295373
gador_cabed_edlothiad,0.09933560793255736
galas_fervain_eglan,0.14480750939220002
galas_lachenn_tavor,0.04987091385292037
galas_melethril_elu,0.4529779572521904
galvorn_adab_melethron,0.2094606010360484
galvorn_rochben_fervain,0.5463501836556768
gaur_lend_gli,0.09802688281631497
gaur_morn_espalass,0.00757533452161409
glamog_lachenn_cuil,0.14242476194795176
glamor_rhun_cuin,0.012945882890406794
glaur_dunadan_bass,0.1590036544765095
gondrath_edlothiad_tathar,0.03082882482742905
gorn_haust_cuin,0.06318169300540931
graw_amloth_nidh,0.3471292377589506
guldur_limlug_Ennor,0.19222025196422246
gwachaedir_menel_aderthad,0.08373404855582381
gwador_eredh_luith,0.08137438513368077
gwanur_calad_gondrath,0.06856889294166661
gwanur_mund_lagor,0.03145290983796193
gwarth_lass_per,0.4687216804232885
hadhod_drafn_morgul,0.0186725440829677
hadhod_minas_faradrim,0.06353417151026924
hador_amlug_celeb,0.14379428581652562
hal_rodwen_anwar,0.048758164060862856
harad_pess_morgul,0.20554698076241892
haradrim_pendrath_sogannen,0.06443957756798059
hast_hadhod_aear,0.007937331418908782
hast_heleg_hud,0.12526568303988814
hast_nimbrethil_tann,0.05405356958346824
heledh_raef_ruith,0.006433036779307513
heledir_rach_bain,0.04877462829013894
heledir_ungol_baug,0.005281535785084313
hervenn_espalass_thangail,0.0049423190601185765
hervess_pendrath_galadhrim,0.043258274630901546
honeg_gwend_daen,0.20419471299859274
hu_dam_alae,0.005070938176794506
hub_mirdan_nell,0.06385399098759482
hul_aes_mithren,0.027204940648703293
hwiniol_celair_elvellon,0.017771151053961272
iaun_tachol_morn,0.0009360723358044945
idhren_thavron_hast,0.003301860353148677
in_galadhrim_salph,0.08800321306801026
in_magol_badhor,0.0459396959410883
ist_lost_panas,0.09064966635215908
ist_nimp_galenas,0.044012330141112235
ithildin_firen_aiglos,0.00488079778894858
lagor_luithien_cabed,0.02292992557591427
lain_cuin_gwador,0.12343470608409898
lass_anann_Eluwaith,0.005519917811722462
lebdas_adar_gwathui,0.03127311577499043
lhug_ylf_Gwathuirim,0.07830579355378987
limlug_gobennas_talraph,0.029118865953432552
lobor_alph_honeg,0.06469926784510624
luin_Eluwaith_ris,0.09389446121089307
luith_cuil_echad,0.13156062988105824
maethor_galadh_rhosc,0.005319273452749235
maethor_mindon_hun,0.017752279315515398
melethril_uruk_lain,0.09087268529277043
mereth_hend_tathar,0.006615097685761608
min_cugu_helegnen,0.004509936373334236
min_lacha_hand,0.012538413984044346
min_muil_talraph,0.6572874132024238
minai_lost_thavron,0.09832687868679975
minas_lang_saew,0.0016302857067590644
mir_hador_erchion,0.03787045181057117
mund_dannas_Eluwaith,0.10285352550991851
naer_minai_morn,0.15901619342418924
nagol_law_meldir,0.07108616544140493
nagol_lebdas_alae,0.07510264625893967
nana_dannas_lorn,0.20063660986773146
nath_glaur_ulug,0.025027255093880527
neledh_guldur_lathron,0.10607557798694917
neledh_nana_Ithil,0.10981242355137201
nim_gador_morn,0.38859807333195134
nimbrethil_gellui_lembas,0.2477361544593337
noroth_ist_ingem,0.03762168777561971
nost_sammar_merilin,0.0006956003621626642
nothrim_aduial_panas,0.2079041830414309
parf_anwar_firen,0.0524368954885515
pendrath_drego_aras,0.031029842191648484
perian_ang_alph,0.007488163222945436
pess_panas_amath,0.1906138258235906
pethron_bass_anwar,0.04937458955774482
puig_Tawarwaith_archam,0.00851344459265787
raef_aglareb_gwaloth,0.18012212340429937
raegdan_curunir_vin,0.09322521954686654
rhosc_gobennas_mindon,0.11396878432699743
rhosc_nur_gli,0.11981637878341374
rhovan_panas_baneth,0.16632186056875642
rist_gwend_glamor,0.01561220902536551
rodwen_gwador_maen,0.00923540553155472
romru_lebenedh_nestad,0.11329458620189843
rudh_gwend_galas,0.024691303472887786
rusc_firen_dannas,0.14249945550047013
sador_amarth_mund,0.027107095265217863
saelor_fern_ungol,0.17323915721337
saig_nell_gaw,0.006134343584353426
salab_ank_uan,0.1285289785243131
salab_nur_alae,0.008455644316021154
sirion_daen_adab,0.013932351363874959
tamin_midh_dunadan,0.0952503840580372
tann_Ennor_gador,0.05453635497011361
tathar_gaurwaith_nidh,0.00810220274764262
tavor_aderthad_pod,0.018808466448528183
tegilbor_rusc_soga,0.04254417224004565
thavron_celair_salab,0.0008250812285818199
thul_hador_limlug,0.06935121937560425
thul_muinthel_aras,0.019663237793879036
thurin_nagol_glass,0.26812455055836865
uan_bass_raug,0.06344186811675633
uan_cair_curunir,0.07598716356017099
uan_hwiniol_agarwaen,0.08991677104075435
uir_gaw_imloth,0.08647695187500125
uir_gwanur_fervain,0.11329609706173675
uruk_nost_lorn,0.09258236749128967
vin_iaun_alagos,0.02973768951222133
ylf_eilian_aear,0.0025682470936963793
ylf_sirion_nothrim,0.07340027247190826
yll_uruk_Eru,0.027093316292858237
Dornhoth_rudh_hud,0.15691037280951822
Elrim_adar_dam,0.048670519198381154
Ennor_lalaith_nimp,0.31958684768612655
Eru_idhren_panas,0.007222854712365608
Gonhir_mil_lass,0.007900969448606554
Rochirrim_forodrim_callon,0.1280901229317382
Rochirrim_rusc_saer,0.08124098096594963
ablad_bregedur_gwaun,0.013981266547322808
adan_Ennor_lam,0.132348397977666
aerlinn_ithron_noroth,0.1992183279478749
agarwaen_bregedur_agar,0.008525115707688633
ah_lebed_per,0.027795774979277783
alag_gador_celair,0.045619227207258584
alagos_duin_hul,0.004864063216492246
amlug_thavron_agor,0.07312197260746195
anann_mirdan_malad,0.056047032359938805
andrann_in_fae,0.09173651025983015
angos_maethor_dam,0.1059084084756956
araf_Ennor_ank,0.004041004209748704
araf_pess_lacha,0.1619162726336674
aranarth_balrog_min,0.10063952906895657
aranarth_fern_gwathui,0.09576685061629545
badhor_angos_cae,0.3108227829623322
bain_bregedur_muinthel,0.029049605905247557
baug_uir_lalaith,0.14859377568204893
bellas_emel_iphant,0.014899976122129193
bellas_muil_lavan,0.09710677073164868
bragol_aglareb_luith,0.07515133292269671
bragol_dol_bronwe,0.04840163995694187
braig_barad_hend,0.29555526095360857
bregedur_gas_gilgalad,0.0872092984111736
cabed_midh_bellas,0.11406917046504424
cabor_faradrim_gaurwaith,0.025785641000952556
cair_certh_bellas,0.1290197614826803
callon_aran_nimbrethil,0.11021959206901662
callon_guldur_ira,0.0379745397398608
callon_neledh_hadhod,0.11013088470659035
celeb_Dornhoth_luithien,0.023332151477072474
celon_magol_ank,0.002557554987482358
cenedril_ank_firion,0.08509322227004368
cirdan_narthan_ira,0.22951522050494863
corf_salab_minuial,0.0012475844925880595
cugu_pilin_rodwen,0.10317888896344664
cuil_Tawarwaith_meldir,0.04931343020609042
cuil_ylf_cugu,0.09503098988073924
curunir_lalaith_ram,0.5160738746752925
daen_lathron_aderthad,0.2114195475929602
dagnir_tathar_pilin,0.019340643377215232
dam_lebenedh_hal,0.003157115991402105
dirnaith_thangail_haradrim,0.21954135459886542
dunadan_lebdas_lunt,0.08878762439509061
eilian_aes_firiel,0.0241199155208059
eirien_hervenn_aranarth,0.00865913823211477
erchion_ris_min,0.028675319080227236
eredh_hervenn_lorn,0.0017048423199943158
faradrim_nimbrethil_morgul,0.005877836566590083
firiel_gwarth_merilin,0.007132094218127067
forodrim_hul_puig,0.005411512168918598
galenas_haeron_aeruil,0.11348583935427849
gas_eirien_gwaun,0.2067522500932284
gaur_annon_glaur,0.001141914416034312
gaurwaith_aith_ingem,0.032582337308305426
gaurwaith_ungol_gwanur,0.07515077923875593
gilgalad_galadh_lalaith,0.11269684633515736
glamog_nana_perian,0.013624685042555684
glandagol_limlug_haradrim,0.12644238981619813
glaur_eredh_malad,0.018232890586568535
glaur_nadhras_neledh,0.14361774157365784
gobennas_aderthad_maethor,0.09228862897100747
gobennas_mund_thul,0.09066723720846993
grond_riel_rusc,0.1493876594270603
gul_eilian_idhren,0.10292331294419384
gwathui_ira_rhun,0.007545407928616494
gwathui_pendrath_saig,0.001439969577953547
gwathui_saig_amon,0.20040037852992465
gwend_fae_tegilbor,0.00184443606642401
gwend_perian_gwilwileth,0.051271705590468244
hadhod_cugu_aderthad,0.05157425019104599
hand_ai_glamog,0.055716848218530145
haradrim_min_ang,0.052877142896173485
heledh_bronwe_ogol,0.018990094772995146
heledh_gador_amloth,0.040210526244274854
heledh_muinthel_lain,0.0002432718016794858
hend_hul_nana,0.17356890356209864
heron_maecheneb_nost,0.01743809099620177
honeg_mirdan_ah,0.13291292569084162
hub_cuin_aderthad,0.007930584306851762
iaun_toll_eirien,0.3742804626960332
imloth_morn_saew,0.07391819870938517
imrad_andrann_galad,0.06868203362797003
iphant_rach_gobennas,0.14541321525008277
ithron_espalass_lossen,0.006697395634202018
laer_cyron_corf,0.2128149622196353
laer_ithron_lembas,0.004715386419410804
lagor_hadhod_rom,0.0033343038184588626
lagor_ylf_amarth,0.10423381597309686
lang_cabor_hadhod,0.19879281906345622
lathron_limlug_saew,0.02204928617742114
law_heron_nell,0.011076214506024194
lebdas_celair_saig,0.0012214056206068028
lebdas_gador_mir,0.011982514554155749
lebdas_tavor_manadh,0.09938361027382965
lebed_hend_echad,0.002800076192134633
lhug_sador_toll,0.054713549637279396
lorn_law_maecheneb,0.18377306877242733
loss_cabor_heledir,0.12227962623470398
lost_nadhras_hervess,0.1714924721730023
lost_ylf_cyron,0.28318591154828976
lunt_fae_gwaloth,0.0016159005634344408
lunt_rudh_caras,0.03952232513508464
maecheneb_eilian_manadh,0.009235547582383874
magor_baug_iaun,0.35250959516048136
magor_lembas_panas,0.020225499266459255
melethron_lembas_mereth,0.47771278516672805
melethron_minuial_Gwathuirim,0.17618082951697311
mil_gwathui_menel,0.3089784319361077
min_alagos_fang,0.1264726701917586
min_cabor_morn,0.010113850863268855
mindon_sammar_sirion,0.020625268743124082
minuial_cirion_thurin,0.23293659788406187
mir_iphant_hadhod,0.022853234668249817
mirdan_lasguil_Ennor,0.004514605603575934
muinthel_bain_in,0.08336515592221469
naer_ablad_cugu,0.35369367690322334
navaer_baug_nestad,0.14581748861979624
navaer_gwend_lebdas,0.091524188284297
neledh_Gonhir_laer,0.12091043903158419
nestad_agor_glae,0.06405416990883309
nestad_gul_rach,0.15112578354177444
nidh_espalass_aeruil,0.0008432257529431944
nim_lobor_gaurwaith,0.009738050445239415
nimbrethil_cenedril_naer,0.1234573383101936
ninglor_lacha_eirien,0.007035154122898233
noroth_callon_imloth,0.13524524302452354
onodrim_harad_ryn,0.25031395891987845
paich_gaurwaith_navaer,0.07781577896091559
pendrath_galvorn_ram,0.09874848253658912
pendrath_navaer_eryn,0.13537441671581738
pennas_firiel_eredh,0.09804860214420302
pess_amath_cirion,0.004764241696696525
pethron_pod_achas,0.21384135777191882
raef_gwanur_menel,0.08361522443550753
ram_amath_dunadan,0.007047250464726445
randir_mithren_lalaith,0.010381438011966206
rhach_gwathui_lain,0.023167253070791875
rhach_rodwen_celeb,0.18191071092039413
rhosc_gorn_Gonhir,0.2629271266882484
rhun_iaun_neledh,0.0937212439820222
rist_pess_maecheneb,0.027389226874691364
rochir_Ithil_cund,0.02090175262814273
rochir_celon_gwanur,0.2022128677545203
rochir_nur_gorn,0.02612398689489809
rodwen_achad_lebed,0.6211295151830689
rodwen_tegilbor_cabor,0.44001994523994253
rodwen_tinnu_pent,0.035937654545523494
rovalug_maecheneb_ungol,0.04475049908621554
rudh_annon_meril,0.04090584647556181
rudh_elvellon_heledir,0.27004293203026236
rust_agar_sammar,0.014988364050831126
saelor_hul_glamor,0.0017869049777553953
saer_ist_saig,0.22760000958900226
saew_pilin_echad,0.0038619830191669946
saew_rust_mund,0.47312419781987025
sammar_aras_raug,0.09427394532274255
sammar_calad_parf,0.009503317470115636
tachol_Ithil_salab,0.01514527472979257
talraph_dirnaith_dam,0.12398756233195196
tamin_mindon_mil,0.06748639648631526
tang_tavor_laug,0.04045556421927887
tathar_agar_alae,0.2722746254446709
tavor_guldur_lhug,0.0014426543125294882
tegilbor_pennas_imrad,0.019863893600460304
thamas_gwathui_tamin,0.001645622090790957
thangail_ryn_lebenedh,0.2067890426871676
tinnu_alagos_corf,0.11163032015654384
tinnu_dirnaith_malad,0.17997676523076211
uir_imloth_saer,0.03248033967682347
ungol_hud_gath,0.1329318868278316
uruk_galvorn_gwarth,0.2427309447009681
Druadan_nost_hub,0.1041717933395554
Elrim_salab_glass,0.015510558791735785
Ennor_sogannen_lembas,0.05393978497998041
Eru_romru_rochben,0.12362342814419998
Mirion_ablad_caras,0.30539268462874514
Rochirrim_haudh_pendrath,0.055432006771687796
Sindarin_nimp_draug,0.011596627711515508
Tawarwaith_imrad_achad,0.010992664793892952
ablad_idhren_cyron,0.11292884356533005
acharn_thor_dam,0.11214659137094626
achas_hun_maethor,0.06702252061098865
adan_cirdan_ris,0.11163110824921413
adel_cae_aeglir,0.03621135797835314
aeglir_curunir_gwilwileth,0.20448613326156825
aerlinn_faen_rusc,0.049460261970398635
aeruil_gli_rhovan,0.5165157465486776
ah_duin_sirion,0.009996774359676485
alagos_glae_Sindarin,0.20516713347319213
alph_laes_gwanur,0.12606855890931817
amdir_fuin_raef,0.030888747214771518
ang_bass_cenedril,0.09541277619054388
anwar_tavor_pess,0.22745341964650498
archam_gath_glamor,0.16118676414373082
badhor_aeglir_iphant,0.39147511105162847
bellas_alph_honeg,0.0012783229578935936
braig_agarwaen_lembas,0.08571400731887116
cabor_fast_dunadan,0.23361403499014788
calad_gil_mund,0.14409092819475028
callon_gwachaedir_firen,0.008582046151023301
callon_thangail_rist,0.08226563751402437
celeb_aranarth_aderthad,0.08592636145799412
celeb_sogannen_heledh,0.1551309365079593
cirdan_galadh_Mithrim,0.4479926456721139
cirdan_gilgalad_cuin,0.018504146381768564
cirdan_luith_merilin,0.001627288809940488
corch_dam_loss,0.05482755744307064
cuil_amon_ira,0.14543002455814036
cuin_gwaloth_baneth,0.20877840101020195
daen_cuin_ira,0.0082858545426364
dannas_draug_gwaloth,0.020855361181806822
dirnaith_aglareb_neledh,0.020850731176653835
drafn_nur_narthan,0.10561211838490636
drego_aras_fern,0.05613140954755048
drego_hervenn_thul,0.0744671383053877
eglan_law_rovalug,0.26051382948012153
espalass_alag_hend,0.08026384566805972
espalass_gath_saew,0.2215842124525785
faun_amlug_imlad,0.003445402150135375
fern_aduial_muinthel,0.04562701994899875
firiel_cae_gwael,0.11277628071726986
firiel_firion_randir,0.0014581096030902515
forodrim_glamor_imrath,0.46072085804949203
gador_faun_sador,0.057193379924278843
galas_achad_lain,0.2956229271391613
galvorn_lebdas_callon,0.5306048323207234
gas_galas_mithren,0.11593850793723459
gaurwaith_neledh_tamin,0.026606566397438938
gaurwaith_nimbrethil_dam,0.26774800675001803
gellui_ank_lass,0.01761704442173915
gellui_myril_lebed,0.04865617646455526
glae_mir_rudh,0.07728511627803707
glass_mindon_minas,0.005394669920560931
glaur_haradrim_Rochirrim,0.004172449529042934
gondrath_edlothiad_saig,0.058187250251949034
gorn_lalaith_parf,0.11406908401571282
graw_luithien_bregedur,0.28186571999082766
gul_amlug_nell,0.21591268973168884
gwathui_elu_adab,0.3779248582842626
gwaun_fern_aeruil,0.04138770156953458
gwaun_tachol_cair,0.3523905376747158
gwilwileth_aiglos_parf,0.08789941650319653
gwilwileth_cirdan_lang,0.0906800501981113
haradrim_lavan_naer,0.009289884512068176
hast_thangail_balrog,0.056944017759933095
haust_ninglor_onodrim,0.061128475566770014
helegnen_dannas_puig,0.09684183600530179
helegnen_erchion_salab,0.004874634246821791
hend_gwaun_acharn,0.1899845744854389
hervess_lam_heleg,0.0558746264489091
honeg_manadh_faun,0.13944970649981797
hub_anann_Rochirrim,0.09813840308666065
hub_gwaloth_gellui,0.05489306290472502
imlad_nana_lossen,0.25250105456994076
imrath_fang_hador,0.10465203242308294
iphant_vin_lalaith,0.2167971721001611
ira_nath_gwael,0.16727843620852564
lachenn_uir_hun,0.3236621710587778
lam_merilin_randir,0.12563598362952422
lam_mithril_duin,0.16400388001155722
lang_eilian_gador,0.11538508207016133
lang_gwathui_rist,0.20821788646595224
lasguil_gwanur_toll,0.19731295710279698
lathron_rochben_lachenn,0.000744331056238324
lavan_alae_gwarth,0.1301622569423215
lavan_firiel_ai,0.11033952738083508
lebdas_gobennas_emel,0.09847028427539492
lebed_ang_vin,0.29758871334277076
lend_draug_ennorath,0.03963618992907833
lend_lang_randir,0.12769986392073315
limlug_aglareb_hador,0.09427073040221248
lin_imrad_maecheneb,0.33433348789066586
lobor_corf_ninglor,0.21643884851246162
lobor_cuil_baneth,0.2991157657572945
loss_yll_aegas,0.15336579706158646
lossen_badhor_lend,0.31585494372268375
lossen_gwador_hend,0.011890040343881499
lunt_glamog_daen,0.06802985816130024
lunt_hador_ris,0.1608724715111533
maen_saew_tann,0.294463494996701
magor_draug_glamor,0.04692757287136615
melethril_amarth_ah,0.7303258911869637
minai_saew_pent,0.43493484691107553
mithren_cund_grond,0.010841847683278262
mithren_galvorn_haust,0.1137069900295623
morgul_hervenn_iphant,0.013662641541888046
muil_tegilbor_salab,0.11775039056258924
muil_tinuviel_riel,0.14447493504618392
muinthel_gli_calad,0.1564723436346292
nagol_agarwaen_tinnu,0.21041261322470864
neledh_per_onodrim,0.15665182552657012
nidh_imloth_Sindarin,0.08973955369650591
nidh_meldir_curunir,0.19847301733849304
nothrim_tang_saer,0.21008998347405758
onodrim_melethron_agar,0.2233059963287217
paich_maen_cund,0.18880414949804128
parf_hul_dagnir,0.00458533118874318
pent_dirnaith_fern,0.0020804989499586405
perian_min_nana,0.06811681034086012
pethron_pendrath_rist,0.04063994463425631
pilin_amon_noroth,0.06046319645143979
pilin_imrath_glandagol,0.09146440607316189
raef_lalaith_rach,0.08010574488301286
raegdan_saew_amlug,0.21851042645329372
raug_nidh_imrath,0.006988250132643631
riel_cae_galadh,0.054821629768071374
roch_edlothiad_hador,0.07752162167269927
rochben_hu_Druadan,0.29354993521132783
rochir_amloth_morgul,0.17719924824805577
rochir_anwar_hand,0.07851819081796947
rom_morgul_rach,0.08393437035447396
romru_rhosc_fast,0.00449458019165662
rovalug_morn_imrath,0.0009976586168013747
rusc_hu_minai,0.33514273621483126
sador_gwador_amath,0.1542937167423139
saer_iar_imrad,0.06474955502099294
saig_gwend_lachenn,0.19321222871437357
sammar_graw_dannas,0.0075712553326978994
soga_Tawarwaith_hend,0.21056217738418992
soga_rodwen_muinthel,0.06819532167046181
sogannen_magol_ungol,0.006851347323808597
suil_nadhras_nur,0.06077790539117123
tachol_fervain_aranarth,0.05181860724470564
tamin_lhug_eilian,0.0010587635389954096
tathar_tavor_gil,0.007501583053567212
tegilbor_riel_faen,0.007684612885136597
thamas_glass_gwador,0.0019171570196324082
thangail_alagos_lavan,0.00572363890822913
thangail_talraph_lossen,0.2127537039790425
thangail_tobas_panas,0.038924994608977095
thavron_callon_fae,0.5154471453875679
thul_magol_ithildin,0.008113315921968466
thurin_nell_Mithrim,0.22629267752794444
tinuviel_mithren_hador,0.06173187791480689
tirith_eirien_forodrim,0.07042402323352136
tirith_gaw_cirion,0.08318617063621342
uan_ank_bragol,0.1702894569548911
uan_haudh_espalass,0.014782618127633004
uanui_aith_toll,0.1996601496494894
ulug_tegilbor_noroth,0.003907100494034396
ungol_menel_midh,0.09634577542297025
Druadan_dunedhel_nadhras,0.018804613287046565
Ennor_amdir_rochir,0.2383283305816695
achas_pendrath_malad,0.002522071759913589
adab_celair_rhach,0.010471079504244142
adan_cugu_Tawarwaith,0.058099253935780214
adan_rochben_tegilbor,0.18070776886651171
adar_adab_cirion,0.06075469950388108
adar_aear_eirien,0.05566029354855277
aderthad_aiglos_eryn,0.00829213937033901
aear_hadhod_aras,0.2451300581960637
aegas_ninglor_ira,0.050167240123706804
aeglir_draug_amarth,0.016883250572033895
aeruil_soga_myril,0.01377863592734995
agar_nimbrethil_rust,0.0058467237481920386
agor_glamor_lobor,0.15939371158214027
agor_haust_Mithrim,0.10025330255494264
ah_saig_aiglos,0.0037277110230807087
ai_peredhel_per,0.052509892137333446
aith_meril_barad,0.0026462057030010584
alag_bronwe_lalaith,0.027953694502097882
alagos_manadh_panas,0.26515819065483204
amath_eryn_tinuviel,0.008459746054117312
amloth_dam_thangail,0.005428222535783591
amloth_thul_dam,0.07716116832556165
amon_thor_iar,0.29245201712063423
anann_eirien_balrog,0.01997163639394358
andrann_daen_gilgalad,0.11327256238391727
andrann_haust_uanui,0.0728406783337056
ang_alae_nana,0.26853819036020815
ank_aderthad_uruk,0.008194924590571624
annon_curunir_eirien,0.1328219661964473
anwar_thavron_eirien,0.10248520156760979
aphadrim_haudh_barad,0.2028048658949081
araf_gorn_peredhel,0.006830785438043011
aranarth_dam_amon,0.031212524122042146
aranarth_elvellon_thangail,0.06786443164545727
aras_faen_malad,0.015553487913730972
archam_midh_fang,0.3959298200108302
badhor_galvorn_ogol,0.0555274654113588
baneth_cabed_lossen,0.10077064916360808
baug_fast_lebed,0.018225194956614472
braig_alag_nana,0.03223071184783299
braig_guldur_romru,0.21289421030935313
cabor_ithron_maecheneb,0.0654586663711968
celeb_gondrath_hun,0.1460163177878277
certh_baneth_graw,0.01888994092518004
cirdan_lin_achas,0.19400078447211982
cugu_dunedhel_ist,0.024405344487829064
cuil_lend_nost,0.07974642169947375
cuin_Dornhoth_Ithil,0.24724232026756335
cund_ah_lagor,0.09099753746448196
curunir_rist_cirion,0.1385073492858224
daen_lavan_dirnaith,0.013830913849030194
daen_maen_aderthad,0.20491077050644896
dol_thor_galas,0.052445232412436704
draug_amdir_adar,0.17824627253816622
drego_nadhras_hun,0.02422558312970815
eglan_baneth_elu,0.07845062683308834
eilian_lebenedh_rovalug,0.02440506670729851
elu_limlug_nath,0.06772421013132664
elvellon_glamog_achas,0.2523690002922352
erchion_salab_hervess,0.16767578228111887
eryn_hervenn_hast,0.009939719400828695
espalass_bass_gwilwileth,0.015080505991824747
fast_agarwaen_dam,0.01070561258912257
faun_nur_gwend,0.04872693061850956
fern_galenas_limlug,0.0012537890675424516
fervain_corch_mil,0.09469591694176516
fervain_dunadan_roch,0.035323387487482975
firiel_lasguil_tang,0.030046254975643616
firion_saer_morgul,0.04748824495294014
gador_mereth_callon,0.091141220710143
galad_bellas_hand,0.10104153209121909
galadh_lossen_peredhel,0.06307690073672938
galenas_minuial_firiel,0.06308121720792045
galvorn_saig_parf,0.006109305444649196
galvorn_sammar_nana,0.1322558805135383
gas_rudh_hu,0.005821144907125884
gaur_nagol_aras,0.014655195602911699
gaurwaith_forodrim_dam,0.041460145832742094
gellui_firion_tachol,0.1598121706731007
gilgalad_bass_achas,0.09984740212638687
gobennas_in_glaur,0.06398394837204062
gondrath_dol_drego,0.05075920792126052
gorn_tobas_pent,0.1974631139643859
graw_tinuviel_lembas,0.08598071675336853
grond_hadhod_nimbrethil,0.033109654598470005
grond_heleg_aphadrim,0.04907771813439615
gul_pennas_glass,0.06691075284385369
gwarth_ris_hend,0.008395427672195933
hador_aranarth_magol,0.17626180663475105
haeron_navaer_aerlinn,0.14929869541561638
hand_gond_callon,0.03164075433592439
haradrim_mund_puig,0.07239151079591784
haudh_ungol_minuial,0.027342195540623615
heledh_amarth_honeg,0.0593708465259722
heleg_maen_amarth,0.0013194242385692625
heron_lachenn_aear,0.020462118384059955
heron_soga_alph,0.19451931649481202
hervess_iphant_badhor,0.11774161878314454
honeg_cirdan_lobor,0.03711149494874425
hul_cuin_adel,0.025439827053020045
hwiniol_fang_Dornhoth,0.025263691200381033
imlad_nur_meril,0.008081128940991094
imlad_thamas_tang,0.1287663340833956
imrad_lhug_gorn,0.1857784771745856
ingem_pess_naer,0.10001306966193242
lacha_heleg_rist,0.0089326149144153
lachenn_cirion_rom,0.07921941686615327
laer_lam_luith,0.2260175396719012
laes_amarth_minai,0.0022752464836925624
lagor_dunedhel_rust,0.11121179025003763
lang_adab_cenedril,0.11203666180077189
lang_edlothiad_paich,0.24236375820077086
lasguil_Tawarwaith_rom,0.004742384551459298
lasguil_rovalug_dam,0.03925118114758176
lass_nath_idhren,0.1648071619898141
lass_saer_gul,0.22163756239166163
lathron_randir_aran,0.009333282374098431
lebenedh_mindon_achad,0.009470294346244877
lin_helegnen_emel,0.10261081069701593
lobor_faradrim_glandagol,0.005789556155912956
lossen_uir_tavor,0.5410714311262715
luithien_talraph_baneth,0.05265265620297251
maethor_gaurwaith_pennas,0.0010200022040504997
maethor_lam_rochben,0.25696537369539296
magol_navaer_roch,0.4232105003303702
manadh_andrann_galvorn,0.021657836914983457
mil_tirith_Mirion,0.003906649669651881
minas_gath_luithien,0.005767445778126814
minuial_rom_fervain,0.0017378791355037093
mirdan_lin_galenas,0.18535241947890232
mund_erchion_aear,0.030558952973362967
mund_imrath_mereth,0.18759283035100624
nana_saer_gwanur,0.01068022774929261
narthan_inias_ai,0.02346270529382925
nestad_cirion_iphant,0.15311243179412798
nestad_noroth_uanui,0.045666539791249315
noroth_aear_Elrim,0.04111184192519449
nur_pess_sirion,0.14693184482045288
onodrim_hal_gellui,0.014792992363780778
paich_hervess_hend,0.12144593569597999
pent_tachol_per,0.02176411825231517
perian_uan_lalaith,0.09490389148726071
pilin_forodrim_galadh,0.02038272420337507
pilin_hal_rhun,0.027640959741012674
pod_aphadrim_dunedhel,0.21119145978253775
rach_glandagol_navaer,0.06549017961171508
rach_meldir_ryn,0.11529717284883377
rach_morgul_eilian,0.04090908903938263
raef_fuin_alag,0.022566913363956286
rhach_morgul_hador,0.00443758817339616
rhach_saig_aranarth,0.03810129876721077
rhovan_dam_certh,0.002681775610526084
riel_drego_dagnir,0.022221496983223333
roch_forodrim_daen,0.0670919744900034
roch_gorn_grond,0.11704457298485606
rodwen_in_glae,0.07448383211071809
rom_gorn_braig,0.3288432694705497
rusc_barad_lin,0.003206850182170866
ryn_adab_salab,0.038456899940799906
soga_pennas_puig,0.17738364726010364
sogannen_glaur_Eluwaith,0.3201710289806648
suil_bregedur_thangail,0.25551762341952655
suil_talraph_cae,0.11016097446739082
tang_nadhras_laug,0.01005011204106336
tegilbor_aglareb_Tawarwaith,0.0010260421532549493
thurin_hervess_luin,0.219480668446612
thurin_magol_bass,0.024764129003889912
tinnu_Ithil_emel,0.14111405667290455
tinuviel_glamor_tamin,0.00968253544781752
uir_navaer_adar,0.002847794419092306
ulug_aiglos_heleg,0.005086690603315728
ungol_inias_romru,0.21912224040867007
uruk_nim_helegnen,0.14542924511310434
uruk_pendrath_rochir,0.09686701481169538
ylf_lunt_celeb,0.0018382304924447928
yll_inias_saig,0.13348681695099462
Dornhoth_lain_tinuviel,0.36511860179530176
Ennor_corch_gellui,0.005715942365272087
Eru_muinthel_sogannen,0.059005245741683074
Gwathuirim_ithildin_aran,0.04387825586257701
Mithrim_imloth_mindon,0.045306231488350585
acharn_aderthad_sirion,0.20755036833041274
achas_raug_dol,0.14929617999185502
achas_thurin_harad,0.009183615047108275
adab_caras_lossen,0.08111391108307801
aduial_meldir_heleg,0.12310557944516289
aear_mereth_anwar,0.02399849204131848
aear_myril_eryn,0.2575578724985692
aegas_iaun_merilin,0.09992052684274995
aerlinn_rusc_araf,0.020747759301728393
aes_Rochirrim_faen,0.0006248295888355422
agar_forodrim_Dornhoth,0.02948921383424563
agor_nadhras_limlug,0.4760652269901733
alae_peredhel_imrath,0.004182282086376269
alagos_gwachaedir_bronwe,0.007877038899478044
alagos_raef_celair,0.0818973875759044
alph_achad_in,0.061827605601958935
alph_tang_nimbrethil,0.07304767844943742
amath_cenedril_faen,0.23983906685779824
amath_min_adan,0.20530218864637084
aphadrim_aegas_nell,0.003652737832252882
aras_fern_celon,0.01379731623819476
badhor_pethron_fuin,0.01084309420035596
bain_luin_haradrim,0.24223210331601192
baneth_uruk_cirion,0.004426338346596431
bellas_myril_aes,0.19051534072065834
bragol_ablad_tathar,0.035785805774569836
bronwe_lorn_malad,0.09054985644022091
cair_cirion_sogannen,0.07117642942672281
calad_gellui_haudh,0.12970681209292856
calad_rhun_edlothiad,0.022242450516884074
callon_ennorath_firen,0.08592604196050155
callon_firen_eirien,0.03011104235297615
celair_cuin_lebenedh,0.15651097001854186
celon_gwarth_forodrim,0.08211933607397358
cirdan_caras_cund,0.11019508598822553
cirion_soga_gwador,0.01028477906844722
corch_hal_gaw,0.04976987404912271
corf_lin_ogol,0.38908588312870945
cugu_hul_ist,0.15555753432597383
curunir_manadh_guldur,0.1620315713899607
curunir_per_haradrim,0.06851776848889042
cyron_perian_pod,0.11568645150888643
dannas_morgul_rhovan,0.04689794384144185
dirnaith_heledir_salab,0.004866018896098477
draug_alae_aith,0.03522329970608005
eglan_muinthel_heleg,0.016199766984568865
eilian_thavron_amloth,0.03883987128049018
eirien_Ithil_sirion,0.11823814957809069
fast_magol_hud,0.007018090660205991
fervain_gwaun_lebed,0.15333063770772967
fervain_ist_eryn,0.20525051424367383
fervain_lalaith_erchion,0.08657689020811474
fervain_lasguil_tachol,0.012277024512678494
firen_certh_Ennor,0.17589110951089915
forodrim_pilin_curunir,0.022637157740147823
galadh_hend_thurin,0.08797393071802907
galadhrim_corf_faen,0.2357477772724201
galas_cabed_uruk,0.06368487913227143
galas_firen_hend,0.09698447251520044
gaur_pess_aran,0.13444824506775802
gil_alae_haust,0.0649151133189663
gil_firion_iaun,0.2927319847280708
glae_minuial_echad,0.08208799821481756
glaur_balrog_celon,0.060267827232378036
glaur_grond_alagos,0.14122169819939978
gli_thamas_menel,0.05825247522940263
gond_adar_Ennor,0.0583147267005541
gondrath_raegdan_curunir,0.0024008434031109194
gul_aear_faradrim,0.026890822582392847
gul_melethril_barad,0.04963401958037975
gwaloth_vin_Rochirrim,0.0689426047095888
gwend_gellui_saelor,0.016728377094440514
hadhod_mereth_tathar,0.05327158542396326
hador_lend_annon,0.02367729142460915
hal_lass_balrog,0.026861187182408368
haudh_ablad_aphadrim,0.003490910688942665
haudh_hwiniol_saelor,0.015796995548730014
haust_nath_cyron,0.03442139574199362
helegnen_rhovan_pennas,0.009908761154827287
hervenn_faradrim_merilin,0.0045385751835975785
hervess_cuin_ang,0.3240666466925734
hervess_helegnen_nimp,0.04960017506019333
hub_adar_fuin,0.17393911790474836
hub_lembas_idhren,0.004958413173732611
hud_ithildin_haeron,0.024432800018492344
hul_Sindarin_bass,0.02831447161581222
hun_amath_graw,0.10582852377438871
hun_rodwen_dol,0.006372086316983764
hwiniol_lembas_aerlinn,0.27647540255637865
iaun_fang_achas,0.005935868289329814
imlad_galadhrim_ithildin,0.08559706294440904
imrath_aeruil_pilin,0.01247687678785832
iphant_heledh_lam,0.06576553205467627
iphant_thamas_baneth,0.0031800193826799095
ist_hast_cuil,0.17476068676091344
ithildin_mil_tang,0.12015029104937182
ithildin_per_mithril,0.20146278465314243
ithron_in_ungol,0.006217902369528676
lacha_luith_mithril,0.06559552288644858
lachenn_anann_randir,0.17709799418229308
lagor_aeruil_gilgalad,0.016228310497285403
lam_toll_aegas,0.14657155408013628
lass_araf_Mirion,0.15950846442034883
lass_laug_sirion,0.042148207078623344
lebed_aranarth_salab,0.008265113831065892
lembas_dam_forodrim,0.22281336367415794
limlug_midh_sirion,0.01049008311041918
lin_nost_corch,0.15915140292124547
lorn_gondrath_nell,0.007133420246247165
lost_sammar_uan,0.01844231296196763
luin_ulug_glamor,0.01819286128047662
lunt_maen_salph,0.1796000810228044
maecheneb_amloth_anwar,0.04671833921716852
maen_ryn_aiglos,0.08345579602391442
maen_talraph_Dornhoth,0.016072064553366586
malad_cyron_paich,0.008392256848409255
meril_aeruil_uruk,0.08067357010300678
merilin_galad_eirien,0.1128032826339742
mil_ennorath_aear,0.02322452310578984
min_aras_perian,0.006293094385070118
minai_gobennas_riel,0.1420885837260733
minai_hwiniol_yll,0.014162201553287406
minas_sogannen_lebdas,0.06680020402414058
mithril_thul_braig,0.017220869154354827
morgul_imloth_salab,0.023570473943400814
muil_hud_dannas,0.07356140320393208
nadhras_rudh_hwiniol,0.00844162475652447
naer_faradrim_cae,0.3225043809269021
narthan_galas_bellas,0.07869063635585741
navaer_muinthel_lathron,0.003075822755841518
nell_alph_agar,0.022718187906514854
nidh_mir_rhun,0.02786499251491402
ninglor_tang_duin,0.13945890711519834
noroth_sador_bronwe,0.0039016626194954694
nost_nur_adab,0.06929519251095188
nur_ah_eirien,0.004322630822559445
ogol_echad_luin,0.28834695350555817
ogol_panas_hervess,0.051928259668030406
ogol_pent_manadh,0.11519298635623097
ogol_pilin_ang,0.0022387833651412036
pent_tamin_mirdan,0.008529876313285068
pethron_achas_thangail,0.0023133200378611125
puig_aglareb_dam,0.15422340423178987
rach_dol_onodrim,0.8045522387609746
raef_minai_alae,0.18952562855418403
raegdan_aiglos_thul,0.05606908053247304
ram_dagnir_edlothiad,0.25969313025475166
randir_paich_gil,0.005595351018759934
rhosc_saer_ira,0.09512477335343429
rochben_aiglos_mindon,0.20939771226225184
rodwen_Rochirrim_Mirion,0.08936812389698102
rodwen_pennas_thurin,0.18865777566725137
rovalug_cair_neledh,0.01443992320358552
rudh_ithron_saer,0.034624834861062506
ruith_aear_imloth,0.02327900701528867
sador_panas_raegdan,0.15236542746465154
saew_eryn_peredhel,0.0027342034409037342
saig_achas_lasguil,0.02205349982901044
salph_ang_aith,0.2679750495891276
salph_grond_gador,0.0031949158284063743
salph_nestad_nothrim,0.31587425300796046
tamin_lang_bragol,0.13026137188509457
tathar_cyron_puig,0.06958889534679161
tathar_drego_lin,0.1401348480148085
tegilbor_espalass_ris,0.36868061522741086
thamas_Elrim_raegdan,0.15381007589055756
thangail_ablad_aduial,0.01300379388773036
thangail_in_cuin,0.0032375597404976186
thavron_aduial_fast,0.047130983298095785
uan_aith_lin,0.13531297133257864
Elrim_morn_cabed,0.05884982175578169
Ennor_bronwe_ninglor,0.009631757501535408
Ennor_lavan_ris,0.01237513580013972
Ennor_lebdas_heleg,0.013545230619430823
Ennor_meril_cirion,0.060701280555164085
Mithrim_eilian_rhun,0.001898000150602646
Mithrim_tegilbor_dunedhel,0.001520329013101401
Rochirrim_ist_aglareb,0.754658714001044
acharn_heledir_dunadan,0.019440196337486403
adan_araf_angos,0.4059806858496698
adel_alae_lavan,0.053179150128844936
aduial_cae_saig,0.08761538385123414
aes_lebed_naer,0.09147253796002684
ah_aiglos_haudh,0.11684144371090649
ai_ingem_saew,0.08036270096477244
alae_glass_harad,0.08115558029041402
alagos_lachenn_lagor,0.0028146974287916893
amarth_espalass_narthan,0.08180089264938795
amarth_heledir_lathron,0.8567944896010526
amath_ank_alph,0.12721202292378878
amloth_nidh_thavron,0.1626983018419416
amon_barad_haradrim,0.12991517602569047
andrann_naer_rovalug,0.063407268880591
angos_pethron_soga,0.004755975683994154
angos_rhun_idhren,0.6539657968317752
aphadrim_daen_suil,0.048347478070216825
aphadrim_noroth_aes,0.15040188877819333
aran_alag_thurin,0.003429976492960853
aran_lain_nidh,0.41048571212834334
aranarth_Tawarwaith_adab,0.01423122656510469
badhor_luin_braig,0.0009147453919136218
bain_idhren_heledh,0.060399583674618236
balrog_aran_randir,0.010014788988790468
balrog_glaur_aras,0.036033193676294296
baneth_aear_uanui,0.02891249889998974
bragol_fervain_baug,0.05066491081335537
bregedur_lebdas_iphant,0.3572772672919899
bregedur_randir_lagor,0.07030658209626607
bronwe_galadhrim_ira,0.06787597589881764
cabor_glandagol_alag,0.08648905055687361
cae_salph_angos,0.3389865027179464
cair_lost_gli,0.21412319992513967
caras_gas_bellas,0.2822487419111064
cirion_idhren_luith,0.010394253301752567
corf_amlug_luin,0.4829833025599414
cugu_eilian_andrann,0.12840092925824345
cugu_narthan_hand,0.2944845688442367
cuil_haeron_ogol,0.0006257386461043044
cund_cabor_ingem,0.12479176856501552
cyron_iar_gwend,0.23335016265644434
cyron_nadhras_lang,0.2420886107745196
cyron_soga_alag,0.2664989545238494
daen_sammar_cugu,0.0539946138515
dagnir_faradrim_idhren,0.0146889688398536
dirnaith_gwaloth_Sindarin,0.1660624436506482
dirnaith_gwaloth_ablad,0.05887161120698416
dol_amarth_raegdan,0.2720712992707411
dol_sammar_mirdan,0.02993126231345719
drego_tegilbor_aras,0.003635473030834541
duin_panas_tann,0.009796310722984885
dunadan_gwador_fuin,0.04999919675484149
eilian_ist_lebed,0.010199597872673445
ennorath_salph_gorn,0.008032830606127566
espalass_curunir_nestad,0.012329490012196267
espalass_ira_tann,0.024712803586263477
faen_gaur_hal,0.001850224229648987
faen_lam_lost,0.07791166678569386
fang_noroth_tegilbor,0.19055644053308224
fast_bass_lossen,0.009532222231849097
forodrim_raegdan_malad,0.055290047157494776
forodrim_rust_roch,0.0068830752230139135
galadhrim_laer_imrad,0.0057691492418465735
galas_angos_dunadan,0.0012557245729379997
gaurwaith_drafn_panas,0.19476247083806114
gellui_gwaloth_bain,0.008496057502794913
gilgalad_rist_aear,0.0519056857465439
glae_lain_gul,0.08941329946430332
glamog_angos_badhor,0.42766445068444464
glamor_aes_eirien,0.20466347157267967
glamor_uanui_gorn,0.0984089708566593
glandagol_cund_tavor,0.05724638769228626
glandagol_mil_Eru,0.0016438993410919198
glaur_curunir_randir,0.16845290794285356
gli_ninglor_gaw,0.181215233507351
gondrath_nell_fern,0.2408710134815822
gorn_glandagol_hend,0.7472209871826756
graw_ingem_hadhod,0.08504367686581107
graw_minuial_archam,0.008979878857377947
gwachaedir_Sindarin_rusc,0.0008385282214289828
gwador_aegas_glaur,0.484216137325248
gwarth_laes_idhren,0.03296961798304305
hador_honeg_Druadan,0.10525141770483162
hador_lebenedh_graw,0.1401359802350767
hand_nost_salab,0.08043913977228821
harad_Dornhoth_heleg,0.11815841464437782
harad_Rochirrim_ah,0.01488809608724979
harad_haeron_lobor,0.027862402024874746
harad_nagol_cund,0.08764323437770767
heledh_ai_baug,0.12294773668113843
helegnen_cabed_adel,0.2617605843975867
hub_celeb_forodrim,0.03910205808413053
hub_lost_imrath,0.009176681675970877
hul_haust_aegas,0.13385981058422886
imlad_navaer_ist,0.00412627225737813
in_lachenn_adel,0.003428964526999778
ingem_rovalug_inias,0.03426714499973322
iphant_amarth_amdir,0.2332019116962755
ist_sogannen_morgul,0.4250687885154589
ithildin_anann_pilin,0.022765182798326428
ithron_gwarth_alph,0.0018262345635139904
lacha_tathar_cuin,0.0017517406120798186
laes_dunadan_iaun,0.015562017160116182
laes_per_faun,0.15227178621167703
lam_aphadrim_ingem,0.1517647581405754
lasguil_lacha_gaurwaith,0.15698513678073
lathron_ogol_lacha,0.1325612998678076
lebdas_bregedur_sammar,0.02173997557242896
lebdas_nath_Ennor,0.010275474868634421
lebed_gwael_ang,0.0019815980929313295
lend_parf_fuin,0.17697043330018497
limlug_fuin_hand,0.001864030494030867
lin_glamog_grond,0.05864415708987004
lin_puig_amarth,0.0026306935886886455
lossen_nothrim_firen,0.2719727142707948
luith_in_lathron,0.007829516822311339
lunt_maen_gaurwaith,0.016642586841451448
magol_cugu_tamin,0.009027732758723397
malad_glae_eirien,0.007658192308071804
melethril_ylf_imrath,0.03235594946096434
mereth_achad_drafn,0.11726324521008277
mereth_maen_parf,0.5900734961350571
midh_Mirion_rust,0.05094559812606413
midh_malad_dagnir,0.08744726080334028
min_ira_achas,0.07847927390573436
minai_merilin_meldir,0.027229709979622294
minuial_edlothiad_lavan,0.3140357840310797
mir_helegnen_agor,0.05972106595018116
mir_pod_Eluwaith,0.021928179929026008
morgul_aegas_iar,0.06763460194046161
morgul_lin_balrog,0.0020627993167601413
morgul_rust_uanui,0.013424996038638112
morn_ninglor_mindon,0.033855279856816994
nagol_lorn_anwar,0.10414191717176959
nath_aranarth_bellas,0.10035024456505137
navaer_cuil_rusc,0.5577596465767941
nim_minas_bellas,0.005710074295889043
nimbrethil_andrann_gwael,0.44340677587612387
noroth_iphant_randir,0.10762049806185175
nur_muinthel_haradrim,0.0911684184124587
perian_aear_rovalug,0.008236407597688922
pethron_lass_lalaith,0.058850793973691806
pod_pent_gath,0.2353359068041188
rach_alae_laug,0.03090248591802959
raegdan_hast_aderthad,0.005875604374259414
rhosc_achas_onodrim,0.15756857896860046
rhun_uanui_agar,0.11597790075581903
ris_aeglir_bragol,0.0007333523856219232
rochir_anann_lam,0.041373469086848816
rochir_gwaun_lasguil,0.04950848895195263
rochir_lorn_glandagol,0.239641589801349
romru_agarwaen_lebdas,0.15305632542372236
rusc_achad_lebdas,0.7385315705753787
saig_laes_pent,0.01962193913004759
saig_lost_gwador,0.0980700782316214
salab_luithien_hadhod,0.0533038317411803
salph_laer_vin,0.16078524810709433
sammar_honeg_noroth,0.04193531862882906
sammar_nothrim_hub,0.10717582894472791
talraph_panas_yll,0.18891980683936455
tann_thurin_adel,0.47086594067755594
tegilbor_araf_uanui,0.33767314995692493
thor_duin_hand,0.13561587642760378
thor_rhach_amdir,0.24688149835402706
uanui_rhovan_ingem,0.06957479478183048
uruk_adar_caras,0.22034154715324272
ylf_galenas_tang,0.0014190271632131227
ylf_inias_aerlinn,0.13856568114468107
ylf_lebdas_saer,0.01595099954775869
Druadan_gul_per,0.12809279043067492
Eru_mindon_alph,0.19245734468290882
Gwathuirim_baug_braig,0.0019444944279505547
Ithil_aglareb_gwathui,0.153582180778161
Mithrim_menel_adel,0.006855477999336815
Rochirrim_uir_Eru,0.23524453241386703
ablad_cuil_rhosc,0.11914286190318212
achas_gwador_lebenedh,0.008855522893612707
adan_duin_espalass,0.005048472986921257
adel_alagos_haradrim,0.15762013696052518
adel_tathar_edlothiad,0.011486302163632708
aear_ulug_edlothiad,0.07017306784838737
aegas_luin_forodrim,0.13194090835384342
aeglir_cyron_fang,0.07487973045331082
aeruil_min_amath,0.00042121846917947723
aes_nell_lass,0.15805130321773514
agar_baneth_glamog,0.15672445416949773
agar_rodwen_hul,0.001720906582696171
agar_thul_rach,0.010158557081056825
aglareb_haust_heledir,0.2534817596956132
aglareb_toll_ylf,0.00033609722300909957
ah_nimbrethil_magor,0.08230267334921108
aiglos_talraph_ram,0.002215688039732788
alagos_Mithrim_rusc,0.007009356054041088
amon_lorn_magol,0.021290909502628845
anann_mithril_Dornhoth,0.13552908436671554
ank_amath_graw,0.002539364264255508
ank_saew_rochben,0.08687663855824153
anwar_ris_uanui,0.004055469748237776
aphadrim_laes_fast,0.008162508912378387
archam_glamor_corf,0.002069851300336331
baneth_glass_galad,0.2545328934744122
barad_Sindarin_ryn,0.165194629915258
bragol_badhor_dam,0.07100763312186723
cabor_randir_gaurwaith,0.12600240555589967
cair_aegas_noroth,0.07788179411042535
callon_raef_luithien,0.019595726010637846
celon_gaurwaith_elvellon,0.015643620631699197
cenedril_tann_gwend,0.0005501709134543231
cirdan_saig_grond,0.059788936478388836
corch_gath_gobennas,0.008644353944034887
cuil_iaun_thavron,0.03125264141553719
dannas_parf_harad,0.020468358520314575
dirnaith_Ithil_eilian,0.014065340971965126
dirnaith_guldur_lembas,0.017474673223093734
drafn_cirion_caras,0.12014740219411889
draug_soga_lain,0.10139104471984439
drego_amdir_naer,0.14926215473374344
drego_rom_lorn,0.08856033731128465
echad_peredhel_hast,0.09610803671531667
edlothiad_glae_hal,0.11790054204053517
eilian_mithren_ithron,0.0019699926836448775
eirien_gaur_morgul,0.03995455708705073
elu_Eru_thurin,0.0021870188364166636
elvellon_tegilbor_callon,0.01898262593885215
erchion_achas_morn,0.020362333685046384
eryn_nagol_thamas,0.015596201991017482
espalass_lebenedh_pethron,0.005957123488530543
fae_anwar_parf,0.1228592506967399
faen_aran_rhovan,0.0117948459211118
faradrim_maethor_hu,0.05294462114013383
faun_haeron_adan,0.007750223404007957
fern_gwend_amarth,0.000598346529082696
firiel_mirdan_edlothiad,0.00508288710776371
firion_lebdas_perian,0.0018321688524596588
firion_nimbrethil_aes,0.0033468725803130757
galad_aras_firion,0.18080019686563206
galadh_rhosc_thul,0.0004821628533698346
galas_achas_dannas,0.3062582637503976
galas_amlug_peredhel,0.07241607890311455
gaw_parf_certh,0.0043114706347371886
gaw_raegdan_merilin,0.37640951332177186
gellui_hul_hast,0.017963558920409475
glae_firion_hud,0.366640494804369
glamog_gli_cyron,0.13134796194849074
glamor_bass_lhug,0.02449642992742425
glandagol_aerlinn_nath,0.006375769215031957
glass_rist_gwilwileth,0.025464803650915385
grond_aes_adel,0.11895414729588519
gwachaedir_yll_ingem,0.05760554003972282
gwarth_fuin_ist,0.03300107876322142
hador_hend_drego,0.03140239713705768
hand_amdir_ithildin,0.06705130616014776
harad_balrog_toll,0.006477754881219911
hast_gas_cair,0.004351514844882462
haudh_lam_rodwen,0.1894319740770624
haust_celeb_hand,0.07974789478591235
haust_galad_nell,0.06021276884726675
haust_hal_ram,0.0026021112546194044
helegnen_luin_rhach,0.03848497281275329
hervess_annon_limlug,0.0029046014760132485
hu_duin_sammar,0.0421145034171611
hud_Tawarwaith_edlothiad,0.07478329938637367
hul_melethron_gil,0.005992080510462108
hwiniol_faen_lebed,0.02374188219467929
imlad_fast_gaur,0.009401710681504534
imrad_elu_lass,0.002297079519760223
in_alagos_dunedhel,0.0033847252897681174
inias_navaer_andrann,0.06378774060970124
iphant_thavron_daen,0.14837078472026752
ist_gwathui_cirion,0.06046470699678852
ist_melethril_gellui,0.12298151239734095
ist_tathar_aduial,0.16641043110785275
laes_ylf_adar,0.05245373643200317
lain_certh_ai,0.03807020130113141
lang_lebdas_nur,0.028232743436153198
lasguil_law_ulug,0.08554087488800462
lass_cae_thor,0.09150747616533578
lass_rochir_midh,0.004534586430671868
lathron_elvellon_melethron,0.3915841817195009
lebenedh_agar_rochir,0.13775966927972047
lebenedh_dannas_aranarth,0.03683473273877892
lin_tann_saig,0.09214488664447837
lin_uanui_lain,0.03380460717728902
loss_gwanur_pethron,0.038282036427704016
luith_firiel_riel,0.005205868748318735
luith_hu_uruk,0.023986646851958175
luith_nell_morn,0.145109252184797
magol_iphant_forodrim,0.1474163143894278
malad_Gonhir_araf,0.0017291235618651006
meril_pod_midh,0.2395070151000872
midh_ang_callon,0.0030184272308849927
min_hul_cyron,0.020039269155437158
minai_glass_limlug,0.016682414648037918
mir_hal_imrad,0.001723881605156094
mithril_aiglos_sirion,0.014080577577239585
morgul_lorn_galvorn,0.005609351828107714
muinthel_lachenn_morgul,0.11275425445282104
naer_eilian_lasguil,0.113358226580782
naer_minas_iar,0.06558878861322096
nana_achad_paich,0.014949061158959694
narthan_fern_certh,0.04733332730840243
nath_aegas_certh,0.10212187604708381
navaer_Gwathuirim_heledh,0.05381133198339876
navaer_uruk_luithien,0.13242704021804483
nell_eglan_aiglos,0.07760353896156878
nim_forodrim_minas,0.05796839695773926
nur_cair_imloth,0.04157071226283442
ogol_alae_acharn,0.0013230926700400973
ogol_mirdan_galadhrim,0.08920767564093947
paich_rudh_lhug,0.030244309866446786
panas_narthan_glaur,0.0033520932993983342
pendrath_meldir_nestad,0.011702495588489093
pent_romru_panas,0.0070886928505316665
peredhel_glandagol_gaw,0.004787282793480862
pilin_Rochirrim_cabed,0.005111268202545859
raegdan_amloth_parf,0.022309995928669914
raegdan_heron_hwiniol,0.201466888961186
rhosc_amdir_morn,0.2685581263597924
rhosc_hu_suil,0.1559999973415014
riel_lossen_harad,0.006110997131901097
riel_rochir_lebed,0.004678405786060164
rom_bellas_lebdas,0.030867735539840343
romru_iphant_daen,0.14336114892281776
romru_suil_aranarth,0.1404351600986102
rusc_hervess_lavan,0.01630804331592405
ryn_roch_amon,0.1838171284321679
saew_sirion_narthan,0.2745828073510491
sirion_archam_hador,0.015090777408082085
tang_aphadrim_vin,0.45782190950147233
tann_thor_perian,0.01912633430889132
thor_hend_roch,0.02606317613771423
tirith_amloth_rhovan,0.14998330591564119
vin_gondrath_galvorn,0.019752440126937963
yll_manadh_tinnu,0.0032901786517745162
Dornhoth_tinnu_corch,0.017757673272504108
Gwathuirim_ang_tang,0.019220532847633337
Ithil_Druadan_tirith,0.004325407587695189
Ithil_rhun_panas,0.029320565575688507
Mirion_corf_aith,0.0010783055920759693
Rochirrim_dirnaith_navaer,0.009136627849641612
Rochirrim_rudh_sador,0.007107240472143749
achad_eryn_celair,0.09785668792308753
adan_daen_gaw,0.024809919626842824
adel_Eluwaith_tang,0.39936421197882077
aduial_nath_riel,0.11448222566861205
aear_eirien_annon,0.2754941001105078
aear_panas_galadh,0.20764226121754872
aegas_iphant_peredhel,0.20190750646015487
agar_saelor_pennas,0.18005912049845396
agarwaen_glamog_rom,0.009766991786744596
agarwaen_rhun_anann,0.03185571188367506
aglareb_gwachaedir_hadhod,0.046761535708148
aglareb_ithildin_vin,0.17885579835259902
agor_minas_dam,0.0049542464904309014
alae_dunadan_aeglir,0.010147073511537373
amlug_celeb_eredh,0.011111533355956826
ang_nagol_aderthad,0.1135035975805375
aphadrim_honeg_faen,0.008041885497723967
aran_fang_graw,0.16545683470496725
aranarth_pilin_uanui,0.01656965923287496
badhor_raef_balrog,0.06434574048927474
bain_soga_myril,0.04529887186360395
balrog_edlothiad_aeglir,0.003544465473592087
barad_aranarth_rovalug,0.002685024413887578
baug_gil_sador,0.045140587122836556
braig_achad_firen,0.010110827542842534
bregedur_cugu_Elrim,0.16137674544112718
bronwe_tirith_gond,0.06793936484332845
cabed_badhor_aranarth,0.0006771457195544363
cabor_cair_faen,0.13572395612580437
cair_cuin_helegnen,0.005225934692826853
celeb_imloth_ablad,0.16095197394811567
cirdan_guldur_hun,0.006651248528075213
cirion_muinthel_iaun,0.005315128716760103
corf_dunadan_nimbrethil,0.085912877148462
cuin_nidh_meril,0.028364091114643556
cyron_ai_mund,0.021475060141225105
daen_inias_gobennas,0.14833195705581476
daen_mithren_hwiniol,0.1458290588164488
dam_agor_glandagol,0.13550390769024545
drego_nothrim_curunir,0.11467622892381793
duin_gaurwaith_nim,0.07442186590415203
duin_lebed_talraph,0.12033960526093757
eglan_faun_galvorn,0.01514701700265846
eilian_cirion_ram,0.0012399244062047527
eilian_gondrath_faun,0.24756379336579135
elu_randir_nagol,0.02399371119763414
elvellon_alph_panas,0.03538255538186411
eryn_Gonhir_gwael,0.015768648794134994
eryn_lain_gond,0.007719918772809392
faradrim_thavron_saelor,0.25871737037943576
faun_adab_honeg,0.01595371685880824
firen_elu_haust,0.09759147051896674
firiel_elvellon_rhun,0.2246986742554247
fuin_amdir_sirion,0.00716096431701042
gador_glandagol_elvellon,0.005848646428241014
galad_eglan_angos,0.03216437590197521
galadhrim_ablad_noroth,0.07415301588618886
galadhrim_gwarth_alae,0.007499366987922179
gath_adar_ank,0.24933089808654915
gaur_achas_lass,0.10365912890353705
gellui_panas_annon,0.1384995463867985
gilgalad_laes_nothrim,0.04520339446310989
glaur_Rochirrim_menel,0.11644910010830298
gobennas_dirnaith_Eluwaith,0.22580934592957597
gorn_lavan_nothrim,0.12830597421528162
graw_ennorath_galvorn,0.4267748842435444
graw_fae_lasguil,0.06994617343274386
gwachaedir_curunir_duin,0.029764929185457596
gwael_cuil_caras,0.0007566346844514093
gwanur_aranarth_ogol,0.08039919350079765
gwanur_imrath_magol,0.03197882404214182
gwathui_acharn_adar,0.09465192834816466
gwilwileth_magor_per,0.28724051031475595
hadhod_cenedril_graw,0.20938944593052772
hadhod_hu_mithren,0.212488132875732
hador_aegas_nimbrethil,0.004546349752776365
haeron_muinthel_hal,0.0035069045442212943
hal_baneth_aderthad,0.05034117704111009
hal_fuin_uan,0.07913328991239105
hand_laes_mindon,0.10602000413733279
haradrim_glandagol_harad,0.1574942663756371
haradrim_hend_dagnir,0.0020517671840534083
haust_amlug_Elrim,0.22568114377784065
haust_fae_noroth,0.0032366897311636817
haust_yll_lunt,0.006337781424201402
heleg_amath_lathron,0.0972161486542011
helegnen_amarth_fang,0.06904136164944054
helegnen_certh_raef,0.1087815014155187
hend_amon_celeb,0.17233145959621396
heron_gwarth_min,0.011894253358445918
heron_tang_galas,0.004288709155799261
hervenn_aranarth_hub,0.010450230403160813
hu_thavron_nath,0.2872376001405537
hub_firiel_Eluwaith,0.002268279363244742
hul_aranarth_dagnir,0.04205225982311843
hul_iphant_eredh,0.04379668251913386
hun_naer_fervain,0.10157241961514418
hwiniol_Eru_noroth,0.23321018758829248
iaun_luin_eilian,0.1020044978204618
imlad_iphant_gwend,0.05341205749291703
imrad_Eru_toll,0.04996971567693299
lacha_heron_nagol,0.016335583493189778
lagor_cair_rusc,0.0016993248170219567
lagor_heledir_celeb,0.015306276822903846
lagor_sirion_lebdas,0.21836282776108593
lain_randir_galvorn,0.0006078761501996792
lass_bellas_nagol,0.1055016666063807
lass_drego_gwanur,0.010187517494389021
lathron_perian_harad,0.03190513845039196
laug_aerlinn_caras,0.020839250646472417
laug_angos_Eru,0.05756434727940907
lebdas_mindon_grond,0.008271800176029248
lembas_braig_alph,0.02403270340578291
limlug_amlug_helegnen,0.12660655198256388
limlug_uanui_agarwaen,0.03065673786758692
lorn_curunir_nana,0.0019108217294161033
lossen_cirion_meril,0.08320737606122397
lossen_gwathui_pod,0.0242415979940226
lossen_hend_iphant,0.005967057097299225
luin_cae_rusc,0.17540632733398837
luin_hast_narthan,0.07554988016419319
luith_loss_rovalug,0.07058415119524668
lunt_mil_minai,0.025193192959788505
maecheneb_heledh_baneth,0.10373238588644372
maen_dol_angos,0.05884071537120571
maen_lang_aerlinn,0.003098590241197759
maethor_rhosc_pethron,0.007290763039441926
magol_inias_lebed,0.007768861119017367
magor_lunt_hu,0.012172342815781707
magor_minai_alph,0.14127780767661116
meldir_haeron_lunt,0.06119927044218658
melethron_lalaith_saig,0.027024435946262405
menel_corch_amon,0.1015332312887592
merilin_gwaun_meldir,0.2445717121185279
min_ablad_nimbrethil,0.06713642293468229
mithril_echad_cirdan,0.014572627080935515
mithril_guldur_elvellon,0.0369286648153957
mund_rust_mithril,0.07296775948576378
nana_dam_bronwe,0.004357197420410187
navaer_gwathui_faradrim,0.32676603036510604
nell_eryn_tang,0.035668034222707194
nidh_ruith_aderthad,0.044767904457299
nost_aduial_gwarth,0.00021830491478412635
nur_heleg_lhug,0.019512865780205616
nur_imlad_magor,0.02444228155731452
ogol_callon_minuial,0.03688896708143192
parf_baneth_elvellon,0.014741277522277418
parf_guldur_midh,0.00610368229710285
pent_cirdan_amon,0.006417389614151835
perian_nim_lunt,0.058308004025344216
pethron_tinuviel_tann,0.0034646227960951057
pilin_aegas_gondrath,0.07858266706731706
pod_ank_mund,0.003533466101026332
rach_amlug_espalass,0.0026676666370010343
rach_nell_neledh,0.004409890498752285
rhach_glamog_sogannen,0.0009655575147666216
riel_pethron_nadhras,0.006858943911705485
ris_rodwen_talraph,0.20564451808322798
rist_thavron_morn,0.0006632000643214073
rom_andrann_celon,0.05379953231181771
rom_eryn_glamor,0.08633967487000192
rom_glass_glaur,0.006161520968521612
ruith_panas_morn,0.0036774393519292147
ruith_puig_dirnaith,0.05574944137168941
rust_gwathui_mund,0.04435481276080424
rust_magor_ang,0.05192834203194176
saig_ris_lunt,0.03396873926099117
salab_celon_lebed,0.05589318904113456
sirion_alag_aduial,0.07051969603434118
tamin_muinthel_eredh,0.03712514952725047
tang_muil_eirien,0.1012525313787453
tann_dannas_alph,0.02824558575534915
tegilbor_hadhod_faen,0.1318652713254731
thamas_ninglor_pess,0.04966706967659488
thavron_tann_panas,0.0020612733243423713
thor_nestad_rust,0.060788395223735345
tinnu_haudh_soga,0.06805233841785059
tinnu_laes_gil,0.01318403236368733
tinuviel_imrath_hun,0.025949453625601627
tobas_Ennor_mereth,0.07599060405961043
tobas_badhor_haust,0.005879768121171177
ulug_rusc_gwanur,0.17439421153783924
vin_gath_glass,0.005282261760248929
vin_lebenedh_gaurwaith,0.2154557438704665
ylf_glae_mirdan,0.0014136473370057194
Dornhoth_minai_mithren,0.11880851388663533
Druadan_sador_Eluwaith,0.014257511130297464
Eru_Elrim_aduial,0.09676178875531889
Eru_gwaloth_hal,0.11673052916481295
Eru_randir_mund,0.0011562743405815954
achad_thavron_cuil,0.16201765641190877
acharn_ist_annon,0.036270288705159213
adab_muil_nagol,0.009003578258240245
aderthad_tavor_pilin,0.1828943686023088
aderthad_thavron_menel,0.04929588361881071
aear_ithron_rist,0.06834092508596173
aegas_harad_amdir,0.0023788451437777077
aeruil_Dornhoth_harad,0.08179738612000939
agar_lossen_nur,0.12238635391684964
agarwaen_mithren_law,0.08549842488265191
aglareb_alag_gwador,0.002235108100422591
aglareb_cyron_uan,0.18939879957944436
aglareb_heledir_rist,0.0030279265390126537
agor_tinuviel_anann,0.15179437752380462
aith_thurin_raef,0.08009771434982182
alae_iar_dol,0.3290856135494079
amath_bain_loss,0.06925605315010974
amloth_bass_thurin,0.001459477347795184
amon_guldur_lain,0.2370863652121938
anwar_ogol_nath,0.16910504556388775
aphadrim_perian_manadh,0.714774400450525
araf_lorn_mir,0.08639438447278369
bain_guldur_glamog,0.0011825450951480224
bain_imrath_dunadan,0.004832843889737035
baug_melethril_pent,0.04705114289365027
bragol_ogol_ryn,0.0302645977907606
bregedur_lain_peredhel,0.037218959245940465
cabor_calad_rhosc,0.044079087326059446
cae_sirion_Rochirrim,0.10530014409039623
cair_aeruil_lunt,0.10439154088657183
cair_bragol_eryn,0.05352902470831492
caras_fang_muil,0.13888888301169555
caras_nim_ist,0.03994271089707136
celon_barad_pendrath,0.09784093774208041
celon_galadhrim_minas,0.02520764353733699
celon_magor_raef,0.006031534594422605
corch_bragol_hast,0.17854689532320953
corch_rudh_bellas,0.0014974009866722494
cugu_Ithil_achad,0.31062404942226596
cugu_draug_heleg,0.03495029013382074
cugu_paich_eredh,0.05351909152171992
cugu_thurin_alag,0.14900662585742291
daen_cund_mir,0.016141425726129574
dannas_hu_myril,0.017330238852212788
draug_firion_angos,0.07415828651039125
duin_talraph_limlug,0.0016745785487388835
dunadan_iaun_bass,0.02766033428847818
edlothiad_ithildin_galvorn,0.44403769076884503
eglan_Gwathuirim_minuial,0.11834389254841822
elu_celeb_iphant,0.015290438709908817
emel_nimp_tann,0.18426022819572163
ennorath_glandagol_glaur,0.2326006538539458
ennorath_rom_gas,0.0039166194563866556
erchion_gilgalad_rust,0.0107128086645236
erchion_magor_lam,0.1358883898672519
eredh_gwador_aear,0.09683332838939772
espalass_gwathui_ank,0.03110486791081253
fang_lacha_tobas,0.05753796942448337
fast_fervain_min,0.12857751916165705
fast_ram_ithron,0.06456328022280527
fern_aderthad_amdir,0.0008616915570587605
firiel_elvellon_noroth,0.023782034363586144
forodrim_fang_aras,0.003706742927630648
fuin_gador_amarth,0.014132478397833634
gador_aderthad_firion,0.10124329167218163
galadh_gul_lost,0.1777343067328156
galadh_hend_gwarth,0.036293864686800424
galas_Mirion_fervain,0.007748731601220215
gas_dol_sammar,0.27567018842128066
gil_Gwathuirim_andrann,0.004173936728863253
gilgalad_hervenn_pendrath,0.20338680965712422
glamor_Druadan_amloth,0.04656130859592077
glaur_hadhod_gaw,0.019944982597166316
gul_gellui_hu,0.021346700752490975
gwael_agar_lembas,0.004806126880603057
gwaun_riel_pilin,0.012908881416717545
hador_ungol_rust,0.039868680679209886
hal_angos_luin,0.04537260862590693
hand_dunedhel_honeg,0.7559876942620812
haust_baneth_soga,0.006164665582471571
helegnen_lunt_nadhras,0.13053005542850393
hervenn_ang_gilgalad,0.0771093677677185
hervenn_lhug_ai,0.09304421827720807
honeg_muil_aear,0.17989864196542216
hu_guldur_lagor,0.1671431456679499
hud_faen_nell,0.08470752035659901
hud_lebed_adan,0.10504203468715621
hul_iar_fuin,0.0728198238339303
hun_Mithrim_pent,0.007121217429131722
hwiniol_celair_nagol,0.008214348125617221
hwiniol_nell_in,0.361670480217429
idhren_pess_raug,0.07265647114698193
ingem_gwathui_aiglos,0.09540553368621693
inias_haust_iar,0.17859740945392277
ithildin_dunadan_celeb,0.1319011506240848
lagor_cabor_agor,0.046656522793569924
lalaith_gondrath_lang,0.0703456470860231
lasguil_ennorath_ira,0.06338071295055603
lasguil_fuin_maethor,0.01672810259631887
lass_lavan_bragol,0.0040316927203150055
lass_nagol_Ennor,0.0018709720006126046
lathron_gond_suil,0.0033416796504238543
law_lathron_celon,0.13691396360201044
lebed_nagol_thurin,0.08498867291675294
lebenedh_iar_bragol,0.14544258216581746
lebenedh_lagor_aiglos,0.003419519914946523
lembas_pod_morgul,0.0874547656380915
lhug_raef_rhosc,0.1687438657139787
limlug_lass_pendrath,0.00630092371497412
limlug_myril_dunedhel,0.026320403525954352
lobor_lang_talraph,0.0835442400624651
loss_hervenn_badhor,0.010796237923108604
lunt_anann_morn,0.2842132401802425
maen_guldur_nana,0.010709148292750824
maen_lasguil_gobennas,0.09077676275378682
menel_lebed_narthan,0.002479179943069854
mereth_saew_ingem,0.3155643026058667
min_amdir_faradrim,0.007270681741698265
mindon_galadh_dagnir,0.12761930519361883
mithren_randir_curunir,0.04936915227137046
muinthel_forodrim_meldir,0.2962189031560633
mund_saig_nim,0.020969424494690515
myril_gwael_mindon,0.22072757618046887
naer_ah_gwador,0.11694822012791457
nimbrethil_ennorath_gul,0.014685375414516606
nimp_dagnir_lobor,0.06786336909453701
ninglor_menel_Eru,0.08361586083730733
noroth_lin_hervess,0.058823343030789926
nur_rhun_tang,0.202730186411915
ogol_cair_tavor,0.0061974378476081955
ogol_saig_iphant,0.07133904692521006
onodrim_hun_rodwen,0.02588697259370737
parf_cenedril_agor,0.0017215701658591653
pent_raef_caras,0.003023017683581126
per_dam_baug,0.05732989386005957
per_ist_hervenn,0.017572229684766103
peredhel_araf_amloth,0.14949386187790015
pethron_araf_cund,0.43047395239124253
pethron_muil_imrad,0.10457395058267177
pilin_gwael_ris,0.48144017816424545
pod_hun_cuin,0.008690323365498492
rach_sogannen_gwanur,0.005518383157375363
raegdan_acharn_rhun,0.22245489723223635
randir_amdir_aear,0.007177303070405963
randir_ennorath_limlug,0.007335492472145152
randir_manadh_gaur,0.004987857651567011
rhun_mereth_firiel,0.016753905682353257
ris_law_nadhras,0.04933037477448353
roch_fern_minai,0.0033784837703212055
rochben_randir_aran,0.004159264219320882
rochir_Elrim_tamin,0.12387972364702288
romru_cund_gwathui,0.8054998545373099
romru_uruk_gil,0.23686031747242856
rovalug_amloth_gilgalad,0.002804603954896053
rudh_aiglos_talraph,0.0033881850071306144
rudh_rochben_drego,0.0042967881493825915
ruith_ryn_draug,0.09574087337188229
rusc_aderthad_dunadan,0.0017697774164994425
saew_pennas_celeb,0.02122359112313804
soga_cae_nadhras,0.0020895859431950907
tavor_ruith_hub,0.045516797557901854
tegilbor_angos_annon,0.11505422114339468
tegilbor_hand_tinuviel,0.007986615044741427
thamas_nur_ogol,0.12199297353260957
thangail_duin_hud,0.04682238995814183
thul_cair_pethron,0.029743022420906283
thul_faen_saig,0.019752742453660505
tinnu_lang_luin,0.09535591339158954
tinuviel_Mithrim_hu,0.20416517747234883
tobas_neledh_fervain,0.030469250149663788
ungol_cirion_firion,0.027340933161618737
yll_tinnu_gli,0.067873595755402
Elrim_sador_hun,0.12886131792286684
Gwathuirim_eilian_fervain,0.016510052216002425
Mirion_emel_dol,0.024294394379166015
Mirion_ogol_cenedril,0.161764988310304
Mithrim_ank_pod,0.30744855133141963
Mithrim_lin_rist,0.17093870200568584
acharn_gwachaedir_morgul,0.18275468391446975
adar_gil_curunir,0.007947437972959407
aerlinn_honeg_nimp,0.005200447311196467
aeruil_lebed_galadh,0.008782523111766022
aeruil_nimp_lend,0.0017574827651131583
agor_melethron_inias,0.12993961361590478
ai_roch_lacha,0.0721862621501135
alae_fast_cirdan,0.11711110525536628
alae_nana_midh,0.06027026396379286
alag_mithren_gwarth,0.2609763784628291
amarth_nidh_fae,0.2003949433040284
amlug_glamog_bragol,0.03950338005875853
aphadrim_in_achas,0.055345534024359135
aras_anwar_luin,0.11125861200160769
aras_dunedhel_honeg,0.015368115262769745
aras_gwend_celeb,0.22352442291200916
archam_gaw_muinthel,0.08327715298870522
archam_rovalug_corf,0.010282056453620098
bain_hador_in,0.0036566128400169467
baug_amdir_rochir,0.08061138661138789
bragol_fast_ai,0.1262543686784165
bragol_gwador_celeb,0.0073304710124844795
cabed_thor_tobas,0.5193521041551463
cabor_ris_faen,0.0038924461668851935
celair_rom_lembas,0.0060080320776304055
celeb_aran_dunedhel,0.04182532694406911
celon_ulug_Mirion,0.0743200511936802
cuin_ingem_aran,0.14534690673373576
cund_lacha_tachol,0.2336019776821498
daen_muil_dunadan,0.024980694909143064
dam_emel_myril,0.00571571656080541
draug_hast_aduial,0.0059613427599822764
dunedhel_luith_firen,0.26955456256319554
echad_aglareb_rist,0.12015695690104075
edlothiad_aear_gli,0.03016540918676388
eilian_muinthel_sogannen,0.3039411478237899
eilian_saer_saew,0.18704393948889805
elu_rhach_bain,0.015933240761808097
elvellon_gondrath_barad,0.10250165873929588
eredh_hand_faun,0.29632946752989714
eredh_mir_cair,0.027723483240361863
fae_mindon_mithren,0.01455090941133292
fast_morn_luithien,0.16563357106958962
faun_certh_gorn,0.14871581389834687
fern_tathar_fast,0.23934021856902624
firen_firion_perian,0.0022553495171381164
firiel_honeg_Gwathuirim,0.08259327993445555
firiel_pent_saelor,0.08973352651770294
fuin_lavan_mindon,0.09385053802249953
galad_mil_heledir,0.15005907954339195
galadh_ah_aphadrim,0.04798174276305168
galenas_ist_balrog,0.07863628771548423
galvorn_maecheneb_bass,0.17428174283968767
gas_adar_cirdan,0.007254850354417829
gath_loss_magor,0.055278060852805205
gath_sogannen_celeb,0.05636532534740567
gaur_saer_dunadan,0.19349645922636627
gaurwaith_narthan_nothrim,0.010092796902378754
gil_hadhod_peredhel,0.03535138926904806
glaur_lorn_pod,0.1589484436385912
grond_alae_cyron,0.093448122330473
gwador_gaur_roch,0.013570721994440918
gwaloth_nadhras_faen,0.2223956075540039
gwanur_hub_aerlinn,0.023448880085352824
gwaun_dam_saer,0.11689465323750638
gwend_luith_hu,0.02449871295571462
gwilwileth_mund_amarth,0.16098624719137225
haeron_adar_ithron,0.0005149962273581582
haeron_rochben_bass,0.0166028649433085
hand_amlug_tirith,0.1622738277132096
hand_salph_raegdan,0.003642564181557484
harad_sogannen_fuin,0.4955675191314777
haudh_aphadrim_gador,0.06340957306303019
haudh_faradrim_lhug,0.0273458437600129
helegnen_nost_rusc,0.0057411110372694585
hend_ithron_andrann,0.09402805464106032
hervenn_eredh_baug,0.018706786741766283
iar_alagos_lin,0.1232454749386993
iar_tegilbor_myril,0.024645004063906916
iar_tinnu_barad,0.339289180703342
iaun_morn_braig,0.14665334185659024
idhren_adar_mithren,0.24125916565666516
imloth_celon_pod,0.05412896365562801
ingem_pent_honeg,0.08851585475291665
iphant_cund_baug,0.0018018077494106972
ithildin_thurin_ogol,0.011036744067770008
lachenn_bass_dol,0.043446228455747804
laes_faen_amlug,0.4003504047223356
lang_aderthad_gwend,0.569232491430339
lang_paich_Dornhoth,0.05201736342872854
lathron_calad_certh,0.07794694439588329
lavan_gwachaedir_cirdan,0.023954406745271016
lebdas_hwiniol_Gwathuirim,0.010066208394511084
lebed_hu_muinthel,0.024883584791761917
lebed_ris_corf,0.017545720154047727
lembas_mirdan_gwend,0.02288559584193111
lend_Eluwaith_limlug,0.07509694212629778
lend_eirien_lunt,0.3068595931998754
lhug_lembas_cuil,0.007507343106059759
lobor_gwachaedir_aerlinn,0.0014306659704455154
lobor_lin_bellas,0.04456751814464388
maen_mil_dirnaith,0.023275542746560303
maethor_luith_dagnir,0.09070385888476805
magol_gador_lin,0.15233635021756026
magor_barad_hul,0.06576586721799893
malad_nana_mir,0.021073184770756162
manadh_aear_gwaun,0.0065340593280093845
manadh_dunedhel_lagor,0.03971621826974903
melethril_maen_iphant,0.016406342612454737
melethron_dam_roch,0.0016060563882792386
melethron_nana_gobennas,0.006415699133900203
mereth_aear_lain,0.010577783956997206
meril_rudh_thurin,0.011126687578817239
midh_adar_saelor,0.054714774986262926
minai_gwachaedir_idhren,0.4854232476326569
minai_gwaloth_certh,0.020058075666649612
minas_rovalug_mund,0.12866540424171785
mir_minas_agarwaen,0.22030890564471373
mithren_haradrim_hand,0.2728202976666361
morn_hub_haeron,0.2731188348822296
morn_vin_lost,0.0656489291416362
muil_eredh_corch,0.0022571263679268456
myril_rochben_talraph,0.010102192461994128
nana_Elrim_tobas,0.4030946795497925
narthan_Eru_galadhrim,0.002606827253774081
navaer_toll_gorn,0.008520523110079038
nell_mithril_hervenn,0.04317507060313486
nim_narthan_gobennas,0.13905595822727262
nimbrethil_heledir_rhach,0.010129088193206792
nimp_cund_sammar,0.10092967351293686
nost_aran_hadhod,0.22562179116151557
nost_lossen_rochir,0.021296338362892422
nothrim_cabed_achad,0.0032455643648355683
nur_amloth_ruith,0.11305445892334655
nur_lasguil_celair,0.04176492996913827
ogol_gaurwaith_gorn,0.12728008955228146
onodrim_tegilbor_aiglos,0.17330719977763429
paich_Mithrim_alae,0.3080876167997367
parf_bronwe_eilian,0.004293014129478376
pennas_luithien_lobor,0.020574040301158128
pent_thul_glamog,0.1825896349008796
pilin_hul_muinthel,0.09353819758645093
pod_dunadan_laug,0.003978457081857178
raef_lacha_nidh,0.10778588876143898
raegdan_gwilwileth_lossen,0.02454597487208774
randir_hend_certh,0.006532139801391924
rhach_ank_faradrim,0.0053520230762625414
rhosc_hast_lost,0.0112243115774233
ris_tegilbor_tathar,0.10955553251864243
roch_sirion_meldir,0.02453348678957449
rom_adel_gwilwileth,0.0678297632778866
sador_tachol_Dornhoth,0.10806785752897305
salph_dirnaith_nim,0.010719430070552012
sirion_aphadrim_nim,0.2413112992951729
soga_ris_lin,0.003911141573686176
tang_minas_honeg,0.12232411809509845
tathar_gondrath_ithron,0.16546555025789755
tavor_gwachaedir_ira,0.11252643622203284
tavor_rochben_lebenedh,0.16018420878014994
tegilbor_thavron_ist,0.012501763749103462
thangail_Ennor_salph,0.00733406580586874
thavron_Gonhir_ira,0.14880804559780064
thul_grond_imloth,0.19620314995061638
thurin_Gonhir_dagnir,0.00455435740300634
thurin_firen_firion,0.12078006581868712
tinnu_ulug_melethril,0.012389690508272799
tirith_peredhel_drafn,0.03739791182890222
ulug_thamas_annon,0.328419227730831
ungol_lunt_anwar,0.29044302335177336
ungol_uanui_tavor,0.003517210630948004
Gonhir_gwachaedir_ira,0.11169229034338155
Gwathuirim_mindon_aeglir,0.2859564335571265
Ithil_aerlinn_corf,0.13611757278578185
Ithil_hador_ram,0.23257786361156516
Ithil_saig_hub,0.007880514348701729
Mithrim_puig_nell,0.005420570844608112
ablad_lam_thavron,0.07420323662943015
adab_honeg_melethron,0.011340663902359768
adar_uruk_glae,0.014782049587969918
aderthad_talraph_sogannen,0.20866411076330532
aeglir_bragol_morgul,0.08400445432239731
aeglir_celair_ah,0.0018913471657872715
aes_heron_anann,0.01143320767981575
ai_thavron_Mirion,0.008521218117011583
aiglos_lin_salab,0.0062636562988602484
aiglos_lunt_rhovan,0.0036921998001687626
aith_hend_galas,0.013455496567206465
amath_nestad_imrad,0.1658624611116819
amdir_lend_luithien,0.041616881879052436
anann_manadh_amath,0.019215107910545502
andrann_haudh_adan,0.17926748754617
andrann_inias_firion,0.017687627470350922
ang_gilgalad_pod,0.031545694133618504
angos_morgul_aderthad,0.0023940221886171254
ank_rusc_eilian,0.002965418324286769
anwar_alagos_fast,0.05669380555622863
aran_uir_perian,0.004490109699136821
aranarth_raegdan_gilgalad,0.06329187816374081
archam_uruk_laug,0.1749550656486392
bain_imloth_hand,0.15474390657689874
balrog_celair_lachenn,0.12938464478788372
balrog_maen_magor,0.006978758890018769
balrog_mereth_drego,0.0008617785977332967
bass_tathar_saelor,0.12690807904022847
baug_bain_maecheneb,0.018048522243717575
bellas_hun_hador,0.051492705651661384
bronwe_mithril_lass,0.02879550777153913
caras_tinnu_nadhras,0.23203028349803667
celon_ablad_agarwaen,0.15027530481614954
cenedril_barad_duin,0.15211235460310882
corch_Gwathuirim_rist,0.024908923495050642
corch_uruk_puig,0.0021022924083267088
cugu_gondrath_hand,0.10082657977408699
cuin_gondrath_nimbrethil,0.04819650092704905
cund_tavor_draug,0.009041213557798014
curunir_Eru_adan,0.028293654204956598
cyron_hub_ungol,0.0003865369067020763
daen_ennorath_dam,0.40374939267480975
daen_gwael_grond,0.009962189106654683
daen_parf_heron,0.14529983951410752
dagnir_hwiniol_Gonhir,0.1270528146675651
dol_alph_ungol,0.10095764406730444
drafn_luith_cenedril,0.1049678889994844
dunedhel_rhovan_navaer,0.060957437243059735
eglan_naer_cyron,0.135663408715128
emel_mithril_rusc,0.7579910564472773
ennorath_myril_limlug,0.018323980912901508
fang_celon_gwachaedir,0.14030385300100315
fern_rust_alae,0.006922337970014461
fervain_faun_mereth,0.0023144327262191993
fervain_hast_Mithrim,0.07233961739631671
fervain_maecheneb_baneth,0.16424291072665279
forodrim_pethron_salph,0.003452997858577833
gador_dagnir_maethor,0.29323467744465986
galad_lavan_iphant,0.020412935431764156
galadh_rhun_lebed,0.06306143262996508
galas_gond_glae,0.20396591710737022
galenas_cirion_per,0.20196712506694792
gas_ang_espalass,0.16952921779897917
gaw_peredhel_lossen,0.014060771235532428
gil_hu_iar,0.020997225731847046
gilgalad_ank_peredhel,0.00659518274990325
glamor_narthan_romru,0.16469128752049053
gli_rudh_eredh,0.035477437906546117
gond_certh_thavron,0.1960993832311481
gond_galad_lembas,0.12527361744097001
gondrath_heron_hadhod,0.12488732284309904
grond_muinthel_harad,0.050452490250777714
gwachaedir_adar_thul,0.046157604899546074
gwael_gaurwaith_achad,0.10370210441678697
gwaloth_lagor_pilin,0.10080485125109742
gwaloth_tathar_limlug,0.003116167442664459
gwanur_gaw_inias,0.007206327974169094
gwanur_tinnu_firiel,0.09870176737807432
gwaun_fast_hend,0.005178013895070643
gwilwileth_aphadrim_nadhras,0.0035910147337275713
gwilwileth_bain_roch,0.061093569075988396
hador_mil_amdir,0.19919395311954413
hal_gorn_glamor,0.5044946324927583
harad_erchion_eglan,0.11601105160674129
haradrim_aras_minuial,0.1429902737501882
heledh_lossen_ulug,0.11790102606189008
heledir_nost_glaur,0.09614566094764317
helegnen_rochir_salph,0.013712618142133298
hend_hand_fervain,0.028716017749527385
heron_cugu_nimp,0.011031522543860648
heron_helegnen_calad,0.00582251261030269
hervenn_soga_pilin,0.3349190797874779
hub_ungol_honeg,0.0004513344574080738
hul_aeruil_tavor,0.01620821057683586
hul_hervenn_cirdan,0.04766822161458833
hwiniol_galenas_lang,0.01387453846374388
hwiniol_limlug_lebenedh,0.13379539695204165
hwiniol_nagol_aeglir,0.13448507691456055
in_peredhel_adar,0.01757005973159188
ira_celon_midh,0.005174013359726229
ira_fang_aphadrim,0.005254639482024633
ist_nestad_aegas,0.08573420081255811
lacha_mindon_bain,0.011288618711631778
lacha_onodrim_puig,0.07570947903046485
laer_agar_dunedhel,0.004669662561050938
laer_glass_pent,0.030261765951328144
lalaith_cirdan_haust,0.19846077055247568
lalaith_lend_tavor,0.0025006057787176927
lalaith_merilin_certh,0.12466160806421236
lam_fern_pess,0.10631130005901694
lam_fern_tinuviel,0.09320408408876472
lasguil_haust_haradrim,0.00925386249766682
lasguil_laug_cirion,0.00420976919639757
lass_lebenedh_edlothiad,0.09508317103976277
lavan_gli_saew,0.001401387239738646
lebdas_tachol_Tawarwaith,0.13577779345778565
lebed_aran_glaur,0.006257901964934456
lebed_aran_gul,0.0025951827325642954
lembas_law_glaur,0.1631771188870616
limlug_aes_gaw,0.24130080428907905
limlug_fang_muinthel,0.0013940364114240474
limlug_nidh_alag,0.0010951772246542014
limlug_puig_meldir,0.016001763476055492
lin_law_laug,0.0031686501743993143
lorn_helegnen_ithildin,0.15645348952645297
luin_Gonhir_ruith,0.17573412363110485
luin_gilgalad_hadhod,0.3327217237143129
luith_Sindarin_annon,0.04445218075239545
lunt_aear_lobor,0.0013537294861146905
magor_mir_drego,0.04685260321748656
malad_ruith_loss,0.05693424335864992
manadh_imlad_merilin,0.23211513374524656
manadh_nothrim_hadhod,0.001867189106947197
meldir_naer_angos,0.008325674363494455
melethril_galvorn_hador,0.23156162626480192
menel_cuil_lunt,0.028826097212663535
menel_drafn_galadh,0.22317728870719564
meril_elvellon_hervenn,0.022448036257520603
mil_talraph_gond,0.03611474730219687
minuial_aes_vin,0.1953601821671115
minuial_firen_galas,0.22142339289483487
minuial_rist_pendrath,0.18479962608384481
mir_maethor_pendrath,0.13492023805002032
mirdan_hervess_naer,0.02579373961239161
morgul_Mithrim_drego,0.11311650367285299
morgul_dannas_gondrath,0.1908716317834265
muil_laer_adan,0.024367402795653834
nana_gaur_rhosc,0.04712814814162632
narthan_nell_graw,0.13617423939316298
nath_nur_romru,0.08574336731555798
navaer_aduial_bragol,0.006517530671125416
navaer_alae_adel,0.025612481307916418
nestad_midh_minai,0.10197572980174298
nidh_angos_aeglir,0.012599537574172743
nimbrethil_galas_riel,0.14806965878980283
nimp_alae_daen,0.0016327143796531132
nimp_celon_gath,0.2448558516822706
nimp_glamog_adar,0.01425728828159996
ninglor_bellas_curunir,0.02359939705677469
nothrim_pennas_graw,0.025177034932097223
paich_gaur_aerlinn,0.061124477537115814
panas_glandagol_honeg,0.14998802822416882
pent_rusc_gwael,0.025945769291922455
perian_cuil_gli,0.12427537644586217
perian_nana_nell,0.012308601972497541
pilin_thavron_dunadan,0.011018968180227708
puig_hud_aiglos,0.012269368295371529
raef_gas_aith,0.06034721049200325
ram_heleg_saew,0.201772050266299
rhach_hal_rhosc,0.011680320381325843
rhosc_hub_rom,0.012111070575472626
rhosc_lost_lembas,0.004825885156381259
rhovan_ithron_gil,0.03389400024635182
rhun_sogannen_muinthel,0.2133155494074314
riel_aiglos_cenedril,0.13256570022878308
riel_mereth_hand,0.10753766519121101
ris_gwael_aiglos,0.015230361429238257
rist_meldir_Eru,0.0074564682667010215
roch_corf_agarwaen,0.07621129944433756
rochben_rhosc_Eru,0.059448214092862155
rodwen_ryn_callon,0.22684010393613027
rust_gul_thor,0.09772841451145525
sador_rochben_gwilwileth,0.01544999363315194
sador_rusc_Mithrim,0.0006520956118927635
saelor_nothrim_ram,0.014591946581298278
saer_helegnen_ira,0.08579069364889776
saer_vin_nimp,0.11014635861514505
saew_eryn_lobor,0.007434318466395098
saig_ang_glass,0.02058486645759255
saig_aran_draug,0.003766391807370043
salph_lunt_cugu,0.0010487012886193127
sammar_lorn_melethron,0.02454563432642776
soga_gul_nestad,0.09887827452396271
talraph_galenas_tirith,0.17096637442772267
talraph_nadhras_aith,0.6736919175889189
talraph_raegdan_aith,0.02748606291895119
tang_malad_cugu,0.3477522965503523
tathar_dirnaith_hun,0.005464229996648804
tathar_navaer_cund,0.15752986945476755
tavor_amath_Ennor,0.01224817439980338
thangail_glandagol_aiglos,0.0092359340307432
thor_eirien_aegas,0.03202338616949259
tirith_barad_thamas,0.0789771696666606
toll_tang_agarwaen,0.6037307692924646
uruk_glamor_firion,0.0705735334401795
ylf_gul_parf,0.0014952125320561078
Druadan_gwend_muinthel,0.2220466102398
Elrim_panas_laer,0.05152608878911376
Gwathuirim_aphadrim_melethron,0.0033589704106292886
Gwathuirim_barad_hun,0.02687029263271194
Ithil_hul_aranarth,0.03810223769012999
Mithrim_hal_lobor,0.009008295568681894
ablad_ira_agarwaen,0.20405670235860396
acharn_uanui_celon,0.01293609822483119
achas_parf_melethril,0.006016570131779022
adan_agar_Dornhoth,0.3387955282990447
adel_Ennor_nur,0.010759155535795125
aduial_ingem_toll,0.04605619896230925
aear_nidh_ai,0.08898056612826427
aeruil_adan_alag,0.018056096988910267
agar_galadhrim_cabor,0.08951748385774151
agarwaen_celair_haudh,0.37039054599350485
aiglos_thul_cabed,0.0012091453219346075
aith_nath_Sindarin,0.35845057178917356
alae_raef_graw,0.002438735656928905
amlug_firion_fervain,0.11657099712572566
anann_annon_daen,0.15792560654179486
anann_mithril_mindon,0.02402284995932601
andrann_firen_glae,0.007741557866911482
angos_Eluwaith_aerlinn,0.018216392320054706
ank_morgul_gilgalad,0.0680153964437927
anwar_aran_rochben,0.0154151449326985
aphadrim_soga_mithril,0.2517165121019692
araf_faun_peredhel,0.20770779817586696
aras_edlothiad_alag,0.022411183156088466
barad_nath_rhosc,0.0023098457311693794
bass_cund_glaur,0.0027204777560034116
bragol_glass_ang,0.10115373445925252
cabor_lin_ninglor,0.06800145846037459
celair_ruith_mereth,0.015160766580689584
celon_cirdan_lend,0.010777946115688945
celon_gil_lebenedh,0.07998287311021021
certh_laug_aerlinn,0.5695639185279808
corf_dunedhel_amlug,0.10916862646100065
curunir_lembas_thavron,0.07036023612368256
cyron_iphant_nagol,0.17924141150331363
dagnir_rodwen_nestad,0.039948508631157016
dannas_agar_faun,0.11177844534852947
drafn_mindon_emel,0.013788307946671855
draug_noroth_baneth,0.010350505718553338
drego_nadhras_limlug,0.10440142283800376
dunadan_Gwathuirim_Elrim,0.21150082745694707
elvellon_draug_aegas,0.021216970789870053
elvellon_galvorn_suil,0.012142986422038718
elvellon_lebenedh_pethron,0.2064327563126232
ennorath_pilin_menel,0.0072395641496642476
erchion_nur_perian,0.05581739929962693
eryn_bragol_tinnu,0.07392891783626261
faen_dagnir_faun,0.010738851106452826
faen_dunedhel_achad,0.005196707256755948
faen_salph_nimbrethil,0.009714254930852716
fern_alae_cund,0.005106548796812008
fervain_uruk_pent,0.017979832121522845
fuin_parf_agor,0.09640264348956572
gador_ninglor_bregedur,0.014736556700451557
galadhrim_ram_cenedril,0.03940363598169191
galas_nimp_fae,0.018799616051990924
galenas_luithien_suil,0.013314635088219224
gil_aith_adab,0.18798615586794737
gilgalad_ang_alph,0.059362396591116404
glandagol_navaer_lobor,0.020242179367337874
gondrath_neledh_tamin,0.14206075596423481
gorn_inias_neledh,0.01574677885330783
graw_fae_thor,0.0783512687979193
graw_menel_suil,0.06806081286217862
grond_eilian_hervenn,0.22184281736786723
grond_gwanur_gwarth,0.10635124743152514
gul_gaw_bregedur,0.04680268440261703
gwael_gondrath_cair,0.0043128303869363815
gwarth_lembas_mil,0.10828135599842718
gwathui_baneth_elu,0.02366023664222424
gwend_eilian_harad,0.07193925075682733
hadhod_midh_achas,0.06218385304396734
hador_malad_heledir,0.02539566416002104
haeron_glass_hadhod,0.02886951595140804
haeron_lathron_mereth,0.16444917042107243
heledh_aras_dannas,0.007011602527019369
heledh_eilian_cuil,0.014439820453612504
heleg_morgul_raegdan,0.19441183521470956
heleg_nost_Mithrim,0.00047980074619938777
heron_agar_gwaloth,0.06663137248934779
hervenn_aduial_lhug,0.0018119744518254148
hervess_hand_raug,0.17291808778118511
hud_gwend_bass,0.017779951714346452
hwiniol_helegnen_gwaun,0.004454944684997381
iar_balrog_mund,0.035060955891291316
idhren_lass_rom,0.04341491169523642
idhren_soga_gil,0.003385349063055236
imloth_merilin_mil,0.015350820161959452
imrad_Eluwaith_luith,0.07965344370104963
in_melethron_cenedril,0.002793032881869279
ira_lass_hwiniol,0.07761161906567053
lacha_gwaloth_aglareb,0.007187508066605816
laes_aderthad_rhovan,0.0012641963099079359
laes_imloth_minas,0.022375278874671195
lasguil_laes_cugu,0.10623243259770236
lathron_gador_agor,0.054614856746317476
lavan_aglareb_tang,0.02646649849259042
loss_gellui_nestad,0.01158312034012802
loss_thurin_erchion,0.1233694473146669
lost_lebenedh_alae,0.002006682421746597
luin_cabor_hador,0.03243110647729587
lunt_gellui_alagos,0.16196702529011042
maecheneb_aith_cabor,0.21370469338448186
maecheneb_menel_lasguil,0.03632805591489306
magol_minuial_nestad,0.014776895701654025
magor_minuial_Eluwaith,0.005728988844715698
malad_lagor_glass,0.07594663816116401
manadh_graw_min,0.0028765839683738826
melethril_nidh_agarwaen,0.008220074922726953
melethron_harad_lang,0.28016441852603957
merilin_rudh_gador,0.005354156662239405
minuial_corch_Dornhoth,0.12245306508636411
mithren_hand_tang,0.013843509121736807
morn_ank_drego,0.0034995312523867714
nagol_harad_lin,0.03459938983468264
narthan_lavan_uruk,0.017445643870750108
neledh_Elrim_hand,0.37088121098205706
ninglor_dol_loss,0.20031245890406288
ninglor_fuin_laer,0.0060488339898190574
noroth_bronwe_maecheneb,0.003364913739636718
nothrim_sogannen_corf,0.19342487525933671
nur_ingem_celon,0.04433585220106738
nur_salph_lass,0.013451881744929362
paich_randir_nath,0.009167699943305041
parf_tinuviel_rhovan,0.0016180567135790766
pendrath_cae_imrad,0.0016338589048002833
pendrath_ris_tachol,0.09817309879394208
per_haudh_dannas,0.006915640324520427
pilin_tinuviel_cugu,0.07309574923712975
rach_rhun_galadhrim,0.052641766350546154
randir_mithren_fae,0.004997130475863348
rist_braig_saer,0.0038385197011117965
rudh_lang_cabor,0.014098523656259031
rudh_pent_corch,0.15317214451507316
ruith_rhosc_ulug,0.0022240604106604574
saer_pent_rhovan,0.012630956680692616
saer_rochir_pod,0.003654123445765958
salab_rhun_certh,0.19077887068617735
sogannen_rusc_heledh,0.0003395452375227055
tang_amlug_midh,0.004103582898335965
tathar_Gwathuirim_ulug,0.030386835749294183
tavor_rhosc_salab,0.0016654436163081228
thamas_navaer_lalaith,0.01508481201918226
thangail_andrann_gwathui,0.0036103159987395175
thangail_cae_gondrath,0.027276878906830577
thavron_naer_perian,0.002801251992825068
thor_salab_melethril,0.023061761536517233
tinnu_raegdan_rochben,0.04881059449875537
tobas_gorn_lagor,0.0038445915912180416
uanui_archam_galadhrim,0.16291690900582836
uir_tang_aras,0.027461712120868217
ungol_ram_lhug,0.0052817486893049345
ungol_tobas_riel,0.1249374155748509
uruk_eredh_morgul,0.0017537257517618884
vin_gwend_badhor,0.14733976237050286
Druadan_tobas_gas,0.009521194724849807
Elrim_daen_ank,0.04811062965460733
Ennor_corf_myril,0.003064542465511675
Ennor_rusc_bellas,0.3741076675666842
Eru_ruith_cair,0.0882082913677085
Tawarwaith_glamor_hu,0.4424825987466983
acharn_glae_balrog,0.006151852959065941
adar_perian_lachenn,0.0019540887350402536
adel_tathar_ungol,0.14399638253562672
aduial_muil_aderthad,0.014587308458766424
aear_galas_agor,0.04392166125292875
aear_limlug_elvellon,0.2411504540846727
aear_melethron_nothrim,0.17105673186214712
aeglir_achad_edlothiad,0.14334656482968597
aerlinn_firen_barad,0.027895160952304567
aerlinn_neledh_tamin,0.12059346132598393
aeruil_magol_hu,0.009704157370077186
aeruil_nadhras_haradrim,0.010619522095497585
agar_Dornhoth_celon,0.21184987521205206
ah_yll_lavan,0.2253579568428638
aith_hadhod_thavron,0.07635517838234959
alag_nothrim_tann,0.07584781757376448
alagos_celeb_nothrim,0.19191964654091528
alagos_gil_roch,0.08228840852979809
amloth_gaurwaith_archam,0.11441507021130476
amloth_rochir_luin,0.11076213814375953
amlug_daen_Mirion,0.02871377982387182
amlug_thor_gondrath,0.018078083171858418
ang_aderthad_gwathui,0.057718919784252365
ank_eryn_menel,0.0016406099631245332
ank_romru_firiel,0.24824817806521418
aranarth_gilgalad_cyron,0.24796956073657164
archam_amath_minai,0.06698004591040191
archam_badhor_andrann,0.002428533569164145
bain_Gonhir_gul,0.14723805386794964
balrog_gwend_mund,0.007673465720470828
baneth_pennas_hand,0.056603569887701176
baug_eirien_celair,0.14813516610307806
bragol_gil_noroth,0.0017208858916069553
braig_hervenn_Sindarin,0.2717414958481619
cabed_fuin_aglareb,0.0007496589438757762
cabed_sador_heledir,0.14951846820441625
cabor_honeg_bain,0.06533342855626131
cabor_lathron_gil,0.2790911972986958
cae_suil_tavor,0.12237376989612438
celair_in_ablad,0.10309208734702846
celeb_aeruil_aegas,0.003384604579215483
celon_pethron_law,0.040540028257272126
cenedril_galadh_erchion,0.04057867534428637
corch_grond_bellas,0.01092475919953551
cugu_anann_imloth,0.03767439265827013
dagnir_lalaith_lasguil,0.00437608178269281
dirnaith_archam_barad,0.003124028383163188
drego_ang_hun,0.28011589879034837
echad_thul_cuin,0.00591007818065422
edlothiad_alph_baug,0.004409089383236049
eirien_gaur_maen,0.7463470188400344
ennorath_ram_heledh,0.16376347359163268
ennorath_suil_luithien,0.10891528090635372
erchion_Eru_gondrath,0.006651097640902497
erchion_drafn_rhovan,0.016220504729200426
eredh_limlug_acharn,0.2534217106427339
faen_corf_tegilbor,0.3901077942806382
fang_nath_thavron,0.12136032389505545
faradrim_panas_cirion,0.21397981087494283
fervain_nimp_calad,0.13183340930697554
firion_gli_drego,0.0976984183177025
fuin_perian_iphant,0.08896204032900899
gador_bain_meril,0.174180878428279
gador_harad_tinnu,0.051765400384365064
gath_galas_duin,0.0625467908081142
gaurwaith_dunedhel_galas,0.11764324384207718
gaurwaith_lass_mund,0.31868045972049874
gil_hul_balrog,0.044243091733491544
gilgalad_panas_nestad,0.010488605500327524
glamog_ang_rhosc,0.0035597655347525702
glamor_vin_inias,0.00924361968557126
gli_mil_glandagol,0.013264438593882289
gondrath_in_galenas,0.20197286087172553
gondrath_sogannen_galad,0.005848386304465
graw_haust_agarwaen,0.011178491229402041
guldur_ryn_bregedur,0.12072951005587897
gwaloth_toll_firen,0.04621287531418858
gwathui_malad_eirien,0.07314692493740978
gwaun_ingem_lost,0.2397162834371822
gwilwileth_hu_gwend,0.16252857954436212
hadhod_guldur_navaer,0.019098734821444044
haeron_bain_anwar,0.013497090697486527
hand_narthan_melethron,0.008381913271937897
haradrim_guldur_hervess,0.0054664730198645635
hast_dam_espalass,0.26907870216938146
haust_cugu_ogol,0.007134121607235917
heron_gador_Dornhoth,0.0016843972079458158
hervess_cabed_tathar,0.003468506736499428
honeg_narthan_gond,0.01132926977106866
hul_firen_braig,0.15077151394485888
iar_angos_morgul,0.029332484505820093
idhren_nana_hul,0.012571901030776423
idhren_rhach_gwarth,0.05897931108685288
imrad_Sindarin_heleg,0.11108085263453614
inias_lebdas_haudh,0.08321705202672022
iphant_uan_eilian,0.222693774629342
lacha_aphadrim_romru,0.061104346242560045
lass_aras_mil,0.10614354109238128
lathron_corch_morn,0.030200394252941708
law_nestad_gilgalad,0.03546838435368376
lebenedh_imlad_draug,0.024853494945007066
lebenedh_meldir_neledh,0.020155361737712277
lhug_parf_gwilwileth,0.22441014254816463
limlug_hend_sador,0.17934093740361506
lin_pent_galad,0.032089291929527045
lossen_magor_magol,0.01944528047425961
lost_calad_luithien,0.26968522996730343
lost_hand_haradrim,0.07217991884890133
luith_aglareb_nimbrethil,0.00203059551409339
luith_araf_gaur,0.0012837500856772235
maen_lossen_muinthel,0.010677161223270722
maen_rom_rhun,0.04667724931441438
magol_rust_ang,0.08025905465624235
meldir_tegilbor_panas,0.1613636329915556
melethril_gwaun_hal,0.0938984401187563
mereth_ithildin_iar,0.028125318675988758
meril_dam_Rochirrim,0.008534847078723208
midh_malad_Tawarwaith,0.0008940163324171686
minai_emel_hun,0.09198710576020737
minas_lagor_aeglir,0.05601732511133895
mirdan_soga_bain,0.0022591826273344706
naer_ungol_rusc,0.006269091649987766
nagol_parf_tang,0.007029285155882842
nath_pent_firen,0.1344174753492835
navaer_talraph_Tawarwaith,0.06420787705788382
nell_dunedhel_Ennor,0.14584648902728373
nell_imloth_Ithil,0.0023034931114053244
nimp_glass_limlug,0.27444016545330957
nost_rhovan_bregedur,0.042292018913700276
nur_gli_cund,0.011947406723732347
onodrim_sador_saer,0.2783076515505544
pendrath_mindon_Elrim,0.04042878749342468
per_cugu_riel,0.2216327547545003
per_hervenn_gwathui,0.06988306355522551
peredhel_muil_salab,0.007840760944289175
puig_barad_haudh,0.03650438889193409
rach_acharn_lhug,0.004154437985889839
ram_meril_edlothiad,0.06820871255927889
rhach_mereth_echad,0.01717017104738311
rhosc_dirnaith_cae,0.007483144256917591
ris_aith_aeglir,0.0057743243299783085
ris_suil_anwar,0.04383840345612451
rist_heledh_nur,0.014919626490798551
rochben_ennorath_lost,0.0007275545159431354
rochben_inias_suil,0.19919490345824342
ruith_amath_dunadan,0.7491170854229456
ruith_hand_fern,0.019419511730706145
ruith_minuial_tang,0.02175859843498435
rusc_fuin_limlug,0.0023989889406534327
rusc_lembas_alph,0.16004768935394087
rust_Rochirrim_andrann,0.11997884448901514
ryn_mithril_lacha,0.08699132875270556
saelor_helegnen_myril,0.09482845160045447
saer_Mirion_ank,0.0019922039616270784
saig_tirith_per,0.02869557880152415
salab_lass_melethron,0.001436035553421292
sammar_aran_sador,0.0007610299328157571
sammar_toll_achad,0.002502956130914546
thamas_idhren_sogannen,0.06101210818649349
thamas_lang_gwilwileth,0.04365545008679396
thangail_amdir_nadhras,0.03186674549044196
thangail_gli_amloth,0.011948738398201894
thor_Gwathuirim_rom,0.03814811019874184
thul_lagor_amon,0.003256850594573268
tinuviel_nothrim_maecheneb,0.0014781237271757302
tirith_mithren_guldur,0.11163518546342577
uanui_panas_hervess,0.07580761509245858
uruk_pendrath_salab,0.005684616104790382
Elrim_archam_haeron,0.007297159368009587
Eluwaith_gwarth_edlothiad,0.03211264042758915
Gwathuirim_nagol_tathar,0.07145004385959085
Mirion_nim_alph,0.4279021832197004
achad_alph_bass,0.06413458526333511
acharn_saew_glandagol,0.004780522769523398
achas_hu_corch,0.07444998207886112
adar_iaun_glaur,0.01429388417734736
aderthad_min_nothrim,0.0015861910135614877
aerlinn_pod_rusc,0.3170654701202648
aes_celon_midh,0.03103804126397603
aes_gobennas_muil,0.3369407302614407
agor_aith_achad,0.011118545225192709
agor_harad_lebed,0.08759828065947152
ah_muil_nimbrethil,0.1461391131581207
aiglos_paich_lobor,0.0018430669020667889
aith_tamin_laes,0.3421426243979848
alag_gath_gli,0.08475386452009712
alagos_parf_hal,0.07060884103347888
aphadrim_araf_galadhrim,0.18640098265351196
aranarth_rist_iphant,0.19580045731506118
aranarth_thavron_achad,0.12633977723068474
aras_tathar_callon,0.06262024128818751
archam_aerlinn_rhun,0.003944809983817855
archam_dunadan_paich,0.1388903785773409
baneth_curunir_aras,0.05163898213924695
baneth_hwiniol_aphadrim,0.06219627300269248
bass_muil_heledh,0.008218896262166936
baug_Elrim_curunir,0.0026535131249554545
bragol_fang_suil,0.07838636806156474
braig_baneth_onodrim,0.015715998902774843
braig_bragol_elvellon,0.09218193501376495
braig_perian_gath,0.005156164616711858
bronwe_hub_galadhrim,0.05756106660196467
cabed_fern_tavor,0.011643714332328248
cabed_galas_aear,0.5261428522063087
cabor_araf_Eru,0.02749485981444382
cabor_harad_amath,0.018594175412711557
cabor_ninglor_aduial,0.2786387151184516
cabor_ris_Ennor,0.0471588327959662
cae_midh_aith,0.10927319292691375
caras_lhug_baneth,0.24257836614040454
certh_Eru_aranarth,0.023869209380946003
cirion_ah_celon,0.007263640021386204
corch_Ithil_mithren,0.45927304888436987
cund_tavor_uan,0.020352254598002863
cyron_baug_Rochirrim,0.5427529763981654
dam_tann_lhug,0.2550252767208902
dannas_erchion_maethor,0.1971865248048304
dol_celeb_braig,0.070105895732205
draug_eryn_paich,0.2885643286731821
duin_saelor_saer,0.07323141061956696
dunadan_Sindarin_alph,0.001979465041894795
dunadan_calad_tinnu,0.0009577596943778694
dunedhel_muil_emel,0.005392917237893897
edlothiad_pent_magor,0.07384530370789534
eglan_aegas_cuin,0.09424089431286387
eglan_thangail_corf,0.023830753987108464
emel_iar_eilian,0.10099625077671924
ennorath_aglareb_ris,0.02436735606244085
espalass_honeg_thor,0.23327473688819136
faen_cae_hal,0.030323923155751713
faen_lost_faradrim,0.18346907689816605
fern_Tawarwaith_Dornhoth,0.11541000921010039
fern_grond_ruith,0.11725441516463367
fervain_noroth_menel,0.05514741519866019
forodrim_in_saer,0.0755628308245033
galadh_hador_sogannen,0.1262998922442686
galadhrim_tegilbor_haradrim,0.013899377735260569
galas_dunedhel_rist,0.12638080941870183
galas_morgul_alae,0.010902799398826704
galvorn_dunedhel_thor,0.09244061106309473
galvorn_min_fern,0.15891062433444517
gellui_cuil_mil,0.16958382879203115
gellui_rochir_cabor,0.06364275845005696
gilgalad_dunadan_minai,0.12499288487116299
glamog_draug_lalaith,0.08845669359336247
glandagol_bellas_idhren,0.12268454595630766
glaur_ira_lavan,0.28838507934212637
glaur_nana_honeg,0.060164703814109745
gli_ulug_acharn,0.0006618152609343704
gobennas_heledh_nidh,0.18937137952912858
gond_gwathui_mir,0.07339636102031964
gond_lembas_thul,0.049296301553826624
graw_gwador_nost,0.11827774201562428
gwael_fang_lobor,0.1782647762038879
gwanur_corf_gwend,0.21456130236414547
gwanur_cuin_lunt,0.0026849344799298094
gwanur_suil_gilgalad,0.011025393260742013
gwaun_sador_lachenn,0.09830392680541687
gwaun_tamin_alph,0.2617064100324324
gwend_mil_talraph,0.033458074581200606
gwilwileth_ithildin_lembas,0.10011283485085806
haeron_ennorath_ninglor,0.04771316109703534
hal_yll_Ennor,0.07297103028884218
hand_gwend_harad,0.12230405570614376
hand_ninglor_lobor,0.01782748398372337
hand_romru_lang,0.13769355742142214
harad_bragol_ablad,0.004037633116489721
harad_galas_Ennor,0.009081286108976109
haradrim_gaw_manadh,0.029139273114816525
heleg_naer_lorn,0.025731226937737463
hend_hu_haust,0.06860584022620425
heron_ennorath_heledh,0.08689361845773996
hervenn_faradrim_lebed,0.02146419425055042
hervenn_hal_alae,0.06887777452084759
hervenn_nur_salab,0.040680641276395944
hub_adan_pethron,0.16757636735241263
hub_gellui_hul,0.010732919395351875
hub_iaun_gul,0.280960206160332
hub_mirdan_cair,0.07320276785465095
hud_lost_uanui,0.02275550937965801
hul_agor_puig,0.00279686725200874
iar_dannas_barad,0.08189384904386256
in_galenas_riel,0.014971955902350202
ithildin_hu_tann,0.17566815384075388
laer_galvorn_gador,0.26502130601156626
laes_baug_roch,0.10985881605818046
lass_heron_nim,0.2016932761342123
laug_rochben_anwar,0.09592906529286088
lavan_ank_aeglir,0.0045808623705286475
lebenedh_corf_cae,0.060080178820716514
lin_faradrim_gwador,0.0026610131050560314
loss_corch_mund,0.01758858244621404
lost_bass_ah,0.09683940250659678
luin_lin_rhovan,0.08654319972303928
malad_salab_uir,0.09527337168088618
malad_uanui_lavan,0.005312132571370998
menel_haudh_vin,0.16864259639671256
menel_mindon_lagor,0.004113336249974438
midh_loss_badhor,0.09580909126299757
min_minuial_dannas,0.00030359982689553137
minas_luin_pess,0.11240187790939284
mir_eryn_raug,0.13931882125911507
mir_gador_adar,0.06445306095309944
mithren_cund_archam,0.0026612694882196864
mithril_firiel_mund,0.05409416320031153
mithril_thangail_aerlinn,0.03944569395374044
muil_iar_aes,0.1383088399183178
muinthel_lunt_nidh,0.001180448472067409
mund_imrad_aeruil,0.07816830951293845
nagol_galad_lhug,0.3455478176617622
nana_muil_saer,0.27069410178910674
navaer_heledh_loss,0.055924909574865934
neledh_magol_glae,0.12080009127699824
nidh_hand_pendrath,0.045677562737441293
nidh_yll_heledh,0.0021590268264937333
nimp_cabor_bellas,0.0003733864559862573
nimp_cae_uir,0.09933580504195184
ninglor_ang_echad,0.047988854097298896
nothrim_uan_cae,0.24363229195791908
panas_lain_cirion,0.039081343366314976
panas_onodrim_pennas,0.024597970099022006
parf_dol_Elrim,0.07789314549426574
pess_ai_aranarth,0.17456268788643858
pethron_gador_menel,0.011488101286110535
pethron_ithron_hud,0.0032751447684474305
puig_barad_ryn,0.0015911823085972786
rach_gath_malad,0.24947586165265237
raug_glamog_paich,0.010686260148393014
rhach_gobennas_galvorn,0.10548412095852532
rhosc_aran_celon,0.004889146607302637
rhosc_barad_forodrim,0.205361479684006
rhosc_eirien_rist,0.11687072244729003
rhovan_saig_eryn,0.2190642693157556
rist_lavan_drafn,0.11946217514341372
rom_in_eryn,0.11517576851372109
romru_limlug_amloth,0.09594030492178232
rovalug_fast_curunir,0.009665456475874377
rudh_melethron_toll,0.044090647767594006
sador_lebenedh_imrad,0.039891612070668596
salab_rudh_narthan,0.06660004293106209
salab_sirion_aderthad,0.008702569268638336
sammar_tavor_puig,0.007518451917576271
sirion_puig_gondrath,0.0071147609436852674
suil_eilian_merilin,0.2728729626945196
suil_gul_glae,0.24912527334977658
tachol_celair_cugu,0.2505035054071872
talraph_tathar_lebenedh,0.011715627933222339
tamin_elvellon_amarth,0.017356869880909058
tann_tang_cund,0.005523750637824777
tavor_eredh_hervenn,0.0034246857187362175
tegilbor_baug_hud,0.08353610713055051
thamas_perian_rhun,0.0027626375645542554
thangail_galadh_maecheneb,0.2601739074095168
thangail_narthan_hun,0.25158808244169306
thurin_fang_aith,0.15541587376130875
thurin_fervain_alae,0.05628631044033462
thurin_gaur_Mirion,0.21311481227832677
tinnu_rhach_pendrath,0.0051001446589879085
tinuviel_ruith_tavor,0.5436197267083079
tirith_lost_dol,0.03366942854238576
uan_romru_ingem,0.07971259798028771
uanui_andrann_bass,0.012245507357214138
uir_hub_dirnaith,0.29798166519454145
uir_minai_gwaloth,0.1737025549361638
ulug_heleg_mithril,0.03969542357607852
ulug_lobor_nidh,0.00839966954690576
uruk_adan_ang,0.04775282349138675
uruk_midh_maethor,0.019698308444505874
yll_morgul_Mirion,0.03953271980018523
Druadan_aeglir_rhach,0.1892712192269667
Elrim_gwathui_mil,0.0036886846745446795
Eluwaith_rodwen_hervenn,0.0019098100140317075
Gonhir_achad_ist,0.12968892082259625
Gonhir_dam_aeruil,0.080681987816548
Mithrim_nidh_pess,0.08601165647542601
Mithrim_nimp_pennas,0.005309360602996911
ablad_fast_amon,0.16205354055434307
achas_thamas_laer,0.011093787967121094
adab_rusc_heleg,0.38853432410457917
adar_muil_navaer,0.0023816556150348953
aduial_rusc_glae,0.051651747949033884
aear_gorn_iaun,0.012310821642013936
aear_rist_drego,0.011149739308415578
aeglir_iphant_iaun,0.0033981725315330087
aes_bain_edlothiad,0.036676865756322584
aes_cae_corch,0.3358281032839449
aes_faradrim_thangail,0.23051497821622544
aes_hal_acharn,0.06925493728006793
agarwaen_lam_saer,0.07088097781358152
agor_cuin_lam,0.0637997523637827
ai_aran_rhovan,0.15545361916676823
alph_cabor_celon,0.07564025968335412
amlug_Mirion_lang,0.22890220790595914
amlug_gond_galas,0.2849391036875576
andrann_malad_pendrath,0.06916027296844951
ank_nath_hand,0.06495445066723449
ank_ruith_midh,0.15104157218314604
annon_cugu_aeruil,0.10898986480382351
anwar_aeruil_lunt,0.032770830326944125
araf_law_faun,0.007571952664261799
aran_agor_gondrath,0.04209060465692232
aranarth_cirdan_bain,0.0027955673176004907
aras_fuin_law,0.017447092288874595
archam_sirion_aerlinn,0.11594820519554049
badhor_honeg_gorn,0.10166674464257743
badhor_sirion_espalass,0.016133710017381498
barad_manadh_iphant,0.10987186808646167
bellas_grond_gwilwileth,0.024137977487059363
bellas_ira_lend,0.0056245718186641825
bellas_ithildin_anann,0.26218813455100765
bragol_aeglir_tamin,0.022312639942225574
cabed_Gwathuirim_amlug,0.1080409886061466
cabed_rusc_aiglos,0.06243458773087006
calad_law_heron,0.14872330441712192
callon_ira_gwilwileth,0.41094813181016293
celeb_heledh_merilin,0.2194241458919523
certh_uanui_mil,0.1093978452085327
cuil_caras_mindon,0.05645918836365333
dagnir_amdir_neledh,0.09711236771462775
dannas_pod_glass,0.01513737788858756
dirnaith_nimp_hu,0.1252036878566276
dol_certh_lang,0.15341806839152264
dol_gond_mil,0.041324775765788066
dol_rom_gaw,0.07297802469558957
drafn_alagos_ulug,0.09619560083015767
drafn_amdir_nur,0.1099716149025871
drafn_celeb_gaw,0.03353392431183691
draug_saig_gond,0.015356984049168685
drego_bronwe_cair,0.012049672978815429
drego_hal_Ithil,0.07433065592813283
duin_vin_soga,0.022020537402567878
dunadan_forodrim_hervenn,0.05076998304598567
dunadan_ris_tathar,0.009747405883727887
eilian_lembas_eredh,0.031202538606562854
eirien_heleg_tirith,0.03200338758720313
elu_ang_galas,0.0038945927286227282
elvellon_Gonhir_bronwe,0.18911306987317242
emel_lebdas_aran,0.016658546492127797
erchion_alph_corch,0.810185845614199
eryn_fae_cuin,0.2188265099127466
espalass_bellas_ai,0.06487721928995632
fang_gwilwileth_Eluwaith,0.09422240022828306
fang_heron_malad,0.16510180466490104
fast_minas_menel,0.004079558148327884
fern_badhor_luin,0.20314401934862586
fuin_cuil_alag,0.004784089994990192
gas_hadhod_magol,0.008037480683117385
gaur_maethor_alae,0.0038944998021823198
gil_aerlinn_callon,0.03813555307603719
gilgalad_naer_tachol,0.09238132856506553
glae_luith_nim,0.1780205548030475
glamog_haradrim_rist,0.06519615826113902
glandagol_honeg_bronwe,0.05735401055886541
gond_cund_uruk,0.12696028786626423
gondrath_sammar_cabed,0.39848116753980894
graw_aegas_cenedril,0.061778488129529026
grond_corf_cugu,0.05571628460900603
grond_mund_cugu,0.0014598669252414566
grond_ungol_gil,0.10074340031969344
guldur_nidh_imloth,0.08459192478009257
gwador_Ithil_fervain,0.0033464224227718123
gwael_caras_rodwen,0.1178706960396823
gwaloth_mithril_dannas,0.1475222002916689
hador_ruith_thangail,0.0011471251395230439
haeron_lass_Mirion,0.09732897832420788
heledh_amdir_hwiniol,0.04034865290315072
heledh_soga_minas,0.07458569260034033
heleg_malad_rudh,0.013626707448852925
idhren_callon_agarwaen,0.003997694192303904
idhren_erchion_tobas,0.07316044340095867
imrath_ungol_lain,0.00254561393438342
ingem_faen_alag,0.047882464508179005
inias_araf_iaun,0.15971812277685954
iphant_gwaun_Gwathuirim,0.09340466053138825
ist_haust_achad,0.005674878486539272
ist_lain_minas,0.06770216702067713
ithildin_ruith_malad,0.021693657559452906
ithron_per_min,0.29806982682120753
lacha_glaur_gwaloth,0.012457620736672054
lachenn_ablad_mund,0.325253495728779
laes_cund_uanui,0.0073929757319651564
lagor_aphadrim_dunedhel,0.13978753551163883
lagor_nur_gond,0.15051481679947004
lalaith_cuin_ram,0.007409267975434492
lathron_Mirion_callon,0.03211085569700286
lebed_bellas_lhug,0.03483329042123414
lebed_ithron_drafn,0.007660731698272757
lebed_rodwen_per,0.009721121584588783
lembas_corch_nana,0.012916386052616094
limlug_perian_gil,0.012041006326748167
lin_pess_eilian,0.06472230049508887
lin_tang_thangail,0.009424332079245151
lossen_puig_imloth,0.39752072715151543
lost_in_grond,0.18048384452692556
luin_hud_adel,0.01354952054505843
lunt_laes_mereth,0.0812392238932617
lunt_rach_thor,0.002174748229983184
maen_erchion_Eluwaith,0.025279672723650976
magol_Eluwaith_Ithil,0.03216695865889117
magor_uanui_melethron,0.1362399581650204
malad_lam_romru,0.02169541277158198
melethril_ithildin_hend,0.0676544465444121
melethril_nimp_dannas,0.01391667425132205
menel_thurin_ablad,0.003163107251921155
mereth_per_idhren,0.3149876105103218
meril_galadhrim_iar,0.032476997055247495
meril_iaun_archam,0.008857178280607439
merilin_anann_magor,0.010734180097180399
minas_helegnen_mil,0.04488036652119841
minas_saer_eilian,0.18872543263800384
minuial_dol_rhun,0.05003899891931154
mirdan_minuial_Mithrim,0.006917009693285055
morn_firen_celair,0.10349414950116222
muinthel_hun_eirien,0.03898081980982325
muinthel_tirith_alag,0.036645407703145574
nadhras_Sindarin_cae,0.1476075368193556
nadhras_pendrath_ryn,0.007606247171641685
nana_celeb_andrann,0.11778845155473781
neledh_gondrath_aderthad,0.010898235454629389
neledh_nagol_paich,0.19498177972219036
nestad_magor_Druadan,0.007637341096094199
nidh_eglan_adar,0.17358771346408255
nim_espalass_ungol,0.02507705452208687
ninglor_ah_aes,0.0495579118959126
noroth_raef_Rochirrim,0.09792404826092767
nothrim_thavron_yll,0.07018260710310746
nur_alae_saew,0.02999041611712504
parf_ogol_ai,0.005914111837940307
pendrath_barad_per,0.0763335906998242
per_ithildin_gli,0.047552115136347654
per_menel_rhun,0.18809738922910407
perian_firion_lebed,0.054114563895787546
pod_rusc_agarwaen,0.00037346954268060474
rach_glamog_sogannen,0.05229466386299542
raef_calad_aegas,0.0035466417340332093
ram_adan_cuil,0.009529338174804487
randir_acharn_aegas,0.21184973032095747
randir_pennas_tachol,0.0040043928463030076
raug_gwael_tegilbor,0.04256999864202307
rhun_rudh_raef,0.12546249589297204
rist_gellui_eirien,0.013975755594499867
rochir_amlug_honeg,0.16347200639928675
rodwen_harad_bellas,0.19709577622489793
rom_aderthad_in,0.05645309344944559
rom_ira_Sindarin,0.13810056677209734
ryn_gond_callon,0.03212779385857815
sador_luin_iphant,0.5765699894267021
sador_uir_hu,0.007019548728171816
saer_tinnu_gondrath,0.0951886110700544
salab_ruith_imlad,0.17705115515202755
soga_lachenn_gilgalad,0.08670609760619426
tachol_dirnaith_lebdas,0.05423222326947888
tachol_guldur_thavron,0.06907041105707294
tachol_rusc_ist,0.0011129171908688703
tang_nothrim_tavor,0.0811642465364449
tann_salab_gwaun,0.0019180091124830858
thangail_achad_nell,0.16317051874574387
thor_adab_thangail,0.04685719905364677
thul_aduial_lost,0.15793958180710058
thurin_lhug_cyron,0.30504010329827175
ulug_randir_tobas,0.08390213100560556
yll_faun_galadh,0.0021039554694506136
Dornhoth_adar_imrath,0.03320702809914602
Dornhoth_pent_hu,0.08852209607430923
Druadan_hervenn_celon,0.11448618914639355
Druadan_lunt_dam,0.027945048443673903
Elrim_melethril_gorn,0.00993889619278496
Ennor_mithril_calad,0.17117206180548458
Mithrim_alag_laug,0.008465120167648919
Rochirrim_ithron_faradrim,0.18140367938531277
Sindarin_uir_minuial,0.14502039331046515
Tawarwaith_fae_amath,0.0027851803131666458
Tawarwaith_gellui_curunir,0.017008951875803147
achas_espalass_imrath,0.07184353334873259
adar_bragol_riel,0.02452913399791436
aderthad_anwar_certh,0.3965977402204518
aear_faun_agarwaen,0.1818200466453893
aeglir_hend_limlug,0.01158549889003242
aerlinn_helegnen_rudh,0.260211046577503
aerlinn_pilin_hud,0.09385453745594985
aes_Dornhoth_erchion,0.09587988016251478
agar_echad_thangail,0.049489290233700106
ah_bregedur_firion,0.033060861683383125
ah_tinnu_aglareb,0.047103524679119844
aiglos_agarwaen_faen,0.01658081365474576
alae_Eru_andrann,0.00633249704052835
alagos_adab_Tawarwaith,0.08411851051637668
alagos_galad_thavron,0.005532284602019837
alph_espalass_gwador,0.1577290536148164
amloth_gond_alagos,0.08390344378214883
amlug_morn_haust,0.2174039193348319
amlug_rhach_pennas,0.18362140419844067
andrann_puig_dannas,0.09113178587396785
annon_hu_glamog,0.01586169511984272
annon_sirion_aglareb,0.15481503702248472
aran_calad_mereth,0.06022744712121871
aran_menel_luin,0.10885926546692509
badhor_gwaloth_ai,0.2121315348102132
balrog_hul_helegnen,0.007545644469351932
balrog_morgul_meldir,0.1325276888559097
bass_cirdan_lalaith,0.06832545070785032
baug_dol_luithien,0.09600374346596863
baug_thurin_aerlinn,0.0016289277973111033
bragol_fern_ris,0.05048955657553958
braig_aear_thor,0.07994258509013964
bregedur_curunir_bellas,0.052251312419118824
cabor_aras_cyron,0.06822381423064097
cabor_cuil_hand,0.5466342062305624
cabor_gwaloth_sirion,0.23206819544018809
callon_nimbrethil_ira,0.04418661580966095
certh_draug_lend,0.01814015941389863
corf_aeruil_gwador,0.12985370046351535
corf_raug_lam,0.1756571139049603
cugu_aith_thor,0.028570402854731076
cuil_barad_gwador,0.0014290139515370135
cuin_elu_loss,0.02082806103209341
dagnir_galvorn_riel,0.03396765462052517
dam_cae_noroth,0.11439149096205628
dam_gwathui_nothrim,0.5700877988680406
dam_thamas_galenas,0.004029300213147944
dannas_fast_nath,0.03954282642570739
dol_cabed_saer,0.002334110346356592
draug_eilian_alph,0.3254038528611483
drego_nothrim_graw,0.02655110003698036
dunadan_heledh_nestad,0.0033913569262547893
dunadan_tachol_elvellon,0.01135031183165188
dunedhel_haust_yll,0.17590110032478934
eilian_ryn_morgul,0.004632881224132768
eirien_saer_galadh,0.08392627921018367
ennorath_meril_ulug,0.06936052002845164
erchion_lobor_amarth,0.017641955233211812
eredh_iar_gwilwileth,0.07335342997843426
espalass_heledir_raug,0.10902360191383502
faradrim_gwaloth_adan,0.1404032579307158
fast_randir_gellui,0.08299079387757302
fervain_ruith_baneth,0.1595489179700468
firiel_gwathui_gil,0.256733435761464
firiel_peredhel_morn,0.08235778667644357
forodrim_hal_adab,0.027266391430086846
galadh_lorn_ris,0.0366917468287293
galadhrim_lachenn_edlothiad,0.0255133245046639
galenas_ruith_caras,0.003368107492391018
galvorn_nath_agor,0.0011869088748512624
gath_adab_loss,0.1805396719770102
gaur_pendrath_iar,0.10897744010000797
gaurwaith_forodrim_nimbrethil,0.028987584719415198
gaurwaith_haradrim_uir,0.14023593607163526
gaurwaith_rochir_ylf,0.06368694950206197
gilgalad_fuin_midh,0.1089895787883098
gilgalad_gli_calad,0.07184830420766528
gilgalad_thamas_hub,0.05569997503865492
glamog_haradrim_tirith,0.005184520728187213
glass_rodwen_ang,0.10457924132728061
gond_dunadan_paich,0.07122950326486104
gwachaedir_lost_melethril,0.12400796480103875
gwaloth_agarwaen_ennorath,0.00986124780089988
gwanur_ryn_adab,0.008721906002625165
gwilwileth_muil_rochir,0.178080067356383
haeron_lang_ithron,0.21708126524211246
harad_bragol_gul,0.031953677324961384
harad_hwiniol_helegnen,0.007004224651936426
hast_gondrath_lhug,0.1689946370605279
haust_sogannen_lain,0.1807599187350626
heledir_tegilbor_amdir,0.011001450370463762
heleg_corf_achas,0.09692943047507413
heleg_hend_uan,0.4766750170274098
heleg_uruk_ah,0.14538571815802673
hervess_fervain_rovalug,0.1270141658754165
honeg_anann_aeglir,0.09394458401948048
honeg_minas_ryn,0.09980392267090575
hud_baneth_nell,0.031455640078742346
hul_aduial_lin,0.037800097182222506
hwiniol_Gonhir_noroth,0.005371754130027558
iaun_gil_lembas,0.09619433885496607
idhren_hu_Eru,0.06840066959930652
imlad_fang_lend,0.022178474561683016
imrad_fae_amlug,0.3401834203479951
ingem_minas_baneth,0.3694038174172578
ithildin_salph_nothrim,0.028955694501694423
ithron_magol_archam,0.09165682252032264
laer_sogannen_aeruil,0.011291547359206743
lang_firiel_laes,0.03394463446110348
lasguil_hub_cabed,0.0005961682887612936
lass_aduial_Gonhir,0.005726427561791943
lathron_badhor_tegilbor,0.09439228170946419
lavan_cuin_ai,0.0020404816560705905
lebdas_lain_mindon,0.06792682275002365
lebenedh_gwanur_heron,0.1394684270058709
lembas_lebenedh_aear,0.017756225880955764
lend_heleg_lass,0.011064891913779094
lend_salph_gwarth,0.04398195003032663
lhug_salab_myril,0.24290952327789464
lorn_riel_thavron,0.013485835547476992
luithien_pennas_toll,0.007230788314308535
maecheneb_rhun_achad,0.006007792559580717
maen_aear_forodrim,0.10643230299030189
maen_rach_heledh,0.008095087666279682
malad_nadhras_lin,0.3593951953841842
manadh_hador_emel,0.37068855540228335
meldir_cuin_nur,0.06285737278020354
mereth_faen_ablad,0.1225002361521322
midh_aerlinn_gobennas,0.19667051586477519
midh_fae_badhor,0.006127821795569062
mil_aerlinn_noroth,0.003487142903081181
minai_fervain_tavor,0.17211214978581074
mindon_aes_rist,0.008646753049623741
mindon_faen_lam,0.08157568755878924
morgul_drego_eirien,0.006070204090644733
muinthel_gwanur_hu,0.1014146245241595
nadhras_pennas_acharn,0.2690954838762268
naer_andrann_cair,0.6205595228254693
nana_amarth_puig,0.0401506216080635
nana_thor_talraph,0.0093520854604108
nell_hub_aes,0.03661486801026361
nestad_hadhod_in,0.05358487960336605
nim_fervain_magol,0.015322267850307882
nimp_minuial_nadhras,0.01690512955877457
noroth_angos_gwael,0.002427616165125122
nost_draug_gath,0.16900534824796287
nost_lorn_ninglor,0.024497449508571766
nur_ah_gwael,0.1533195720670116
parf_haudh_haeron,0.009009776725550036
pendrath_fuin_glandagol,0.11634233216311043
pendrath_gwaloth_helegnen,0.0030516429399994123
per_Eluwaith_sogannen,0.00794879956879689
per_helegnen_mund,0.048628753190841395
peredhel_faun_braig,0.03712174510529199
pilin_soga_gwael,0.32528237623366457
pod_bass_lass,0.051591902742241715
rach_heledir_ogol,0.0182716873657058
rach_meril_morgul,0.17087194332687886
raef_midh_gwael,0.16192737306960722
randir_laer_alae,0.0619059031816046
rhun_cabed_gador,0.11862134168617956
rist_corf_fang,0.0020404053889933288
rist_galadh_nothrim,0.07550867679420072
romru_gwanur_nimp,0.016435386747008524
rovalug_galenas_amdir,0.12953959979505633
rovalug_narthan_toll,0.0846498560199649
sador_aduial_dagnir,0.03809732971356824
sador_uruk_cenedril,0.0039228996957120284
salab_imrad_rovalug,0.18526169911101703
salab_lain_limlug,0.03616668810131276
sirion_alph_rach,0.49940575360457296
sirion_iaun_gwend,0.19090106237616739
sirion_nagol_raug,0.07037914438554545
soga_lachenn_gellui,0.020036478509131195
sogannen_bass_raegdan,0.1280004362503541
sogannen_lembas_hun,0.027338102138044874
tang_morn_gli,0.1355709303280072
tann_lebenedh_drafn,0.08723526446371856
tathar_lhug_haradrim,0.0031778267912733692
toll_romru_yll,0.11524151480397568
uan_lasguil_lass,0.03200713114249532
uanui_gaur_araf,0.13252426836147688
ulug_graw_gwaun,0.11511946815650076
uruk_alag_gli,0.08025624953723236
Gwathuirim_gellui_alagos,0.010636234513340469
Gwathuirim_ryn_Ennor,0.01328922124089611
acharn_lasguil_Tawarwaith,0.0587762762494797
achas_muil_achad,0.033260161199564126
achas_perian_toll,0.09038371313059024
adel_adar_vin,0.021839638686841585
adel_ank_rudh,0.04506075553373986
adel_haeron_mil,0.012922836775394268
aes_luithien_rhun,0.04462418809405663
agar_bregedur_pod,0.021811419290710114
agor_dirnaith_gaurwaith,0.002515793068714064
aiglos_minas_aras,0.039172203563640165
aiglos_morn_Ithil,0.002647900286976351
alag_gobennas_alagos,0.003618785376160997
alagos_lunt_tavor,0.1293908261673505
alph_Gwathuirim_lacha,0.059023567834656426
alph_espalass_lacha,0.04541189180236907
alph_firion_anann,0.0531775851352801
amon_faun_cirdan,0.31843090380013206
andrann_eilian_min,0.05507742703753077
angos_aeruil_Sindarin,0.044084778252052
annon_narthan_pent,0.05367888288300732
aran_rom_ira,0.02587789122822871
balrog_Mithrim_amloth,0.0020546287082517218
balrog_lebenedh_galenas,0.014703862483023166
bass_firion_lin,0.0016403793610655821
bass_galvorn_alph,0.0140896455661046
braig_lobor_pess,0.04883295582272076
bronwe_thurin_harad,0.050419858239035886
callon_ogol_faun,0.005436444532825045
caras_aglareb_ninglor,0.16203491860288408
caras_cae_bronwe,0.07461839453587644
celair_lunt_dunadan,0.1389015650463156
celeb_romru_dirnaith,0.0015680842486308969
celeb_yll_acharn,0.00844857582785283
celon_honeg_bregedur,0.09869227301605756
certh_adel_inias,0.04889586057903541
cirdan_pethron_harad,0.004338296109227172
cirion_neledh_lorn,0.029916038222105614
corf_gobennas_gaur,0.0030197935155749224
cugu_mund_gorn,0.029290721220329483
cund_mirdan_tamin,0.005486465139338861
cyron_alagos_malad,0.006944940709310443
cyron_thangail_hador,0.26173362749433976
daen_thurin_Ennor,0.31405294982514986
dagnir_raef_thor,0.06317818420098219
dam_gath_imloth,0.004597371732077703
dannas_ylf_archam,0.043589295192136245
draug_hand_nidh,0.20704206481107787
draug_laug_araf,0.03323659534299557
drego_parf_melethron,0.03167586252904742
duin_glae_ennorath,0.15317678938866106
edlothiad_aduial_lebed,0.003222329015492864
elu_mithril_aglareb,0.05261504276392568
erchion_eredh_ang,0.03678182101113165
eredh_glamog_haradrim,0.09444315419332341
eryn_aes_cirdan,0.1540484317849781
faen_forodrim_galas,0.005101026314456113
faen_ist_aphadrim,0.07760035263554158
faen_lossen_tathar,0.014720410466416069
fang_celon_aear,0.05404426829502033
fast_adan_tavor,0.006285376425998857
fern_nadhras_ogol,0.013447427625134538
fern_tinnu_muil,0.000810587336004556
firiel_maen_anann,0.0060657369324102015
galad_dol_emel,0.3218453455903966
galenas_gellui_celeb,0.42859652272583937
galenas_mil_nost,0.010438410530769025
gath_randir_gondrath,0.15030773856648885
gaurwaith_cenedril_rovalug,0.0038180333609455276
gaurwaith_maen_gwanur,0.007171025829951865
gellui_Mithrim_emel,0.029579726696236246
gilgalad_amath_law,0.15113945658779568
gilgalad_pess_anwar,0.002826567265942376
glamog_galadh_naer,0.01288530195071545
glass_Eluwaith_nath,0.20049518291752827
glaur_glandagol_uir,0.013178899416300826
gli_caras_baneth,0.2125857231096731
graw_rodwen_Tawarwaith,0.040181575317608714
gwachaedir_ang_aiglos,0.19445948769742186
gwachaedir_harad_lacha,0.04017432506885935
gwael_Eluwaith_eirien,0.10607640456718012
gwael_ablad_helegnen,0.006778490971802369
gwarth_galadh_cyron,0.0748705561032692
gwaun_dunadan_fae,0.14423561821795222
gwaun_gath_cyron,0.022654074701780484
haeron_suil_Ennor,0.0004826784774028741
harad_nimbrethil_aear,0.03112526330422697
haust_rusc_hador,0.4831918473864417
heledir_lacha_maecheneb,0.0013987482687669607
hend_lobor_naer,0.009613510208921093
hul_cabor_minas,0.03717947163093103
hul_toll_lebed,0.005425992290260646
iar_dirnaith_andrann,0.03787491196260478
iar_galas_roch,0.11280054495296236
idhren_pendrath_anann,0.006427015721193785
imlad_draug_lass,0.07303816800513824
iphant_drafn_aear,0.014981245181559065
ist_tinnu_dol,0.01199461303525538
ithildin_amlug_Elrim,0.0021060370163428813
ithildin_gobennas_eryn,0.004254557599899127
lachenn_lam_parf,0.02915368884009288
laer_hal_elu,0.5012860156847629
lagor_dam_imlad,0.04014432252438198
lalaith_nana_glae,0.09888561424544037
lang_gwachaedir_galad,0.008257638071747973
lasguil_aphadrim_perian,0.023173251412226394
lasguil_rusc_galadhrim,0.005998942775903239
lass_aegas_rhovan,0.15798857772189753
laug_curunir_lacha,0.08346374495422847
laug_rust_rhosc,0.05096743107418429
law_elu_heledh,0.04442037881064842
law_galas_naer,0.021112757126735455
lebed_minas_galvorn,0.03936585273419887
lebed_pennas_minas,0.08458553806159304
lebenedh_aeglir_dunadan,0.11807841825557462
lebenedh_galvorn_dunadan,0.05083377554204203
lebenedh_mindon_alae,0.19450543122506062
lembas_heron_bain,0.004592484876173581
lend_hub_glamog,0.10558537301370173
limlug_cirion_lagor,0.01502603961403417
lorn_luin_ungol,0.0036178503148363403
lorn_min_emel,0.06718535550669867
loss_hud_cabor,0.07887592028028163
loss_lossen_maen,0.01438501357047076
luin_cirion_nell,0.12441748960576805
luin_parf_galenas,0.11653869551283487
luith_eilian_loss,0.01429866593129904
luith_sammar_rochben,0.05440939470790843
luithien_gondrath_onodrim,0.0040067129052577645
luithien_nestad_glae,0.06947811276688165
maecheneb_riel_muil,0.25768125751544235
maecheneb_yll_elvellon,0.08248944572101552
maen_imloth_panas,0.09395968715402388
manadh_annon_lorn,0.07395450307730783
menel_anwar_rodwen,0.00020959805482881555
merilin_angos_pilin,0.012722435071815159
minas_laes_iar,0.06193582982047168
mithren_aiglos_hu,0.013285648008995366
morn_dunedhel_gwanur,0.029563991326324982
muil_galadhrim_daen,0.006349953652696906
muinthel_cuil_nana,0.03267006047357908
nagol_rhovan_rovalug,0.0026853655352028593
narthan_anann_fern,0.0008159185139822187
nath_rhovan_iaun,0.022363150632060045
nestad_lin_ennorath,0.0027278562891115943
nidh_melethron_gil,0.24693228670498876
nost_gwilwileth_gobennas,0.005917301863180495
nur_cugu_Gwathuirim,0.13571108736221407
paich_badhor_alag,0.005054420947437177
parf_manadh_rochben,0.09378592450989072
pendrath_fuin_morn,0.028652784242416712
pennas_suil_lebenedh,0.0015849708437676495
per_dam_faun,0.04577013234474807
perian_ennorath_maen,0.0010765311932609612
pethron_cugu_aduial,0.29512647433727296
puig_nothrim_Mirion,0.03309690120387464
rhach_callon_gaw,0.007795001844659948
rhosc_andrann_pess,0.028750665050459943
riel_uir_calad,0.005902607329904976
ris_uir_aes,0.19152752373587995
rochir_cair_saer,0.057437454257255126
rovalug_caras_morn,0.0253924419017343
rovalug_muil_ithildin,0.24839071198974919
saelor_gil_nana,0.14341204582682315
saelor_gondrath_nimp,0.001559960790113112
saelor_nidh_meldir,0.0007530098955354825
saew_glass_malad,0.007453012664226407
saig_hud_imrad,0.002683847089352611
sirion_gas_nidh,0.004990772824274633
sirion_laug_glamor,0.08129808226365696
sogannen_agar_lalaith,0.003714909680922901
suil_araf_rhun,0.06208123413960572
suil_dunadan_ithron,0.0028048148113443195
suil_lost_gwathui,0.0064461208727679626
talraph_cugu_lebed,0.21533230405230525
tathar_amon_melethron,0.0045157686319694445
tavor_dannas_drafn,0.06942319529218884
tavor_maethor_bass,0.4524242891046639
thamas_lembas_aear,0.11507744194465805
thor_tinuviel_tann,0.007585837580093327
thul_limlug_mithren,0.37029913504183093
uan_ennorath_firen,0.005401188730988094
ulug_hadhod_Elrim,0.05345422856623352
vin_eredh_rhovan,0.10780132628225121
ylf_maen_ogol,0.0007478729141368734
Druadan_eirien_mithril,0.004315054227290809
adar_imrath_raef,0.09805380403246025
aderthad_ai_peredhel,0.07952415710072701
aduial_cabor_nagol,0.07744962424816947
aes_agarwaen_Tawarwaith,0.047634331333884554
agar_gli_inias,0.012689123608547634
agarwaen_uir_maecheneb,0.0010057639128789157
agor_aderthad_rudh,0.003409789695440042
agor_calad_lebdas,0.008172150180643685
agor_rhun_mithren,0.02673472698188125
ai_bellas_honeg,0.06694142811270287
aiglos_amloth_braig,0.5319476613138119
alag_bass_tinnu,0.0017031187569968834
alph_galadh_corch,0.03836961890819637
amarth_uruk_nothrim,0.002420706747298354
amath_alagos_andrann,0.018409189216060228
amon_gaw_lebed,0.15228090482103726
annon_raug_rist,0.018080895177592392
anwar_amloth_lebed,0.009079014742189787
aranarth_hul_nim,0.024306178294272625
archam_fang_thavron,0.004033723945243941
bain_haradrim_loss,0.16633341489937933
balrog_ulug_cae,0.09378617180220065
baneth_melethril_calad,0.006322777312826171
barad_adan_soga,0.002143033432785553
baug_Ennor_hand,0.036551756748721194
bregedur_imrath_gwanur,0.1948298914493192
bregedur_uanui_fuin,0.15060757224988436
cirdan_alae_rochir,0.09204521101782376
corch_fervain_melethron,0.19989100433078658
cuil_forodrim_glamog,0.016417714148870215
cyron_hwiniol_nath,0.0026012730393271716
cyron_rhun_glass,0.12829013170206754
daen_gaurwaith_inias,0.026148964268742986
dagnir_fern_uruk,0.09064955021344881
dam_talraph_imrath,0.023542930150597358
draug_rist_peredhel,0.06117875832299648
eirien_lhug_adab,0.053926035904636356
elu_loss_lin,0.07124642206569767
espalass_gul_nim,0.2896046999889306
espalass_gwador_anwar,0.0023679302255598706
faen_thurin_lacha,0.033895694244458
forodrim_ira_elvellon,0.02918701033268408
gas_muil_perian,0.1203343351819555
glamog_faen_tang,0.0008288574485665742
glaur_iaun_agar,0.182902365203071
gondrath_Druadan_Ennor,0.21444829556737469
gorn_hador_uruk,0.012255633037935377
grond_nagol_Mirion,0.07176805943630998
gwanur_aith_galvorn,0.048195631663056536
gwarth_honeg_cuin,0.12783648829022715
gwilwileth_corf_paich,0.15520711447268412
haeron_cirdan_cuin,0.009076354714813304
hand_ryn_galad,0.005077100075792617
hast_fang_corf,0.14249388210825048
heleg_gas_magol,0.12394790102844165
heron_lobor_nell,0.004761756750627791
hu_aeglir_adab,0.23238475596584157
hu_nothrim_suil,0.15338510129597938
imlad_ris_lass,0.20575228136983453
iphant_navaer_hervenn,0.08365439200209326
ist_cugu_merilin,0.06055065823654859
ist_gwaloth_laug,0.041016492427235846
ist_lachenn_gondrath,0.01328713364349239
lagor_helegnen_randir,0.12857483742299392
lain_alph_ank,0.016905757296532837
lang_alag_lebenedh,0.053950329320663674
laug_lasguil_paich,0.06327602066725475
law_nimp_muil,0.07048325504633325
lembas_drafn_uanui,0.010065251416993068
lhug_hud_haeron,0.03132282074585611
lin_alagos_cuil,0.0381218244763598
lost_faen_rhach,0.0035168623130669304
luin_gwaun_malad,0.01583086585818919
maen_tang_aras,0.031080588368227635
manadh_mindon_laes,0.11256282914715314
melethril_nath_haeron,0.0025707848027888
melethril_rhun_hub,0.14551678401777654
menel_mund_fuin,0.020961693264646863
mil_corf_alae,0.23684394073604603
mil_heleg_firen,0.035364591781797086
mindon_celeb_gwathui,0.08809455547098612
mithren_andrann_inias,0.0934688124049532
mithril_rhosc_ris,0.16094053091517074
morgul_dagnir_rhosc,0.01042079433549349
morgul_noroth_tavor,0.05263938534658853
muinthel_adar_magor,0.06634351988048333
naer_curunir_ithron,0.02825764253939586
nestad_Eluwaith_Gwathuirim,0.17790343586643648
nidh_merilin_fang,0.006729764064880247
nimbrethil_tinnu_saelor,0.014029288435402848
nimp_galenas_agarwaen,0.03630370602766812
nimp_noroth_anann,0.06757566028670994
nothrim_eryn_glass,0.00955459627237797
ogol_caras_fang,0.015217364028587485
onodrim_aras_pent,0.23433747343664962
pennas_guldur_lobor,0.12262191160257845
pent_saew_limlug,0.5919707365372919
per_aglareb_adan,0.06609001122708834
per_pess_lin,0.3804249839884689
peredhel_in_tirith,0.14809013726380246
peredhel_tobas_nur,0.17866543212220382
pess_graw_bass,0.03157511060008185
pess_nadhras_hun,0.23853464159951482
pethron_callon_baug,0.09492581247968186
pethron_hast_agor,0.29525325431864735
pod_inias_baneth,0.01983488380809096
raegdan_lebenedh_gwaun,0.044952263029099514
ram_iar_maethor,0.1275990818328817
randir_nath_lorn,0.26248856675455784
raug_cuil_luith,0.01554988888377411
rhosc_magol_amarth,0.011594220858221961
riel_ingem_gwador,0.007063157451058058
ris_agarwaen_rhach,0.06995779601265972
rist_gil_pent,0.010455947624289348
rist_glass_amdir,0.1864393272645306
rist_rudh_Ennor,0.006946333087190093
rom_fast_agarwaen,0.19301874768329877
rovalug_mir_badhor,0.05823357792262367
rust_ryn_toll,0.0038941554428225415
ryn_araf_galad,0.0337544705050972
salph_paich_glandagol,0.3863209734039903
sirion_ithron_mund,0.11186423133152422
soga_ungol_maethor,0.07939669768088349
tamin_galadhrim_luith,0.286541111512219
tegilbor_anann_magol,0.01725013357082933
thangail_rusc_corf,0.11188662803549786
thavron_iphant_dannas,0.10274303245271214
thurin_harad_rudh,0.1140260202295322
tirith_mindon_drego,0.006368367841972666
tobas_maen_sirion,0.1580156703602435
toll_hervenn_corf,0.024264499326750125
uan_Dornhoth_gwaun,0.013198716058540283
uanui_aes_araf,0.005204955930268104
uanui_tinuviel_onodrim,0.07714554056618324
uir_dannas_galad,0.01751709890121166
vin_rhovan_rhach,0.09375042662480106
Dornhoth_luin_gondrath,0.23656322534356994
Druadan_neledh_aderthad,0.08240444191584634
Gonhir_fuin_aeruil,0.1295512411562495
Gwathuirim_helegnen_luin,0.06402272867883493
Rochirrim_ank_calad,0.14829276239909406
achas_glandagol_malad,0.06311547799951175
adan_tann_haeron,0.01802960307147291
adar_agor_elvellon,0.011507712475791363
aderthad_galenas_adar,0.05459179097565413
aear_onodrim_Ithil,0.23982748377176835
aegas_midh_ist,0.012015135417105747
aerlinn_edlothiad_hal,0.06305224326192406
agarwaen_lorn_iphant,0.004995490909166405
aglareb_eglan_aiglos,0.009470381913229848
ai_amdir_ist,0.15076015393501063
alph_haradrim_tathar,0.41164781083757923
amath_rodwen_tamin,0.10629502303081602
amlug_cabor_laes,0.002495456932066164
ank_ram_achad,0.007656225705647167
anwar_corf_ruith,0.1717320069737553
anwar_ryn_raef,0.008815982028027934
bragol_caras_achas,0.012417606115257128
bregedur_aeruil_hal,0.05241404750528694
bregedur_parf_rochir,0.036086019815482935
bronwe_faen_nestad,0.0053544395475480615
bronwe_fuin_ruith,0.004718250757517521
bronwe_morn_aegas,0.09225232092541898
cabor_law_morn,0.05961430195199196
cabor_tinuviel_eredh,0.0011863055285277124
cair_archam_dirnaith,0.7107751895504846
callon_achas_soga,0.019780272534681637
callon_nestad_mindon,0.030487715214583884
celeb_galadhrim_pendrath,0.13668043145494996
certh_Mithrim_yll,0.06521100565154847
cirion_ruith_aiglos,0.038197233872130414
corf_corch_alph,0.033689608044376575
cugu_aranarth_lacha,0.07757343136824794
dagnir_rust_ogol,0.025978902673979957
dirnaith_adar_thangail,0.0011026509351901447
drafn_gaurwaith_Elrim,0.07599026340564455
duin_bronwe_badhor,0.21305747344137668
duin_nothrim_baug,0.22965944466991864
dunadan_onodrim_cugu,0.05308520543343474
echad_galadh_bass,0.007854057517787767
elu_Eluwaith_aerlinn,0.008523300434954233
elvellon_imrath_eryn,0.07395226318483583
eredh_nana_cenedril,0.1267204012606819
eryn_ulug_muinthel,0.2658872911527156
espalass_rhovan_eryn,0.2617356896847821
fast_corch_gwador,0.10292990880592019
faun_navaer_honeg,0.02719935325159797
fervain_luin_morgul,0.02213238271466912
fervain_tamin_hend,0.08219014272273886
firen_min_aranarth,0.0013524960324015913
forodrim_eilian_galenas,0.0059657270510757665
gador_celair_tirith,0.16746494784877886
galad_morgul_mir,0.01840161815778241
galadhrim_fervain_faen,0.1179408912059558
galas_gil_pendrath,0.0023964642922275066
galas_pent_rudh,0.005542074840938438
gas_calad_amdir,0.04519592159559917
gaurwaith_ang_minas,0.20636437073996278
gaurwaith_ithron_imrath,0.06709563759107917
gaw_saelor_lagor,0.03416995071613077
gil_aglareb_cae,0.024217262154626322
gil_muil_nim,0.10264699661829
glae_gwael_uanui,0.25894788667172797
glamor_sirion_lunt,0.010830315167898815
glass_calad_muinthel,0.045659340639610704
gobennas_drafn_lachenn,0.012556246330131788
gond_mir_idhren,0.040129918170461173
grond_laug_salph,0.06158909709774004
guldur_gath_gaur,0.0017852017446183185
gwaloth_amath_haradrim,0.0010993533130774884
gwanur_pod_gas,0.24252874082203704
gwaun_eryn_aran,0.29068008108541343
hador_magol_pendrath,0.0077536899419313205
haeron_gwael_cenedril,0.04914760158647224
hand_lorn_ai,0.1342061624841161
harad_gas_Sindarin,0.00492739627016576
hast_badhor_hu,0.12404887749356315
haudh_aranarth_harad,0.02983925520148484
haust_limlug_gwathui,0.0019608068134396926
heledir_aiglos_curunir,0.12703701833321338
heleg_bain_rhosc,0.15952248782791306
hend_anwar_tann,0.43138815115887785
hend_nath_yll,0.5263944706135263
honeg_hervess_aith,0.01593752742165717
hud_gul_gwael,0.03173239675081062
hwiniol_dirnaith_curunir,0.002686128961252028
iaun_haust_gwael,0.00779812280135608
imrath_riel_araf,0.15668672987252882
iphant_balrog_gwanur,0.058184978687937254
ira_ithildin_hub,0.00121984600940555
laes_agor_tinuviel,0.21013586972862444
lagor_lost_pennas,0.05788262669433463
lang_randir_raegdan,0.0025194754604214286
lavan_gwarth_aerlinn,0.0060171854121235605
law_hand_aes,0.21447025559436717
lhug_aerlinn_eirien,0.051852618879008536
lhug_mithril_gli,0.06149266883899019
lost_idhren_haradrim,0.4024243420494647
maethor_corch_tachol,0.055362663685929035
menel_anann_honeg,0.532658628092497
meril_lang_soga,0.010349192815371108
merilin_naer_fuin,0.0016545207665087905
muinthel_tinuviel_haeron,0.0005617495996426476
nana_duin_galadhrim,0.10093659859208368
nath_alph_glaur,0.016874318711188323
nath_gorn_saig,0.05277731782625023
nestad_gaw_melethril,0.0077143164253616016
nidh_gorn_hadhod,0.003032266175431901
nimp_peredhel_aiglos,0.11579411969420715
ninglor_nath_hul,0.03587834110372944
noroth_gul_salab,0.26206439903309053
nothrim_fuin_ungol,0.1891005725886384
parf_braig_minai,0.03273695824984033
pennas_galadh_mirdan,0.03224215801526503
pess_gilgalad_braig,0.0004631129851791656
raug_mithril_gwador,0.032754757203781654
rhosc_agar_nath,0.04189777093001109
riel_Rochirrim_ram,0.4182883207906431
riel_roch_alph,0.17511976363304124
rochir_lebenedh_iphant,0.03438537032874638
romru_lost_lebenedh,0.16888278605827423
rust_Ennor_nothrim,0.00024663519226487626
rust_gaur_aderthad,0.15791458701220887
sador_pod_imrath,0.3665548075245509
saelor_parf_lang,0.05738703326528265
sirion_law_morn,0.04079801028174674
sogannen_celair_nana,0.42482042633797057
suil_firen_firion,0.27080599441357817
suil_gwador_sirion,0.01911034790881477
tachol_laer_yll,0.0539247329904551
talraph_hal_idhren,0.2601103020497683
tathar_min_dagnir,0.06716005069584756
tavor_Tawarwaith_lost,0.004519354393177799
tegilbor_Tawarwaith_aphadrim,0.0027331030632459377
thavron_espalass_gil,0.002764171987839705
thavron_laer_duin,0.1677683922348304
tinnu_gwador_anann,0.0031662457514257244
tirith_aeglir_pess,0.025095808562806066
tobas_Druadan_acharn,0.0036743701666442437
uanui_raegdan_lebed,0.000182739709949318
ungol_hend_sogannen,0.004932580644299922
ungol_iaun_celair,0.09496034795404246
uruk_dam_bregedur,0.05973236646933572
Dornhoth_tang_iaun,0.010204976106758046
Druadan_espalass_balrog,0.13216310605125275
Rochirrim_Gwathuirim_tachol,0.013237081594988348
Rochirrim_nimp_graw,0.23989564964972135
Tawarwaith_ithildin_braig,0.0005068802696343987
adar_hul_iaun,0.036922781902298134
aderthad_mindon_gador,0.5461528904807824
aegas_lebdas_nell,0.014508923044443215
aeglir_duin_lin,0.028022046335402354
aeglir_honeg_haeron,0.3298061007531123
aeglir_rhosc_bronwe,0.08871928041701475
aerlinn_elu_hul,0.07152048642127933
aerlinn_gond_tathar,0.06277840176320691
aes_echad_morn,0.00224599164337283
aes_glandagol_lembas,0.0899895534929945
agar_midh_celair,0.2123134265963466
ah_aeruil_Eru,0.21374025838635252
ah_lebenedh_gwilwileth,0.10170643512200128
ai_aran_ist,0.005887327744556686
alagos_agor_ram,0.2073910093163814
alagos_gaur_rudh,0.1060668068610019
amarth_dunedhel_erchion,0.024491787926497914
amath_glass_dunadan,0.12369649307285295
amath_toll_badhor,0.05884058681654935
amloth_cenedril_galenas,0.16988192896055995
amon_nidh_celeb,0.009188647427240933
anann_caras_pethron,0.004086474283588727
angos_iaun_rhach,0.08749561350817757
ank_lang_glamog,0.013358766039635308
annon_rhovan_cair,0.002402068623625369
badhor_aran_vin,0.011358646915116453
barad_ah_ank,0.08306637911869229
bragol_myril_ai,0.014961949084339534
cabor_ogol_drego,0.04433202384613502
cair_lathron_lagor,0.022001177233142908
caras_raegdan_anwar,0.23664634338188173
celon_heledh_hast,0.006631746902731758
cirion_ablad_puig,0.0010380111911032085
corch_galvorn_gwachaedir,0.22294384122774627
corch_meldir_draug,0.27406712050011467
corch_perian_lobor,0.004507123059236588
cund_Elrim_suil,0.0006737880957456107
dannas_lebenedh_navaer,0.19281661478613035
echad_hwiniol_lain,0.004395786194743274
elu_sirion_cae,0.1809401323447556
elvellon_cugu_dunadan,0.0026762379338648888
ennorath_luin_cenedril,0.4093001949951869
eryn_saer_dunedhel,0.015339710173790731
faen_laer_glae,0.047183450618832105
faradrim_curunir_faen,0.015611894130722035
fervain_ai_agarwaen,0.07689854897143593
firen_faun_rochir,0.12871156542498555
firiel_tang_parf,0.00463702300110449
firion_celair_aphadrim,0.10115801800678353
galas_fuin_amarth,0.005443749087682449
galas_tavor_lhug,0.00733296102703372
galvorn_iaun_saew,0.05108078895628
gath_andrann_ulug,0.014754273377709648
gaur_salab_fast,0.1725299430615462
glandagol_eilian_nestad,0.005433352864900102
glaur_ennorath_ninglor,0.007665479358575807
grond_navaer_raegdan,0.04866761348610719
grond_ylf_dol,0.017415488159787287
gul_curunir_ylf,0.008090193752285915
gwachaedir_forodrim_dagnir,0.0016606531477075612
gwador_agor_daen,0.0010357286038096092
gwador_rudh_Ennor,0.2619464527011052
gwaun_hador_bragol,0.21203028243697886
hadhod_cair_meril,0.04724372234068624
hadhod_per_espalass,0.03751927026870928
hador_manadh_drafn,0.008332936429891915
heledir_cair_pod,0.01830289904694499
heron_lost_limlug,0.18514130324061495
hervess_lend_pess,0.21187514494694415
honeg_Ennor_melethril,0.025853557195727805
hub_alagos_rodwen,0.06781998917710338
hun_rach_amarth,0.02047090455910235
iaun_dunedhel_mereth,0.4073222429088458
iaun_lend_uan,0.008346770994756685
iaun_ryn_glamor,0.013048372207578358
idhren_badhor_uan,0.02368836959866198
imloth_law_gorn,0.058220209221156796
imrad_cirion_lebenedh,0.02478231132976848
ingem_in_dol,0.5513328377705908
iphant_gorn_lathron,0.008563838106003587
ithildin_faun_lalaith,0.10725679046546768
lachenn_laug_celeb,0.02027108486301975
laer_drego_randir,0.009702170383850517
lagor_Tawarwaith_gilgalad,0.0016431928439798584
lain_eglan_fuin,0.0017053378159319506
lalaith_Eluwaith_faradrim,0.20007509107300336
lang_aiglos_lalaith,0.004878502395689083
lang_luithien_dunadan,0.22170770104327475
lasguil_lacha_imloth,0.028021856677141386
lasguil_morgul_nestad,0.5855886846923505
lavan_cabor_imlad,0.08175478089169382
lebed_heron_grond,0.09569485094941764
lebed_lasguil_malad,0.1685599487046223
lebed_pilin_cuin,0.0613415857609541
lend_tinuviel_emel,0.33163794942093383
lhug_firion_rochir,0.07966863926574638
lorn_mund_heledir,0.03273187084269223
lunt_pilin_bain,0.017198314385126298
maethor_gwaun_Tawarwaith,0.05459102021812848
malad_angos_aeruil,0.004785740862308092
meldir_galas_lost,0.07545171192346799
melethril_edlothiad_rhovan,0.02968100329770354
melethril_tavor_menel,0.24949804153981284
menel_tachol_daen,0.003577422253079198
menel_thangail_thurin,0.19183619253856243
merilin_fast_lavan,0.10923244240901911
midh_narthan_aran,0.27329648073174695
minai_firion_bragol,0.20511914139408696
mirdan_gador_heledir,0.005115146181894702
mithril_alag_aerlinn,0.36485457874669486
morgul_alae_tathar,0.0011579300647311707
naer_Ithil_Sindarin,0.030240673201450175
naer_gwachaedir_echad,0.16457761929232398
nagol_celeb_cuil,0.08289617643475752
narthan_acharn_lavan,0.00019921974400056465
nath_aderthad_glae,0.007283823803903619
nath_archam_nost,0.01035077999224978
nath_hervess_glass,0.04214069488397403
nell_achad_tamin,0.3164230493003877
nell_dagnir_hwiniol,0.029140134488953973
nidh_imrad_tinuviel,0.3195694287698597
nimbrethil_lebdas_hast,0.04637691571842408
nimp_lachenn_romru,0.013417676085505202
nothrim_gath_nath,0.005951743157293146
ogol_gil_pendrath,0.17081997674406643
onodrim_cyron_galad,0.02713216815909215
onodrim_suil_muinthel,0.43208827595369026
panas_bass_cirion,0.036807499271349985
parf_alae_toll,0.004691115462838234
parf_glae_hervess,0.1593105493830725
pendrath_nestad_tavor,0.010992525478424827
per_cabed_meril,0.23099008971487864
per_tinuviel_perian,0.085481051682239
pess_aes_lachenn,0.009435483643360517
puig_nimp_bass,0.0037128069109265906
raegdan_glae_pendrath,0.004981879445849612
raegdan_ryn_roch,0.019363182185608507
randir_menel_hervenn,0.02640871250112894
randir_pilin_hub,0.04334885054986727
raug_iar_nell,0.0025087221338649683
riel_rom_firion,0.02283133421577509
roch_mithril_rochir,0.3369259664841526
rochir_hadhod_dunedhel,0.11847806209816016
rom_thangail_mir,0.06915104678422705
rust_tavor_agor,0.07428445224866427
saelor_aranarth_uir,0.18474503932048728
saig_hud_Sindarin,0.0003687810255871464
sammar_cirdan_faen,0.004719501366795165
soga_gwador_gaw,0.011391221294123661
soga_hador_acharn,0.007838974998894252
tamin_archam_gwathui,0.019692210461081532
tamin_faen_ithron,0.032486522970326996
tang_celeb_nimbrethil,0.012890228921047606
tang_faradrim_galvorn,0.1108388898345572
tann_tathar_ist,0.09136952334973468
tegilbor_cirdan_iphant,0.1137133532503587
thamas_talraph_myril,0.05535450878893304
thangail_lebenedh_hast,0.13423353914268768
thor_aderthad_tachol,0.16989457015385115
tinnu_maen_hervenn,0.2304343449167296
tinuviel_bass_rust,0.0013278045185702424
tirith_imlad_maen,0.005763469433759235
toll_Tawarwaith_ylf,0.09805303665457293
uan_gwathui_agarwaen,0.2065411300410992
uanui_paich_bass,8.767563361894232e-05
uir_echad_tavor,0.5662871110140102
ylf_saelor_romru,0.060603260738538146
yll_barad_celair,0.004985555092783914
Eluwaith_dol_riel,0.012169775335408787
Gonhir_bain_randir,0.06120126747285656
Gwathuirim_mund_hul,0.01015626191212814
Ithil_dunadan_suil,0.10471315246192389
Mirion_cabor_mereth,0.014477137401674814
Rochirrim_glae_faradrim,0.14055078721499334
Rochirrim_hadhod_cabed,0.007287241416692273
Tawarwaith_agor_mirdan,0.08319975446945482
ablad_haeron_ulug,0.07509617475242376
achad_daen_lembas,0.07567358601079338
acharn_law_meldir,0.05169717076525934
achas_menel_muinthel,0.15569589947344126
adan_balrog_cirdan,0.019607269767292036
aderthad_barad_aphadrim,0.03217350420937986
aderthad_peredhel_riel,0.06983036833778791
aduial_rhovan_imlad,0.01921571911050181
aerlinn_achad_mund,0.2723343226669713
aeruil_rach_fervain,0.015276338460297119
aes_Druadan_guldur,0.1660436705114585
agar_tegilbor_gorn,0.006242642361468545
aglareb_laug_parf,0.02747962419238257
aiglos_pethron_faun,0.25721476874880855
aiglos_soga_gwanur,0.16019096403935368
aith_gorn_honeg,0.22246408924730462
aith_lembas_ylf,0.08454468013688761
amarth_ira_nimp,0.19491519889165776
amath_Mirion_neledh,0.11542801746066027
amath_emel_haust,0.05996052915097615
ang_curunir_saew,0.016894784667697355
annon_gwanur_corf,0.0206166798270619
anwar_adel_hud,0.07644857314537755
aphadrim_honeg_myril,0.1917403725421394
araf_tavor_melethron,0.4256062945525271
aras_pent_barad,0.005549427731492326
archam_menel_imrath,0.027295085359097682
baneth_nana_cae,0.16857478123015912
bregedur_cyron_nadhras,0.02989003846097901
bregedur_saer_ram,0.11540545412225932
cabed_galenas_rodwen,0.1927814475843292
cair_eredh_roch,0.01597527251165521
celair_rodwen_saelor,0.008500487017339766
celeb_gwaun_achad,0.02352435937278961
celon_lathron_Elrim,0.046300473414203853
certh_emel_glandagol,0.013179907926781205
cuil_rhosc_iar,0.008659754876399826
cuin_eilian_law,0.06986356121473711
curunir_sogannen_angos,0.20440582654237074
cyron_hal_lacha,0.006379511035749064
daen_cenedril_maethor,0.0008642660057221283
dam_daen_lobor,0.04516016899709135
dol_firion_lebenedh,0.17186963493097498
dunadan_minuial_alagos,0.019064483128535665
ennorath_minas_imloth,0.014021334954091587
eredh_gador_gul,0.002228891210641654
espalass_lang_randir,0.2569059633540641
fang_muil_idhren,0.09364685606399993
fervain_Rochirrim_glandagol,0.10386357888853744
firiel_laug_rusc,0.004120373616341117
firiel_mil_laes,0.19856798423103866
forodrim_malad_nimp,0.014496920080599808
gador_ylf_dannas,0.16711490362367212
galad_muil_daen,0.002440451933964471
galvorn_certh_achas,0.005551916696938814
galvorn_pess_rhun,0.1851307190270443
gas_cuil_ulug,0.07459041917570063
gath_gond_glaur,0.0015801855317376572
gaurwaith_gli_certh,0.011551754542718532
gilgalad_minai_glamog,0.016907171534644102
glass_archam_Mirion,0.0370780111258331
glaur_haudh_mereth,0.10618523674202199
gondrath_fuin_in,0.003043764068532787
gorn_achad_honeg,0.04816034707704329
gorn_ira_adar,0.028045556743486105
gwael_glamor_minuial,0.00373565154544715
gwarth_Elrim_rovalug,0.285721848602977
gwaun_nana_drafn,0.008476526012802814
gwend_cirion_fae,0.0027971404093815916
hadhod_hador_mirdan,0.15469395096430077
hadhod_pilin_muinthel,0.021266836641797942
hador_cuin_sammar,0.45095163957115963
hador_ulug_angos,0.03769607395495575
hand_annon_meril,0.05440082289232469
hast_hend_myril,0.14194505374900585
hervenn_alph_pendrath,0.2024521698374424
hervenn_ogol_gwachaedir,0.03981597533986977
hud_celair_gorn,0.010932674616885723
hun_fast_lin,0.004537405152833074
hwiniol_pent_dunedhel,0.0040360763528082795
iaun_cirion_lebenedh,0.03951891547746103
iaun_uan_gath,0.03813380601923135
idhren_ai_thavron,0.047135591524144226
imlad_lavan_romru,0.015209749758904482
imloth_toll_barad,0.01272603263423465
imrad_ablad_Mirion,0.003388984060749451
ingem_morn_hadhod,0.1634750957411617
iphant_iar_gul,0.10708866464541121
ithron_pennas_cuin,0.004870272296048734
laer_lin_amlug,0.13678874939621324
lalaith_faen_hal,0.07028413680506251
lam_aranarth_rochben,0.011668259318017236
lathron_Sindarin_Druadan,0.15148174372572695
lathron_glaur_melethril,0.19094090731192542
laug_fang_Rochirrim,0.30374238658778174
law_gilgalad_minai,0.15984119181278045
lebdas_cenedril_nothrim,0.006433496037430121
lebenedh_echad_rust,0.16168223080990576
lin_dunadan_cugu,0.11771819508082448
lin_naer_uan,0.04931160535662939
luin_mund_rodwen,0.2437943244054326
luith_galvorn_amon,0.028860624338113722
lunt_rodwen_glamog,0.20052325397098494
maecheneb_raug_inias,0.018423337058163985
maen_eglan_per,0.06596243493271763
magol_amloth_faun,0.476326589717419
malad_nana_neledh,0.0036337531538148454
manadh_aphadrim_hub,0.3016414083429626
meril_merilin_dagnir,0.06610965172405177
merilin_hud_callon,0.019397495442721905
mil_glaur_cyron,0.4979224595397622
minai_agarwaen_sirion,0.04957344224276169
minas_eglan_ogol,0.0036472400362442888
mithren_soga_gwathui,0.0025574376000466388
muinthel_Ennor_inias,0.014780513438802918
navaer_hud_celeb,0.2374634488398276
nell_Ithil_romru,0.005716010885186557
nim_pennas_imrath,0.07266015317180397
nimp_midh_cugu,0.09774152772619611
nost_braig_aranarth,0.45720402788468595
nost_glandagol_aith,0.006515249237677917
nothrim_duin_haradrim,0.1140281338235034
nur_thor_graw,0.08718396282292414
panas_lasguil_cirdan,0.008539859286544854
pennas_gorn_ryn,0.03815667659463363
per_nell_elu,0.21685284193150542
peredhel_glamog_ylf,0.06982119745679
perian_luith_helegnen,0.047935497749397926
pess_rist_thangail,0.14888400874501
pess_thamas_hu,0.049565294872180844
rach_panas_caras,0.14441231418443617
raug_ram_lagor,0.10154048215456357
rhovan_aes_lend,0.13653244339794665
ris_bregedur_myril,0.1294977944436777
ris_nidh_grond,0.009788210696377034
roch_gobennas_haeron,0.005088285010608597
rom_firen_narthan,0.11709371137218806
ruith_araf_laug,0.10996152629685096
sador_Dornhoth_cugu,0.21101571225442253
sador_lass_bregedur,0.0047807600140435755
saer_luith_lhug,0.0017629099353455983
sirion_dam_luith,0.8044971559530738
soga_eilian_hun,0.004653484346504357
sogannen_lang_Sindarin,0.10551531099913561
tamin_corch_sammar,0.0855003494742294
tamin_fang_aphadrim,0.006328282899388935
tang_haudh_mithren,0.06853856035031093
tathar_cuil_soga,0.4168019590083013
tegilbor_meldir_glaur,0.013897887356560702
thul_adab_amlug,0.0038154621126047328
tinnu_hervenn_anwar,0.00105450216641356
tinuviel_faradrim_riel,0.23449921499568996
tobas_bass_aear,0.011584030939243649
tobas_minas_baug,0.0067795550775664685
uanui_gli_lathron,0.006295422194362677
ulug_agarwaen_achad,0.09046541499536448
uruk_melethron_Mithrim,0.3724223500038495
vin_pennas_riel,0.0068422939443624166
yll_gas_thurin,0.003932879607263244
Elrim_sammar_rist,0.07286882367203576
Eru_pess_romru,0.01898838895638732
Gwathuirim_nimp_draug,0.03370278812182094
Mirion_ogol_achad,0.01908199273013528
Mirion_rusc_adel,0.012771666037509321
Rochirrim_amath_gond,0.09718953854191549
Sindarin_lass_dagnir,0.11955043220602253
Sindarin_tobas_gilgalad,0.06658729020782209
Tawarwaith_celair_pethron,0.4814700859772907
Tawarwaith_lhug_graw,0.16018086708708953
acharn_balrog_gas,0.10537977753481226
acharn_gwachaedir_inias,0.13794318499787778
achas_lobor_duin,0.0835530043928941
adan_ira_uanui,0.12501292977363437
aduial_dannas_erchion,0.10678129891359306
aduial_thurin_cirdan,0.0058432521257895465
aegas_cugu_roch,0.30033340094745686
aeglir_Eluwaith_thavron,0.0020160524308306216
aes_heledh_andrann,0.006995049509041025
agor_ithron_minai,0.20517486333816357
aith_haudh_iaun,0.10307832596646813
alae_cabor_edlothiad,0.11273902625693889
alph_iaun_raegdan,0.014915289274279103
amath_gaur_saew,0.017850498752331544
amlug_dagnir_rom,0.0685049056516207
anann_lain_alae,0.12184954886886479
angos_espalass_aegas,0.37530548744475384
annon_draug_glass,0.08947635057671095
annon_nothrim_eirien,0.19712037090643977
aphadrim_hal_curunir,0.04155133707725309
araf_gwathui_heleg,0.10729533188055258
aran_ank_haudh,0.27094015219520207
aran_elu_dunedhel,0.008171267171776984
aran_ist_thangail,0.04099212367520587
bain_caras_imlad,0.08861439733349766
bass_tathar_min,0.24320668481109262
bellas_ah_aes,0.049545369637187565
bellas_barad_aerlinn,0.025964908222387343
bregedur_ank_nell,0.11309819448481441
cabed_alagos_lathron,0.18350203613620858
cabor_saer_angos,0.06299833422151187
cae_melethron_nim,0.05916069773513678
callon_nur_onodrim,0.121718438171305
cenedril_uruk_gwachaedir,0.12407369552198245
corch_aras_gaur,0.20290960432293903
cugu_nestad_cae,0.11499238169862191
cugu_uanui_achas,0.005712761118116034
cuil_imlad_suil,0.03154098855877714
dam_Sindarin_fae,0.19232135343848664
dannas_haeron_imrad,0.01437080119090639
drafn_drego_raef,0.2528866356390254
drafn_gaurwaith_alph,0.02832862103786664
dunedhel_andrann_raef,0.05227451475117765
dunedhel_ira_aduial,0.037475296446845684
edlothiad_celon_aegas,0.22457187802659628
eglan_gil_menel,0.21757589032059396
eirien_Mithrim_amloth,0.043024540802283094
elvellon_mir_nana,0.4868237528029561
emel_merilin_faen,0.07654624822901908
emel_rust_hun,0.1393793751849936
erchion_emel_sador,0.006806426886251181
erchion_pethron_nestad,0.07853704648503375
eredh_draug_gond,0.18757144519693322
eredh_lin_drego,0.0055118126171248534
espalass_gorn_edlothiad,0.029273570543728023
fang_dirnaith_faradrim,0.07637253798385948
fang_nost_ruith,0.15521491836867
firen_eglan_thamas,0.007523222308711061
firen_pendrath_onodrim,0.28296549443909763
forodrim_Elrim_rusc,0.0011926942775169907
galad_aras_Dornhoth,0.3423496649241785
galadhrim_guldur_haudh,0.09264548416387548
galenas_amath_lembas,0.18221198617779766
galenas_galvorn_glandagol,0.16278850599335518
galenas_ithron_loss,0.21538943233237115
galenas_rudh_gil,0.008164579732297157
gath_ira_thul,0.012692674453903938
gil_panas_dirnaith,0.04890934515980566
gilgalad_corf_pendrath,0.001622149477738161
gilgalad_tirith_nothrim,0.02015310479624683
glamog_galenas_in,0.06043403694059422
glamor_aduial_Gonhir,0.01470369282081896
glandagol_saer_uir,0.027393829442184055
gond_acharn_Tawarwaith,0.12986646531131987
gond_faradrim_galvorn,0.03935786419527682
gondrath_hub_drego,0.002179225911588867
gondrath_maecheneb_aiglos,0.016120709950456415
guldur_amdir_gas,0.07928915002936837
gwachaedir_amarth_honeg,0.10799085905296302
gwachaedir_ruith_pilin,0.07343763475452159
gwaun_ennorath_imrath,0.07283109096612134
gwilwileth_alph_rist,0.23269671900107516
gwilwileth_certh_aith,0.0016838315581770324
gwilwileth_pethron_tirith,0.042698436371328266
hadhod_adab_raug,0.0013898610681524544
haeron_fang_muinthel,0.12015813152379658
hal_gwend_gath,0.15001183884482813
hand_maethor_alae,0.22321230507225925
harad_haradrim_firion,0.04095371852649225
haradrim_gas_tirith,0.05669659446450419
haradrim_rhun_tirith,0.25554039874178985
haudh_fern_dannas,0.2276537036069615
haust_amlug_erchion,0.021560468588089434
haust_eglan_hervess,0.040581352563553906
heledh_cabed_ruith,0.00352736586598224
heledir_raug_lost,0.004948006644523578
heleg_erchion_pod,0.00299394838378811
helegnen_minas_lorn,0.03776247292446034
hu_glass_Mirion,0.007429611002395075
hun_cirion_ram,0.008389535345717425
hwiniol_salab_alagos,0.005955924100706607
iar_pod_lhug,0.09342455088142274
idhren_adab_loss,0.004800624491293793
idhren_hervess_midh,0.041560222892355565
inias_gondrath_alag,0.019696066433107996
iphant_gwaloth_daen,0.09037145205383576
ira_hadhod_faradrim,0.05188486947389402
ira_mithril_bain,0.018151454015124163
ithildin_tachol_aerlinn,0.125366985049096
laes_aear_lam,0.038991506713263624
lagor_lathron_Mithrim,0.04821781354374148
lagor_muinthel_tegilbor,0.22577495833041153
lasguil_cirdan_heleg,0.5227760038486539
lasguil_nath_firiel,0.138184689057084
lathron_gwanur_per,0.04277522632719718
laug_Druadan_laer,0.23370512793316237
lavan_callon_parf,0.11411097060138554
lavan_dunedhel_Gwathuirim,0.08539554634259443
lembas_achas_pess,0.010760654904280138
lembas_thangail_pess,0.022736651601888806
lend_heledir_mirdan,0.025463088655372078
lorn_gorn_ist,0.005869945554863142
loss_agarwaen_aduial,0.0006391984758715702
loss_celon_noroth,0.22620911815578093
loss_gwilwileth_uruk,0.006616301062297104
lossen_guldur_gaur,0.004387432968401386
lossen_ithron_aes,0.016827592720929832
lost_balrog_cabor,0.049566040230213104
meldir_baug_glamog,0.008155003277726953
meldir_curunir_meril,0.033528734468116196
meldir_lin_tachol,0.17513927294397566
melethron_adab_dannas,0.12591679770341055
melethron_ulug_merilin,0.09231706368040653
midh_aeglir_nost,0.14908894005385093
mil_Sindarin_amon,0.0037605091079728997
mil_draug_gwador,0.04963992156672687
mil_tavor_ungol,0.016872511079684512
morgul_curunir_tobas,0.09920299348210879
morgul_tavor_baug,0.006328486381892998
morgul_thurin_sirion,0.07871534797402954
muil_dam_dagnir,0.003783861998310853
muinthel_cuil_inias,0.0014294500454337304
myril_navaer_galenas,0.20464765797340032
nagol_Dornhoth_tinnu,0.01778561519347749
nagol_tann_imrath,0.10238109078925872
nana_cenedril_hervenn,0.15468934706156928
nana_haradrim_thor,0.003468970659978554
nana_mithren_maethor,0.004640178367509836
nath_Gonhir_iaun,0.04363048613473875
nell_glamor_malad,0.17472323707266318
ninglor_hast_pennas,0.0009085688002952259
noroth_aiglos_amdir,0.0493817444762858
nur_cair_barad,0.00859717644328834
nur_mithril_mil,0.6370115877330835
paich_cuil_hast,0.15699117813631566
paich_drego_daen,0.0038522688113941
paich_grond_drego,0.1629090478294198
panas_neledh_tamin,0.016200281052252137
parf_aeruil_firiel,0.3513057721542786
pendrath_mir_dol,0.002389425754041979
pent_saelor_hwiniol,0.46457676789006774
raegdan_dunadan_bain,0.047397448584492505
raegdan_saew_tinuviel,0.005580051636798322
rhosc_muil_dunadan,0.00827306127325519
rhovan_celair_lhug,0.02760354804729873
rhun_ablad_thamas,0.6600475094485696
rhun_baneth_saer,0.24612696146725893
roch_tang_uan,0.2324170962006839
rochir_lagor_hervess,0.06283570530204835
rom_celair_raug,0.010243356882343777
romru_suil_hervess,0.13678697369291498
rovalug_romru_dannas,0.0773211711653723
rudh_aras_fuin,0.0049036512622474245
rudh_ogol_ithron,0.17691993547755236
ruith_calad_gwael,0.21289399064651712
ruith_hador_myril,0.53678227388819
saelor_gwael_baug,0.11109758062222082
saer_achad_fervain,0.04762665164758279
salph_barad_aes,0.00018628927962604952
salph_gwador_aras,0.16435661376044455
soga_aes_limlug,0.012261831200077582
talraph_gwanur_bass,0.4265128463250584
thavron_tinnu_hwiniol,0.010953780546937845
thor_gwend_ithildin,0.13430959467324546
thul_achad_meril,0.0013559092883280587
thul_lossen_myril,0.02495911310216722
tobas_magol_aeruil,0.05047603400844236
ulug_Tawarwaith_morgul,0.1398512274709872
ungol_nell_mithril,0.1361603083430463
vin_draug_glae,0.5776541505511417
Druadan_eirien_nagol,0.354599350774969
Eluwaith_mereth_mirdan,0.08954448776999634
Gonhir_eredh_noroth,0.07481768825594946
Gonhir_gwanur_celair,0.04897915772839772
Gwathuirim_rochben_nestad,0.19065487952647855
Ithil_paich_grond,0.1012175383205829
Mithrim_magor_faen,0.3691429967500153
Rochirrim_gul_anann,0.13779719794540965
achas_panas_nana,0.03725351582299402
aear_harad_noroth,0.1741794109222743
aegas_lathron_saelor,0.011018852098569315
aeglir_dannas_cae,0.2556041822181742
aeruil_bragol_firiel,0.005422747383063921
agarwaen_cabor_alph,0.023362310109134813
aglareb_elvellon_Ithil,0.06016182173723047
agor_ira_thul,0.014581099718715929
aiglos_gwaloth_panas,0.07918816690976921
aith_gador_aeruil,0.17717219536280596
alae_dirnaith_tann,0.22628769398097293
alph_aglareb_Elrim,0.03220918699470304
alph_mereth_uanui,0.6887894606975886
ang_nadhras_aes,0.0021160866133658517
ank_lam_forodrim,0.06609486514412125
ank_law_nur,0.03113412768770065
annon_Rochirrim_fang,0.4691619540027098
aphadrim_law_glass,0.08150543611197787
aphadrim_parf_fast,0.13408175035722303
aran_Eru_Dornhoth,0.14460119497754279
aran_amon_certh,0.3654732690927581
aran_aras_Elrim,0.6820379595514464
badhor_forodrim_ithildin,0.16651158016748732
bain_raegdan_soga,0.09043076243421924
balrog_parf_cae,0.15996679943018396
bass_salph_min,0.11224936811560028
baug_fast_thavron,0.01565430364128387
braig_maecheneb_aderthad,0.010850339637262904
cae_lin_adan,0.1612583537831437
cair_aeruil_cabed,0.005832645774448266
cair_raegdan_cabor,0.07134229959243689
callon_gas_aith,0.17963097364919056
celair_glaur_roch,0.06281721259702187
celair_rhach_firiel,0.06734405136062388
corch_bronwe_adab,0.014568462778117271
corch_saer_laer,0.33852405010878767
corf_dirnaith_cund,0.09084711110986281
cuil_lasguil_rovalug,0.005685647357130371
cund_drafn_adel,0.11305587345115213
cund_lam_iar,0.13582005247229495
curunir_hwiniol_thul,0.02343277472468754
daen_harad_tang,0.1195474426587046
dagnir_cund_iaun,0.08207498634631744
dam_lossen_draug,0.08615976369172532
dunadan_hadhod_thavron,0.17496642987335417
dunadan_laes_eredh,0.2750670095806035
echad_amdir_fang,0.07644274878749781
edlothiad_gwael_baneth,0.03499238275368621
edlothiad_randir_bellas,0.1108614690590319
eglan_heledh_rochir,0.023159565386796317
eirien_agarwaen_Elrim,0.029592866179131403
eirien_forodrim_merilin,0.194514848486842
eirien_galvorn_aear,0.0073649078742628145
ennorath_cenedril_panas,0.002638648777875208
erchion_adar_panas,0.018625522565359307
erchion_dagnir_lunt,0.16261840501932728
erchion_drafn_hud,0.12380767204085259
espalass_randir_bregedur,0.09657047601158868
fae_mereth_aear,0.18815919575088208
fang_ennorath_lalaith,0.017239267652273634
fang_luin_ithildin,0.13603699025254132
fang_sirion_imlad,0.07511346437136959
faradrim_riel_heledir,0.027364108129443496
faun_talraph_melethril,0.008702995594844123
fern_hervenn_minai,0.09043818966913832
fervain_dam_acharn,0.05624091506925605
firen_lathron_idhren,0.16453076381771234
forodrim_laer_barad,0.048715607298081595
forodrim_mindon_morn,0.31787601355746153
gador_pendrath_bragol,0.0544705596760453
galas_pess_bronwe,0.12511889560220388
galenas_ank_midh,0.04905065890713743
galvorn_Gonhir_nim,0.5009685587264447
gellui_mindon_luin,0.007007266123582529
glae_tann_pethron,0.06954319877777534
glamog_aerlinn_echad,0.22768300849146178
glamog_tirith_rist,0.12760806657523596
glamor_lebdas_sammar,0.13710882788374143
glandagol_melethron_lacha,0.0992652687738914
glaur_achas_neledh,0.1187101633143914
gond_tavor_alag,0.003070048182802701
gorn_cirion_lebed,0.028709909663107602
grond_perian_ulug,0.004095139514469057
gwael_laer_nimbrethil,0.0052189749575712535
gwael_lost_gaurwaith,0.23780915370310682
gwathui_pod_mereth,0.05438153899230974
gwathui_suil_mirdan,0.0068084441340444364
gwend_glass_nadhras,0.08607112465644519
hadhod_balrog_gaurwaith,0.0009266010865057653
hadhod_hub_mithren,0.07697090556946522
harad_aduial_hend,0.07359049986456412
helegnen_aegas_imrath,0.0688472386676046
hend_nidh_duin,0.01847733447108121
hervess_corf_tavor,0.04529325349525225
hud_ogol_maen,0.006749780199289071
hun_glamor_dagnir,0.0013444703159951252
hwiniol_cirion_calad,0.006561932469848167
iar_drafn_achad,0.0022498926521962613
iaun_fae_elu,0.3398329721638043
imlad_amdir_erchion,0.18093916908415328
imrad_lang_ablad,0.02309272996180038
ingem_gond_cyron,0.0035341106044132877
inias_lacha_archam,0.0033456222292150097
inias_ulug_toll,0.3013631256002054
iphant_malad_gaurwaith,0.20611340973080008
lagor_tang_rhovan,0.44994915898857935
lain_haust_amlug,0.3809702613070002
lam_aes_agor,0.14446282253732054
lang_caras_hub,0.21563241286461277
lass_dam_uir,0.043858004770706914
lavan_yll_lin,0.016069465782135833
lebed_graw_corf,0.0661337458916652
lin_anwar_aphadrim,0.005074663074562937
lin_fern_galad,0.0006975761929351457
lobor_lass_dunedhel,0.03208702052046093
lobor_minuial_galas,0.6122108195482149
lorn_adan_dagnir,0.13327440160450726
luin_celon_riel,0.13376537513611925
lunt_araf_agar,0.10957947636999682
lunt_caras_galvorn,0.2576925782497394
maethor_rust_faen,0.13634168858592682
meldir_bronwe_ogol,0.08499698733653475
merilin_ogol_raug,0.11176809472402932
mil_Eluwaith_hervenn,0.3254619536896765
min_annon_agarwaen,0.15248658390413317
minas_gli_acharn,0.39471060492121873
minas_sogannen_lembas,0.22045363198019594
minuial_callon_soga,0.023206649962507535
minuial_laug_fern,0.10518483095769167
muinthel_archam_tavor,0.07954501627081886
mund_dannas_lebdas,0.4316188329607959
naer_onodrim_aith,0.11841357578448806
nagol_achad_lacha,0.09181520117667193
nana_uanui_ai,0.1629521720070239
narthan_bain_tamin,0.012565471978121016
navaer_mereth_hun,0.145586230356859
nestad_lasguil_amon,0.09199880852356683
nimbrethil_aphadrim_braig,0.14771258250214048
nimbrethil_barad_espalass,0.23096377911915958
ninglor_gwarth_melethril,0.20397994890089752
ogol_glamog_lacha,0.012284580797544457
ogol_iaun_limlug,0.10261096695436665
ogol_thurin_harad,0.007935391755738975
paich_alagos_Druadan,0.049838909878756624
paich_meldir_barad,0.00072298574826653
pethron_emel_gobennas,0.1422941120667987
pethron_tavor_min,0.1720263684492626
pilin_mil_thor,0.37904773440244915
pilin_ulug_adel,0.0012878929288425477
pod_agar_gaur,0.19532252470067668
raef_bass_agarwaen,0.09378147879682164
raug_gwaun_mir,0.07359633981803089
riel_adab_gwaloth,0.12846601656734905
riel_gilgalad_alph,0.05660172759416
rist_nidh_lunt,0.06958755738709194
roch_anann_braig,0.08786145838126266
romru_heledir_magor,0.0743328598110575
saig_magol_amarth,0.24563711965416202
salab_lathron_faun,0.034368283603905085
soga_acharn_ris,0.07610628901825314
tamin_rovalug_rust,0.049695419461298095
tang_lobor_roch,0.4291238334305365
tegilbor_hand_muinthel,0.015493668312400063
tegilbor_soga_Druadan,0.05910473582673703
thavron_Ithil_uanui,0.15561674039711457
toll_romru_maen,0.2907240067408319
toll_sador_maecheneb,0.09183603978416825
ungol_tathar_glamog,0.10193958794157854
vin_duin_parf,0.10831301546081873
ylf_nell_dunedhel,0.17940350342175998
yll_Gwathuirim_mithren,0.01149560477276971
yll_alagos_merilin,0.05222901906348151
yll_corch_aduial,0.023078651799565943
Druadan_edlothiad_faradrim,0.0220754372879823
Elrim_neledh_eryn,0.12216907697138864
Eluwaith_saew_melethril,0.09734507738111342
Gonhir_raef_yll,0.07191225162982995
Gwathuirim_tegilbor_nestad,0.004153336225779173
Mirion_dannas_aduial,0.002194848111091132
Sindarin_glamog_mithril,0.025385543877683065
achad_certh_lebed,0.19307620919423862
adab_salab_tobas,0.008612048679352393
adel_cirion_ang,0.1887224059644078
aeglir_ris_mil,0.018928975772454493
aeruil_bregedur_saelor,0.26990568699553086
aeruil_echad_bronwe,0.3069435835404631
agarwaen_tirith_in,0.003158939408591438
agor_imrath_ingem,0.009936861511981863
aith_rom_magol,0.04777528975231786
amarth_cuin_gwarth,0.010130365314755193
amarth_rochben_gwador,0.16524042013689966
anann_elvellon_lathron,0.014628450243579992
angos_dol_mirdan,0.2482640205565908
ank_manadh_baug,0.01684827827612301
annon_mindon_eglan,0.1944161897992827
araf_loss_lavan,0.0383376379749808
archam_helegnen_galadhrim,0.09830854787210938
bain_uir_tobas,0.09740968337623683
baneth_galvorn_rhosc,0.1662561956734035
bass_cyron_tinnu,0.004591886973410347
bregedur_laug_aear,0.033820846045012405
bronwe_anwar_tinnu,0.06732054317693428
bronwe_maecheneb_raegdan,0.08413042577024935
bronwe_minas_celeb,0.012575804760796882
calad_baug_hervess,0.0013897244904700647
callon_gwaun_hwiniol,0.00665865524831728
celair_tirith_tamin,0.06192602320743944
celeb_gond_aras,0.005611880367737562
certh_amath_heledh,0.2858607284582421
cirdan_naer_nana,0.015494691837783002
corf_bregedur_amath,0.004920514173533164
cugu_roch_corf,0.15038316687726283
curunir_rochir_narthan,0.029146548551739815
cyron_emel_mir,0.031279003508809966
dol_faun_tathar,0.00853734226458919
eglan_Gwathuirim_amlug,0.010033123885840456
eirien_firen_espalass,0.17234999546569157
ennorath_cund_achas,0.003178694658991847
faradrim_agarwaen_hand,0.0008201398765355313
firiel_pethron_bregedur,0.06364405312946676
firion_hadhod_caras,0.024139292951991558
gador_fern_luith,0.21422090977015754
galvorn_thor_badhor,0.38113188783616586
gath_uir_ang,0.054274387536118324
gaurwaith_lavan_gwael,0.0013689548501533318
gellui_yll_gwend,0.05365152102245282
gil_nadhras_pennas,0.17575160980462903
glamog_bragol_muil,0.006125238688766857
glass_alph_morn,0.0005620994492006148
gond_acharn_aranarth,0.0024562839023019993
guldur_alag_gaur,0.10535310176411088
gwachaedir_aphadrim_ruith,0.11065532886265139
gwael_idhren_heleg,0.06843116007086267
gwael_rach_cuin,0.20334335310192198
gwarth_rhach_rhun,0.1532517694769259
gwend_ah_ris,0.06675669236993954
gwend_lend_amath,0.09493450165362242
hadhod_cuin_aeruil,0.14488824557777397
hal_navaer_mithren,0.007470010481739113
hand_lagor_gorn,0.01753806130342659
heledh_eredh_gwaun,0.10045114016261174
heledir_thangail_nadhras,0.1401043873213746
hend_rach_firiel,0.16600952441620656
heron_ira_minai,0.2014487405310341
hervenn_ah_nothrim,0.009421094577480131
honeg_forodrim_idhren,0.11261872667526672
hul_hu_lorn,0.1230169769499487
iar_cirdan_aear,0.03217973406478461
ingem_ogol_firiel,0.012866538611659331
ist_per_adab,0.20077909411821077
ithildin_achad_faun,0.11192639030832044
lachenn_rovalug_imlad,0.014047670213164705
laes_nimp_fern,0.1477521335685486
lagor_min_imrad,0.01968857073552139
lalaith_saer_helegnen,0.015988907163609792
lasguil_roch_ithron,0.17606200364408173
lathron_sammar_galas,0.005319828991823573
law_honeg_peredhel,0.16147460882188333
law_rochben_bregedur,0.11764876413691783
lebenedh_roch_baneth,0.08301413051358822
lhug_gaw_lass,0.017484930405978722
limlug_fervain_alagos,0.08805519479408352
lin_merilin_certh,0.0013085128173515278
lost_fang_cyron,0.2069548229387593
luin_gobennas_mund,0.06563657668761579
luith_tinuviel_gador,0.3166879894317065
lunt_celair_guldur,0.040735738391632546
maecheneb_ist_adel,0.0219833286101184
maen_lebed_hud,0.05556773145512962
melethril_ah_myril,0.0006996796745935122
melethron_amdir_peredhel,0.17218447519301777
menel_hu_glandagol,0.08324889330086344
mereth_ryn_alph,0.005362421211327244
meril_achas_dirnaith,0.003981947810516697
meril_aerlinn_aeruil,0.06679973645270353
meril_hend_lunt,0.07907710934651097
merilin_cirdan_callon,0.32091089896060393
merilin_hadhod_gaur,0.01112320819055534
midh_ungol_tamin,0.08043562753390512
mil_dunadan_graw,0.08295477611906817
min_aphadrim_Tawarwaith,0.01877800050769421
mir_agar_laes,0.02145395767463238
mir_fervain_glandagol,0.06999145293764075
mir_iphant_amloth,0.0382994965691604
mithril_lost_lain,0.08461132923941121
nagol_amon_thavron,0.09368974082762214
nagol_lunt_gwanur,0.47771853500694067
nagol_mund_Mithrim,0.0027575840836782405
nana_hast_meldir,0.13496773140921578
neledh_bass_Ithil,0.06683279157519759
nell_ninglor_rusc,0.015440334981315461
nidh_galadhrim_lavan,0.17311812351434794
ninglor_heron_aduial,0.07634346868295651
ninglor_onodrim_naer,0.08647227281823008
nur_echad_Elrim,0.030047079820289316
nur_emel_harad,0.02877055373490435
onodrim_rhun_gwaun,0.18747385276299658
paich_parf_fae,0.20287288074403298
parf_mund_maen,0.03690418504420724
parf_pent_law,0.008465946661630103
pendrath_ang_lhug,0.034783272750625066
pent_amloth_in,0.14708735240705206
per_dunedhel_amath,0.17548165997770954
perian_Elrim_faun,0.12712240220860227
perian_heleg_in,0.117379473826519
perian_lebed_melethril,0.09405504170498638
puig_gwador_midh,0.06605654533580593
puig_hud_gondrath,0.17417991807710032
ram_cirion_yll,0.01306360840868636
ram_fuin_nadhras,0.3287607359465654
raug_elvellon_agar,0.002580856561430931
rhach_celeb_hast,0.018297229590986033
rhovan_drafn_roch,0.027722125372092076
riel_nath_alag,0.1272502562918619
riel_navaer_minuial,0.0060035569255259755
rochben_ithron_balrog,0.009142731301401669
rovalug_pethron_limlug,0.019843540973378336
rudh_celon_merilin,0.010367268058429495
rust_lebed_nim,0.012294240971173652
sador_firen_sammar,0.02655023215765422
saelor_lang_firion,0.047814075010303374
salph_luithien_dam,0.2553612734577369
sammar_mund_hu,0.0031224558466592736
soga_aith_certh,0.00528640829590942
soga_amlug_grond,0.0016024794189672081
sogannen_firiel_nost,0.006765144982274295
talraph_gilgalad_amdir,0.26024724662732135
tegilbor_annon_ryn,0.12145132917887151
thamas_gellui_lunt,0.002164700289777193
thangail_peredhel_cirdan,0.05863203299222118
thor_gellui_fae,0.38518469912131226
tirith_toll_raegdan,0.01455347862195515
tobas_manadh_nur,0.08507405300214782
toll_barad_ist,0.007745732840934328
uir_gli_gaur,0.05982536626809668
uruk_perian_minas,0.032626284935818727
vin_lossen_nur,0.03159230302533462
Dornhoth_lobor_rust,0.01190725397383531
Elrim_gwanur_duin,0.2410250438313113
Eluwaith_dol_rach,0.2063397631852349
Eluwaith_glae_nim,0.07812202443968969
Eluwaith_roch_faen,0.124228653770053
Gwathuirim_pent_aras,0.011993794562270793
Gwathuirim_rhovan_noroth,0.14702113787275714
Sindarin_Rochirrim_thor,0.02292501474685575
aeglir_nothrim_dunedhel,0.3834904064317227
aeruil_rusc_rach,0.026570547078393313
aes_dunadan_heleg,0.02514031129226695
aes_hend_harad,0.004294939481431283
agarwaen_faen_lain,0.011175823062506212
aglareb_Elrim_lin,0.05669819704908425
aglareb_minuial_acharn,0.006446256766529277
ah_sammar_cae,0.004259162884945013
aiglos_salab_edlothiad,0.07745966895086179
alae_luith_honeg,0.1375356891535473
alag_alae_galenas,0.014035477107740554
amarth_bregedur_bragol,0.2117959730614274
amarth_nost_firen,0.317227812222679
amlug_hervenn_pent,0.20100642069176108
amon_uan_aglareb,0.1366081698264049
angos_lebenedh_saig,0.22361724579083458
anwar_corf_galenas,0.11012981458956066
anwar_dunadan_curunir,0.008515982507406221
aphadrim_hub_laes,0.002256100704684558
araf_gwanur_malad,0.20139639786430513
araf_melethril_muinthel,0.08974024732081487
aranarth_lorn_balrog,0.10606219875100076
archam_malad_lang,0.015573905351303985
archam_mirdan_cabed,0.013866232999803331
archam_mithren_cugu,0.02392857812571291
badhor_soga_ylf,0.144477225999152
bain_tegilbor_balrog,0.00029567102928735223
bass_cenedril_navaer,0.07827534359748754
bellas_imrath_uruk,0.04314213645151331
braig_alae_lobor,0.06210143017856589
braig_heledh_iaun,0.011857316198889018
bregedur_forodrim_lin,0.20837474746836687
bregedur_limlug_thamas,0.18242408309972158
bronwe_thangail_rhosc,0.26394486021586805
cair_naer_sogannen,0.07764907113608092
caras_Eluwaith_morn,0.00307264175078774
caras_in_pilin,0.16241998869402968
celeb_lang_hud,0.03764272078440808
cyron_eglan_harad,0.011077490208587719
dam_heledir_faun,0.021402709228863
dannas_iaun_per,0.30289334981708904
echad_agarwaen_pennas,0.008875620154285628
edlothiad_cirdan_limlug,0.014311438342120657
eglan_araf_gwachaedir,0.07175360787566444
eilian_aglareb_laes,0.05643866022090089
eirien_galadhrim_hervenn,0.3269864145267337
eirien_pess_cund,0.02241209271770782
eirien_tinuviel_gwend,0.503797486339843
erchion_cabor_gador,0.019300469975772613
eredh_cae_lalaith,0.003655197476429551
fae_imloth_calad,0.27796040337350225
fang_glaur_amloth,0.06486243127322508
faradrim_hand_aglareb,0.12266262536420368
fast_bragol_menel,0.07094485679695961
faun_tamin_draug,0.0037835511323838816
fern_cirion_lalaith,0.18433163159609683
fern_haradrim_Eru,0.005307419725581871
fern_lunt_gilgalad,0.17304850622226253
fern_rom_amloth,0.02829456425166556
fervain_noroth_galadhrim,0.1941942406843253
fervain_sirion_celon,0.01886396282842094
firiel_dam_randir,0.003993914104232097
fuin_naer_Ennor,0.006253231727459525
gador_hal_bragol,0.2091112819857356
gador_roch_heledir,0.06476032435989723
gador_uruk_thor,0.08451359126665033
galadh_Tawarwaith_Druadan,0.4121962165639375
galadh_aear_magor,0.12163549367235835
galadhrim_eryn_Mithrim,0.4841990604685237
galenas_hand_heleg,0.00403096893263968
galenas_lebed_min,0.2457885382328241
galvorn_cair_Mithrim,0.12643290607776383
gath_caras_pennas,0.004437528555016665
gil_Eluwaith_morn,0.2621639443835951
glandagol_rhach_rhosc,0.09930801378727323
glaur_cund_aglareb,0.06152733381636765
gli_ablad_riel,0.020681524865234297
grond_forodrim_nimbrethil,0.09380737355642339
gul_minuial_saig,0.004137766087607991
guldur_lathron_rochir,0.08180098214261568
gwachaedir_bass_heledh,0.02909971921872097
gwador_saelor_gondrath,0.014825986228401249
gwael_lebdas_raegdan,0.013659797469475245
gwanur_Druadan_imrath,0.1103761617528438
gwaun_lasguil_mil,0.08371873085693848
gwilwileth_ah_forodrim,0.039984285546531016
hador_maen_pent,0.09144466917669307
haeron_aeruil_tegilbor,0.2442452117355506
haeron_ennorath_ris,0.0096651516925801
hand_ennorath_amloth,0.034474984284181456
harad_gador_roch,0.1296594946583666
haradrim_meldir_edlothiad,0.15780621843666384
heleg_roch_nana,0.10769168939773044
helegnen_anann_eglan,0.09751167143353341
helegnen_heleg_nost,0.08586963220663744
hend_amlug_nur,0.23847009249003023
hervenn_rusc_graw,0.0023110019747239366
hervess_aear_uanui,0.10377639305543448
hervess_lhug_limlug,0.37272617791830887
ingem_rochben_fast,0.2704175228207746
ingem_tang_gilgalad,0.2257236203556477
iphant_Tawarwaith_ulug,0.052669571122431
lachenn_iaun_nagol,0.5063344499373774
laer_tamin_Druadan,0.17234207120855966
lebed_mindon_rhach,0.012434999610536717
lebenedh_baneth_salab,0.2742996342183625
lend_haust_Sindarin,0.006092917720947741
limlug_celair_midh,0.07290771564647995
lorn_galenas_hador,0.010957217185539289
lorn_helegnen_meldir,0.15277275348588376
loss_mithril_eryn,0.49833800450698457
lost_gwanur_loss,0.0294179556665566
luin_gath_aranarth,0.1748290264982886
luith_faen_elvellon,0.05536142762946036
luith_salab_law,0.003807907469720756
lunt_lang_dannas,0.5664991666727301
magor_lang_dagnir,0.46216788204660175
magor_rust_cenedril,0.002083288086217738
manadh_gath_limlug,0.08891327708300908
min_midh_ram,0.2742125037518324
minuial_pent_tamin,0.10803223992342463
muinthel_galvorn_lalaith,0.4066122379205685
myril_pent_hun,0.01208984717974094
myril_rom_ist,0.35896630386298467
nell_loss_dirnaith,0.011517123773327476
nothrim_cabor_adan,0.07893450678225618
paich_pethron_hud,0.16369782529835933
pennas_bregedur_cae,0.033483145484442416
per_honeg_gwarth,0.22497734312801415
peredhel_fern_Mithrim,0.014424835221808976
peredhel_lin_haudh,0.04004247143630131
perian_lang_roch,0.17014888183523358
raef_Mithrim_hul,0.07902802671925922
randir_imrath_lagor,0.03428456256330456
raug_galadh_gorn,0.15282977507766568
rhach_lathron_ninglor,0.041120765907050945
rhach_sogannen_adab,0.06034035416043139
rhovan_lavan_in,0.10518454702143595
riel_aerlinn_glae,0.18081590019429591
riel_yll_pilin,0.02043198351939242
roch_yll_cuin,0.09897190870080318
rochir_rhovan_gaurwaith,0.003041940546169902
rochir_rudh_dol,0.07518889735716604
rodwen_ira_aes,0.03248647944442419
rovalug_cirion_rhun,0.18529902606057821
rudh_uir_morgul,0.28297947475685997
rusc_aphadrim_bain,0.0026453735347313685
ryn_lunt_balrog,0.07983800585920278
saelor_cae_Eru,0.033836849506130494
saew_meldir_cuin,0.20797836489394728
saig_rhovan_adan,0.002937252644459377
sammar_ablad_Sindarin,0.09881358611882891
sirion_lass_cirdan,0.23739392328033077
sogannen_noroth_gwend,0.17287998775317404
talraph_nagol_baneth,0.3544137335205353
talraph_saelor_cugu,0.010888431396447861
tavor_glamor_heledh,0.14371033123016383
thamas_cenedril_hul,0.24974773692063867
thurin_aerlinn_Eru,0.007774363645747428
tinuviel_lasguil_roch,0.22872424463123892
tobas_lunt_faun,0.024953945400679647
uan_nagol_ram,0.22626611139771202
uanui_naer_salab,0.001432540205214793
uanui_tamin_saelor,0.042313457386702266
uir_limlug_fuin,0.0686073790061166
ulug_cirion_hub,0.021370024228437524
ulug_gath_thurin,0.284290350400501
ungol_Gonhir_nath,0.1195630263916741
vin_echad_hador,0.014290860671855851
ylf_rudh_rodwen,0.049399041904455376
yll_dagnir_aear,0.041155451911066225
Eru_firion_malad,0.0057101984162645615
Rochirrim_tinuviel_raegdan,0.006380979150670818
Sindarin_nagol_peredhel,0.0007544463688414164
acharn_tirith_bain,0.004948367236054914
achas_cabor_dam,0.006381346651562924
achas_sogannen_laes,0.22052304247009893
aerlinn_ist_muinthel,0.027172766072756472
agar_toll_edlothiad,0.1434785772452332
agarwaen_ablad_thangail,0.2378402732106288
agor_lacha_achas,0.14320162228930228
aiglos_firen_min,0.25149861771010207
alag_cirion_emel,0.1495080806682712
alag_imrath_onodrim,0.006285551625743553
amarth_gwaloth_firiel,0.004076022743632045
amon_ai_saelor,0.01534134452495386
angos_tinnu_hend,0.0031560586062019573
ank_tann_pendrath,0.0021926933662652485
aran_glaur_thangail,0.0943553083016707
aranarth_baug_nana,0.18886581094751406
aranarth_heledir_ylf,0.191673335463973
baneth_cund_hand,0.08506051168318822
bass_faen_Tawarwaith,0.10251420849690092
bronwe_dam_galadh,0.0028091847187937218
bronwe_salph_laer,0.007489975178048786
cabed_curunir_agor,0.013793737195975639
cae_yll_lossen,0.01795525071489988
cair_per_maecheneb,0.018234117437836338
celair_Druadan_pethron,0.1789594118877748
cenedril_bronwe_nur,0.03988997093181136
certh_ennorath_salph,0.16201343246440036
certh_tang_hub,0.015337082529158927
corch_morn_laes,0.00021980950255896144
curunir_pilin_tegilbor,0.02731497171228677
daen_salph_mir,0.0901686023133917
dol_raef_gond,0.09985449046892
draug_ulug_aear,0.12935542425032126
draug_yll_per,0.11641056321020125
drego_barad_edlothiad,0.061923672736086705
duin_aduial_rochir,0.06888740491004572
duin_gath_bregedur,0.01581217636876947
duin_hwiniol_amlug,0.002889772204780919
echad_hend_ithildin,0.1906912540949852
edlothiad_fast_gellui,0.27774996397409346
emel_aran_rochir,0.09552088570222235
ennorath_drafn_rach,0.009179380014897605
erchion_nur_heledir,0.09530092000536779
eryn_tinuviel_luith,0.18763453093427754
espalass_onodrim_guldur,0.04048125791583402
fae_imlad_nagol,0.29727285312215046
faen_mund_gwathui,0.017516863381672538
faen_pilin_hervenn,0.040765594112273686
fast_muil_aes,0.15377200554925835
faun_glandagol_raug,0.011925841018160448
fern_sammar_Ennor,0.04629771206586507
fervain_gellui_Mirion,0.05438678482434128
fervain_gwaun_hadhod,0.1732374350418002
firen_nadhras_thor,0.007574335764677909
firiel_amlug_imloth,0.0017265420605670494
galas_gaw_drafn,0.22599423345086436
galvorn_haudh_celeb,0.0025260800403845464
gath_iaun_galas,0.1392182164193159
gaurwaith_achas_mirdan,0.008874231323889393
gaw_luithien_laug,0.16105032391464968
gellui_emel_laug,0.008854885560347116
gil_hwiniol_nadhras,0.03713421843046805
glamog_cabor_ennorath,0.20228109121796853
glandagol_gwathui_neledh,0.21185865563729345
glandagol_ryn_parf,0.17945355394476498
glass_thurin_inias,0.03511734502202234
gli_amloth_thul,0.16277353599982064
gondrath_hun_pod,0.1271229907959558
graw_Druadan_adar,0.0033277747215891373
gwachaedir_cirdan_hwiniol,0.04704488894899236
gwachaedir_ylf_iphant,0.10185896948075991
gwador_glandagol_myril,0.07983086905748234
gwarth_hal_alph,0.01088344359450085
gwend_hun_sogannen,0.06007478707595874
hand_gul_nost,0.1571793916334112
harad_melethril_eilian,0.0035134579237703044
haudh_alag_cuil,0.0023439011571225765
haudh_draug_peredhel,0.029668752973610282
haudh_ist_grond,0.05311716676005098
helegnen_dannas_ithron,0.16061724243513378
hend_duin_gul,0.15590213116310844
hervenn_mithril_neledh,0.0023996167280608033
hervenn_pennas_agor,0.21795201166353198
honeg_lorn_fuin,0.136254888844659
hud_Gonhir_aerlinn,0.004081275650991888
hud_aeglir_noroth,0.23867075336459476
hun_glaur_nost,0.6925838831840997
iar_cugu_ist,0.11351336702698646
ingem_badhor_law,0.006698013708041696
ingem_nagol_lhug,0.014544714112599928
inias_bellas_Sindarin,0.5068326762207451
ithron_cund_minas,0.007311477101006545
laer_elvellon_gondrath,0.014512435437102482
laes_haradrim_adan,0.05089423488744058
lagor_aeruil_braig,0.031538086608771006
lagor_peredhel_neledh,0.1890736118831237
lagor_uruk_lavan,0.0492756614961894
lavan_adel_celon,0.6042837725939443
law_Mithrim_fern,0.005517820417835904
law_gath_balrog,0.73732894917435
lebenedh_hervenn_tirith,0.09317951402188036
lebenedh_lachenn_dunadan,0.017214108682576407
lost_saelor_gul,0.003771585283762292
luin_nimbrethil_mindon,0.11894678824322853
luith_Eru_nana,0.16165501699511806
luithien_gilgalad_graw,0.2698962422776978
lunt_glae_gondrath,0.12751241875738273
maethor_tang_mil,0.05342078057712026
magol_dagnir_eirien,0.043976386705078224
malad_dagnir_paich,0.12030425745621531
manadh_thul_amon,0.010457123907964562
melethril_lhug_acharn,0.15372234316567573
melethril_meldir_annon,0.08104236948726057
minai_maethor_tathar,0.0016070280801141474
minai_pod_andrann,0.12172140443844298
minas_galvorn_achas,0.019050987761996
minuial_nimbrethil_lam,0.012688899509225395
mir_tavor_magor,0.18999835814683672
mithren_gobennas_thor,0.038947257444731424
mithril_adab_hast,0.030235926629720213
morgul_faen_ai,0.046389259105383655
morgul_lavan_cenedril,0.11716943906458846
muil_maecheneb_tachol,0.10157755964499157
myril_inias_maethor,0.020847050968238103
narthan_glass_Dornhoth,0.10212404044730938
nell_ninglor_firen,0.1391152782158508
nimp_amath_amon,0.016440314783678446
nimp_hervess_glamog,0.13384059775809595
nimp_talraph_fuin,0.5583141353944611
ninglor_ist_aranarth,0.12130042537213341
noroth_lend_mir,0.008568056962660726
noroth_ris_cuil,0.44514252136192006
nur_pod_eredh,0.002912352989203271
onodrim_dagnir_eglan,0.015508126268885165
parf_fuin_erchion,0.13982875018476193
parf_sirion_glae,0.32752975617765423
parf_ulug_anwar,0.025589655690145686
pendrath_thangail_glamog,0.0028305230368569885
pennas_helegnen_andrann,0.09123097817084538
per_lhug_amath,0.0025728681705526695
peredhel_barad_rist,0.32876541136581705
perian_law_lossen,0.010540775436473797
raef_eredh_gwaloth,0.008583464125915543
raef_talraph_gador,0.15226552250933598
rhovan_aras_ank,0.08590292411128624
ris_rochben_yll,0.008746316826330735
rist_raef_glamor,0.11482623818955519
romru_rhun_lathron,0.009176868314831093
saelor_hu_vin,0.0273227274278305
saer_adar_anann,0.003086490712263249
salab_ira_aranarth,0.1935413583610639
salph_nost_erchion,0.06920208272464806
sammar_tobas_cenedril,0.1426229320474607
soga_aras_grond,0.06307282731147901
tachol_saelor_puig,0.5431292675529723
talraph_imlad_draug,0.04036785353230372
tann_min_limlug,0.16397587405123742
tann_salph_tinuviel,0.03432669152914374
tathar_aiglos_fast,0.06696410951426295
tathar_duin_raug,0.14563804185254803
thamas_cund_rochben,0.010599101973002099
thangail_Dornhoth_achas,0.14333969745833183
thor_caras_aran,0.020671336575492985
thul_adan_lend,0.0025849632710882673
tirith_galadh_barad,0.07390137653145247
tirith_salab_randir,0.0020498462524301156
tobas_hud_lebed,0.011979484638936756
ulug_ang_randir,0.03279094320852769
ulug_riel_pess,0.043432734877299234
ungol_cund_mereth,0.24540365799729394
Dornhoth_firion_fern,0.19698117100509563
Druadan_aegas_Ennor,0.08041259604539262
Gonhir_saew_rom,0.006339679258783123
Gwathuirim_Eluwaith_aes,0.028218159113279143
Gwathuirim_aduial_gli,0.008968302389398691
Ithil_galenas_andrann,0.05818904435334759
Mirion_rach_malad,0.06800295639894337
ablad_aiglos_rochir,0.007700535974857992
achad_andrann_celon,0.003779648691304866
acharn_thul_gul,0.16921926928939537
achas_suil_dunadan,0.049329517087221816
adel_imrad_bain,0.05263572680939767
aear_Mithrim_iaun,0.17293786664158878
aegas_lam_haudh,0.02694910336144214
aes_dunadan_gaw,0.015144199140063192
aes_noroth_imlad,0.2454605588540497
aglareb_aran_hub,0.13190004804556232
aglareb_nidh_aith,0.03370983032283386
ah_heron_sammar,0.00659912451859681
ai_eredh_nimbrethil,0.06916802661761629
ai_raef_aiglos,0.009635792620441126
alph_nur_gwarth,0.0029928335126077187
amarth_rhovan_saelor,0.012137981452652758
amath_galadhrim_iar,0.005789230286764741
amloth_cabed_achas,0.09158132104405962
amon_navaer_Mirion,0.021654505726490785
amon_tamin_gwilwileth,0.007222098940615093
ang_duin_tinnu,0.16313762337192803
ank_tamin_soga,0.001620465534069387
ank_tavor_nimp,0.016363793172732316
annon_corf_galadhrim,0.182560400385793
annon_nana_vin,0.001078403756328073
anwar_haeron_amon,0.04371337152501566
aphadrim_angos_eglan,0.05154444853172442
aran_rochir_pilin,0.005285606354932847
aranarth_malad_thamas,0.07500777480525568
balrog_faradrim_honeg,0.03659781492404308
baneth_gobennas_lang,0.006749990710747915
bass_faun_andrann,0.06010411764806993
bass_imrath_gond,0.019498181931613574
braig_thor_peredhel,0.05216549317789104
calad_amath_bragol,0.004473158359232171
celon_galvorn_lalaith,0.01063339242209901
corch_drafn_thurin,0.02139148092893693
cuil_mindon_galvorn,0.17101098810384507
dagnir_soga_loss,0.2013806235125867
dam_pennas_gwachaedir,0.1555558987727544
draug_alag_nothrim,0.0014615754532063048
draug_rusc_nost,0.09703131974318388
drego_celair_imloth,0.014663758334875116
dunedhel_aes_firen,0.00417237446547139
eryn_magol_mil,0.04738714471613223
espalass_aeruil_imloth,0.001252491610990806
fae_cabed_gond,0.021537035818484672
fae_gil_erchion,0.021450320328043764
fervain_tamin_aranarth,0.010101392041870386
firen_nestad_gath,0.022225847916719676
firiel_ingem_fae,0.3180025017564154
firiel_mil_romru,0.06587627962566654
gador_dirnaith_rach,0.028445007600351995
gador_ingem_cund,0.030665465323244177
galad_haudh_salab,0.24957216696324902
galadhrim_gwarth_echad,0.020841284592627157
galenas_lobor_panas,0.007943629298940522
gas_mil_hend,0.19022334356907433
gas_tachol_lass,0.0660428412466956
gath_bronwe_hadhod,0.19416270941884953
gath_nimp_law,0.021320581593359558
gil_aeglir_haust,0.20398045933689024
gilgalad_elu_ryn,0.02158272515128797
glandagol_angos_lathron,0.04017008940304604
gond_nimbrethil_fae,0.022421658341326554
gondrath_ennorath_dunedhel,0.0035887503271326403
gwanur_haust_melethron,0.061167831215477586
hadhod_glamog_gaw,0.022343458319743617
heledir_cyron_tinuviel,0.01383480006480759
hervess_Druadan_rach,0.013968649566018579
hervess_nestad_hervenn,0.14254916043998433
hervess_uan_nana,0.10394405921585446
hu_midh_firion,0.0025248842298765365
hub_amdir_magor,0.16806428600683107
hub_cair_imloth,0.01561494237581144
hud_firen_rhach,0.04375229998524358
hul_tann_Sindarin,0.26782835919926384
hul_uan_hador,0.10704552501053527
hun_Ithil_forodrim,0.07788984090929182
hun_guldur_Gonhir,0.006319536329527365
hun_nimp_aderthad,0.004194083379601699
idhren_naer_haeron,0.0036108395292091798
imloth_Dornhoth_faun,0.18692995290086917
imrad_elu_peredhel,0.003323353802567735
ithron_aiglos_heron,0.037757357168195886
lacha_rom_braig,0.01052204762413001
lagor_Eluwaith_ogol,0.013790142399492684
lain_aderthad_rovalug,0.025322274598511968
lalaith_annon_glandagol,0.021326080896146772
lalaith_gwend_adab,0.08706699360606036
lalaith_panas_drego,0.025299487163364692
lam_Mithrim_gath,0.06658595359132942
lang_firiel_maen,0.32406343440767643
lang_gwador_sogannen,0.4000866039183332
lang_lachenn_noroth,0.04822204837357455
lathron_andrann_achas,0.023470612725405574
law_ang_raegdan,0.016273236985020086
lebdas_gilgalad_agarwaen,0.006692332203355391
lhug_aras_lass,0.1514632686894232
lobor_gaw_dam,0.0041865216592545254
lorn_espalass_hal,0.013883341942868895
luithien_dagnir_luin,0.008961375066681652
maecheneb_thul_ist,0.02193391710941631
maethor_andrann_aphadrim,0.049154334816155124
maethor_gwador_yll,0.5664852638842923
magor_haradrim_lain,0.06885464744867324
malad_nell_tann,0.0649228077933466
melethril_lavan_gwaun,0.08059559589343462
menel_aes_lasguil,0.030719467338266207
merilin_aderthad_ah,0.005830872935864155
mil_Gwathuirim_lorn,0.004032916894497616
minai_hador_balrog,0.007182648668299466
minuial_certh_annon,0.16872920538518285
minuial_melethron_ank,0.040060171397843854
minuial_nost_gilgalad,0.009255927579145213
mir_Druadan_tachol,0.03295375047363808
mir_uan_aglareb,0.0586560608963637
muil_rodwen_alae,0.07555103012140751
mund_raug_riel,0.014284487492351847
myril_hud_nestad,0.01628558435566527
nadhras_braig_inias,0.011996823015380537
nadhras_suil_ungol,0.17395617952354192
nagol_dagnir_Rochirrim,0.006312241178186248
narthan_lagor_gond,0.01581990753899749
nath_tachol_haudh,0.04239416762493163
neledh_aerlinn_pod,0.08466575488191644
nestad_galenas_tathar,0.008429267515647593
nestad_lhug_ang,0.283657365322732
nimbrethil_galenas_saer,0.0036062927211324876
nimbrethil_puig_sammar,0.11996856916729573
nimbrethil_ruith_gil,0.0687389977641814
nur_rhosc_nana,0.03616509012085264
panas_saelor_guldur,0.00537162143634793
perian_in_sammar,0.0022464825816207574
pess_pennas_drafn,0.017101612524765376
pethron_rodwen_lachenn,0.030895895861760333
pilin_lacha_per,0.40799749631886967
pod_imrath_randir,0.06181865635708845
pod_toll_helegnen,0.04828410797258692
raef_elu_nost,0.008215461177453063
raef_mithril_salph,0.003375249141056017
rhosc_ingem_eredh,0.031379656363938746
rhovan_gwend_hub,0.11430542738050507
riel_eryn_firion,0.0022307580281693746
ris_gwael_ulug,0.007752254433606976
rochir_bronwe_gwarth,0.12464505858628279
rom_parf_lunt,0.003638504272057373
romru_nidh_ennorath,0.19638410443645124
ruith_thul_gwachaedir,0.012345903920203835
rust_erchion_pess,0.005930891668517558
ryn_acharn_laes,0.18052476738350712
ryn_badhor_cenedril,0.1896793877922767
sador_duin_nost,0.08366214478182021
sador_haudh_roch,0.38185112740139976
saelor_luith_galadh,0.007508960443307316
soga_haudh_rochben,0.011090203041473724
suil_gwanur_uan,0.23615851412486882
tamin_lend_hub,0.07065198187167905
tang_aiglos_puig,0.39294212037908405
tann_lunt_guldur,0.22440614687255983
tavor_caras_luin,0.00728758660839126
tegilbor_pod_puig,0.010921650838306362
thangail_Eru_dol,0.039520400814394785
thor_pilin_salph,0.17806511784327153
tinnu_mil_lacha,0.12813744228018242
tinuviel_duin_emel,0.029457717220652064
tobas_mir_panas,0.0073887904519888276
toll_gas_rhosc,0.04735584844976516
uanui_dol_celon,0.04109451857749497
ungol_acharn_lin,0.08109795547319483
ungol_fuin_noroth,0.019357753851459342
uruk_imloth_thul,0.018740095297182936
yll_sogannen_lain,0.00982945902100543
Dornhoth_lebed_lembas,0.03849645566280508
Elrim_imlad_malad,0.011732526512477767
Ennor_law_grond,0.05027501415784114
Eru_cirion_amath,0.04164900746579821
Gwathuirim_imloth_ithron,0.24001972335139168
Mithrim_pennas_eredh,0.0542528817908722
Sindarin_cae_laes,0.10171983376200489
Tawarwaith_gaw_laug,0.1852058022088409
ablad_iphant_elvellon,0.004307668699765304
adan_Tawarwaith_cund,0.047999553360717394
adel_rhovan_ris,0.014193554722231078
aear_lhug_amlug,0.1509816751420197
aeglir_meldir_cabed,0.10783256873325439
agor_heledh_elvellon,0.20618198688499734
alagos_amlug_melethril,0.004194558376568056
alagos_guldur_hud,0.09281051683003007
alagos_uruk_gas,0.0009191044445847396
amdir_glandagol_ingem,0.001532662911313337
amloth_fuin_baug,0.11786290710041898
ang_ylf_laes,0.04725258361008132
aphadrim_sirion_adan,0.02677017601715344
araf_imrath_cae,0.0667031308500216
aran_aegas_dagnir,0.02218769127947832
aranarth_cae_celair,0.2804898496600691
aranarth_glae_adan,0.5979068008890178
aras_Eluwaith_vin,0.020037699393287124
aras_lathron_galenas,0.08050664307345592
archam_echad_lalaith,0.10217360116640299
bain_bregedur_lalaith,0.028388514602543994
baneth_lorn_firen,0.1141530248615171
barad_gellui_minas,0.15522294307019754
bragol_araf_lhug,0.17186159103152915
braig_neledh_saer,0.0021578193332411595
bregedur_gwathui_lend,0.02096506922337357
bregedur_laes_firiel,0.0366400199456313
bregedur_lebed_mil,0.003375995594013912
cabor_tang_ninglor,0.2939340956612697
callon_rach_ai,0.015166352333405016
caras_loss_vin,0.07421855380560691
celon_gwachaedir_faen,0.016755055024908684
certh_lagor_cabed,0.248611548820607
corch_riel_lathron,0.00024044023228959592
corf_espalass_gil,0.20801531626872768
cyron_hun_ai,0.14144410231138027
dannas_cabed_glaur,0.10162926066366297
dannas_hand_lavan,0.0010901625679436407
dirnaith_grond_gwaun,0.08631505832455566
drafn_cae_ai,0.0006091470201550776
draug_panas_tinuviel,0.1212897683964722
drego_elu_lagor,0.0890970473024065
dunadan_Ennor_roch,0.41615226412855183
echad_lasguil_amath,0.07145186918678888
echad_mir_mindon,0.12709140806444474
echad_yll_sador,0.007636758943573685
elu_min_ruith,0.1105766549423452
elu_nothrim_maecheneb,0.13294603287696927
emel_Tawarwaith_maecheneb,0.02960246407487117
emel_saer_pendrath,0.02345816325006612
ennorath_lathron_iaun,0.0013340792888761417
espalass_mithril_ah,0.007072089986443403
faen_gond_alagos,0.003734378866191223
faen_naer_anann,0.007520603508029624
fang_gilgalad_haradrim,0.06669230187764333
fast_graw_ist,0.004906050189902683
fast_haradrim_lembas,0.024817533289362908
fern_gador_gli,0.0007315419120466686
firion_tavor_gaw,0.005580457115835104
galad_hervenn_minai,0.06748142843706387
galas_cenedril_gul,0.0017136427601973801
gaurwaith_braig_guldur,0.08828420548362116
gellui_Dornhoth_glass,0.012118702099428065
gellui_mithren_lacha,0.00964662561863848
gondrath_agor_tinuviel,0.0170432034018108
gondrath_sogannen_cyron,0.10186771427644704
gwachaedir_dirnaith_cae,0.183667569403196
gwador_baug_glass,0.1554727790352605
gwador_ist_baug,0.16481661264368444
gwael_hador_lasguil,0.03781133496206624
gwael_pendrath_rochben,0.2158938057306017
gwaloth_lasguil_Tawarwaith,0.003305232979951668
gwaloth_tavor_melethril,0.018333074497978556
gwanur_narthan_rochir,0.01943965491102862
gwend_gwanur_angos,0.004058463771997624
hal_elvellon_lend,0.14480878159750707
hand_fuin_meril,0.06583377016463987
hast_andrann_Rochirrim,0.0024586314952902413
haudh_melethril_midh,0.005730181564593267
heledir_Tawarwaith_hast,0.2050167470561622
helegnen_pess_bass,0.002232976247837648
heron_rhosc_nur,0.08906726656165671
hun_rudh_lin,0.009704211242161644
hwiniol_nothrim_ulug,0.15512479482512515
hwiniol_riel_eilian,0.134376905908751
iar_lobor_iphant,0.005662664662492065
iaun_magol_corch,0.051681512750582796
iaun_pethron_aras,0.0018195976880013935
idhren_ithildin_lam,0.07570614817893863
imlad_cabed_glamor,0.08277287014190292
in_amarth_luithien,0.0068337501783559745
inias_gwachaedir_tachol,0.007897188725120505
lachenn_maecheneb_gilgalad,0.1525658778346947
laer_uruk_soga,0.0056379902930914876
lalaith_gador_tang,0.0007798496724825626
lasguil_lam_forodrim,0.006923153135481666
lathron_draug_malad,0.011664881107837616
laug_tavor_nagol,0.018741290339602985
lavan_dunadan_gul,0.1579044638693433
law_nimp_aegas,0.042437887529857506
lembas_mithril_nell,0.044846157869267794
lin_minuial_loss,0.12956034079820708
lobor_amloth_thangail,0.07228156342177053
loss_bellas_lost,0.005979494274430979
lossen_tobas_gilgalad,0.25950621905543153
lost_cugu_laer,0.028989241113232905
luith_bragol_gwaun,0.0634515100210519
luithien_achad_gwael,0.3510896386004244
manadh_alag_ram,0.11299867418378456
melethril_noroth_aeruil,0.07979121490849456
menel_aegas_amlug,0.06927227894668408
menel_baneth_merilin,0.044879667505632374
mereth_tachol_tann,0.03612433549164129
minai_curunir_cair,0.0031123417128636993
minai_lebenedh_pennas,0.0008777813758337685
minas_aras_adan,0.013538329095730097
minas_imrad_rist,0.2640431127362726
minas_tegilbor_gil,0.06568856238655188
mindon_hud_thor,0.00811278741968863
mindon_ram_tinuviel,0.002812696880415667
mirdan_callon_archam,0.003845773982254043
mirdan_sador_aes,0.054264457947361615
mithril_anann_paich,0.006012354454762901
morgul_cirdan_galenas,0.06919483116714087
morn_thul_amdir,0.005675944995532957
mund_hadhod_celeb,0.05784629060433796
mund_iaun_saelor,0.004573254187495781
nadhras_tinuviel_Ennor,0.12305170027804731
naer_fae_Druadan,0.02966484290907654
nagol_lend_rochben,0.060731013616451626
nath_bass_hador,0.13721123683425152
nell_faun_hervenn,0.0004493622712654695
nidh_cuil_agor,0.039053254401801116
nim_guldur_lang,0.006946533514859589
noroth_anann_emel,0.034798144203239297
nost_cugu_mir,0.032101694371662874
nost_imlad_aderthad,0.18197731871413378
nothrim_cirion_raef,0.004615142095598581
nothrim_tegilbor_hadhod,0.004373851743348191
nur_navaer_rist,0.04815953849937989
ogol_espalass_gwarth,0.11743983538032216
onodrim_riel_elvellon,0.0264636680181618
panas_firion_dunadan,0.006711233275440168
pent_nana_faun,0.021846403550470392
per_sammar_toll,0.017100348734396264
raef_Dornhoth_lathron,0.04685478648574391
randir_nur_alagos,0.07743340616080537
raug_rach_barad,0.025398891059433052
rhovan_uan_bronwe,0.1282768669437383
rochben_ithron_galenas,0.06620593977135819
rochir_grond_aphadrim,0.15339905225181266
romru_amath_gondrath,0.023304917776439376
rudh_lang_min,0.26585665497416383
ruith_aran_espalass,0.26063714332133153
rust_min_lebdas,0.048377882699618506
saelor_Gonhir_hu,0.04690638263397298
saer_amlug_amdir,0.09015319693389201
saig_mil_laug,0.003121206885031627
sammar_pod_tirith,0.01652933057293504
talraph_erchion_hend,0.002568507165167935
tann_hu_emel,0.3272570606813837
tann_menel_bronwe,0.13765938399255662
tathar_rodwen_hud,0.006925162118609772
tavor_rusc_lebed,0.00024585408791850987
thavron_agar_cabor,0.002126525960935146
thor_aglareb_Gwathuirim,0.13311322917133125
tinuviel_Druadan_fervain,0.015384752758952451
uan_angos_tang,0.015336653591821427
uan_araf_nothrim,0.005534445418630519
uan_hervess_magol,0.0012338758915345937
uanui_thurin_pod,0.09429243910846408
ungol_luin_bregedur,0.013526198193297324
uruk_araf_inias,0.16568160306395857
uruk_sirion_uir,0.18374188662588098
yll_echad_iar,0.005774554959210088
Dornhoth_nestad_hu,0.003678286465168984
Eluwaith_Ithil_heron,0.01933765248682772
Ithil_galas_aes,0.18014948713980344
Mirion_mil_gaw,0.086753417847559
Mithrim_onodrim_talraph,0.017386942561060038
acharn_firen_peredhel,0.0798687506367052
achas_echad_glaur,0.08425805100719429
adab_anann_gwador,0.09634329070956962
adab_thor_glae,0.2805333903836122
adan_rist_per,0.1434970368289515
adan_saer_gath,0.3091232284047646
aduial_bass_espalass,0.030982514299062774
aear_forodrim_limlug,0.03460638119974674
aeruil_ai_firion,0.0680592087859083
aes_law_araf,0.001760970120538071
aiglos_lebed_ungol,0.15165663265382143
alae_Ennor_cair,0.015770748768334238
alae_haudh_firiel,0.006666318844480282
alag_ogol_muinthel,0.0618180754840376
alph_thul_ris,0.059452704648347725
amarth_onodrim_gwathui,0.0018176516292902195
anann_sogannen_thamas,0.004858899396720918
ang_alagos_gwador,0.021241923066749817
ang_pess_hu,0.1975442338320547
ank_hul_gwarth,0.055157208322336164
annon_lain_morn,0.005467287463325884
aras_amlug_galenas,0.0720714573165329
baneth_melethron_pod,0.03548765082759417
baug_aduial_meldir,0.08378069679818949
bellas_rust_agor,0.050819724370403635
braig_rom_ang,0.006819576814827752
cabed_rist_celair,0.3490602421102379
calad_melethril_ogol,0.013610608719892068
callon_certh_maen,0.09420267277001303
caras_rach_nothrim,0.05771134808218219
celair_calad_limlug,0.004936462693164814
certh_gwend_aegas,0.05606364330657122
cirion_lebed_forodrim,0.14461902492637202
cirion_mir_pent,0.10646486939090576
cugu_amarth_tobas,0.21429519906597694
cuin_hast_faen,0.011576031337077424
cuin_lin_erchion,0.13091118912017394
cund_bragol_dirnaith,0.006081951622995836
curunir_heleg_hu,0.09679256728099303
cyron_draug_bain,0.005355471199162372
cyron_duin_cuin,0.10358336170978719
dannas_ah_tang,0.056427241185839805
dirnaith_galadh_aiglos,0.10544998682160073
dol_meldir_celair,0.26292209386718857
draug_cabor_tamin,0.21168255454325294
draug_ennorath_nadhras,0.03518375815812753
draug_rhovan_drego,0.05084308157421963
eirien_galad_fervain,0.13656834558088352
eryn_drafn_rust,0.041982429172609324
eryn_ogol_ang,0.0026833180122399114
fae_ang_limlug,0.07900052937918503
fae_elvellon_echad,0.018733142366341507
faen_gellui_lebed,0.006647622334512744
faun_fern_hud,0.09401077516235203
fervain_roch_per,0.03659237959957926
firion_celeb_honeg,0.16344574859590408
forodrim_talraph_nestad,0.007255930725963804
fuin_dannas_hervenn,0.22552222283765977
galad_gobennas_idhren,0.07059160428296356
galadh_hand_luithien,0.013136093770688249
galadh_romru_lembas,0.062245224881840824
galadhrim_paich_rhovan,0.03565894444024861
galas_hub_gwaun,0.030456614483145638
galenas_lunt_thul,0.08945576608429463
glae_fuin_glamor,0.14786143375702435
glamor_aes_balrog,0.047114041036087566
glamor_mir_mithren,0.02140253946555674
glaur_nim_maethor,0.045824877021180786
gli_cabed_gwador,0.1713629979302361
gond_lebed_fast,0.42747965388774317
gondrath_Ithil_draug,0.0025608959418573635
gul_aeglir_baug,0.025567296213059386
gwachaedir_faradrim_aeglir,0.12799261788481037
gwilwileth_thangail_eirien,0.0033350557923241923
hador_mil_drego,0.002748236319211125
haeron_gas_ulug,0.07769385345272423
hal_thul_Ithil,0.23858033439470955
haradrim_meril_haeron,0.12170165727444388
haradrim_narthan_gwachaedir,0.2696000840368826
haust_corf_maen,0.005223607318403268
heleg_tegilbor_glaur,0.004949491112768673
helegnen_espalass_gaur,0.023895070217919073
helegnen_nimp_forodrim,0.0826997435673983
hend_galadh_cyron,0.06502739991487921
heron_aphadrim_ogol,0.151519329128117
honeg_harad_firion,0.20056489678755898
hu_gil_noroth,0.09443779578997538
hub_angos_erchion,0.02702564269464882
hun_galadhrim_lorn,0.002542914192754267
iaun_salph_gwarth,0.12862217124726597
ingem_gobennas_gaurwaith,0.4169781138967855
ithildin_gwachaedir_galad,0.008867307689585888
ithron_nost_dol,0.1588162953100788
laer_bass_echad,0.21853819356096585
laer_hun_rovalug,0.05038083654096708
lalaith_tang_uir,0.05129909732908693
law_lend_lachenn,0.38832886749570134
lebdas_nell_rodwen,0.013695110828630378
lebenedh_mirdan_gwilwileth,0.003301230814715001
limlug_lavan_aeglir,0.0009376304355924525
limlug_narthan_minuial,0.08805922239523836
lin_sogannen_morn,0.044396881947977605
lorn_nestad_hwiniol,0.002557919237224579
loss_min_sirion,0.020551037661112
lossen_gwathui_naer,0.008930212863631772
lost_nagol_Rochirrim,0.0452443164050851
lost_nimbrethil_paich,0.02888008547935321
luithien_glamog_mil,0.006768236588651121
maecheneb_alph_thamas,0.05489976565582159
maen_heron_rochir,0.0511947935300069
maethor_aear_lathron,0.015134446355673984
meldir_amon_toll,0.041486061577052806
melethron_lavan_rach,0.006633646365261412
merilin_forodrim_gath,0.2094112782444531
min_eirien_glamor,0.021377925714404892
mindon_nana_eilian,0.03199344246925638
mirdan_lost_paich,0.052591484522357033
mithren_balrog_nath,0.14601826548075447
mithren_forodrim_Gwathuirim,0.1430005950156053
nadhras_mithren_gwador,0.08380259610947813
narthan_badhor_haradrim,0.250501302569655
narthan_ylf_galadh,0.014456505511334088
nath_daen_gaurwaith,0.17626784472550708
nim_nestad_thor,0.003164307929931243
nimbrethil_fern_adan,0.1589359448488234
nimbrethil_iaun_araf,0.005382788140860535
nimp_edlothiad_lang,0.03134661221642017
nost_fast_gil,0.17722777252353272
nost_lend_baug,0.09979101663918184
nothrim_bass_Eluwaith,0.0444154174412868
nothrim_gador_fuin,0.027262073892494767
nothrim_noroth_nadhras,0.022165669858771032
parf_eglan_uruk,0.14380874000252694
per_eirien_haradrim,0.09759459907293337
pethron_luith_aran,0.037944583681742416
rach_bellas_dol,0.062040179238239804
raef_gwachaedir_ennorath,0.017376028918131146
randir_celair_tobas,0.14034433942762867
raug_eirien_pod,0.49043905338638094
raug_gwend_ris,0.07645665790630687
rhach_tegilbor_aiglos,0.008443956497060307
rhosc_heron_lorn,0.1253361969606057
rhosc_imloth_lasguil,0.005811043410826667
riel_gwador_meldir,0.17906172303068918
riel_lebdas_malad,0.012983977106631047
ris_gaw_cabed,0.13677631830222664
rist_luithien_aes,0.13678575795322007
rist_tinnu_perian,0.2821457466058643
roch_dagnir_luin,0.33988347779730965
roch_galadh_gwilwileth,0.08987082417019882
rochben_pess_toll,0.0073572717378422746
rochir_riel_cugu,0.024739850783474154
rodwen_aeruil_inias,0.1343267920077898
rodwen_iaun_gwachaedir,0.28665243945821517
romru_imloth_gaw,0.005605690185012276
rusc_lass_paich,0.007197080050135662
rusc_talraph_galas,0.011394454239428342
ryn_glamog_galenas,0.01617845496399516
tamin_inias_eilian,0.11861064296476014
tamin_toll_galvorn,0.0786950386079556
tathar_gwend_lang,0.0033017681278069383
tegilbor_echad_menel,0.001233182401559365
thamas_thurin_barad,0.03863092553544999
thavron_Eluwaith_mindon,0.14157670961811347
thul_hu_saew,0.007216689519709313
thul_nana_tegilbor,0.02585597535499635
tinuviel_hu_firiel,0.03344027297381447
tobas_lavan_glandagol,0.023257147342319314
tobas_maen_noroth,0.002310783407006063
uir_gellui_ist,0.007749492678595039
ungol_navaer_ablad,0.06082333543033616
ungol_ulug_saew,0.00229788258860125
uruk_Ennor_tirith,0.04101678581481694
ylf_faen_lost,0.08894002029249508
yll_firiel_ruith,0.00804653794942674
yll_randir_bragol,0.004566636984853876
