id,x,y,deg
001_0,s0.000000,s0.000000,s343.572258
002_0,s0.000000,s0.000000,s343.572258
002_1,s-0.215794,s-0.324858,s67.001565
003_0,s0.117031,s0.058816,s356.282546
003_1,s-0.358650,s-0.497679,s46.973571
003_2,s0.073366,s-0.325591,s234.379291
004_0,s0.142404,s0.065821,s353.749706
004_1,s-0.359392,s-0.573010,s29.128432
004_2,s0.073366,s-0.325591,s234.379291
004_3,s-0.287814,s0.306932,s48.434554
005_0,s0.133355,s0.071985,s355.863169
005_1,s-0.405411,s-0.652725,s25.853893
005_2,s0.057423,s-0.392878,s225.548850
005_3,s-0.331398,s0.320567,s25.695772
005_4,s0.544934,s-0.050957,s301.238122
006_0,s0.024180,s0.090731,s354.172022
006_1,s-0.420589,s-0.530147,s24.808995
006_2,s0.088106,s-0.410166,s236.599852
006_3,s-0.370078,s0.363727,s26.902576
006_4,s0.553007,s-0.073234,s309.728929
006_5,s0.867606,s0.691533,s67.131474
007_0,s0.037022,s0.027161,s356.591879
007_1,s-0.179858,s-1.057297,s25.515582
007_2,s0.203648,s-0.364294,s240.208903
007_3,s-0.370078,s0.363727,s26.902576
007_4,s0.593664,s0.034151,s309.023034
007_5,s0.917284,s0.741221,s76.684880
007_6,s-0.819692,s-0.146235,s24.732122
008_0,s0.012076,s0.123072,s363.163716
008_1,s-0.226206,s-0.973273,s13.715057
008_2,s0.086038,s-0.404672,s244.005048
008_3,s-0.550598,s0.525955,s43.394338
008_4,s0.543392,s-0.137150,s308.106263
008_5,s1.035887,s0.748250,s85.707447
008_6,s-0.745807,s-0.293843,s18.509115
008_7,s0.952033,s-0.362313,s197.586474
009_0,s-0.170800,s-0.065902,s322.165000
009_1,s-0.157613,s-1.001631,s27.165930
009_2,s0.086038,s-0.404672,s244.005048
009_3,s-0.227929,s0.632607,s33.715348
009_4,s0.543392,s-0.137150,s308.106263
009_5,s1.059447,s0.665541,s74.292113
009_6,s-0.928880,s-0.468669,s6.167399
009_7,s0.941920,s-0.402600,s187.107512
009_8,s-0.661023,s-0.877748,s98.758099
010_0,s-0.134493,s0.009974,s325.986511
010_1,s-0.117332,s-0.936401,s24.512074
010_2,s0.103314,s-0.385111,s240.175209
010_3,s-0.370712,s0.522977,s39.749551
010_4,s0.601235,s-0.200007,s310.218513
010_5,s0.817881,s0.623936,s57.897046
010_6,s-0.936790,s-0.375073,s0.762305
010_7,s1.003429,s-0.441044,s203.338662
010_8,s-0.656822,s-0.982972,s116.470475
010_9,s0.603643,s-1.099464,s109.343725
011_0,s-0.134493,s0.009974,s325.986511
011_1,s-0.117332,s-0.936401,s24.512074
011_2,s0.103314,s-0.385111,s240.175209
011_3,s-0.370712,s0.522977,s39.749551
011_4,s0.601235,s-0.200007,s310.218513
011_5,s0.817881,s0.623936,s57.897046
011_6,s-0.936790,s-0.375073,s0.762305
011_7,s1.003429,s-0.441044,s203.338662
011_8,s-0.656822,s-0.982972,s116.470475
011_9,s0.603643,s-1.099464,s109.343725
011_10,s-0.281326,s1.115059,s277.521222
012_0,s-0.134493,s0.009974,s325.986511
012_1,s-0.117332,s-0.936401,s24.512074
012_2,s0.103314,s-0.385111,s240.175209
012_3,s-0.370712,s0.522977,s39.749551
012_4,s0.601235,s-0.200007,s310.218513
012_5,s0.817881,s0.623936,s57.897046
012_6,s-0.936790,s-0.375073,s0.762305
012_7,s1.003429,s-0.441044,s203.338662
012_8,s-0.656822,s-0.982972,s116.470475
012_9,s0.603643,s-1.099464,s109.343725
012_10,s-0.281326,s1.115059,s277.521222
012_11,s-0.899820,s0.521464,s61.914923
013_0,s-0.134493,s0.009974,s325.986511
013_1,s-0.117332,s-0.936401,s24.512074
013_2,s0.103314,s-0.385111,s240.175209
013_3,s-0.370712,s0.522977,s39.749551
013_4,s0.601235,s-0.200007,s310.218513
013_5,s0.817881,s0.623936,s57.897046
013_6,s-0.936790,s-0.375073,s0.762305
013_7,s1.003429,s-0.441044,s203.338662
013_8,s-0.656822,s-0.982972,s116.470475
013_9,s0.603643,s-1.099464,s109.343725
013_10,s-0.281326,s1.115059,s277.521222
013_11,s-0.899820,s0.521464,s61.914923
013_12,s1.298979,s0.285577,s338.440247
014_0,s-0.134493,s0.009974,s325.986511
014_1,s-0.117332,s-0.936401,s24.512074
014_2,s0.103314,s-0.385111,s240.175209
014_3,s-0.370712,s0.522977,s39.749551
014_4,s0.601235,s-0.200007,s310.218513
014_5,s0.817881,s0.623936,s57.897046
014_6,s-0.936790,s-0.375073,s0.762305
014_7,s1.003429,s-0.441044,s203.338662
014_8,s-0.656822,s-0.982972,s116.470475
014_9,s0.603643,s-1.099464,s109.343725
014_10,s-0.281326,s1.115059,s277.521222
014_11,s-0.899820,s0.521464,s61.914923
014_12,s1.298979,s0.285577,s338.440247
014_13,s1.022296,s1.083979,s38.422923
015_0,s-0.134493,s0.009974,s325.986511
015_1,s-0.117332,s-0.936401,s24.512074
015_2,s0.103314,s-0.385111,s240.175209
015_3,s-0.370712,s0.522977,s39.749551
015_4,s0.601235,s-0.200007,s310.218513
015_5,s0.817881,s0.623936,s57.897046
015_6,s-0.936790,s-0.375073,s0.762305
015_7,s1.003429,s-0.441044,s203.338662
015_8,s-0.656822,s-0.982972,s116.470475
015_9,s0.603643,s-1.099464,s109.343725
015_10,s-0.281326,s1.115059,s277.521222
015_11,s-0.899820,s0.521464,s61.914923
015_12,s1.298979,s0.285577,s338.440247
015_13,s1.022296,s1.083979,s38.422923
015_14,s-1.301095,s0.222602,s122.132556
016_0,s-0.134493,s0.009974,s325.986511
016_1,s-0.159699,s-0.970455,s20.493098
016_2,s0.175925,s-0.425401,s238.082942
016_3,s-0.370712,s0.522977,s39.749551
016_4,s0.601235,s-0.200007,s310.218513
016_5,s0.817881,s0.623936,s57.897046
016_6,s-0.936790,s-0.375073,s0.762305
016_7,s1.133551,s-0.565862,s202.893184
016_8,s-0.689710,s-0.914568,s105.123285
016_9,s0.842226,s-1.161732,s113.316414
016_10,s-0.281326,s1.115059,s277.521222
016_11,s-0.899820,s0.521464,s61.914923
016_12,s1.298979,s0.285577,s338.440247
016_13,s1.022296,s1.083979,s38.422923
016_14,s-1.342286,s0.299926,s132.167974
016_15,s-0.999422,s1.091584,s31.256872
017_0,s-0.134493,s0.009974,s325.986511
017_1,s-0.159699,s-0.970455,s20.493098
017_2,s0.175925,s-0.425401,s238.082942
017_3,s-0.370712,s0.522977,s39.749551
017_4,s0.601235,s-0.200007,s310.218513
017_5,s0.817881,s0.623936,s57.897046
017_6,s-0.936790,s-0.375073,s0.762305
017_7,s1.133551,s-0.565862,s202.893184
017_8,s-0.689710,s-0.914568,s105.123285
017_9,s0.842226,s-1.161732,s113.316414
017_10,s-0.281326,s1.115059,s277.521222
017_11,s-0.899820,s0.521464,s61.914923
017_12,s1.298979,s0.285577,s338.440247
017_13,s1.022296,s1.083979,s38.422923
017_14,s-1.342286,s0.299926,s132.167974
017_15,s-0.999422,s1.091584,s31.256872
017_16,s0.174288,s1.630713,s65.192419
018_0,s-0.134493,s0.009974,s325.986511
018_1,s-0.159699,s-0.970455,s20.493098
018_2,s0.175925,s-0.425401,s238.082942
018_3,s-0.370712,s0.522977,s39.749551
018_4,s0.601235,s-0.200007,s310.218513
018_5,s0.817881,s0.623936,s57.897046
018_6,s-0.936790,s-0.375073,s0.762305
018_7,s1.133551,s-0.565862,s202.893184
018_8,s-0.689710,s-0.914568,s105.123285
018_9,s0.842226,s-1.161732,s113.316414
018_10,s-0.281326,s1.115059,s277.521222
018_11,s-0.899820,s0.521464,s61.914923
018_12,s1.298979,s0.285577,s338.440247
018_13,s1.022296,s1.083979,s38.422923
018_14,s-1.342286,s0.299926,s132.167974
018_15,s-0.999422,s1.091584,s31.256872
018_16,s0.174288,s1.630713,s65.192419
018_17,s-0.182930,s-1.398083,s195.104361
019_0,s-0.130276,s0.043139,s334.473537
019_1,s-0.193045,s-1.033782,s13.645446
019_2,s0.175925,s-0.425401,s238.082942
019_3,s-0.398072,s0.500812,s34.137306
019_4,s0.601235,s-0.200007,s310.218513
019_5,s1.010132,s0.663270,s59.488554
019_6,s-0.928596,s-0.531396,s17.361551
019_7,s1.493077,s-0.910944,s206.040928
019_8,s-0.756080,s-1.187408,s119.825252
019_9,s0.914687,s-1.364299,s130.042468
019_10,s-0.361508,s1.175078,s270.553429
019_11,s-0.899820,s0.521464,s61.914923
019_12,s1.298979,s0.285577,s338.440247
019_13,s1.211048,s1.245844,s42.086530
019_14,s-1.461443,s0.410790,s119.978085
019_15,s-1.104738,s1.144420,s34.335766
019_16,s0.174288,s1.630713,s65.192419
019_17,s-0.273685,s-1.327032,s204.549371
019_18,s-1.665619,s-0.323721,s163.740381
020_0,s-0.130276,s0.043139,s334.473537
020_1,s-0.193045,s-1.033782,s13.645446
020_2,s0.175925,s-0.425401,s238.082942
020_3,s-0.398072,s0.500812,s34.137306
020_4,s0.601235,s-0.200007,s310.218513
020_5,s1.010132,s0.663270,s59.488554
020_6,s-0.928596,s-0.531396,s17.361551
020_7,s1.487656,s-0.836940,s204.235439
020_8,s-0.756080,s-1.187408,s119.825252
020_9,s0.999273,s-1.416771,s131.699135
020_10,s-0.361508,s1.175078,s270.553429
020_11,s-0.899820,s0.521464,s61.914923
020_12,s1.298979,s0.285577,s338.440247
020_13,s1.211048,s1.245844,s42.086530
020_14,s-1.376661,s0.274975,s117.494153
020_15,s-1.104738,s1.144420,s34.335766
020_16,s0.310445,s1.665209,s62.921648
020_17,s-0.273685,s-1.327032,s204.549371
020_18,s-1.665619,s-0.323721,s163.740381
020_19,s1.721806,s-0.312863,s79.560096
021_0,s-0.001780,s0.039758,s334.712786
021_1,s-0.245679,s-0.959710,s16.203868
021_2,s0.175925,s-0.425401,s238.082942
021_3,s-0.398072,s0.500812,s34.137306
021_4,s0.601235,s-0.200007,s310.218513
021_5,s1.065225,s0.923403,s59.538919
021_6,s-0.890014,s-0.506482,s18.622125
021_7,s1.156782,s-0.808279,s210.124809
021_8,s-1.057408,s-0.998699,s110.595932
021_9,s1.093762,s-1.576575,s125.358388
021_10,s-0.361508,s1.175078,s270.553429
021_11,s-0.899820,s0.521464,s61.914923
021_12,s1.418619,s0.306043,s350.005766
021_13,s1.142239,s1.635453,s54.341507
021_14,s-1.376661,s0.274975,s117.494153
021_15,s-1.488935,s1.064504,s53.684192
021_16,s0.328547,s1.699686,s62.164324
021_17,s-0.353130,s-1.423906,s193.617497
021_18,s-1.803595,s-0.573274,s157.896427
021_19,s1.656318,s-0.444260,s81.365238
021_20,s-1.791976,s0.511092,s54.361926
022_0,s-0.001780,s0.039758,s334.712786
022_1,s-0.245679,s-0.959710,s16.203868
022_2,s0.175925,s-0.425401,s238.082942
022_3,s-0.398072,s0.500812,s34.137306
022_4,s0.601235,s-0.200007,s310.218513
022_5,s1.065225,s0.923403,s59.538919
022_6,s-0.890014,s-0.506482,s18.622125
022_7,s1.156782,s-0.808279,s210.124809
022_8,s-1.057408,s-0.998699,s110.595932
022_9,s1.093762,s-1.576575,s125.358388
022_10,s-0.361508,s1.175078,s270.553429
022_11,s-0.899820,s0.521464,s61.914923
022_12,s1.418619,s0.306043,s350.005766
022_13,s1.142239,s1.635453,s54.341507
022_14,s-1.376661,s0.274975,s117.494153
022_15,s-1.488935,s1.064504,s53.684192
022_16,s0.328547,s1.699686,s62.164324
022_17,s-0.353130,s-1.423906,s193.617497
022_18,s-1.803595,s-0.573274,s157.896427
022_19,s1.656318,s-0.444260,s81.365238
022_20,s-1.791976,s0.511092,s54.361926
022_21,s-0.701623,s1.393315,s41.707848
023_0,s-0.173571,s-0.080020,s333.754207
023_1,s-0.207459,s-1.043465,s8.971710
023_2,s0.175925,s-0.425401,s238.082942
023_3,s-0.368530,s0.539823,s38.398191
023_4,s0.601235,s-0.200007,s310.218513
023_5,s1.339948,s1.011852,s67.793149
023_6,s-0.757034,s-0.655125,s26.879297
023_7,s1.156782,s-0.808279,s210.124809
023_8,s-1.169617,s-0.976054,s107.245312
023_9,s0.925446,s-1.584352,s134.971931
023_10,s-0.248335,s1.265125,s269.555033
023_11,s-0.899820,s0.521464,s61.914923
023_12,s1.515984,s0.108681,s344.710389
023_13,s1.142239,s1.635453,s54.341507
023_14,s-1.376661,s0.274975,s117.494153
023_15,s-1.488935,s1.064504,s53.684192
023_16,s0.328547,s1.699686,s62.164324
023_17,s0.022424,s-1.314277,s177.889722
023_18,s-2.052404,s-0.602178,s156.840039
023_19,s1.656318,s-0.444260,s81.365238
023_20,s-1.900977,s0.416752,s48.811101
023_21,s-0.790290,s1.475151,s40.836412
023_22,s-0.710265,s-1.757878,s123.570860
024_0,s-0.082809,s0.055113,s327.072611
024_1,s-0.414085,s-1.013732,s-7.455879
024_2,s0.093311,s-0.372772,s242.932606
024_3,s-0.401266,s0.512622,s22.933327
024_4,s0.546235,s-0.142387,s305.616407
024_5,s1.376629,s0.762375,s51.337101
024_6,s-0.809971,s-0.476027,s25.745177
024_7,s1.329155,s-1.091325,s210.634429
024_8,s-1.029568,s-0.977872,s100.196923
024_9,s0.984117,s-1.577053,s137.810891
024_10,s-0.307503,s1.224523,s282.890867
024_11,s-0.899820,s0.521464,s61.914923
024_12,s1.495570,s-0.011752,s350.114054
024_13,s1.329569,s1.650985,s64.760098
024_14,s-1.376661,s0.274975,s117.494153
024_15,s-1.604879,s1.317959,s54.811501
024_16,s0.321032,s1.805353,s68.063254
024_17,s0.022424,s-1.314277,s177.889722
024_18,s-2.002411,s-0.861295,s171.113541
024_19,s1.614415,s-0.465809,s73.761026
024_20,s-1.836660,s0.493768,s42.556928
024_21,s-0.802647,s1.488455,s36.908663
024_22,s-0.570502,s-1.541314,s112.738782
024_23,s1.985151,s-0.145285,s292.602034
025_0,s-0.082809,s0.055113,s327.072611
025_1,s-0.414085,s-1.013732,s-7.455879
025_2,s-0.004572,s-0.475847,s254.283965
025_3,s-0.379448,s0.532704,s20.140963
025_4,s0.546235,s-0.142387,s305.616407
025_5,s1.248401,s0.664493,s71.324215
025_6,s-0.809971,s-0.476027,s25.745177
025_7,s1.297823,s-0.967728,s206.518385
025_8,s-1.029568,s-0.977872,s100.196923
025_9,s0.754026,s-1.502467,s126.881817
025_10,s-0.140014,s1.169308,s293.262537
025_11,s-0.899820,s0.521464,s61.914923
025_12,s1.495570,s-0.011752,s350.114054
025_13,s1.443369,s1.851617,s67.833844
025_14,s-1.338538,s0.289582,s116.669119
025_15,s-1.622758,s1.245603,s69.775623
025_16,s0.326283,s2.034061,s60.103738
025_17,s0.009656,s-1.345403,s180.758235
025_18,s-2.038218,s-0.703272,s169.521512
025_19,s1.723761,s-0.555255,s93.216673
025_20,s-1.889260,s0.503417,s27.638082
025_21,s-0.582513,s1.615562,s17.859056
025_22,s-0.569440,s-1.417843,s125.307914
025_23,s1.957665,s-0.095779,s304.960671
025_24,s1.706789,s1.311287,s259.354911
026_0,s-0.082809,s0.055113,s327.072611
026_1,s-0.414085,s-1.013732,s-7.455879
026_2,s-0.004572,s-0.475847,s254.283965
026_3,s-0.379448,s0.532704,s20.140963
026_4,s0.546235,s-0.142387,s305.616407
026_5,s1.248401,s0.664493,s71.324215
026_6,s-0.809971,s-0.476027,s25.745177
026_7,s1.297823,s-0.967728,s206.518385
026_8,s-1.029568,s-0.977872,s100.196923
026_9,s0.754026,s-1.502467,s126.881817
026_10,s-0.140014,s1.169308,s293.262537
026_11,s-0.899820,s0.521464,s61.914923
026_12,s1.495570,s-0.011752,s350.114054
026_13,s1.443369,s1.851617,s67.833844
026_14,s-1.338538,s0.289582,s116.669119
026_15,s-1.622758,s1.245603,s69.775623
026_16,s0.326283,s2.034061,s60.103738
026_17,s0.009656,s-1.345403,s180.758235
026_18,s-2.038218,s-0.703272,s169.521512
026_19,s1.723761,s-0.555255,s93.216673
026_20,s-1.889260,s0.503417,s27.638082
026_21,s-0.582513,s1.615562,s17.859056
026_22,s-0.569440,s-1.417843,s125.307914
026_23,s1.957665,s-0.095779,s304.960671
026_24,s1.706789,s1.311287,s259.354911
026_25,s-0.528263,s-1.897851,s183.269027
027_0,s-0.082809,s0.055113,s327.072611
027_1,s-0.414085,s-1.013732,s-7.455879
027_2,s-0.004572,s-0.475847,s254.283965
027_3,s-0.379448,s0.532704,s20.140963
027_4,s0.546235,s-0.142387,s305.616407
027_5,s1.248401,s0.664493,s71.324215
027_6,s-0.809971,s-0.476027,s25.745177
027_7,s1.297823,s-0.967728,s206.518385
027_8,s-1.029568,s-0.977872,s100.196923
027_9,s0.754026,s-1.502467,s126.881817
027_10,s-0.140014,s1.169308,s293.262537
027_11,s-0.899820,s0.521464,s61.914923
027_12,s1.495570,s-0.011752,s350.114054
027_13,s1.443369,s1.851617,s67.833844
027_14,s-1.338538,s0.289582,s116.669119
027_15,s-1.622758,s1.245603,s69.775623
027_16,s0.326283,s2.034061,s60.103738
027_17,s0.009656,s-1.345403,s180.758235
027_18,s-2.038218,s-0.703272,s169.521512
027_19,s1.723761,s-0.555255,s93.216673
027_20,s-1.889260,s0.503417,s27.638082
027_21,s-0.582513,s1.615562,s17.859056
027_22,s-0.569440,s-1.417843,s125.307914
027_23,s1.957665,s-0.095779,s304.960671
027_24,s1.706789,s1.311287,s259.354911
027_25,s-0.528263,s-1.897851,s183.269027
027_26,s1.959661,s-0.808782,s251.985265
028_0,s-0.052890,s0.047573,s322.056101
028_1,s-0.414085,s-1.013732,s-7.455879
028_2,s-0.004572,s-0.475847,s254.283965
028_3,s-0.379448,s0.532704,s20.140963
028_4,s0.583139,s-0.234998,s307.578957
028_5,s1.248401,s0.664493,s71.324215
028_6,s-0.809971,s-0.476027,s25.745177
028_7,s1.297823,s-0.967728,s206.518385
028_8,s-1.060256,s-1.006524,s91.931630
028_9,s0.754026,s-1.502467,s126.881817
028_10,s-0.182466,s1.119886,s289.864207
028_11,s-0.899820,s0.521464,s61.914923
028_12,s1.495570,s-0.011752,s350.114054
028_13,s1.443369,s1.851617,s67.833844
028_14,s-1.395115,s0.166731,s130.376971
028_15,s-1.622758,s1.245603,s69.775623
028_16,s0.526857,s1.983303,s64.421236
028_17,s0.009656,s-1.345403,s180.758235
028_18,s-2.038218,s-0.703272,s169.521512
028_19,s1.723761,s-0.555255,s93.216673
028_20,s-1.889260,s0.503417,s27.638082
028_21,s-0.582513,s1.615562,s17.859056
028_22,s-0.569440,s-1.417843,s125.307914
028_23,s2.031705,s-0.232922,s306.213104
028_24,s1.718472,s1.404855,s258.673207
028_25,s-0.528263,s-1.897851,s183.269027
028_26,s1.959661,s-0.808782,s251.985265
028_27,s0.888971,s-1.979553,s176.915801
029_0,s0.070878,s0.070678,s305.788733
029_1,s-0.301301,s-0.972033,s6.148702
029_2,s0.142432,s-0.525694,s258.263668
029_3,s-0.372476,s0.377421,s13.791239
029_4,s0.583139,s-0.234998,s307.578957
029_5,s1.248401,s0.664493,s71.324215
029_6,s-0.866299,s-0.481004,s22.285741
029_7,s1.130940,s-0.954028,s217.036524
029_8,s-1.122535,s-1.155662,s82.640932
029_9,s0.876468,s-1.489078,s123.571179
029_10,s-0.097092,s1.178868,s292.012303
029_11,s-0.899820,s0.521464,s61.914923
029_12,s1.508634,s0.083466,s353.887812
029_13,s1.452698,s1.839512,s66.528715
029_14,s-1.390385,s0.173186,s119.761157
029_15,s-1.654031,s1.288197,s58.555167
029_16,s0.415519,s1.884391,s66.027591
029_17,s-0.036759,s-1.205324,s177.029387
029_18,s-2.001172,s-0.726243,s157.582558
029_19,s1.686827,s-0.469820,s97.312794
029_20,s-1.932928,s0.572455,s30.596345
029_21,s-0.576776,s1.572023,s14.662022
029_22,s-0.569440,s-1.417843,s125.307914
029_23,s2.031705,s-0.232922,s306.213104
029_24,s1.909369,s1.319256,s270.674500
029_25,s-0.528263,s-1.897851,s183.269027
029_26,s1.936452,s-0.947702,s256.201746
029_27,s0.888971,s-1.979553,s176.915801
029_28,s-1.029347,s1.944336,s82.586563
030_0,s0.070878,s0.070678,s305.788733
030_1,s-0.329854,s-0.938136,s6.930750
030_2,s0.142432,s-0.525694,s258.263668
030_3,s-0.478295,s0.349961,s4.599995
030_4,s0.583139,s-0.234998,s307.578957
030_5,s1.128167,s0.566315,s71.703345
030_6,s-0.787137,s-0.492767,s36.626962
030_7,s1.130940,s-0.954028,s217.036524
030_8,s-1.122535,s-1.155662,s82.640932
030_9,s0.974825,s-1.421927,s128.461478
030_10,s-0.200716,s1.129027,s292.246697
030_11,s-0.978735,s0.636107,s66.127618
030_12,s1.508634,s0.083466,s353.887812
030_13,s1.424760,s1.792973,s70.299039
030_14,s-1.390385,s0.173186,s119.761157
030_15,s-1.597634,s1.343991,s63.607259
030_16,s0.415519,s1.884391,s66.027591
030_17,s-0.018065,s-1.199142,s181.103275
030_18,s-2.001172,s-0.726243,s157.582558
030_19,s1.607080,s-0.496949,s92.038101
030_20,s-1.932928,s0.572455,s30.596345
030_21,s-0.578025,s1.536208,s13.383815
030_22,s-0.569440,s-1.417843,s125.307914
030_23,s1.972297,s-0.137354,s298.053039
030_24,s1.758308,s1.383330,s270.149899
030_25,s-0.528263,s-1.897851,s183.269027
030_26,s1.892956,s-0.957379,s249.384978
030_27,s1.002268,s-1.925561,s185.655330
030_28,s-1.029347,s1.944336,s82.586563
030_29,s-1.424120,s-1.650540,s81.358629
031_0,s0.070878,s0.070678,s305.788733
031_1,s-0.255793,s-0.790098,s8.524357
031_2,s0.142432,s-0.525694,s258.263668
031_3,s-0.519309,s0.331007,s-2.163319
031_4,s0.583139,s-0.234998,s307.578957
031_5,s1.128167,s0.566315,s71.703345
031_6,s-0.803011,s-0.521340,s35.906831
031_7,s1.130940,s-0.954028,s217.036524
031_8,s-1.122535,s-1.155662,s82.640932
031_9,s0.974825,s-1.421927,s128.461478
031_10,s-0.106290,s1.188256,s279.664946
031_11,s-0.978735,s0.636107,s66.127618
031_12,s1.508634,s0.083466,s353.887812
031_13,s1.461968,s1.698125,s70.405762
031_14,s-1.509645,s0.238459,s108.987559
031_15,s-1.640109,s1.168385,s61.626882
031_16,s0.380920,s2.114794,s70.019408
031_17,s-0.018065,s-1.199142,s181.103275
031_18,s-2.242325,s-0.358054,s178.276662
031_19,s1.607080,s-0.496949,s92.038101
031_20,s-2.019317,s0.567646,s19.538586
031_21,s-0.682953,s1.501227,s10.245159
031_22,s-0.569440,s-1.417843,s125.307914
031_23,s2.062758,s-0.105977,s304.039883
031_24,s1.786837,s1.362691,s264.487731
031_25,s-0.528263,s-1.897851,s183.269027
031_26,s1.896669,s-0.825798,s243.761376
031_27,s1.002268,s-1.925561,s185.655330
031_28,s-1.108742,s1.993842,s92.306943
031_29,s-1.424120,s-1.650540,s81.358629
031_30,s1.059608,s2.268263,s42.028950
032_0,s0.070878,s0.070678,s305.788733
032_1,s-0.255793,s-0.790098,s8.524357
032_2,s0.225743,s-0.596857,s257.966626
032_3,s-0.674237,s0.145944,s-2.118263
032_4,s0.583139,s-0.234998,s307.578957
032_5,s1.128167,s0.566315,s71.703345
032_6,s-0.831110,s-0.596969,s41.262756
032_7,s1.175164,s-0.954611,s220.215248
032_8,s-1.284714,s-1.138875,s71.880734
032_9,s0.974825,s-1.421927,s128.461478
032_10,s-0.052510,s0.927054,s277.086128
032_11,s-1.078792,s0.514224,s57.856738
032_12,s1.597526,s0.083212,s355.058069
032_13,s1.422939,s1.465849,s65.654067
032_14,s-1.509645,s0.238459,s108.987559
032_15,s-1.600542,s1.292589,s71.569058
032_16,s0.272760,s2.113318,s62.586069
032_17,s-0.032797,s-1.234118,s181.707062
032_18,s-2.271671,s-0.252573,s162.986965
032_19,s1.607080,s-0.496949,s92.038101
032_20,s-2.020079,s0.446715,s26.647501
032_21,s-0.600030,s1.469056,s9.719544
032_22,s-0.614360,s-1.189828,s127.456758
032_23,s2.196473,s-0.131394,s304.120634
032_24,s2.002366,s1.444066,s255.520608
032_25,s-0.700332,s-1.781816,s165.725755
032_26,s1.948764,s-0.946954,s230.519014
032_27,s1.009291,s-1.883736,s176.425008
032_28,s-1.129338,s2.277286,s83.065994
032_29,s-1.550543,s-1.672937,s86.194697
032_30,s0.921358,s2.107691,s29.353156
032_31,s0.515237,s-2.132400,s128.551925
033_0,s0.070878,s0.070678,s305.788733
033_1,s-0.255793,s-0.790098,s8.524357
033_2,s0.225743,s-0.596857,s257.966626
033_3,s-0.598241,s0.212329,s-0.588176
033_4,s0.583139,s-0.234998,s307.578957
033_5,s1.128167,s0.566315,s71.703345
033_6,s-0.831110,s-0.596969,s41.262756
033_7,s1.175164,s-0.954611,s220.215248
033_8,s-1.158715,s-1.069913,s87.563908
033_9,s0.974825,s-1.421927,s128.461478
033_10,s-0.083104,s1.059880,s276.079722
033_11,s-1.078792,s0.514224,s57.856738
033_12,s1.597526,s0.083212,s355.058069
033_13,s1.422939,s1.465849,s65.654067
033_14,s-1.509645,s0.238459,s108.987559
033_15,s-1.514830,s1.261621,s73.832666
033_16,s0.284101,s2.276828,s65.184220
033_17,s0.060835,s-1.245360,s187.190735
033_18,s-2.271671,s-0.252573,s162.986965
033_19,s1.607080,s-0.496949,s92.038101
033_20,s-2.020079,s0.446715,s26.647501
033_21,s-0.512580,s1.456625,s18.610427
033_22,s-0.614360,s-1.189828,s127.456758
033_23,s2.075813,s-0.070326,s309.673716
033_24,s2.002366,s1.444066,s255.520608
033_25,s-0.714374,s-1.779615,s164.037815
033_26,s1.948764,s-0.946954,s230.519014
033_27,s1.009291,s-1.883736,s176.425008
033_28,s-1.158127,s2.328265,s62.558418
033_29,s-1.550543,s-1.672937,s86.194697
033_30,s0.938507,s2.108988,s30.829649
033_31,s0.515237,s-2.132400,s128.551925
033_32,s1.819965,s1.856806,s44.735998
034_0,s0.070878,s0.070678,s305.788733
034_1,s-0.255793,s-0.790098,s8.524357
034_2,s0.225743,s-0.596857,s257.966626
034_3,s-0.598241,s0.212329,s-0.588176
034_4,s0.583139,s-0.234998,s307.578957
034_5,s1.128167,s0.566315,s71.703345
034_6,s-0.831110,s-0.596969,s41.262756
034_7,s1.175164,s-0.954611,s220.215248
034_8,s-1.158715,s-1.069913,s87.563908
034_9,s0.974825,s-1.421927,s128.461478
034_10,s-0.083104,s1.059880,s276.079722
034_11,s-1.078792,s0.514224,s57.856738
034_12,s1.597526,s0.083212,s355.058069
034_13,s1.422939,s1.465849,s65.654067
034_14,s-1.509645,s0.238459,s108.987559
034_15,s-1.514830,s1.261621,s73.832666
034_16,s0.284101,s2.276828,s65.184220
034_17,s0.060835,s-1.245360,s187.190735
034_18,s-2.271671,s-0.252573,s162.986965
034_19,s1.607080,s-0.496949,s92.038101
034_20,s-2.020079,s0.446715,s26.647501
034_21,s-0.512580,s1.456625,s18.610427
034_22,s-0.614360,s-1.189828,s127.456758
034_23,s2.075813,s-0.070326,s309.673716
034_24,s2.002366,s1.444066,s255.520608
034_25,s-0.714374,s-1.779615,s164.037815
034_26,s1.948764,s-0.946954,s230.519014
034_27,s1.009291,s-1.883736,s176.425008
034_28,s-1.158127,s2.328265,s62.558418
034_29,s-1.550543,s-1.672937,s86.194697
034_30,s0.938507,s2.108988,s30.829649
034_31,s0.515237,s-2.132400,s128.551925
034_32,s1.819965,s1.856806,s44.735998
034_33,s1.645059,s-1.788485,s205.114674
035_0,s-0.040305,s0.112360,s300.671189
035_1,s-0.255793,s-0.790098,s8.524357
035_2,s0.225743,s-0.596857,s257.966626
035_3,s-0.600133,s0.175040,s6.312621
035_4,s0.571229,s-0.129206,s297.701896
035_5,s1.275008,s0.628300,s87.373247
035_6,s-0.838082,s-0.634152,s22.711058
035_7,s1.217557,s-0.959712,s222.572251
035_8,s-1.305535,s-0.891485,s86.444362
035_9,s0.974825,s-1.421927,s128.461478
035_10,s-0.029957,s1.011209,s271.494698
035_11,s-0.978054,s0.626753,s44.779456
035_12,s1.597526,s0.083212,s355.058069
035_13,s1.227960,s1.635035,s72.370850
035_14,s-1.509645,s0.238459,s108.987559
035_15,s-1.487426,s1.376937,s72.176953
035_16,s0.138760,s2.350514,s56.934243
035_17,s-0.019478,s-1.264720,s189.207434
035_18,s-2.516219,s-0.305366,s178.710332
035_19,s1.607080,s-0.496949,s92.038101
035_20,s-2.098075,s0.552408,s24.050183
035_21,s-0.271764,s1.640677,s33.079831
035_22,s-0.435718,s-1.172379,s99.186228
035_23,s2.176829,s0.210305,s299.028129
035_24,s2.130752,s1.549397,s255.454045
035_25,s-0.659083,s-1.816429,s174.490352
035_26,s1.977028,s-0.646222,s207.446700
035_27,s1.009291,s-1.883736,s176.425008
035_28,s-1.398218,s2.207350,s62.183446
035_29,s-1.798523,s-1.425261,s82.605827
035_30,s0.789816,s2.121210,s33.736007
035_31,s0.515237,s-2.132400,s128.551925
035_32,s1.726346,s1.872994,s39.544369
035_33,s1.649946,s-1.906007,s204.187456
035_34,s0.542659,s-2.777237,s110.234334
036_0,s-0.063253,s0.180625,s316.007696
036_1,s-0.255793,s-0.790098,s8.524357
036_2,s0.193506,s-0.653840,s242.732734
036_3,s-0.544168,s0.206497,s10.984248
036_4,s0.485897,s-0.087042,s288.035661
036_5,s1.275008,s0.628300,s87.373247
036_6,s-0.854848,s-0.695184,s12.692575
036_7,s1.217557,s-0.959712,s222.572251
036_8,s-1.305535,s-0.891485,s86.444362
036_9,s0.974825,s-1.421927,s128.461478
036_10,s0.124683,s1.229381,s282.381537
036_11,s-0.978054,s0.626753,s44.779456
036_12,s1.613572,s0.150465,s347.870871
036_13,s1.387681,s1.558959,s71.872469
036_14,s-1.509645,s0.238459,s108.987559
036_15,s-1.487426,s1.376937,s72.176953
036_16,s0.076211,s2.410538,s63.184217
036_17,s-0.033919,s-1.221440,s197.682383
036_18,s-2.613054,s-0.274227,s194.397840
036_19,s1.615508,s-0.393465,s97.251052
036_20,s-2.084768,s0.548877,s21.984978
036_21,s-0.179571,s1.543261,s35.829734
036_22,s-0.460790,s-1.217709,s98.946740
036_23,s2.176829,s0.210305,s299.028129
036_24,s2.069900,s1.573579,s261.043391
036_25,s-0.637046,s-1.658100,s178.255604
036_26,s2.174518,s-0.550702,s222.348678
036_27,s1.009291,s-1.883736,s176.425008
036_28,s-1.189008,s2.360373,s68.111303
036_29,s-1.763925,s-1.456851,s105.038819
036_30,s0.864520,s2.229297,s46.141411
036_31,s0.515237,s-2.132400,s128.551925
036_32,s1.941147,s2.057009,s32.625034
036_33,s1.622282,s-1.888607,s195.604426
036_34,s0.611603,s-2.715053,s114.992128
036_35,s-1.161735,s-2.322291,s200.283110
037_0,s-0.063253,s0.180625,s316.007696
037_1,s-0.255793,s-0.790098,s8.524357
037_2,s0.286900,s-0.604611,s238.229689
037_3,s-0.544168,s0.206497,s10.984248
037_4,s0.443969,s0.093247,s292.354180
037_5,s1.328316,s0.856303,s88.677934
037_6,s-0.854848,s-0.695184,s12.692575
037_7,s1.217557,s-0.959712,s222.572251
037_8,s-1.305535,s-0.891485,s86.444362
037_9,s0.974825,s-1.421927,s128.461478
037_10,s0.078734,s1.287085,s284.144869
037_11,s-0.978054,s0.626753,s44.779456
037_12,s1.613572,s0.150465,s347.870871
037_13,s1.326116,s1.641515,s85.528286
037_14,s-1.395477,s0.204406,s102.180745
037_15,s-1.517979,s1.355752,s66.489679
037_16,s-0.122534,s2.258107,s56.285678
037_17,s-0.033919,s-1.221440,s197.682383
037_18,s-2.382965,s-0.228861,s196.756198
037_19,s1.700114,s-0.429718,s91.477844
037_20,s-2.104973,s0.597913,s28.199155
037_21,s-0.179571,s1.543261,s35.829734
037_22,s-0.460790,s-1.217709,s98.946740
037_23,s2.204391,s0.321278,s311.842415
037_24,s2.046669,s1.602272,s269.709499
037_25,s-0.637046,s-1.658100,s178.255604
037_26,s2.270811,s-0.573248,s226.972617
037_27,s1.009291,s-1.883736,s176.425008
037_28,s-1.240572,s2.326954,s65.637398
037_29,s-1.763925,s-1.456851,s105.038819
037_30,s0.864520,s2.229297,s46.141411
037_31,s0.515237,s-2.132400,s128.551925
037_32,s1.829541,s2.081816,s27.962530
037_33,s1.647087,s-2.215189,s194.562105
037_34,s0.611603,s-2.715053,s114.992128
037_35,s-1.303181,s-2.276799,s202.005701
037_36,s-2.662241,s0.449967,s160.904335
038_0,s-0.063253,s0.180625,s316.007696
038_1,s-0.255793,s-0.790098,s8.524357
038_2,s0.286900,s-0.604611,s238.229689
038_3,s-0.544168,s0.206497,s10.984248
038_4,s0.443969,s0.093247,s292.354180
038_5,s1.328316,s0.856303,s88.677934
038_6,s-0.854848,s-0.695184,s12.692575
038_7,s1.217557,s-0.959712,s222.572251
038_8,s-1.305535,s-0.891485,s86.444362
038_9,s0.974825,s-1.421927,s128.461478
038_10,s0.078734,s1.287085,s284.144869
038_11,s-0.978054,s0.626753,s44.779456
038_12,s1.613572,s0.150465,s347.870871
038_13,s1.326116,s1.641515,s85.528286
038_14,s-1.395477,s0.204406,s102.180745
038_15,s-1.517979,s1.355752,s66.489679
038_16,s-0.122534,s2.258107,s56.285678
038_17,s-0.033919,s-1.221440,s197.682383
038_18,s-2.382965,s-0.228861,s196.756198
038_19,s1.700114,s-0.429718,s91.477844
038_20,s-2.104973,s0.597913,s28.199155
038_21,s-0.179571,s1.543261,s35.829734
038_22,s-0.460790,s-1.217709,s98.946740
038_23,s2.204391,s0.321278,s311.842415
038_24,s2.046669,s1.602272,s269.709499
038_25,s-0.637046,s-1.658100,s178.255604
038_26,s2.270811,s-0.573248,s226.972617
038_27,s1.009291,s-1.883736,s176.425008
038_28,s-1.240572,s2.326954,s65.637398
038_29,s-1.763925,s-1.456851,s105.038819
038_30,s0.864520,s2.229297,s46.141411
038_31,s0.515237,s-2.132400,s128.551925
038_32,s1.829541,s2.081816,s27.962530
038_33,s1.647087,s-2.215189,s194.562105
038_34,s0.611603,s-2.715053,s114.992128
038_35,s-1.303181,s-2.276799,s202.005701
038_36,s-2.662241,s0.449967,s160.904335
038_37,s-2.436078,s-1.164270,s13.769518
039_0,s-0.063253,s0.180625,s316.007696
039_1,s-0.255793,s-0.790098,s8.524357
039_2,s0.286900,s-0.604611,s238.229689
039_3,s-0.544168,s0.206497,s10.984248
039_4,s0.443969,s0.093247,s292.354180
039_5,s1.328316,s0.856303,s88.677934
039_6,s-0.854848,s-0.695184,s12.692575
039_7,s1.217557,s-0.959712,s222.572251
039_8,s-1.305535,s-0.891485,s86.444362
039_9,s0.974825,s-1.421927,s128.461478
039_10,s0.078734,s1.287085,s284.144869
039_11,s-0.978054,s0.626753,s44.779456
039_12,s1.613572,s0.150465,s347.870871
039_13,s1.326116,s1.641515,s85.528286
039_14,s-1.395477,s0.204406,s102.180745
039_15,s-1.517979,s1.355752,s66.489679
039_16,s-0.122534,s2.258107,s56.285678
039_17,s-0.033919,s-1.221440,s197.682383
039_18,s-2.382965,s-0.228861,s196.756198
039_19,s1.700114,s-0.429718,s91.477844
039_20,s-2.104973,s0.597913,s28.199155
039_21,s-0.179571,s1.543261,s35.829734
039_22,s-0.460790,s-1.217709,s98.946740
039_23,s2.204391,s0.321278,s311.842415
039_24,s2.046669,s1.602272,s269.709499
039_25,s-0.637046,s-1.658100,s178.255604
039_26,s2.270811,s-0.573248,s226.972617
039_27,s1.009291,s-1.883736,s176.425008
039_28,s-1.240572,s2.326954,s65.637398
039_29,s-1.763925,s-1.456851,s105.038819
039_30,s0.864520,s2.229297,s46.141411
039_31,s0.515237,s-2.132400,s128.551925
039_32,s1.829541,s2.081816,s27.962530
039_33,s1.647087,s-2.215189,s194.562105
039_34,s0.611603,s-2.715053,s114.992128
039_35,s-1.303181,s-2.276799,s202.005701
039_36,s-2.662241,s0.449967,s160.904335
039_37,s-2.436078,s-1.164270,s13.769518
039_38,s-2.474361,s1.531547,s34.393793
040_0,s-0.063253,s0.180625,s316.007696
040_1,s-0.255793,s-0.790098,s8.524357
040_2,s0.286900,s-0.604611,s238.229689
040_3,s-0.544168,s0.206497,s10.984248
040_4,s0.443969,s0.093247,s292.354180
040_5,s1.328316,s0.856303,s88.677934
040_6,s-0.854848,s-0.695184,s12.692575
040_7,s1.217557,s-0.959712,s222.572251
040_8,s-1.305535,s-0.891485,s86.444362
040_9,s0.974825,s-1.421927,s128.461478
040_10,s0.078734,s1.287085,s284.144869
040_11,s-0.978054,s0.626753,s44.779456
040_12,s1.613572,s0.150465,s347.870871
040_13,s1.326116,s1.641515,s85.528286
040_14,s-1.395477,s0.204406,s102.180745
040_15,s-1.517979,s1.355752,s66.489679
040_16,s-0.122534,s2.258107,s56.285678
040_17,s-0.033919,s-1.221440,s197.682383
040_18,s-2.382965,s-0.228861,s196.756198
040_19,s1.700114,s-0.429718,s91.477844
040_20,s-2.104973,s0.597913,s28.199155
040_21,s-0.179571,s1.543261,s35.829734
040_22,s-0.460790,s-1.217709,s98.946740
040_23,s2.204391,s0.321278,s311.842415
040_24,s2.046669,s1.602272,s269.709499
040_25,s-0.637046,s-1.658100,s178.255604
040_26,s2.270811,s-0.573248,s226.972617
040_27,s1.009291,s-1.883736,s176.425008
040_28,s-1.240572,s2.326954,s65.637398
040_29,s-1.763925,s-1.456851,s105.038819
040_30,s0.864520,s2.229297,s46.141411
040_31,s0.515237,s-2.132400,s128.551925
040_32,s1.829541,s2.081816,s27.962530
040_33,s1.647087,s-2.215189,s194.562105
040_34,s0.611603,s-2.715053,s114.992128
040_35,s-1.303181,s-2.276799,s202.005701
040_36,s-2.662241,s0.449967,s160.904335
040_37,s-2.436078,s-1.164270,s13.769518
040_38,s-2.474361,s1.531547,s34.393793
040_39,s1.881063,s-1.216224,s250.169672
041_0,s-0.063253,s0.180625,s316.007696
041_1,s-0.255793,s-0.790098,s8.524357
041_2,s0.286900,s-0.604611,s238.229689
041_3,s-0.544168,s0.206497,s10.984248
041_4,s0.443969,s0.093247,s292.354180
041_5,s1.328316,s0.856303,s88.677934
041_6,s-0.854848,s-0.695184,s12.692575
041_7,s1.217557,s-0.959712,s222.572251
041_8,s-1.305535,s-0.891485,s86.444362
041_9,s0.974825,s-1.421927,s128.461478
041_10,s0.078734,s1.287085,s284.144869
041_11,s-0.978054,s0.626753,s44.779456
041_12,s1.613572,s0.150465,s347.870871
041_13,s1.326116,s1.641515,s85.528286
041_14,s-1.395477,s0.204406,s102.180745
041_15,s-1.517979,s1.355752,s66.489679
041_16,s-0.122534,s2.258107,s56.285678
041_17,s-0.033919,s-1.221440,s197.682383
041_18,s-2.382965,s-0.228861,s196.756198
041_19,s1.700114,s-0.429718,s91.477844
041_20,s-2.104973,s0.597913,s28.199155
041_21,s-0.179571,s1.543261,s35.829734
041_22,s-0.460790,s-1.217709,s98.946740
041_23,s2.204391,s0.321278,s311.842415
041_24,s2.046669,s1.602272,s269.709499
041_25,s-0.637046,s-1.658100,s178.255604
041_26,s2.270811,s-0.573248,s226.972617
041_27,s1.009291,s-1.883736,s176.425008
041_28,s-1.240572,s2.326954,s65.637398
041_29,s-1.763925,s-1.456851,s105.038819
041_30,s0.864520,s2.229297,s46.141411
041_31,s0.515237,s-2.132400,s128.551925
041_32,s1.829541,s2.081816,s27.962530
041_33,s1.647087,s-2.215189,s194.562105
041_34,s0.611603,s-2.715053,s114.992128
041_35,s-1.303181,s-2.276799,s202.005701
041_36,s-2.662241,s0.449967,s160.904335
041_37,s-2.436078,s-1.164270,s13.769518
041_38,s-2.474361,s1.531547,s34.393793
041_39,s1.881063,s-1.216224,s250.169672
041_40,s-1.806546,s1.979593,s90.094557
042_0,s-0.063253,s0.180625,s316.007696
042_1,s-0.255793,s-0.790098,s8.524357
042_2,s0.286900,s-0.604611,s238.229689
042_3,s-0.544168,s0.206497,s10.984248
042_4,s0.443969,s0.093247,s292.354180
042_5,s1.328316,s0.856303,s88.677934
042_6,s-0.854848,s-0.695184,s12.692575
042_7,s1.217557,s-0.959712,s222.572251
042_8,s-1.305535,s-0.891485,s86.444362
042_9,s0.974825,s-1.421927,s128.461478
042_10,s0.078734,s1.287085,s284.144869
042_11,s-0.978054,s0.626753,s44.779456
042_12,s1.613572,s0.150465,s347.870871
042_13,s1.326116,s1.641515,s85.528286
042_14,s-1.395477,s0.204406,s102.180745
042_15,s-1.517979,s1.355752,s66.489679
042_16,s-0.122534,s2.258107,s56.285678
042_17,s-0.033919,s-1.221440,s197.682383
042_18,s-2.382965,s-0.228861,s196.756198
042_19,s1.700114,s-0.429718,s91.477844
042_20,s-2.104973,s0.597913,s28.199155
042_21,s-0.179571,s1.543261,s35.829734
042_22,s-0.460790,s-1.217709,s98.946740
042_23,s2.204391,s0.321278,s311.842415
042_24,s2.046669,s1.602272,s269.709499
042_25,s-0.637046,s-1.658100,s178.255604
042_26,s2.270811,s-0.573248,s226.972617
042_27,s1.009291,s-1.883736,s176.425008
042_28,s-1.240572,s2.326954,s65.637398
042_29,s-1.763925,s-1.456851,s105.038819
042_30,s0.864520,s2.229297,s46.141411
042_31,s0.515237,s-2.132400,s128.551925
042_32,s1.829541,s2.081816,s27.962530
042_33,s1.647087,s-2.215189,s194.562105
042_34,s0.611603,s-2.715053,s114.992128
042_35,s-1.303181,s-2.276799,s202.005701
042_36,s-2.662241,s0.449967,s160.904335
042_37,s-2.436078,s-1.164270,s13.769518
042_38,s-2.474361,s1.531547,s34.393793
042_39,s1.881063,s-1.216224,s250.169672
042_40,s-1.806546,s1.979593,s90.094557
042_41,s0.659572,s2.875320,s-0.655605
043_0,s-0.063253,s0.180625,s316.007696
043_1,s-0.234265,s-0.727359,s3.128173
043_2,s0.300793,s-0.563537,s253.985846
043_3,s-0.544168,s0.206497,s10.984248
043_4,s0.443969,s0.093247,s292.354180
043_5,s1.429626,s0.603167,s77.378194
043_6,s-0.854848,s-0.695184,s12.692575
043_7,s1.237421,s-0.982529,s214.180739
043_8,s-1.305535,s-0.891485,s86.444362
043_9,s1.031798,s-1.417180,s122.203789
043_10,s0.097022,s1.224783,s291.000076
043_11,s-0.978054,s0.626753,s44.779456
043_12,s1.789646,s0.099487,s361.754068
043_13,s1.392657,s1.608195,s82.994125
043_14,s-1.492868,s0.179675,s106.566106
043_15,s-1.517979,s1.355752,s66.489679
043_16,s-0.122534,s2.258107,s56.285678
043_17,s-0.025553,s-1.306470,s194.775938
043_18,s-2.382965,s-0.228861,s196.756198
043_19,s1.445544,s-0.338364,s86.811497
043_20,s-2.044486,s0.453293,s17.965172
043_21,s-0.205929,s1.468557,s27.401013
043_22,s-0.460790,s-1.217709,s98.946740
043_23,s2.471950,s-0.002398,s309.919621
043_24,s1.964311,s1.485077,s264.201133
043_25,s-0.784028,s-1.825355,s187.083319
043_26,s2.217892,s-0.531078,s222.957596
043_27,s1.144018,s-1.941926,s165.982459
043_28,s-1.293224,s2.448617,s69.839518
043_29,s-1.763925,s-1.456851,s105.038819
043_30,s0.919212,s2.038787,s42.341563
043_31,s0.515237,s-2.132400,s128.551925
043_32,s1.794300,s1.920068,s25.893211
043_33,s1.744334,s-2.097022,s199.006306
043_34,s0.611603,s-2.715053,s114.992128
043_35,s-1.264016,s-2.293750,s200.103601
043_36,s-2.731151,s0.430236,s166.179548
043_37,s-2.436078,s-1.164270,s13.769518
043_38,s-2.474361,s1.531547,s34.393793
043_39,s1.922333,s-1.221026,s247.167395
043_40,s-1.806546,s1.979593,s90.094557
043_41,s0.850235,s2.768332,s-8.509843
043_42,s-2.337450,s-2.030754,s138.937968
044_0,s-0.063253,s0.180625,s316.007696
044_1,s-0.234265,s-0.727359,s3.128173
044_2,s0.300793,s-0.563537,s253.985846
044_3,s-0.544168,s0.206497,s10.984248
044_4,s0.443969,s0.093247,s292.354180
044_5,s1.429626,s0.603167,s77.378194
044_6,s-0.854848,s-0.695184,s12.692575
044_7,s1.237421,s-0.982529,s214.180739
044_8,s-1.305535,s-0.891485,s86.444362
044_9,s1.031798,s-1.417180,s122.203789
044_10,s0.097022,s1.224783,s291.000076
044_11,s-0.978054,s0.626753,s44.779456
044_12,s1.789646,s0.099487,s361.754068
044_13,s1.392657,s1.608195,s82.994125
044_14,s-1.492868,s0.179675,s106.566106
044_15,s-1.517979,s1.355752,s66.489679
044_16,s-0.122534,s2.258107,s56.285678
044_17,s-0.025553,s-1.306470,s194.775938
044_18,s-2.382965,s-0.228861,s196.756198
044_19,s1.445544,s-0.338364,s86.811497
044_20,s-2.044486,s0.453293,s17.965172
044_21,s-0.205929,s1.468557,s27.401013
044_22,s-0.460790,s-1.217709,s98.946740
044_23,s2.471950,s-0.002398,s309.919621
044_24,s1.964311,s1.485077,s264.201133
044_25,s-0.784028,s-1.825355,s187.083319
044_26,s2.217892,s-0.531078,s222.957596
044_27,s1.144018,s-1.941926,s165.982459
044_28,s-1.293224,s2.448617,s69.839518
044_29,s-1.763925,s-1.456851,s105.038819
044_30,s0.919212,s2.038787,s42.341563
044_31,s0.515237,s-2.132400,s128.551925
044_32,s1.794300,s1.920068,s25.893211
044_33,s1.744334,s-2.097022,s199.006306
044_34,s0.611603,s-2.715053,s114.992128
044_35,s-1.264016,s-2.293750,s200.103601
044_36,s-2.731151,s0.430236,s166.179548
044_37,s-2.436078,s-1.164270,s13.769518
044_38,s-2.474361,s1.531547,s34.393793
044_39,s1.922333,s-1.221026,s247.167395
044_40,s-1.806546,s1.979593,s90.094557
044_41,s0.850235,s2.768332,s-8.509843
044_42,s-2.337450,s-2.030754,s138.937968
044_43,s-2.865578,s-0.561128,s120.763530
045_0,s-0.063253,s0.180625,s316.007696
045_1,s-0.234265,s-0.727359,s3.128173
045_2,s0.300793,s-0.563537,s253.985846
045_3,s-0.544168,s0.206497,s10.984248
045_4,s0.443969,s0.093247,s292.354180
045_5,s1.442842,s0.668595,s85.140669
045_6,s-0.851493,s-0.592031,s22.891777
045_7,s1.237421,s-0.982529,s214.180739
045_8,s-1.313795,s-1.014773,s91.620089
045_9,s1.031798,s-1.417180,s122.203789
045_10,s0.097022,s1.224783,s291.000076
045_11,s-0.978054,s0.626753,s44.779456
045_12,s1.852051,s0.184958,s362.850033
045_13,s1.392657,s1.608195,s82.994125
045_14,s-1.528226,s0.168792,s104.880304
045_15,s-1.517979,s1.355752,s66.489679
045_16,s-0.190296,s2.414046,s55.537673
045_17,s-0.065311,s-1.423780,s191.216646
045_18,s-2.382965,s-0.228861,s196.756198
045_19,s1.364618,s-0.329125,s90.602011
045_20,s-1.999493,s0.458606,s17.858387
045_21,s-0.307876,s1.459798,s30.838947
045_22,s-0.460790,s-1.217709,s98.946740
045_23,s2.433857,s-0.001950,s316.191218
045_24,s2.023590,s1.533422,s266.475002
045_25,s-0.762508,s-1.717185,s184.924899
045_26,s2.139019,s-0.573285,s217.110783
045_27,s1.144018,s-1.941926,s165.982459
045_28,s-1.201490,s2.829564,s82.585089
045_29,s-1.854802,s-1.506300,s109.158726
045_30,s0.919212,s2.038787,s42.341563
045_31,s0.515237,s-2.132400,s128.551925
045_32,s1.794300,s1.920068,s25.893211
045_33,s1.668730,s-2.149218,s209.007610
045_34,s0.622263,s-2.710365,s112.115001
045_35,s-1.243089,s-2.259156,s197.481018
045_36,s-2.827749,s0.498434,s167.698848
045_37,s-2.436078,s-1.164270,s13.769518
045_38,s-2.888981,s1.658587,s17.703035
045_39,s1.870817,s-1.325367,s239.766290
045_40,s-1.806546,s1.979593,s90.094557
045_41,s0.872368,s2.596323,s-6.973766
045_42,s-2.286685,s-2.095677,s136.241473
045_43,s-2.865578,s-0.561128,s120.763530
045_44,s0.124626,s2.781704,s-3.115594
046_0,s-0.063253,s0.180625,s316.007696
046_1,s-0.234265,s-0.727359,s3.128173
046_2,s0.300793,s-0.563537,s253.985846
046_3,s-0.544168,s0.206497,s10.984248
046_4,s0.443969,s0.093247,s292.354180
046_5,s1.442842,s0.668595,s85.140669
046_6,s-0.851493,s-0.592031,s22.891777
046_7,s1.237421,s-0.982529,s214.180739
046_8,s-1.313795,s-1.014773,s91.620089
046_9,s1.031798,s-1.417180,s122.203789
046_10,s0.097022,s1.224783,s291.000076
046_11,s-0.978054,s0.626753,s44.779456
046_12,s1.852051,s0.184958,s362.850033
046_13,s1.392657,s1.608195,s82.994125
046_14,s-1.528226,s0.168792,s104.880304
046_15,s-1.517979,s1.355752,s66.489679
046_16,s-0.190296,s2.414046,s55.537673
046_17,s-0.065311,s-1.423780,s191.216646
046_18,s-2.382965,s-0.228861,s196.756198
046_19,s1.364618,s-0.329125,s90.602011
046_20,s-1.999493,s0.458606,s17.858387
046_21,s-0.307876,s1.459798,s30.838947
046_22,s-0.460790,s-1.217709,s98.946740
046_23,s2.433857,s-0.001950,s316.191218
046_24,s2.023590,s1.533422,s266.475002
046_25,s-0.762508,s-1.717185,s184.924899
046_26,s2.139019,s-0.573285,s217.110783
046_27,s1.144018,s-1.941926,s165.982459
046_28,s-1.201490,s2.829564,s82.585089
046_29,s-1.854802,s-1.506300,s109.158726
046_30,s0.919212,s2.038787,s42.341563
046_31,s0.515237,s-2.132400,s128.551925
046_32,s1.794300,s1.920068,s25.893211
046_33,s1.668730,s-2.149218,s209.007610
046_34,s0.622263,s-2.710365,s112.115001
046_35,s-1.243089,s-2.259156,s197.481018
046_36,s-2.827749,s0.498434,s167.698848
046_37,s-2.436078,s-1.164270,s13.769518
046_38,s-2.888981,s1.658587,s17.703035
046_39,s1.870817,s-1.325367,s239.766290
046_40,s-1.806546,s1.979593,s90.094557
046_41,s0.872368,s2.596323,s-6.973766
046_42,s-2.286685,s-2.095677,s136.241473
046_43,s-2.865578,s-0.561128,s120.763530
046_44,s0.124626,s2.781704,s-3.115594
046_45,s1.464690,s2.822602,s35.075803
047_0,s-0.063253,s0.180625,s316.007696
047_1,s-0.234265,s-0.727359,s3.128173
047_2,s0.300793,s-0.563537,s253.985846
047_3,s-0.544168,s0.206497,s10.984248
047_4,s0.443969,s0.093247,s292.354180
047_5,s1.442842,s0.668595,s85.140669
047_6,s-0.851493,s-0.592031,s22.891777
047_7,s1.237421,s-0.982529,s214.180739
047_8,s-1.313795,s-1.014773,s91.620089
047_9,s1.031798,s-1.417180,s122.203789
047_10,s0.097022,s1.224783,s291.000076
047_11,s-0.978054,s0.626753,s44.779456
047_12,s1.852051,s0.184958,s362.850033
047_13,s1.392657,s1.608195,s82.994125
047_14,s-1.528226,s0.168792,s104.880304
047_15,s-1.517979,s1.355752,s66.489679
047_16,s-0.190296,s2.414046,s55.537673
047_17,s-0.065311,s-1.423780,s191.216646
047_18,s-2.382965,s-0.228861,s196.756198
047_19,s1.364618,s-0.329125,s90.602011
047_20,s-1.999493,s0.458606,s17.858387
047_21,s-0.307876,s1.459798,s30.838947
047_22,s-0.460790,s-1.217709,s98.946740
047_23,s2.433857,s-0.001950,s316.191218
047_24,s2.023590,s1.533422,s266.475002
047_25,s-0.762508,s-1.717185,s184.924899
047_26,s2.139019,s-0.573285,s217.110783
047_27,s1.144018,s-1.941926,s165.982459
047_28,s-1.201490,s2.829564,s82.585089
047_29,s-1.854802,s-1.506300,s109.158726
047_30,s0.919212,s2.038787,s42.341563
047_31,s0.515237,s-2.132400,s128.551925
047_32,s1.794300,s1.920068,s25.893211
047_33,s1.668730,s-2.149218,s209.007610
047_34,s0.622263,s-2.710365,s112.115001
047_35,s-1.243089,s-2.259156,s197.481018
047_36,s-2.827749,s0.498434,s167.698848
047_37,s-2.436078,s-1.164270,s13.769518
047_38,s-2.888981,s1.658587,s17.703035
047_39,s1.870817,s-1.325367,s239.766290
047_40,s-1.806546,s1.979593,s90.094557
047_41,s0.872368,s2.596323,s-6.973766
047_42,s-2.286685,s-2.095677,s136.241473
047_43,s-2.865578,s-0.561128,s120.763530
047_44,s0.124626,s2.781704,s-3.115594
047_45,s1.464690,s2.822602,s35.075803
047_46,s2.169241,s0.668800,s326.211322
048_0,s-0.063253,s0.180625,s316.007696
048_1,s-0.234265,s-0.727359,s3.128173
048_2,s0.300793,s-0.563537,s253.985846
048_3,s-0.564399,s0.239742,s3.458897
048_4,s0.614369,s0.099955,s278.739986
048_5,s1.485580,s0.708418,s94.698470
048_6,s-0.961107,s-0.408933,s25.437524
048_7,s1.259799,s-0.851300,s210.059337
048_8,s-1.303049,s-0.895505,s92.210564
048_9,s1.031798,s-1.417180,s122.203789
048_10,s0.064347,s1.263807,s293.308338
048_11,s-0.978054,s0.626753,s44.779456
048_12,s1.852051,s0.184958,s362.850033
048_13,s1.614659,s1.456517,s87.589693
048_14,s-1.559562,s0.149736,s104.916505
048_15,s-1.558306,s1.334512,s69.276235
048_16,s-0.215524,s2.285787,s55.083242
048_17,s-0.029611,s-1.358726,s192.595786
048_18,s-2.382965,s-0.228861,s196.756198
048_19,s1.437206,s-0.373226,s91.725655
048_20,s-1.866643,s0.548545,s10.488989
048_21,s-0.278820,s1.439892,s36.447263
048_22,s-0.344625,s-1.072512,s108.935412
048_23,s2.343831,s0.125701,s311.080230
048_24,s2.023590,s1.533422,s266.475002
048_25,s-0.680749,s-1.838128,s185.976906
048_26,s1.972311,s-0.634706,s230.002129
048_27,s1.112701,s-1.923809,s161.430140
048_28,s-1.201490,s2.829564,s82.585089
048_29,s-1.860391,s-1.615535,s99.555067
048_30,s0.897491,s2.017824,s72.081006
048_31,s0.528405,s-2.107150,s139.612238
048_32,s1.737560,s1.873507,s24.052792
048_33,s1.746750,s-1.950181,s222.549208
048_34,s0.646681,s-2.844932,s104.227638
048_35,s-1.277775,s-2.287197,s191.810927
048_36,s-2.708636,s0.367156,s168.098027
048_37,s-2.436078,s-1.164270,s13.769518
048_38,s-2.994249,s1.570902,s13.851855
048_39,s1.870817,s-1.325367,s239.766290
048_40,s-1.871219,s2.331781,s85.230343
048_41,s0.872368,s2.596323,s-6.973766
048_42,s-2.390834,s-2.189661,s131.191277
048_43,s-2.918087,s-0.567939,s124.731598
048_44,s0.135706,s2.834064,s-7.635101
048_45,s1.464690,s2.822602,s35.075803
048_46,s2.169241,s0.668800,s326.211322
048_47,s2.628026,s-0.487827,s243.792439
049_0,s-0.063253,s0.180625,s316.007696
049_1,s-0.234265,s-0.727359,s3.128173
049_2,s0.411855,s-0.732628,s250.690295
049_3,s-0.564399,s0.239742,s3.458897
049_4,s0.614369,s0.099955,s278.739986
049_5,s1.482456,s0.612951,s109.441062
049_6,s-0.961107,s-0.408933,s25.437524
049_7,s1.307047,s-0.931898,s208.810780
049_8,s-1.294932,s-0.767805,s94.665451
049_9,s1.031798,s-1.417180,s122.203789
049_10,s0.064347,s1.263807,s293.308338
049_11,s-0.978054,s0.626753,s44.779456
049_12,s1.852051,s0.184958,s362.850033
049_13,s1.614659,s1.456517,s87.589693
049_14,s-1.559562,s0.149736,s104.916505
049_15,s-1.470241,s1.392803,s67.076205
049_16,s-0.218714,s2.139498,s62.368116
049_17,s-0.029611,s-1.358726,s192.595786
049_18,s-2.382965,s-0.228861,s196.756198
049_19,s1.437206,s-0.373226,s91.725655
049_20,s-1.839134,s0.617625,s6.572751
049_21,s-0.278820,s1.439892,s36.447263
049_22,s-0.344625,s-1.072512,s108.935412
049_23,s2.343831,s0.125701,s311.080230
049_24,s2.023590,s1.533422,s266.475002
049_25,s-0.680749,s-1.838128,s185.976906
049_26,s1.972311,s-0.634706,s230.002129
049_27,s1.112701,s-1.923809,s161.430140
049_28,s-1.201490,s2.829564,s82.585089
049_29,s-1.870265,s-1.603201,s91.696170
049_30,s0.897491,s2.017824,s72.081006
049_31,s0.488926,s-2.055491,s140.312211
049_32,s1.643086,s1.990708,s39.762406
049_33,s1.785978,s-1.946693,s235.901676
049_34,s0.613755,s-2.840784,s106.910104
049_35,s-1.222668,s-2.281209,s188.921129
049_36,s-2.780930,s0.286023,s173.520681
049_37,s-2.436078,s-1.164270,s13.769518
049_38,s-2.994249,s1.570902,s13.851855
049_39,s1.870817,s-1.325367,s239.766290
049_40,s-1.871219,s2.331781,s85.230343
049_41,s0.753922,s2.686107,s-4.057833
049_42,s-2.390834,s-2.189661,s131.191277
049_43,s-2.895315,s-0.640201,s127.784460
049_44,s-0.041838,s2.683897,s-1.764944
049_45,s1.464690,s2.822602,s35.075803
049_46,s2.169241,s0.668800,s326.211322
049_47,s2.627070,s-0.496850,s235.806871
049_48,s-0.657661,s-2.701089,s225.031373
050_0,s-0.063253,s0.180625,s316.007696
050_1,s-0.234265,s-0.727359,s3.128173
050_2,s0.411855,s-0.732628,s250.690295
050_3,s-0.564399,s0.239742,s3.458897
050_4,s0.614369,s0.099955,s278.739986
050_5,s1.482456,s0.612951,s109.441062
050_6,s-0.961107,s-0.408933,s25.437524
050_7,s1.307047,s-0.931898,s208.810780
050_8,s-1.294932,s-0.767805,s94.665451
050_9,s1.031798,s-1.417180,s122.203789
050_10,s0.064347,s1.263807,s293.308338
050_11,s-0.978054,s0.626753,s44.779456
050_12,s1.852051,s0.184958,s362.850033
050_13,s1.614659,s1.456517,s87.589693
050_14,s-1.559562,s0.149736,s104.916505
050_15,s-1.470241,s1.392803,s67.076205
050_16,s-0.218714,s2.139498,s62.368116
050_17,s-0.029611,s-1.358726,s192.595786
050_18,s-2.382965,s-0.228861,s196.756198
050_19,s1.437206,s-0.373226,s91.725655
050_20,s-1.839134,s0.617625,s6.572751
050_21,s-0.278820,s1.439892,s36.447263
050_22,s-0.344625,s-1.072512,s108.935412
050_23,s2.343831,s0.125701,s311.080230
050_24,s2.023590,s1.533422,s266.475002
050_25,s-0.680749,s-1.838128,s185.976906
050_26,s1.972311,s-0.634706,s230.002129
050_27,s1.112701,s-1.923809,s161.430140
050_28,s-1.201490,s2.829564,s82.585089
050_29,s-1.870265,s-1.603201,s91.696170
050_30,s0.897491,s2.017824,s72.081006
050_31,s0.488926,s-2.055491,s140.312211
050_32,s1.643086,s1.990708,s39.762406
050_33,s1.785978,s-1.946693,s235.901676
050_34,s0.613755,s-2.840784,s106.910104
050_35,s-1.222668,s-2.281209,s188.921129
050_36,s-2.780930,s0.286023,s173.520681
050_37,s-2.436078,s-1.164270,s13.769518
050_38,s-2.994249,s1.570902,s13.851855
050_39,s1.870817,s-1.325367,s239.766290
050_40,s-1.871219,s2.331781,s85.230343
050_41,s0.753922,s2.686107,s-4.057833
050_42,s-2.390834,s-2.189661,s131.191277
050_43,s-2.895315,s-0.640201,s127.784460
050_44,s-0.041838,s2.683897,s-1.764944
050_45,s1.464690,s2.822602,s35.075803
050_46,s2.169241,s0.668800,s326.211322
050_47,s2.627070,s-0.496850,s235.806871
050_48,s-0.657661,s-2.701089,s225.031373
050_49,s-2.765719,s0.687966,s69.017765
051_0,s-0.063253,s0.180625,s316.007696
051_1,s-0.234265,s-0.727359,s3.128173
051_2,s0.411855,s-0.732628,s250.690295
051_3,s-0.564399,s0.239742,s3.458897
051_4,s0.614369,s0.099955,s278.739986
051_5,s1.482456,s0.612951,s109.441062
051_6,s-0.961107,s-0.408933,s25.437524
051_7,s1.307047,s-0.931898,s208.810780
051_8,s-1.294932,s-0.767805,s94.665451
051_9,s1.031798,s-1.417180,s122.203789
051_10,s0.064347,s1.263807,s293.308338
051_11,s-0.978054,s0.626753,s44.779456
051_12,s1.852051,s0.184958,s362.850033
051_13,s1.614659,s1.456517,s87.589693
051_14,s-1.559562,s0.149736,s104.916505
051_15,s-1.470241,s1.392803,s67.076205
051_16,s-0.218714,s2.139498,s62.368116
051_17,s-0.029611,s-1.358726,s192.595786
051_18,s-2.382965,s-0.228861,s196.756198
051_19,s1.437206,s-0.373226,s91.725655
051_20,s-1.839134,s0.617625,s6.572751
051_21,s-0.278820,s1.439892,s36.447263
051_22,s-0.344625,s-1.072512,s108.935412
051_23,s2.343831,s0.125701,s311.080230
051_24,s2.023590,s1.533422,s266.475002
051_25,s-0.680749,s-1.838128,s185.976906
051_26,s1.972311,s-0.634706,s230.002129
051_27,s1.112701,s-1.923809,s161.430140
051_28,s-1.201490,s2.829564,s82.585089
051_29,s-1.870265,s-1.603201,s91.696170
051_30,s0.897491,s2.017824,s72.081006
051_31,s0.488926,s-2.055491,s140.312211
051_32,s1.643086,s1.990708,s39.762406
051_33,s1.785978,s-1.946693,s235.901676
051_34,s0.613755,s-2.840784,s106.910104
051_35,s-1.222668,s-2.281209,s188.921129
051_36,s-2.780930,s0.286023,s173.520681
051_37,s-2.436078,s-1.164270,s13.769518
051_38,s-2.994249,s1.570902,s13.851855
051_39,s1.870817,s-1.325367,s239.766290
051_40,s-1.871219,s2.331781,s85.230343
051_41,s0.753922,s2.686107,s-4.057833
051_42,s-2.390834,s-2.189661,s131.191277
051_43,s-2.895315,s-0.640201,s127.784460
051_44,s-0.041838,s2.683897,s-1.764944
051_45,s1.464690,s2.822602,s35.075803
051_46,s2.169241,s0.668800,s326.211322
051_47,s2.627070,s-0.496850,s235.806871
051_48,s-0.657661,s-2.701089,s225.031373
051_49,s-2.765719,s0.687966,s69.017765
051_50,s1.924598,s-2.506296,s122.646760
052_0,s-0.063253,s0.180625,s316.007696
052_1,s-0.234265,s-0.727359,s3.128173
052_2,s0.411855,s-0.732628,s250.690295
052_3,s-0.564399,s0.239742,s3.458897
052_4,s0.614369,s0.099955,s278.739986
052_5,s1.482456,s0.612951,s109.441062
052_6,s-0.961107,s-0.408933,s25.437524
052_7,s1.307047,s-0.931898,s208.810780
052_8,s-1.294932,s-0.767805,s94.665451
052_9,s1.031798,s-1.417180,s122.203789
052_10,s0.064347,s1.263807,s293.308338
052_11,s-0.978054,s0.626753,s44.779456
052_12,s1.852051,s0.184958,s362.850033
052_13,s1.614659,s1.456517,s87.589693
052_14,s-1.559562,s0.149736,s104.916505
052_15,s-1.470241,s1.392803,s67.076205
052_16,s-0.218714,s2.139498,s62.368116
052_17,s-0.029611,s-1.358726,s192.595786
052_18,s-2.382965,s-0.228861,s196.756198
052_19,s1.437206,s-0.373226,s91.725655
052_20,s-1.839134,s0.617625,s6.572751
052_21,s-0.278820,s1.439892,s36.447263
052_22,s-0.344625,s-1.072512,s108.935412
052_23,s2.343831,s0.125701,s311.080230
052_24,s2.023590,s1.533422,s266.475002
052_25,s-0.680749,s-1.838128,s185.976906
052_26,s1.972311,s-0.634706,s230.002129
052_27,s1.112701,s-1.923809,s161.430140
052_28,s-1.201490,s2.829564,s82.585089
052_29,s-1.870265,s-1.603201,s91.696170
052_30,s0.897491,s2.017824,s72.081006
052_31,s0.488926,s-2.055491,s140.312211
052_32,s1.643086,s1.990708,s39.762406
052_33,s1.785978,s-1.946693,s235.901676
052_34,s0.613755,s-2.840784,s106.910104
052_35,s-1.222668,s-2.281209,s188.921129
052_36,s-2.780930,s0.286023,s173.520681
052_37,s-2.436078,s-1.164270,s13.769518
052_38,s-2.994249,s1.570902,s13.851855
052_39,s1.870817,s-1.325367,s239.766290
052_40,s-1.871219,s2.331781,s85.230343
052_41,s0.753922,s2.686107,s-4.057833
052_42,s-2.390834,s-2.189661,s131.191277
052_43,s-2.895315,s-0.640201,s127.784460
052_44,s-0.041838,s2.683897,s-1.764944
052_45,s1.464690,s2.822602,s35.075803
052_46,s2.169241,s0.668800,s326.211322
052_47,s2.627070,s-0.496850,s235.806871
052_48,s-0.657661,s-2.701089,s225.031373
052_49,s-2.765719,s0.687966,s69.017765
052_50,s1.924598,s-2.506296,s122.646760
052_51,s1.944508,s2.284488,s245.449106
053_0,s-0.063253,s0.180625,s316.007696
053_1,s-0.234265,s-0.727359,s3.128173
053_2,s0.411855,s-0.732628,s250.690295
053_3,s-0.564399,s0.239742,s3.458897
053_4,s0.614369,s0.099955,s278.739986
053_5,s1.482456,s0.612951,s109.441062
053_6,s-0.961107,s-0.408933,s25.437524
053_7,s1.307047,s-0.931898,s208.810780
053_8,s-1.294932,s-0.767805,s94.665451
053_9,s1.031798,s-1.417180,s122.203789
053_10,s0.064347,s1.263807,s293.308338
053_11,s-0.978054,s0.626753,s44.779456
053_12,s1.852051,s0.184958,s362.850033
053_13,s1.614659,s1.456517,s87.589693
053_14,s-1.559562,s0.149736,s104.916505
053_15,s-1.470241,s1.392803,s67.076205
053_16,s-0.218714,s2.139498,s62.368116
053_17,s-0.029611,s-1.358726,s192.595786
053_18,s-2.382965,s-0.228861,s196.756198
053_19,s1.437206,s-0.373226,s91.725655
053_20,s-1.839134,s0.617625,s6.572751
053_21,s-0.278820,s1.439892,s36.447263
053_22,s-0.344625,s-1.072512,s108.935412
053_23,s2.343831,s0.125701,s311.080230
053_24,s2.023590,s1.533422,s266.475002
053_25,s-0.680749,s-1.838128,s185.976906
053_26,s1.972311,s-0.634706,s230.002129
053_27,s1.112701,s-1.923809,s161.430140
053_28,s-1.201490,s2.829564,s82.585089
053_29,s-1.870265,s-1.603201,s91.696170
053_30,s0.897491,s2.017824,s72.081006
053_31,s0.488926,s-2.055491,s140.312211
053_32,s1.643086,s1.990708,s39.762406
053_33,s1.785978,s-1.946693,s235.901676
053_34,s0.613755,s-2.840784,s106.910104
053_35,s-1.222668,s-2.281209,s188.921129
053_36,s-2.780930,s0.286023,s173.520681
053_37,s-2.436078,s-1.164270,s13.769518
053_38,s-2.994249,s1.570902,s13.851855
053_39,s1.870817,s-1.325367,s239.766290
053_40,s-1.871219,s2.331781,s85.230343
053_41,s0.753922,s2.686107,s-4.057833
053_42,s-2.390834,s-2.189661,s131.191277
053_43,s-2.895315,s-0.640201,s127.784460
053_44,s-0.041838,s2.683897,s-1.764944
053_45,s1.464690,s2.822602,s35.075803
053_46,s2.169241,s0.668800,s326.211322
053_47,s2.627070,s-0.496850,s235.806871
053_48,s-0.657661,s-2.701089,s225.031373
053_49,s-2.765719,s0.687966,s69.017765
053_50,s1.924598,s-2.506296,s122.646760
053_51,s1.944508,s2.284488,s245.449106
053_52,s2.757981,s0.989161,s257.474324
054_0,s-0.063253,s0.180625,s316.007696
054_1,s-0.234265,s-0.727359,s3.128173
054_2,s0.411855,s-0.732628,s250.690295
054_3,s-0.564399,s0.239742,s3.458897
054_4,s0.614369,s0.099955,s278.739986
054_5,s1.482456,s0.612951,s109.441062
054_6,s-0.961107,s-0.408933,s25.437524
054_7,s1.307047,s-0.931898,s208.810780
054_8,s-1.294932,s-0.767805,s94.665451
054_9,s1.031798,s-1.417180,s122.203789
054_10,s0.123653,s1.246318,s284.297552
054_11,s-0.978054,s0.626753,s44.779456
054_12,s1.852051,s0.184958,s362.850033
054_13,s1.614659,s1.456517,s87.589693
054_14,s-1.559562,s0.149736,s104.916505
054_15,s-1.470241,s1.392803,s67.076205
054_16,s-0.218714,s2.139498,s62.368116
054_17,s-0.029611,s-1.358726,s192.595786
054_18,s-2.382965,s-0.228861,s196.756198
054_19,s1.437206,s-0.373226,s91.725655
054_20,s-1.839134,s0.617625,s6.572751
054_21,s-0.278820,s1.439892,s36.447263
054_22,s-0.344625,s-1.072512,s108.935412
054_23,s2.357947,s-0.083879,s313.323315
054_24,s2.023590,s1.533422,s266.475002
054_25,s-0.680749,s-1.838128,s185.976906
054_26,s1.972311,s-0.634706,s230.002129
054_27,s1.112701,s-1.923809,s161.430140
054_28,s-1.201490,s2.829564,s82.585089
054_29,s-1.870265,s-1.603201,s91.696170
054_30,s0.807950,s2.118523,s73.703228
054_31,s0.488926,s-2.055491,s140.312211
054_32,s1.643086,s1.990708,s39.762406
054_33,s1.785978,s-1.946693,s235.901676
054_34,s0.613755,s-2.840784,s106.910104
054_35,s-1.222668,s-2.281209,s188.921129
054_36,s-2.780930,s0.286023,s173.520681
054_37,s-2.436078,s-1.164270,s13.769518
054_38,s-2.994249,s1.570902,s13.851855
054_39,s1.870817,s-1.325367,s239.766290
054_40,s-1.911624,s2.241497,s83.671284
054_41,s0.753922,s2.686107,s-4.057833
054_42,s-2.390834,s-2.189661,s131.191277
054_43,s-2.895315,s-0.640201,s127.784460
054_44,s-0.032770,s2.789534,s-4.821969
054_45,s1.464690,s2.822602,s35.075803
054_46,s2.169241,s0.668800,s326.211322
054_47,s2.627070,s-0.496850,s235.806871
054_48,s-0.657661,s-2.701089,s225.031373
054_49,s-2.765719,s0.687966,s69.017765
054_50,s1.924598,s-2.506296,s122.646760
054_51,s1.944508,s2.284488,s245.449106
054_52,s2.736978,s0.886741,s269.196303
054_53,s-1.487633,s-2.776590,s145.094641
055_0,s-0.063253,s0.180625,s316.007696
055_1,s-0.234265,s-0.727359,s3.128173
055_2,s0.411855,s-0.732628,s250.690295
055_3,s-0.564399,s0.239742,s3.458897
055_4,s0.614369,s0.099955,s278.739986
055_5,s1.482456,s0.612951,s109.441062
055_6,s-0.961107,s-0.408933,s25.437524
055_7,s1.307047,s-0.931898,s208.810780
055_8,s-1.294932,s-0.767805,s94.665451
055_9,s1.031798,s-1.417180,s122.203789
055_10,s0.123653,s1.246318,s284.297552
055_11,s-0.978054,s0.626753,s44.779456
055_12,s1.852051,s0.184958,s362.850033
055_13,s1.614659,s1.456517,s87.589693
055_14,s-1.559562,s0.149736,s104.916505
055_15,s-1.470241,s1.392803,s67.076205
055_16,s-0.218714,s2.139498,s62.368116
055_17,s-0.029611,s-1.358726,s192.595786
055_18,s-2.382965,s-0.228861,s196.756198
055_19,s1.437206,s-0.373226,s91.725655
055_20,s-1.839134,s0.617625,s6.572751
055_21,s-0.278820,s1.439892,s36.447263
055_22,s-0.344625,s-1.072512,s108.935412
055_23,s2.357947,s-0.083879,s313.323315
055_24,s2.023590,s1.533422,s266.475002
055_25,s-0.680749,s-1.838128,s185.976906
055_26,s1.972311,s-0.634706,s230.002129
055_27,s1.112701,s-1.923809,s161.430140
055_28,s-1.201490,s2.829564,s82.585089
055_29,s-1.870265,s-1.603201,s91.696170
055_30,s0.807950,s2.118523,s73.703228
055_31,s0.488926,s-2.055491,s140.312211
055_32,s1.643086,s1.990708,s39.762406
055_33,s1.785978,s-1.946693,s235.901676
055_34,s0.613755,s-2.840784,s106.910104
055_35,s-1.222668,s-2.281209,s188.921129
055_36,s-2.780930,s0.286023,s173.520681
055_37,s-2.436078,s-1.164270,s13.769518
055_38,s-2.994249,s1.570902,s13.851855
055_39,s1.870817,s-1.325367,s239.766290
055_40,s-1.911624,s2.241497,s83.671284
055_41,s0.753922,s2.686107,s-4.057833
055_42,s-2.390834,s-2.189661,s131.191277
055_43,s-2.895315,s-0.640201,s127.784460
055_44,s-0.032770,s2.789534,s-4.821969
055_45,s1.464690,s2.822602,s35.075803
055_46,s2.169241,s0.668800,s326.211322
055_47,s2.627070,s-0.496850,s235.806871
055_48,s-0.657661,s-2.701089,s225.031373
055_49,s-2.765719,s0.687966,s69.017765
055_50,s1.924598,s-2.506296,s122.646760
055_51,s1.944508,s2.284488,s245.449106
055_52,s2.736978,s0.886741,s269.196303
055_53,s-1.487633,s-2.776590,s145.094641
055_54,s3.016060,s-0.154213,s339.373571
056_0,s-0.026618,s0.180983,s318.521850
056_1,s-0.234265,s-0.727359,s3.128173
056_2,s0.278319,s-0.858660,s259.641438
056_3,s-0.574364,s0.289725,s-0.523064
056_4,s0.614369,s0.099955,s278.739986
056_5,s1.482456,s0.612951,s109.441062
056_6,s-0.961107,s-0.408933,s25.437524
056_7,s1.307047,s-0.931898,s208.810780
056_8,s-1.294932,s-0.767805,s94.665451
056_9,s1.031798,s-1.417180,s122.203789
056_10,s0.097043,s1.241709,s272.054884
056_11,s-0.978054,s0.626753,s44.779456
056_12,s1.852051,s0.184958,s362.850033
056_13,s1.516073,s1.445799,s79.968560
056_14,s-1.559562,s0.149736,s104.916505
056_15,s-1.491589,s1.494674,s68.627534
056_16,s-0.218714,s2.139498,s62.368116
056_17,s-0.029611,s-1.358726,s192.595786
056_18,s-2.382965,s-0.228861,s196.756198
056_19,s1.437206,s-0.373226,s91.725655
056_20,s-1.839134,s0.617625,s6.572751
056_21,s-0.344742,s1.438200,s38.192029
056_22,s-0.344625,s-1.072512,s108.935412
056_23,s2.319106,s-0.060751,s321.717463
056_24,s2.023590,s1.533422,s266.475002
056_25,s-0.680749,s-1.838128,s185.976906
056_26,s1.972311,s-0.634706,s230.002129
056_27,s1.048812,s-1.889995,s157.844255
056_28,s-1.264092,s2.770395,s78.887722
056_29,s-1.870265,s-1.603201,s91.696170
056_30,s0.792535,s2.084757,s77.049791
056_31,s0.488926,s-2.055491,s140.312211
056_32,s1.643086,s1.990708,s39.762406
056_33,s1.785978,s-1.946693,s235.901676
056_34,s0.613755,s-2.840784,s106.910104
056_35,s-1.222668,s-2.281209,s188.921129
056_36,s-2.780930,s0.286023,s173.520681
056_37,s-2.401290,s-1.210986,s14.087501
056_38,s-2.994249,s1.570902,s13.851855
056_39,s1.870817,s-1.325367,s239.766290
056_40,s-1.911624,s2.241497,s83.671284
056_41,s0.753922,s2.686107,s-4.057833
056_42,s-2.340290,s-2.133728,s134.991142
056_43,s-2.851675,s-0.616210,s125.785161
056_44,s-0.032770,s2.789534,s-4.821969
056_45,s1.464690,s2.822602,s35.075803
056_46,s2.169241,s0.668800,s326.211322
056_47,s2.627070,s-0.496850,s235.806871
056_48,s-0.657661,s-2.701089,s225.031373
056_49,s-2.765719,s0.687966,s69.017765
056_50,s1.924598,s-2.506296,s122.646760
056_51,s2.197711,s2.293259,s236.474667
056_52,s2.736978,s0.886741,s269.196303
056_53,s-1.487633,s-2.776590,s145.094641
056_54,s3.017759,s-0.178980,s334.712816
056_55,s2.654146,s-1.910081,s200.379048
057_0,s-0.026618,s0.180983,s318.521850
057_1,s-0.234265,s-0.727359,s3.128173
057_2,s0.278319,s-0.858660,s259.641438
057_3,s-0.574364,s0.289725,s-0.523064
057_4,s0.614369,s0.099955,s278.739986
057_5,s1.482456,s0.612951,s109.441062
057_6,s-0.961107,s-0.408933,s25.437524
057_7,s1.307047,s-0.931898,s208.810780
057_8,s-1.294932,s-0.767805,s94.665451
057_9,s1.031798,s-1.417180,s122.203789
057_10,s0.097043,s1.241709,s272.054884
057_11,s-0.978054,s0.626753,s44.779456
057_12,s1.852051,s0.184958,s362.850033
057_13,s1.516073,s1.445799,s79.968560
057_14,s-1.559562,s0.149736,s104.916505
057_15,s-1.491589,s1.494674,s68.627534
057_16,s-0.218714,s2.139498,s62.368116
057_17,s-0.029611,s-1.358726,s192.595786
057_18,s-2.382965,s-0.228861,s196.756198
057_19,s1.437206,s-0.373226,s91.725655
057_20,s-1.839134,s0.617625,s6.572751
057_21,s-0.344742,s1.438200,s38.192029
057_22,s-0.344625,s-1.072512,s108.935412
057_23,s2.319106,s-0.060751,s321.717463
057_24,s2.023590,s1.533422,s266.475002
057_25,s-0.680749,s-1.838128,s185.976906
057_26,s1.972311,s-0.634706,s230.002129
057_27,s1.048812,s-1.889995,s157.844255
057_28,s-1.264092,s2.770395,s78.887722
057_29,s-1.870265,s-1.603201,s91.696170
057_30,s0.792535,s2.084757,s77.049791
057_31,s0.488926,s-2.055491,s140.312211
057_32,s1.643086,s1.990708,s39.762406
057_33,s1.785978,s-1.946693,s235.901676
057_34,s0.613755,s-2.840784,s106.910104
057_35,s-1.222668,s-2.281209,s188.921129
057_36,s-2.780930,s0.286023,s173.520681
057_37,s-2.401290,s-1.210986,s14.087501
057_38,s-2.994249,s1.570902,s13.851855
057_39,s1.870817,s-1.325367,s239.766290
057_40,s-1.911624,s2.241497,s83.671284
057_41,s0.753922,s2.686107,s-4.057833
057_42,s-2.340290,s-2.133728,s134.991142
057_43,s-2.851675,s-0.616210,s125.785161
057_44,s-0.032770,s2.789534,s-4.821969
057_45,s1.464690,s2.822602,s35.075803
057_46,s2.169241,s0.668800,s326.211322
057_47,s2.627070,s-0.496850,s235.806871
057_48,s-0.657661,s-2.701089,s225.031373
057_49,s-2.765719,s0.687966,s69.017765
057_50,s1.924598,s-2.506296,s122.646760
057_51,s2.197711,s2.293259,s236.474667
057_52,s2.736978,s0.886741,s269.196303
057_53,s-1.487633,s-2.776590,s145.094641
057_54,s3.017759,s-0.178980,s334.712816
057_55,s2.654146,s-1.910081,s200.379048
057_56,s-3.188106,s-0.109918,s108.011330
058_0,s-0.026618,s0.180983,s318.521850
058_1,s-0.234265,s-0.727359,s3.128173
058_2,s0.278319,s-0.858660,s259.641438
058_3,s-0.574364,s0.289725,s-0.523064
058_4,s0.614369,s0.099955,s278.739986
058_5,s1.482456,s0.612951,s109.441062
058_6,s-0.961107,s-0.408933,s25.437524
058_7,s1.307047,s-0.931898,s208.810780
058_8,s-1.294932,s-0.767805,s94.665451
058_9,s1.031798,s-1.417180,s122.203789
058_10,s0.097043,s1.241709,s272.054884
058_11,s-0.978054,s0.626753,s44.779456
058_12,s1.852051,s0.184958,s362.850033
058_13,s1.516073,s1.445799,s79.968560
058_14,s-1.559562,s0.149736,s104.916505
058_15,s-1.491589,s1.494674,s68.627534
058_16,s-0.218714,s2.139498,s62.368116
058_17,s-0.029611,s-1.358726,s192.595786
058_18,s-2.382965,s-0.228861,s196.756198
058_19,s1.437206,s-0.373226,s91.725655
058_20,s-1.839134,s0.617625,s6.572751
058_21,s-0.344742,s1.438200,s38.192029
058_22,s-0.344625,s-1.072512,s108.935412
058_23,s2.319106,s-0.060751,s321.717463
058_24,s2.023590,s1.533422,s266.475002
058_25,s-0.680749,s-1.838128,s185.976906
058_26,s1.972311,s-0.634706,s230.002129
058_27,s1.048812,s-1.889995,s157.844255
058_28,s-1.264092,s2.770395,s78.887722
058_29,s-1.870265,s-1.603201,s91.696170
058_30,s0.792535,s2.084757,s77.049791
058_31,s0.488926,s-2.055491,s140.312211
058_32,s1.643086,s1.990708,s39.762406
058_33,s1.785978,s-1.946693,s235.901676
058_34,s0.613755,s-2.840784,s106.910104
058_35,s-1.222668,s-2.281209,s188.921129
058_36,s-2.780930,s0.286023,s173.520681
058_37,s-2.401290,s-1.210986,s14.087501
058_38,s-2.994249,s1.570902,s13.851855
058_39,s1.870817,s-1.325367,s239.766290
058_40,s-1.911624,s2.241497,s83.671284
058_41,s0.753922,s2.686107,s-4.057833
058_42,s-2.340290,s-2.133728,s134.991142
058_43,s-2.851675,s-0.616210,s125.785161
058_44,s-0.032770,s2.789534,s-4.821969
058_45,s1.464690,s2.822602,s35.075803
058_46,s2.169241,s0.668800,s326.211322
058_47,s2.627070,s-0.496850,s235.806871
058_48,s-0.657661,s-2.701089,s225.031373
058_49,s-2.765719,s0.687966,s69.017765
058_50,s1.924598,s-2.506296,s122.646760
058_51,s2.197711,s2.293259,s236.474667
058_52,s2.736978,s0.886741,s269.196303
058_53,s-1.487633,s-2.776590,s145.094641
058_54,s3.017759,s-0.178980,s334.712816
058_55,s2.654146,s-1.910081,s200.379048
058_56,s-3.188106,s-0.109918,s108.011330
058_57,s-2.424031,s2.634478,s345.624725
059_0,s-0.026618,s0.180983,s318.521850
059_1,s-0.234265,s-0.727359,s3.128173
059_2,s0.278319,s-0.858660,s259.641438
059_3,s-0.574364,s0.289725,s-0.523064
059_4,s0.614369,s0.099955,s278.739986
059_5,s1.482456,s0.612951,s109.441062
059_6,s-0.961107,s-0.408933,s25.437524
059_7,s1.307047,s-0.931898,s208.810780
059_8,s-1.294932,s-0.767805,s94.665451
059_9,s1.031798,s-1.417180,s122.203789
059_10,s0.097043,s1.241709,s272.054884
059_11,s-0.978054,s0.626753,s44.779456
059_12,s1.852051,s0.184958,s362.850033
059_13,s1.516073,s1.445799,s79.968560
059_14,s-1.559562,s0.149736,s104.916505
059_15,s-1.491589,s1.494674,s68.627534
059_16,s-0.218714,s2.139498,s62.368116
059_17,s-0.029611,s-1.358726,s192.595786
059_18,s-2.382965,s-0.228861,s196.756198
059_19,s1.437206,s-0.373226,s91.725655
059_20,s-1.839134,s0.617625,s6.572751
059_21,s-0.344742,s1.438200,s38.192029
059_22,s-0.344625,s-1.072512,s108.935412
059_23,s2.319106,s-0.060751,s321.717463
059_24,s2.023590,s1.533422,s266.475002
059_25,s-0.680749,s-1.838128,s185.976906
059_26,s1.972311,s-0.634706,s230.002129
059_27,s1.048812,s-1.889995,s157.844255
059_28,s-1.264092,s2.770395,s78.887722
059_29,s-1.870265,s-1.603201,s91.696170
059_30,s0.792535,s2.084757,s77.049791
059_31,s0.488926,s-2.055491,s140.312211
059_32,s1.643086,s1.990708,s39.762406
059_33,s1.785978,s-1.946693,s235.901676
059_34,s0.613755,s-2.840784,s106.910104
059_35,s-1.222668,s-2.281209,s188.921129
059_36,s-2.780930,s0.286023,s173.520681
059_37,s-2.401290,s-1.210986,s14.087501
059_38,s-2.994249,s1.570902,s13.851855
059_39,s1.870817,s-1.325367,s239.766290
059_40,s-1.911624,s2.241497,s83.671284
059_41,s0.753922,s2.686107,s-4.057833
059_42,s-2.340290,s-2.133728,s134.991142
059_43,s-2.851675,s-0.616210,s125.785161
059_44,s-0.032770,s2.789534,s-4.821969
059_45,s1.464690,s2.822602,s35.075803
059_46,s2.169241,s0.668800,s326.211322
059_47,s2.627070,s-0.496850,s235.806871
059_48,s-0.657661,s-2.701089,s225.031373
059_49,s-2.765719,s0.687966,s69.017765
059_50,s1.924598,s-2.506296,s122.646760
059_51,s2.197711,s2.293259,s236.474667
059_52,s2.736978,s0.886741,s269.196303
059_53,s-1.487633,s-2.776590,s145.094641
059_54,s3.017759,s-0.178980,s334.712816
059_55,s2.654146,s-1.910081,s200.379048
059_56,s-3.188106,s-0.109918,s108.011330
059_57,s-2.424031,s2.634478,s345.624725
059_58,s-0.331231,s-3.383827,s204.484673
060_0,s-0.026618,s0.180983,s318.521850
060_1,s-0.234265,s-0.727359,s3.128173
060_2,s0.278319,s-0.858660,s259.641438
060_3,s-0.574364,s0.289725,s-0.523064
060_4,s0.614369,s0.099955,s278.739986
060_5,s1.482456,s0.612951,s109.441062
060_6,s-0.961107,s-0.408933,s25.437524
060_7,s1.307047,s-0.931898,s208.810780
060_8,s-1.294932,s-0.767805,s94.665451
060_9,s1.031798,s-1.417180,s122.203789
060_10,s0.097043,s1.241709,s272.054884
060_11,s-0.978054,s0.626753,s44.779456
060_12,s1.852051,s0.184958,s362.850033
060_13,s1.516073,s1.445799,s79.968560
060_14,s-1.559562,s0.149736,s104.916505
060_15,s-1.491589,s1.494674,s68.627534
060_16,s-0.218714,s2.139498,s62.368116
060_17,s-0.029611,s-1.358726,s192.595786
060_18,s-2.382965,s-0.228861,s196.756198
060_19,s1.437206,s-0.373226,s91.725655
060_20,s-1.839134,s0.617625,s6.572751
060_21,s-0.344742,s1.438200,s38.192029
060_22,s-0.344625,s-1.072512,s108.935412
060_23,s2.319106,s-0.060751,s321.717463
060_24,s2.023590,s1.533422,s266.475002
060_25,s-0.680749,s-1.838128,s185.976906
060_26,s1.972311,s-0.634706,s230.002129
060_27,s1.048812,s-1.889995,s157.844255
060_28,s-1.264092,s2.770395,s78.887722
060_29,s-1.870265,s-1.603201,s91.696170
060_30,s0.792535,s2.084757,s77.049791
060_31,s0.488926,s-2.055491,s140.312211
060_32,s1.643086,s1.990708,s39.762406
060_33,s1.785978,s-1.946693,s235.901676
060_34,s0.613755,s-2.840784,s106.910104
060_35,s-1.222668,s-2.281209,s188.921129
060_36,s-2.780930,s0.286023,s173.520681
060_37,s-2.401290,s-1.210986,s14.087501
060_38,s-2.994249,s1.570902,s13.851855
060_39,s1.870817,s-1.325367,s239.766290
060_40,s-1.911624,s2.241497,s83.671284
060_41,s0.753922,s2.686107,s-4.057833
060_42,s-2.340290,s-2.133728,s134.991142
060_43,s-2.851675,s-0.616210,s125.785161
060_44,s-0.003219,s2.665585,s-3.595529
060_45,s1.464690,s2.822602,s35.075803
060_46,s2.169241,s0.668800,s326.211322
060_47,s2.627070,s-0.496850,s235.806871
060_48,s-0.657661,s-2.701089,s225.031373
060_49,s-2.765719,s0.687966,s69.017765
060_50,s1.924598,s-2.506296,s122.646760
060_51,s2.197711,s2.293259,s236.474667
060_52,s2.736978,s0.886741,s269.196303
060_53,s-1.487633,s-2.776590,s145.094641
060_54,s3.017759,s-0.178980,s334.712816
060_55,s2.654146,s-1.910081,s200.379048
060_56,s-3.188106,s-0.109918,s108.011330
060_57,s-2.424031,s2.634478,s345.624725
060_58,s-0.331231,s-3.383827,s204.484673
060_59,s2.853803,s1.616851,s258.443063
061_0,s-0.026618,s0.180983,s318.521850
061_1,s-0.234265,s-0.727359,s3.128173
061_2,s0.210626,s-0.880939,s261.634162
061_3,s-0.574364,s0.289725,s-0.523064
061_4,s0.614369,s0.099955,s278.739986
061_5,s1.482456,s0.612951,s109.441062
061_6,s-0.852898,s-0.406182,s34.123170
061_7,s1.307047,s-0.931898,s208.810780
061_8,s-1.338212,s-0.757836,s98.252671
061_9,s1.031798,s-1.417180,s122.203789
061_10,s0.220851,s1.207028,s263.565259
061_11,s-0.978054,s0.626753,s44.779456
061_12,s1.852051,s0.184958,s362.850033
061_13,s1.516073,s1.445799,s79.968560
061_14,s-1.559562,s0.149736,s104.916505
061_15,s-1.491589,s1.494674,s68.627534
061_16,s-0.291864,s2.206073,s69.295276
061_17,s-0.029611,s-1.358726,s192.595786
061_18,s-2.382965,s-0.228861,s196.756198
061_19,s1.355485,s-0.354355,s85.411262
061_20,s-1.837291,s0.709618,s14.599576
061_21,s-0.329931,s1.425787,s28.382767
061_22,s-0.344625,s-1.072512,s108.935412
061_23,s2.319106,s-0.060751,s321.717463
061_24,s2.023590,s1.533422,s266.475002
061_25,s-0.680749,s-1.838128,s185.976906
061_26,s1.851214,s-0.580537,s226.836435
061_27,s1.048812,s-1.889995,s157.844255
061_28,s-1.264092,s2.770395,s78.887722
061_29,s-1.832389,s-1.575878,s91.051468
061_30,s0.792535,s2.084757,s77.049791
061_31,s0.488926,s-2.055491,s140.312211
061_32,s1.660563,s2.006466,s41.074171
061_33,s1.771454,s-1.969356,s233.742840
061_34,s0.613755,s-2.840784,s106.910104
061_35,s-1.222668,s-2.281209,s188.921129
061_36,s-2.780930,s0.286023,s173.520681
061_37,s-2.401290,s-1.210986,s14.087501
061_38,s-2.888384,s1.417343,s30.422290
061_39,s1.870817,s-1.325367,s239.766290
061_40,s-1.911624,s2.241497,s83.671284
061_41,s0.717222,s2.567819,s-12.896574
061_42,s-2.340290,s-2.133728,s134.991142
061_43,s-2.851675,s-0.616210,s125.785161
061_44,s-0.003219,s2.665585,s-3.595529
061_45,s1.464690,s2.822602,s35.075803
061_46,s2.169241,s0.668800,s326.211322
061_47,s2.627070,s-0.496850,s235.806871
061_48,s-0.657661,s-2.701089,s225.031373
061_49,s-2.765719,s0.687966,s69.017765
061_50,s1.954864,s-2.527221,s123.974552
061_51,s2.171309,s2.437681,s253.824183
061_52,s2.844979,s0.850815,s276.433017
061_53,s-1.487633,s-2.776590,s145.094641
061_54,s3.017759,s-0.178980,s334.712816
061_55,s2.643733,s-2.053537,s202.627922
061_56,s-3.188106,s-0.109918,s108.011330
061_57,s-2.424031,s2.634478,s345.624725
061_58,s-0.331231,s-3.383827,s204.484673
061_59,s2.853803,s1.616851,s258.443063
061_60,s-1.000433,s-3.258515,s141.763678
062_0,s-0.026618,s0.180983,s318.521850
062_1,s-0.234265,s-0.727359,s3.128173
062_2,s0.210626,s-0.880939,s261.634162
062_3,s-0.574364,s0.289725,s-0.523064
062_4,s0.614369,s0.099955,s278.739986
062_5,s1.482456,s0.612951,s109.441062
062_6,s-0.852898,s-0.406182,s34.123170
062_7,s1.307047,s-0.931898,s208.810780
062_8,s-1.338212,s-0.757836,s98.252671
062_9,s1.031798,s-1.417180,s122.203789
062_10,s0.220851,s1.207028,s263.565259
062_11,s-0.978054,s0.626753,s44.779456
062_12,s1.852051,s0.184958,s362.850033
062_13,s1.516073,s1.445799,s79.968560
062_14,s-1.559562,s0.149736,s104.916505
062_15,s-1.491589,s1.494674,s68.627534
062_16,s-0.291864,s2.206073,s69.295276
062_17,s-0.029611,s-1.358726,s192.595786
062_18,s-2.382965,s-0.228861,s196.756198
062_19,s1.355485,s-0.354355,s85.411262
062_20,s-1.837291,s0.709618,s14.599576
062_21,s-0.329931,s1.425787,s28.382767
062_22,s-0.344625,s-1.072512,s108.935412
062_23,s2.319106,s-0.060751,s321.717463
062_24,s2.023590,s1.533422,s266.475002
062_25,s-0.680749,s-1.838128,s185.976906
062_26,s1.851214,s-0.580537,s226.836435
062_27,s1.048812,s-1.889995,s157.844255
062_28,s-1.264092,s2.770395,s78.887722
062_29,s-1.832389,s-1.575878,s91.051468
062_30,s0.792535,s2.084757,s77.049791
062_31,s0.488926,s-2.055491,s140.312211
062_32,s1.660563,s2.006466,s41.074171
062_33,s1.771454,s-1.969356,s233.742840
062_34,s0.613755,s-2.840784,s106.910104
062_35,s-1.222668,s-2.281209,s188.921129
062_36,s-2.780930,s0.286023,s173.520681
062_37,s-2.401290,s-1.210986,s14.087501
062_38,s-2.888384,s1.417343,s30.422290
062_39,s1.870817,s-1.325367,s239.766290
062_40,s-1.911624,s2.241497,s83.671284
062_41,s0.717222,s2.567819,s-12.896574
062_42,s-2.340290,s-2.133728,s134.991142
062_43,s-2.851675,s-0.616210,s125.785161
062_44,s-0.003219,s2.665585,s-3.595529
062_45,s1.464690,s2.822602,s35.075803
062_46,s2.169241,s0.668800,s326.211322
062_47,s2.627070,s-0.496850,s235.806871
062_48,s-0.657661,s-2.701089,s225.031373
062_49,s-2.765719,s0.687966,s69.017765
062_50,s1.954864,s-2.527221,s123.974552
062_51,s2.171309,s2.437681,s253.824183
062_52,s2.844979,s0.850815,s276.433017
062_53,s-1.487633,s-2.776590,s145.094641
062_54,s3.017759,s-0.178980,s334.712816
062_55,s2.643733,s-2.053537,s202.627922
062_56,s-3.188106,s-0.109918,s108.011330
062_57,s-2.424031,s2.634478,s345.624725
062_58,s-0.331231,s-3.383827,s204.484673
062_59,s2.853803,s1.616851,s258.443063
062_60,s-1.000433,s-3.258515,s141.763678
062_61,s0.611874,s-3.405468,s295.395682
063_0,s-0.026618,s0.180983,s318.521850
063_1,s-0.234265,s-0.727359,s3.128173
063_2,s0.210626,s-0.880939,s261.634162
063_3,s-0.574364,s0.289725,s-0.523064
063_4,s0.614369,s0.099955,s278.739986
063_5,s1.482456,s0.612951,s109.441062
063_6,s-0.852898,s-0.406182,s34.123170
063_7,s1.307047,s-0.931898,s208.810780
063_8,s-1.338212,s-0.757836,s98.252671
063_9,s1.031798,s-1.417180,s122.203789
063_10,s0.220851,s1.207028,s263.565259
063_11,s-0.978054,s0.626753,s44.779456
063_12,s1.852051,s0.184958,s362.850033
063_13,s1.516073,s1.445799,s79.968560
063_14,s-1.559562,s0.149736,s104.916505
063_15,s-1.491589,s1.494674,s68.627534
063_16,s-0.291864,s2.206073,s69.295276
063_17,s-0.029611,s-1.358726,s192.595786
063_18,s-2.382965,s-0.228861,s196.756198
063_19,s1.355485,s-0.354355,s85.411262
063_20,s-1.837291,s0.709618,s14.599576
063_21,s-0.329931,s1.425787,s28.382767
063_22,s-0.344625,s-1.072512,s108.935412
063_23,s2.319106,s-0.060751,s321.717463
063_24,s2.023590,s1.533422,s266.475002
063_25,s-0.680749,s-1.838128,s185.976906
063_26,s1.851214,s-0.580537,s226.836435
063_27,s1.048812,s-1.889995,s157.844255
063_28,s-1.264092,s2.770395,s78.887722
063_29,s-1.832389,s-1.575878,s91.051468
063_30,s0.792535,s2.084757,s77.049791
063_31,s0.488926,s-2.055491,s140.312211
063_32,s1.660563,s2.006466,s41.074171
063_33,s1.771454,s-1.969356,s233.742840
063_34,s0.613755,s-2.840784,s106.910104
063_35,s-1.222668,s-2.281209,s188.921129
063_36,s-2.780930,s0.286023,s173.520681
063_37,s-2.401290,s-1.210986,s14.087501
063_38,s-2.888384,s1.417343,s30.422290
063_39,s1.870817,s-1.325367,s239.766290
063_40,s-1.911624,s2.241497,s83.671284
063_41,s0.717222,s2.567819,s-12.896574
063_42,s-2.340290,s-2.133728,s134.991142
063_43,s-2.851675,s-0.616210,s125.785161
063_44,s-0.003219,s2.665585,s-3.595529
063_45,s1.464690,s2.822602,s35.075803
063_46,s2.169241,s0.668800,s326.211322
063_47,s2.627070,s-0.496850,s235.806871
063_48,s-0.657661,s-2.701089,s225.031373
063_49,s-2.765719,s0.687966,s69.017765
063_50,s1.954864,s-2.527221,s123.974552
063_51,s2.171309,s2.437681,s253.824183
063_52,s2.844979,s0.850815,s276.433017
063_53,s-1.487633,s-2.776590,s145.094641
063_54,s3.017759,s-0.178980,s334.712816
063_55,s2.643733,s-2.053537,s202.627922
063_56,s-3.188106,s-0.109918,s108.011330
063_57,s-2.424031,s2.634478,s345.624725
063_58,s-0.331231,s-3.383827,s204.484673
063_59,s2.853803,s1.616851,s258.443063
063_60,s-1.000433,s-3.258515,s141.763678
063_61,s0.611874,s-3.405468,s295.395682
063_62,s2.660473,s-1.128708,s245.140349
064_0,s0.014010,s0.054612,s313.193729
064_1,s-0.293117,s-0.702576,s6.910873
064_2,s0.210626,s-0.880939,s261.634162
064_3,s-0.574364,s0.289725,s-0.523064
064_4,s0.614369,s0.099955,s278.739986
064_5,s1.482456,s0.612951,s109.441062
064_6,s-0.971623,s-0.487186,s28.702325
064_7,s1.307047,s-0.931898,s208.810780
064_8,s-1.338212,s-0.757836,s98.252671
064_9,s1.031798,s-1.417180,s122.203789
064_10,s0.022423,s1.370494,s273.153376
064_11,s-1.029876,s0.583097,s36.694958
064_12,s1.852051,s0.184958,s362.850033
064_13,s1.453054,s1.384296,s73.711890
064_14,s-1.576340,s0.197532,s106.666375
064_15,s-1.379554,s1.608000,s71.833060
064_16,s-0.291864,s2.206073,s69.295276
064_17,s-0.029611,s-1.358726,s192.595786
064_18,s-2.382965,s-0.228861,s196.756198
064_19,s1.355485,s-0.354355,s85.411262
064_20,s-1.837291,s0.709618,s14.599576
064_21,s-0.475209,s1.566092,s45.692301
064_22,s-0.344625,s-1.072512,s108.935412
064_23,s2.299546,s-0.063299,s322.251745
064_24,s2.004394,s1.565946,s264.905486
064_25,s-0.680749,s-1.838128,s185.976906
064_26,s1.851214,s-0.580537,s226.836435
064_27,s1.048812,s-1.889995,s157.844255
064_28,s-1.125214,s2.804013,s81.159998
064_29,s-1.727793,s-1.763297,s86.383047
064_30,s1.004635,s2.019672,s60.421271
064_31,s0.442801,s-2.150341,s137.313870
064_32,s1.689279,s2.071426,s46.093939
064_33,s1.771454,s-1.969356,s233.742840
064_34,s0.613755,s-2.840784,s106.910104
064_35,s-1.307917,s-2.247142,s202.094902
064_36,s-2.780930,s0.286023,s173.520681
064_37,s-2.401290,s-1.210986,s14.087501
064_38,s-2.678165,s1.571485,s21.638718
064_39,s1.956555,s-1.324732,s228.326087
064_40,s-1.911624,s2.241497,s83.671284
064_41,s0.660718,s2.692715,s-15.970999
064_42,s-2.566330,s-2.087106,s125.204974
064_43,s-2.844942,s-0.612697,s125.406235
064_44,s0.076609,s2.542927,s-14.429690
064_45,s1.464690,s2.822602,s35.075803
064_46,s2.221783,s0.741920,s326.161329
064_47,s2.633321,s-0.580443,s233.136861
064_48,s-0.657661,s-2.701089,s225.031373
064_49,s-2.704916,s0.793914,s62.882837
064_50,s1.892246,s-2.614202,s110.380243
064_51,s2.132475,s2.393619,s258.417556
064_52,s2.831789,s0.673628,s291.824155
064_53,s-1.487633,s-2.776590,s145.094641
064_54,s3.092390,s-0.231749,s333.873628
064_55,s2.719758,s-2.023299,s205.050868
064_56,s-3.237331,s-0.160577,s101.355752
064_57,s-2.424031,s2.634478,s345.624725
064_58,s-0.423185,s-3.514535,s203.036329
064_59,s2.853803,s1.616851,s258.443063
064_60,s-0.864290,s-3.279678,s142.713997
064_61,s0.611874,s-3.405468,s295.395682
064_62,s2.718449,s-1.263409,s243.155935
064_63,s-3.413596,s-1.209417,s124.400647
065_0,s0.014010,s0.054612,s313.193729
065_1,s-0.255968,s-0.598642,s8.324573
065_2,s0.210626,s-0.880939,s261.634162
065_3,s-0.488987,s0.352159,s-3.733863
065_4,s0.614369,s0.099955,s278.739986
065_5,s1.481243,s0.633001,s98.971954
065_6,s-0.971623,s-0.487186,s28.702325
065_7,s1.313229,s-0.939588,s208.470718
065_8,s-1.317210,s-0.832116,s100.866912
065_9,s1.031798,s-1.417180,s122.203789
065_10,s0.022423,s1.370494,s273.153376
065_11,s-1.107631,s0.533021,s37.807192
065_12,s1.852051,s0.184958,s362.850033
065_13,s1.438340,s1.420575,s69.368276
065_14,s-1.576340,s0.197532,s106.666375
065_15,s-1.302228,s1.443917,s72.540272
065_16,s-0.291864,s2.206073,s69.295276
065_17,s-0.029611,s-1.358726,s192.595786
065_18,s-2.382965,s-0.228861,s196.756198
065_19,s1.355485,s-0.354355,s85.411262
065_20,s-1.965491,s0.633174,s0.673501
065_21,s-0.360349,s1.379112,s38.832982
065_22,s-0.344625,s-1.072512,s108.935412
065_23,s2.299546,s-0.063299,s322.251745
065_24,s1.987312,s1.486587,s268.868688
065_25,s-0.680749,s-1.838128,s185.976906
065_26,s1.896998,s-0.515893,s225.103658
065_27,s1.048812,s-1.889995,s157.844255
065_28,s-1.071156,s2.862256,s80.254444
065_29,s-1.738849,s-1.781016,s81.671461
065_30,s1.004635,s2.019672,s60.421271
065_31,s0.442801,s-2.150341,s137.313870
065_32,s1.631096,s2.088632,s40.315351
065_33,s1.771454,s-1.969356,s233.742840
065_34,s0.613755,s-2.840784,s106.910104
065_35,s-1.289768,s-2.086798,s197.179600
065_36,s-2.780930,s0.286023,s173.520681
065_37,s-2.354791,s-1.188649,s19.954579
065_38,s-2.987467,s1.755666,s16.449782
065_39,s1.956555,s-1.324732,s228.326087
065_40,s-1.911624,s2.241497,s83.671284
065_41,s0.660718,s2.692715,s-15.970999
065_42,s-2.566330,s-2.087106,s125.204974
065_43,s-2.844942,s-0.612697,s125.406235
065_44,s0.076609,s2.542927,s-14.429690
065_45,s1.330235,s2.813974,s27.058367
065_46,s2.177501,s0.753610,s323.937918
065_47,s2.633321,s-0.580443,s233.136861
065_48,s-0.657661,s-2.701089,s225.031373
065_49,s-2.704916,s0.793914,s62.882837
065_50,s1.892246,s-2.614202,s110.380243
065_51,s2.286880,s2.540408,s264.086329
065_52,s2.831789,s0.673628,s291.824155
065_53,s-1.487633,s-2.776590,s145.094641
065_54,s3.238892,s-0.155894,s333.835434
065_55,s2.740654,s-2.173796,s201.883870
065_56,s-3.383719,s-0.140927,s105.826678
065_57,s-2.440932,s2.688266,s340.169101
065_58,s-0.510306,s-3.478587,s200.004689
065_59,s2.853803,s1.616851,s258.443063
065_60,s-0.896824,s-3.204165,s142.539202
065_61,s0.611874,s-3.405468,s295.395682
065_62,s2.718449,s-1.263409,s243.155935
065_63,s-3.387046,s-1.275509,s118.957228
065_64,s0.466476,s3.509131,s319.244520
066_0,s0.014010,s0.054612,s313.193729
066_1,s-0.255968,s-0.598642,s8.324573
066_2,s0.210626,s-0.880939,s261.634162
066_3,s-0.488987,s0.352159,s-3.733863
066_4,s0.614369,s0.099955,s278.739986
066_5,s1.481243,s0.633001,s98.971954
066_6,s-0.946850,s-0.327250,s22.066768
066_7,s1.313229,s-0.939588,s208.470718
066_8,s-1.317210,s-0.832116,s100.866912
066_9,s1.031798,s-1.417180,s122.203789
066_10,s0.022423,s1.370494,s273.153376
066_11,s-1.107631,s0.533021,s37.807192
066_12,s1.852051,s0.184958,s362.850033
066_13,s1.438340,s1.420575,s69.368276
066_14,s-1.576340,s0.197532,s106.666375
066_15,s-1.302228,s1.443917,s72.540272
066_16,s-0.290405,s2.136331,s69.364507
066_17,s-0.029611,s-1.358726,s192.595786
066_18,s-2.382965,s-0.228861,s196.756198
066_19,s1.355485,s-0.354355,s85.411262
066_20,s-1.965491,s0.633174,s0.673501
066_21,s-0.360349,s1.379112,s38.832982
066_22,s-0.344625,s-1.072512,s108.935412
066_23,s2.299546,s-0.063299,s322.251745
066_24,s1.987312,s1.486587,s268.868688
066_25,s-0.493839,s-1.693955,s198.099477
066_26,s1.896998,s-0.515893,s225.103658
066_27,s1.048812,s-1.889995,s157.844255
066_28,s-1.027219,s2.812486,s73.776749
066_29,s-1.738849,s-1.781016,s81.671461
066_30,s1.004635,s2.019672,s60.421271
066_31,s0.442801,s-2.150341,s137.313870
066_32,s1.631096,s2.088632,s40.315351
066_33,s1.772465,s-1.929605,s236.077286
066_34,s0.613755,s-2.840784,s106.910104
066_35,s-1.289768,s-2.086798,s197.179600
066_36,s-2.780930,s0.286023,s173.520681
066_37,s-2.354791,s-1.188649,s19.954579
066_38,s-2.868356,s1.745099,s19.739995
066_39,s1.956555,s-1.324732,s228.326087
066_40,s-1.853172,s2.272316,s79.738350
066_41,s0.660718,s2.692715,s-15.970999
066_42,s-2.566330,s-2.087106,s125.204974
066_43,s-2.844942,s-0.612697,s125.406235
066_44,s0.076609,s2.542927,s-14.429690
066_45,s1.330235,s2.813974,s27.058367
066_46,s2.177501,s0.753610,s323.937918
066_47,s2.668422,s-0.588715,s227.853983
066_48,s-0.657661,s-2.701089,s225.031373
066_49,s-2.704916,s0.793914,s62.882837
066_50,s1.875637,s-2.546363,s101.106273
066_51,s2.286880,s2.540408,s264.086329
066_52,s2.831789,s0.673628,s291.824155
066_53,s-1.487633,s-2.776590,s145.094641
066_54,s3.238892,s-0.155894,s333.835434
066_55,s2.740654,s-2.173796,s201.883870
066_56,s-3.383719,s-0.140927,s105.826678
066_57,s-2.440932,s2.688266,s340.169101
066_58,s-0.458191,s-3.449630,s204.781249
066_59,s2.853803,s1.616851,s258.443063
066_60,s-0.896824,s-3.204165,s142.539202
066_61,s0.611874,s-3.405468,s295.395682
066_62,s2.718449,s-1.263409,s243.155935
066_63,s-3.387046,s-1.275509,s118.957228
066_64,s0.357042,s3.593130,s313.188930
066_65,s-2.648339,s-2.640815,s232.519769
067_0,s0.014010,s0.054612,s313.193729
067_1,s-0.322428,s-0.678085,s2.643601
067_2,s0.210626,s-0.880939,s261.634162
067_3,s-0.488987,s0.352159,s-3.733863
067_4,s0.614369,s0.099955,s278.739986
067_5,s1.481243,s0.633001,s98.971954
067_6,s-0.946850,s-0.327250,s22.066768
067_7,s1.313229,s-0.939588,s208.470718
067_8,s-1.317210,s-0.832116,s100.866912
067_9,s1.031798,s-1.417180,s122.203789
067_10,s0.022423,s1.370494,s273.153376
067_11,s-1.107631,s0.533021,s37.807192
067_12,s1.852051,s0.184958,s362.850033
067_13,s1.438340,s1.420575,s69.368276
067_14,s-1.576340,s0.197532,s106.666375
067_15,s-1.302228,s1.443917,s72.540272
067_16,s-0.400066,s2.253136,s81.058762
067_17,s-0.029611,s-1.358726,s192.595786
067_18,s-2.382965,s-0.228861,s196.756198
067_19,s1.355485,s-0.354355,s85.411262
067_20,s-2.244323,s0.944981,s-9.825274
067_21,s-0.360349,s1.379112,s38.832982
067_22,s-0.344625,s-1.072512,s108.935412
067_23,s2.299546,s-0.063299,s322.251745
067_24,s1.987312,s1.486587,s268.868688
067_25,s-0.493839,s-1.693955,s198.099477
067_26,s1.896998,s-0.515893,s225.103658
067_27,s1.048812,s-1.889995,s157.844255
067_28,s-1.027219,s2.812486,s73.776749
067_29,s-1.746064,s-1.769949,s83.384195
067_30,s1.066722,s2.034121,s61.902833
067_31,s0.442801,s-2.150341,s137.313870
067_32,s1.631096,s2.088632,s40.315351
067_33,s1.772465,s-1.929605,s236.077286
067_34,s0.613755,s-2.840784,s106.910104
067_35,s-1.289768,s-2.086798,s197.179600
067_36,s-2.780930,s0.286023,s173.520681
067_37,s-2.354791,s-1.188649,s19.954579
067_38,s-2.868356,s1.745099,s19.739995
067_39,s1.956555,s-1.324732,s228.326087
067_40,s-1.853172,s2.272316,s79.738350
067_41,s0.660718,s2.692715,s-15.970999
067_42,s-2.566330,s-2.087106,s125.204974
067_43,s-2.844942,s-0.612697,s125.406235
067_44,s0.076609,s2.542927,s-14.429690
067_45,s1.330235,s2.813974,s27.058367
067_46,s2.177501,s0.753610,s323.937918
067_47,s2.668422,s-0.588715,s227.853983
067_48,s-0.727360,s-2.678894,s231.431796
067_49,s-2.793379,s0.857961,s79.368695
067_50,s2.064405,s-2.621102,s118.089998
067_51,s2.286880,s2.540408,s264.086329
067_52,s2.831789,s0.673628,s291.824155
067_53,s-1.487633,s-2.776590,s145.094641
067_54,s3.238892,s-0.155894,s333.835434
067_55,s2.740654,s-2.173796,s201.883870
067_56,s-3.427082,s-0.127882,s99.163754
067_57,s-2.440932,s2.688266,s340.169101
067_58,s-0.458191,s-3.449630,s204.781249
067_59,s2.853803,s1.616851,s258.443063
067_60,s-0.896824,s-3.204165,s142.539202
067_61,s0.611874,s-3.405468,s295.395682
067_62,s2.718449,s-1.263409,s243.155935
067_63,s-3.387046,s-1.275509,s118.957228
067_64,s0.352255,s3.550159,s310.016015
067_65,s-2.611477,s-2.771383,s239.064043
067_66,s-0.633632,s3.299714,s260.710112
068_0,s0.014010,s0.054612,s313.193729
068_1,s-0.322428,s-0.678085,s2.643601
068_2,s0.142480,s-0.879504,s255.029550
068_3,s-0.389191,s0.411295,s-1.496928
068_4,s0.614369,s0.099955,s278.739986
068_5,s1.240315,s0.743224,s91.467549
068_6,s-0.799140,s-0.394420,s25.293331
068_7,s1.313229,s-0.939588,s208.470718
068_8,s-1.317210,s-0.832116,s100.866912
068_9,s1.031798,s-1.417180,s122.203789
068_10,s0.144066,s1.337257,s257.140977
068_11,s-1.107631,s0.533021,s37.807192
068_12,s1.852051,s0.184958,s362.850033
068_13,s1.438340,s1.420575,s69.368276
068_14,s-1.586460,s0.261376,s100.548976
068_15,s-1.302228,s1.443917,s72.540272
068_16,s-0.322620,s2.403525,s89.276567
068_17,s-0.029611,s-1.358726,s192.595786
068_18,s-2.382965,s-0.228861,s196.756198
068_19,s1.318437,s-0.357087,s89.271954
068_20,s-2.285018,s0.919262,s-2.857520
068_21,s-0.268686,s1.388223,s43.304282
068_22,s-0.473032,s-1.113519,s105.827899
068_23,s2.299546,s-0.063299,s322.251745
068_24,s1.987312,s1.486587,s268.868688
068_25,s-0.547122,s-1.637489,s193.943606
068_26,s1.896998,s-0.515893,s225.103658
068_27,s1.043273,s-1.919588,s162.797194
068_28,s-0.886464,s2.900531,s64.586559
068_29,s-1.705243,s-1.780323,s80.927752
068_30,s1.066722,s2.034121,s61.902833
068_31,s0.442801,s-2.150341,s137.313870
068_32,s1.606835,s2.033694,s40.653961
068_33,s1.842353,s-2.082400,s233.283536
068_34,s0.613755,s-2.840784,s106.910104
068_35,s-1.393450,s-2.187074,s204.045168
068_36,s-2.765851,s0.297693,s174.681822
068_37,s-2.230295,s-1.366729,s27.129782
068_38,s-3.064757,s1.512296,s9.454929
068_39,s1.956555,s-1.324732,s228.326087
068_40,s-1.882820,s2.183957,s80.014546
068_41,s0.671242,s2.725155,s-17.282095
068_42,s-2.515460,s-2.023952,s116.672500
068_43,s-2.844942,s-0.612697,s125.406235
068_44,s0.076609,s2.542927,s-14.429690
068_45,s1.330235,s2.813974,s27.058367
068_46,s2.172069,s0.695726,s325.514596
068_47,s2.703504,s-0.552565,s231.118198
068_48,s-0.727360,s-2.678894,s231.431796
068_49,s-2.847626,s0.914408,s72.370616
068_50,s2.167922,s-2.769969,s127.556613
068_51,s2.437310,s2.466082,s263.735126
068_52,s2.762324,s0.719431,s284.880764
068_53,s-1.487633,s-2.776590,s145.094641
068_54,s3.051987,s-0.036310,s338.921082
068_55,s2.900669,s-2.611525,s194.087448
068_56,s-3.352459,s-0.171454,s99.520222
068_57,s-2.206471,s2.781079,s329.360559
068_58,s-0.289053,s-3.420083,s206.895913
068_59,s2.853803,s1.616851,s258.443063
068_60,s-1.058914,s-3.263909,s138.402610
068_61,s0.570189,s-3.382238,s291.419055
068_62,s2.644234,s-1.312359,s243.001508
068_63,s-3.397891,s-1.446750,s128.616030
068_64,s0.220983,s3.690891,s339.606096
068_65,s-2.691793,s-2.858027,s253.085228
068_66,s-0.633632,s3.299714,s260.710112
068_67,s3.852604,s0.268820,s312.035665
069_0,s0.014010,s0.054612,s313.193729
069_1,s-0.322428,s-0.678085,s2.643601
069_2,s0.142480,s-0.879504,s255.029550
069_3,s-0.389191,s0.411295,s-1.496928
069_4,s0.679282,s0.134019,s280.967403
069_5,s1.269694,s0.772451,s96.161588
069_6,s-0.812471,s-0.331995,s27.185096
069_7,s1.313229,s-0.939588,s208.470718
069_8,s-1.427879,s-0.822146,s110.619092
069_9,s1.031798,s-1.417180,s122.203789
069_10,s0.144066,s1.337257,s257.140977
069_11,s-1.107631,s0.533021,s37.807192
069_12,s1.805617,s0.266822,s366.415274
069_13,s1.438340,s1.420575,s69.368276
069_14,s-1.586460,s0.261376,s100.548976
069_15,s-1.302228,s1.443917,s72.540272
069_16,s-0.322620,s2.403525,s89.276567
069_17,s-0.029611,s-1.358726,s192.595786
069_18,s-2.329999,s-0.217203,s195.441411
069_19,s1.318437,s-0.357087,s89.271954
069_20,s-2.246789,s0.976462,s-1.994192
069_21,s-0.268686,s1.388223,s43.304282
069_22,s-0.473032,s-1.113519,s105.827899
069_23,s2.299546,s-0.063299,s322.251745
069_24,s1.987312,s1.486587,s268.868688
069_25,s-0.547213,s-1.633647,s193.367858
069_26,s1.896998,s-0.515893,s225.103658
069_27,s1.043273,s-1.919588,s162.797194
069_28,s-0.909365,s2.881888,s66.439101
069_29,s-1.824023,s-1.907055,s72.652760
069_30,s1.066722,s2.034121,s61.902833
069_31,s0.442801,s-2.150341,s137.313870
069_32,s1.662357,s2.055487,s39.105590
069_33,s1.850393,s-2.114833,s229.929498
069_34,s0.570083,s-2.770949,s106.852895
069_35,s-1.393450,s-2.187074,s204.045168
069_36,s-2.765851,s0.297693,s174.681822
069_37,s-2.218163,s-1.370412,s23.582391
069_38,s-3.135264,s1.411129,s6.532751
069_39,s1.956555,s-1.324732,s228.326087
069_40,s-1.764098,s2.238867,s80.304866
069_41,s0.671242,s2.725155,s-17.282095
069_42,s-2.615777,s-1.988896,s124.889839
069_43,s-2.844942,s-0.612697,s125.406235
069_44,s0.076609,s2.542927,s-14.429690
069_45,s1.330235,s2.813974,s27.058367
069_46,s2.172069,s0.695726,s325.514596
069_47,s2.703504,s-0.552565,s231.118198
069_48,s-0.727360,s-2.678894,s231.431796
069_49,s-2.847626,s0.914408,s72.370616
069_50,s2.167922,s-2.769969,s127.556613
069_51,s2.437310,s2.466082,s263.735126
069_52,s2.762324,s0.719431,s284.880764
069_53,s-1.487633,s-2.776590,s145.094641
069_54,s3.051987,s-0.036310,s338.921082
069_55,s2.900669,s-2.611525,s194.087448
069_56,s-3.234051,s-0.110738,s101.708457
069_57,s-2.231120,s2.720847,s327.565980
069_58,s-0.289053,s-3.420083,s206.895913
069_59,s2.853803,s1.616851,s258.443063
069_60,s-1.058914,s-3.263909,s138.402610
069_61,s0.570189,s-3.382238,s291.419055
069_62,s2.589226,s-1.242108,s242.648852
069_63,s-3.413759,s-1.560897,s140.359249
069_64,s0.123857,s3.547937,s337.031764
069_65,s-2.691793,s-2.858027,s253.085228
069_66,s-0.633632,s3.299714,s260.710112
069_67,s3.852604,s0.268820,s312.035665
069_68,s-3.552952,s0.836081,s173.778414
070_0,s0.014010,s0.054612,s313.193729
070_1,s-0.322428,s-0.678085,s2.643601
070_2,s0.142480,s-0.879504,s255.029550
070_3,s-0.389191,s0.411295,s-1.496928
070_4,s0.679282,s0.134019,s280.967403
070_5,s1.269694,s0.772451,s96.161588
070_6,s-0.812471,s-0.331995,s27.185096
070_7,s1.313229,s-0.939588,s208.470718
070_8,s-1.427879,s-0.822146,s110.619092
070_9,s1.031798,s-1.417180,s122.203789
070_10,s0.144066,s1.337257,s257.140977
070_11,s-1.107631,s0.533021,s37.807192
070_12,s1.805617,s0.266822,s366.415274
070_13,s1.438340,s1.420575,s69.368276
070_14,s-1.586460,s0.261376,s100.548976
070_15,s-1.302228,s1.443917,s72.540272
070_16,s-0.322620,s2.403525,s89.276567
070_17,s-0.029611,s-1.358726,s192.595786
070_18,s-2.329999,s-0.217203,s195.441411
070_19,s1.318437,s-0.357087,s89.271954
070_20,s-2.246789,s0.976462,s-1.994192
070_21,s-0.268686,s1.388223,s43.304282
070_22,s-0.473032,s-1.113519,s105.827899
070_23,s2.299546,s-0.063299,s322.251745
070_24,s1.987312,s1.486587,s268.868688
070_25,s-0.547213,s-1.633647,s193.367858
070_26,s1.896998,s-0.515893,s225.103658
070_27,s1.043273,s-1.919588,s162.797194
070_28,s-0.909365,s2.881888,s66.439101
070_29,s-1.824023,s-1.907055,s72.652760
070_30,s1.066722,s2.034121,s61.902833
070_31,s0.442801,s-2.150341,s137.313870
070_32,s1.662357,s2.055487,s39.105590
070_33,s1.850393,s-2.114833,s229.929498
070_34,s0.570083,s-2.770949,s106.852895
070_35,s-1.393450,s-2.187074,s204.045168
070_36,s-2.765851,s0.297693,s174.681822
070_37,s-2.218163,s-1.370412,s23.582391
070_38,s-3.135264,s1.411129,s6.532751
070_39,s1.956555,s-1.324732,s228.326087
070_40,s-1.764098,s2.238867,s80.304866
070_41,s0.671242,s2.725155,s-17.282095
070_42,s-2.615777,s-1.988896,s124.889839
070_43,s-2.844942,s-0.612697,s125.406235
070_44,s0.076609,s2.542927,s-14.429690
070_45,s1.330235,s2.813974,s27.058367
070_46,s2.172069,s0.695726,s325.514596
070_47,s2.703504,s-0.552565,s231.118198
070_48,s-0.727360,s-2.678894,s231.431796
070_49,s-2.847626,s0.914408,s72.370616
070_50,s2.167922,s-2.769969,s127.556613
070_51,s2.437310,s2.466082,s263.735126
070_52,s2.762324,s0.719431,s284.880764
070_53,s-1.487633,s-2.776590,s145.094641
070_54,s3.051987,s-0.036310,s338.921082
070_55,s2.900669,s-2.611525,s194.087448
070_56,s-3.234051,s-0.110738,s101.708457
070_57,s-2.231120,s2.720847,s327.565980
070_58,s-0.289053,s-3.420083,s206.895913
070_59,s2.853803,s1.616851,s258.443063
070_60,s-1.058914,s-3.263909,s138.402610
070_61,s0.570189,s-3.382238,s291.419055
070_62,s2.589226,s-1.242108,s242.648852
070_63,s-3.413759,s-1.560897,s140.359249
070_64,s0.123857,s3.547937,s337.031764
070_65,s-2.691793,s-2.858027,s253.085228
070_66,s-0.633632,s3.299714,s260.710112
070_67,s3.852604,s0.268820,s312.035665
070_68,s-3.552952,s0.836081,s173.778414
070_69,s-2.899942,s2.313966,s331.422497
071_0,s0.014010,s0.054612,s313.193729
071_1,s-0.322428,s-0.678085,s2.643601
071_2,s0.320775,s-0.648374,s257.948472
071_3,s-0.450527,s0.436466,s-2.920359
071_4,s0.679282,s0.134019,s280.967403
071_5,s1.269694,s0.772451,s96.161588
071_6,s-0.915048,s-0.598569,s20.328047
071_7,s1.313229,s-0.939588,s208.470718
071_8,s-1.306517,s-0.828528,s107.500741
071_9,s1.031798,s-1.417180,s122.203789
071_10,s0.210555,s1.409242,s258.043813
071_11,s-1.107631,s0.533021,s37.807192
071_12,s1.702370,s0.404140,s366.698859
071_13,s1.438340,s1.420575,s69.368276
071_14,s-1.586460,s0.261376,s100.548976
071_15,s-1.302228,s1.443917,s72.540272
071_16,s-0.322620,s2.403525,s89.276567
071_17,s-0.029611,s-1.358726,s192.595786
071_18,s-2.369928,s-0.176170,s191.510949
071_19,s1.318437,s-0.357087,s89.271954
071_20,s-2.328860,s1.024817,s5.687433
071_21,s-0.268686,s1.388223,s43.304282
071_22,s-0.473032,s-1.113519,s105.827899
071_23,s2.299546,s-0.063299,s322.251745
071_24,s1.987312,s1.486587,s268.868688
071_25,s-0.704708,s-1.638463,s191.283626
071_26,s1.894331,s-0.513944,s222.091479
071_27,s1.043273,s-1.919588,s162.797194
071_28,s-0.961790,s2.812693,s68.700067
071_29,s-1.682165,s-1.901756,s76.927576
071_30,s1.066722,s2.034121,s61.902833
071_31,s0.442801,s-2.150341,s137.313870
071_32,s1.662357,s2.055487,s39.105590
071_33,s1.911566,s-2.095362,s227.801144
071_34,s0.570083,s-2.770949,s106.852895
071_35,s-1.255676,s-1.999057,s202.433598
071_36,s-2.724649,s0.423518,s167.481707
071_37,s-2.218163,s-1.370412,s23.582391
071_38,s-3.157045,s1.461609,s-0.429854
071_39,s1.956555,s-1.324732,s228.326087
071_40,s-1.764098,s2.238867,s80.304866
071_41,s0.671242,s2.725155,s-17.282095
071_42,s-2.854077,s-1.941898,s132.213823
071_43,s-2.844942,s-0.612697,s125.406235
071_44,s0.076609,s2.542927,s-14.429690
071_45,s1.330235,s2.813974,s27.058367
071_46,s2.126281,s0.705184,s326.675195
071_47,s2.583283,s-0.428241,s230.184091
071_48,s-0.715557,s-2.676441,s227.506932
071_49,s-2.847626,s0.914408,s72.370616
071_50,s2.167922,s-2.769969,s127.556613
071_51,s2.242991,s2.521572,s260.963944
071_52,s2.762324,s0.719431,s284.880764
071_53,s-1.487633,s-2.776590,s145.094641
071_54,s3.183719,s0.053284,s342.920394
071_55,s2.900669,s-2.611525,s194.087448
071_56,s-3.286233,s-0.187834,s83.944889
071_57,s-2.231120,s2.720847,s327.565980
071_58,s-0.289053,s-3.420083,s206.895913
071_59,s2.853803,s1.616851,s258.443063
071_60,s-0.901808,s-3.413114,s136.478007
071_61,s0.624654,s-3.689123,s299.318399
071_62,s2.589226,s-1.242108,s242.648852
071_63,s-3.413759,s-1.560897,s140.359249
071_64,s0.123857,s3.547937,s337.031764
071_65,s-2.691793,s-2.858027,s253.085228
071_66,s-0.633632,s3.299714,s260.710112
071_67,s3.765443,s0.229397,s313.139171
071_68,s-3.552952,s0.836081,s173.778414
071_69,s-3.070863,s2.512336,s336.338579
071_70,s-4.072069,s0.557095,s167.950340
072_0,s0.014010,s0.054612,s313.193729
072_1,s-0.322428,s-0.678085,s2.643601
072_2,s0.320775,s-0.648374,s257.948472
072_3,s-0.450527,s0.436466,s-2.920359
072_4,s0.679282,s0.134019,s280.967403
072_5,s1.269694,s0.772451,s96.161588
072_6,s-0.915048,s-0.598569,s20.328047
072_7,s1.313229,s-0.939588,s208.470718
072_8,s-1.306517,s-0.828528,s107.500741
072_9,s1.031798,s-1.417180,s122.203789
072_10,s0.210555,s1.409242,s258.043813
072_11,s-1.107631,s0.533021,s37.807192
072_12,s1.702370,s0.404140,s366.698859
072_13,s1.438340,s1.420575,s69.368276
072_14,s-1.586460,s0.261376,s100.548976
072_15,s-1.302228,s1.443917,s72.540272
072_16,s-0.322620,s2.403525,s89.276567
072_17,s-0.029611,s-1.358726,s192.595786
072_18,s-2.369928,s-0.176170,s191.510949
072_19,s1.318437,s-0.357087,s89.271954
072_20,s-2.328860,s1.024817,s5.687433
072_21,s-0.268686,s1.388223,s43.304282
072_22,s-0.473032,s-1.113519,s105.827899
072_23,s2.299546,s-0.063299,s322.251745
072_24,s1.987312,s1.486587,s268.868688
072_25,s-0.704708,s-1.638463,s191.283626
072_26,s1.894331,s-0.513944,s222.091479
072_27,s1.043273,s-1.919588,s162.797194
072_28,s-0.961790,s2.812693,s68.700067
072_29,s-1.682165,s-1.901756,s76.927576
072_30,s1.066722,s2.034121,s61.902833
072_31,s0.442801,s-2.150341,s137.313870
072_32,s1.662357,s2.055487,s39.105590
072_33,s1.911566,s-2.095362,s227.801144
072_34,s0.570083,s-2.770949,s106.852895
072_35,s-1.255676,s-1.999057,s202.433598
072_36,s-2.724649,s0.423518,s167.481707
072_37,s-2.218163,s-1.370412,s23.582391
072_38,s-3.157045,s1.461609,s-0.429854
072_39,s1.956555,s-1.324732,s228.326087
072_40,s-1.764098,s2.238867,s80.304866
072_41,s0.671242,s2.725155,s-17.282095
072_42,s-2.854077,s-1.941898,s132.213823
072_43,s-2.844942,s-0.612697,s125.406235
072_44,s0.076609,s2.542927,s-14.429690
072_45,s1.330235,s2.813974,s27.058367
072_46,s2.126281,s0.705184,s326.675195
072_47,s2.583283,s-0.428241,s230.184091
072_48,s-0.715557,s-2.676441,s227.506932
072_49,s-2.847626,s0.914408,s72.370616
072_50,s2.167922,s-2.769969,s127.556613
072_51,s2.242991,s2.521572,s260.963944
072_52,s2.762324,s0.719431,s284.880764
072_53,s-1.487633,s-2.776590,s145.094641
072_54,s3.183719,s0.053284,s342.920394
072_55,s2.900669,s-2.611525,s194.087448
072_56,s-3.286233,s-0.187834,s83.944889
072_57,s-2.231120,s2.720847,s327.565980
072_58,s-0.289053,s-3.420083,s206.895913
072_59,s2.853803,s1.616851,s258.443063
072_60,s-0.901808,s-3.413114,s136.478007
072_61,s0.624654,s-3.689123,s299.318399
072_62,s2.589226,s-1.242108,s242.648852
072_63,s-3.413759,s-1.560897,s140.359249
072_64,s0.123857,s3.547937,s337.031764
072_65,s-2.691793,s-2.858027,s253.085228
072_66,s-0.633632,s3.299714,s260.710112
072_67,s3.765443,s0.229397,s313.139171
072_68,s-3.552952,s0.836081,s173.778414
072_69,s-3.070863,s2.512336,s336.338579
072_70,s-4.072069,s0.557095,s167.950340
072_71,s1.846851,s-3.400888,s171.224245
073_0,s0.014010,s0.054612,s313.193729
073_1,s-0.241585,s-0.739940,s0.994597
073_2,s0.320775,s-0.648374,s257.948472
073_3,s-0.456787,s0.483373,s-11.654177
073_4,s0.679282,s0.134019,s280.967403
073_5,s1.276244,s0.782235,s94.722569
073_6,s-1.034931,s-0.534286,s7.517837
073_7,s1.269136,s-0.990191,s204.157869
073_8,s-1.306517,s-0.828528,s107.500741
073_9,s1.013678,s-1.414434,s128.549826
073_10,s0.171969,s1.507262,s257.095853
073_11,s-1.107631,s0.533021,s37.807192
073_12,s1.702370,s0.404140,s366.698859
073_13,s1.438340,s1.420575,s69.368276
073_14,s-1.586460,s0.261376,s100.548976
073_15,s-1.221009,s1.363190,s70.788686
073_16,s-0.248739,s2.347914,s101.369508
073_17,s-0.023758,s-1.388505,s186.859956
073_18,s-2.261994,s-0.157273,s209.116927
073_19,s1.483919,s-0.261399,s96.440077
073_20,s-2.371799,s1.199236,s9.506675
073_21,s-0.409701,s1.519793,s51.779777
073_22,s-0.503036,s-1.145588,s106.924233
073_23,s2.302056,s-0.013645,s322.838892
073_24,s1.930513,s1.644508,s259.743923
073_25,s-0.627828,s-1.671238,s201.357035
073_26,s1.754109,s-0.523083,s223.094883
073_27,s0.946852,s-2.005470,s168.858000
073_28,s-0.991176,s2.977993,s67.341956
073_29,s-1.650156,s-1.780775,s83.129183
073_30,s1.066722,s2.034121,s61.902833
073_31,s0.442801,s-2.150341,s137.313870
073_32,s1.662357,s2.055487,s39.105590
073_33,s1.958638,s-2.128025,s230.017298
073_34,s0.570083,s-2.770949,s106.852895
073_35,s-1.255676,s-1.999057,s202.433598
073_36,s-2.757764,s0.553030,s189.178585
073_37,s-2.178388,s-1.339178,s33.630000
073_38,s-3.157045,s1.461609,s-0.429854
073_39,s1.970143,s-1.334257,s222.371854
073_40,s-1.539105,s2.205279,s66.291588
073_41,s0.735777,s2.636743,s-14.508510
073_42,s-2.897648,s-2.108407,s138.616446
073_43,s-2.870725,s-0.664162,s127.168473
073_44,s0.076609,s2.542927,s-14.429690
073_45,s1.330235,s2.813974,s27.058367
073_46,s2.126281,s0.705184,s326.675195
073_47,s2.584400,s-0.433983,s224.338126
073_48,s-0.734735,s-2.769594,s232.980153
073_49,s-2.847626,s0.914408,s72.370616
073_50,s2.116233,s-2.723935,s137.247077
073_51,s2.223299,s2.569125,s251.109093
073_52,s2.741772,s0.813710,s291.331406
073_53,s-1.350360,s-2.809188,s153.768021
073_54,s3.073712,s0.061416,s348.600286
073_55,s2.907260,s-2.578071,s197.748911
073_56,s-3.294781,s-0.248969,s79.702838
073_57,s-2.255289,s2.825805,s336.793824
073_58,s-0.289053,s-3.420083,s206.895913
073_59,s2.968134,s1.638451,s262.769041
073_60,s-0.957018,s-3.379253,s138.948628
073_61,s0.664670,s-3.471846,s295.529983
073_62,s2.626978,s-1.258786,s238.898420
073_63,s-3.139759,s-1.370865,s144.554093
073_64,s0.265102,s3.689429,s335.859271
073_65,s-2.693367,s-2.820102,s260.957277
073_66,s-0.599412,s3.349955,s263.076870
073_67,s3.762262,s0.251505,s317.879631
073_68,s-3.552952,s0.836081,s173.778414
073_69,s-3.095574,s2.659032,s330.502533
073_70,s-4.072069,s0.557095,s167.950340
073_71,s1.858437,s-3.485892,s166.647496
073_72,s1.740841,s3.024826,s341.057371
074_0,s0.014010,s0.054612,s313.193729
074_1,s-0.241585,s-0.739940,s0.994597
074_2,s0.336557,s-0.769015,s256.134711
074_3,s-0.384026,s0.352239,s-7.640109
074_4,s0.679282,s0.134019,s280.967403
074_5,s1.334945,s0.825472,s99.461190
074_6,s-0.976583,s-0.422150,s-1.090436
074_7,s1.269136,s-0.990191,s204.157869
074_8,s-1.306517,s-0.828528,s107.500741
074_9,s1.013678,s-1.414434,s128.549826
074_10,s0.102479,s1.402174,s254.011768
074_11,s-1.107631,s0.533021,s37.807192
074_12,s1.763278,s0.266373,s370.012483
074_13,s1.438340,s1.420575,s69.368276
074_14,s-1.586460,s0.261376,s100.548976
074_15,s-1.177525,s1.627457,s80.070529
074_16,s-0.308314,s2.325529,s96.318393
074_17,s-0.023758,s-1.388505,s186.859956
074_18,s-2.299262,s-0.107817,s212.259612
074_19,s1.366006,s-0.368752,s89.754203
074_20,s-2.339229,s1.061915,s9.055775
074_21,s-0.389760,s1.606155,s46.279662
074_22,s-0.503036,s-1.145588,s106.924233
074_23,s2.302056,s-0.013645,s322.838892
074_24,s1.930513,s1.644508,s259.743923
074_25,s-0.517008,s-1.684879,s197.797446
074_26,s1.946340,s-0.468099,s227.433295
074_27,s0.946852,s-2.005470,s168.858000
074_28,s-1.164395,s2.980592,s72.378676
074_29,s-1.818964,s-1.775950,s83.365202
074_30,s1.066722,s2.034121,s61.902833
074_31,s0.442801,s-2.150341,s137.313870
074_32,s1.662357,s2.055487,s39.105590
074_33,s2.003339,s-2.073142,s227.656778
074_34,s0.570083,s-2.770949,s106.852895
074_35,s-1.332026,s-1.861866,s202.023250
074_36,s-2.757764,s0.553030,s189.178585
074_37,s-2.178388,s-1.339178,s33.630000
074_38,s-3.024516,s1.391896,s12.419166
074_39,s1.970143,s-1.334257,s222.371854
074_40,s-1.666550,s2.203877,s70.591476
074_41,s0.735777,s2.636743,s-14.508510
074_42,s-2.858813,s-2.118190,s128.772839
074_43,s-2.870725,s-0.664162,s127.168473
074_44,s0.143381,s2.628752,s-18.274469
074_45,s1.330235,s2.813974,s27.058367
074_46,s2.126281,s0.705184,s326.675195
074_47,s2.786837,s-0.485940,s219.310697
074_48,s-0.734735,s-2.769594,s232.980153
074_49,s-2.847626,s0.914408,s72.370616
074_50,s2.116233,s-2.723935,s137.247077
074_51,s2.120159,s2.943277,s268.084787
074_52,s2.741772,s0.813710,s291.331406
074_53,s-1.417634,s-2.811388,s140.716948
074_54,s3.073712,s0.061416,s348.600286
074_55,s2.890474,s-2.696470,s199.794736
074_56,s-3.294781,s-0.248969,s79.702838
074_57,s-2.291179,s2.726077,s335.228809
074_58,s-0.289053,s-3.420083,s206.895913
074_59,s3.040694,s1.641057,s260.650480
074_60,s-0.924457,s-3.384729,s142.251819
074_61,s0.724722,s-3.497358,s291.513155
074_62,s2.626978,s-1.258786,s238.898420
074_63,s-3.129568,s-1.394534,s148.035329
074_64,s0.265102,s3.689429,s335.859271
074_65,s-2.732914,s-2.848554,s256.058557
074_66,s-0.599412,s3.349955,s263.076870
074_67,s3.594120,s0.301597,s327.281265
074_68,s-3.552952,s0.836081,s173.778414
074_69,s-3.119730,s2.684271,s319.298765
074_70,s-4.214663,s0.546560,s175.375265
074_71,s1.851067,s-3.473678,s161.872539
074_72,s1.700006,s3.259658,s338.129778
074_73,s-0.500082,s-4.014179,s141.359060
075_0,s0.014010,s0.054612,s313.193729
075_1,s-0.241585,s-0.739940,s0.994597
075_2,s0.400613,s-0.767154,s254.236444
075_3,s-0.384026,s0.352239,s-7.640109
075_4,s0.679282,s0.134019,s280.967403
075_5,s1.317397,s0.898206,s106.081665
075_6,s-0.976583,s-0.422150,s-1.090436
075_7,s1.269136,s-0.990191,s204.157869
075_8,s-1.306517,s-0.828528,s107.500741
075_9,s1.013678,s-1.414434,s128.549826
075_10,s0.110883,s1.454983,s255.468268
075_11,s-1.107631,s0.533021,s37.807192
075_12,s1.763278,s0.266373,s370.012483
075_13,s1.438340,s1.420575,s69.368276
075_14,s-1.577292,s0.258470,s99.779576
075_15,s-1.177525,s1.627457,s80.070529
075_16,s-0.310161,s2.328662,s88.600242
075_17,s0.003640,s-1.373630,s181.611277
075_18,s-2.392464,s-0.239381,s209.837460
075_19,s1.470213,s-0.423376,s90.879031
075_20,s-2.123696,s1.200571,s7.617296
075_21,s-0.389760,s1.606155,s46.279662
075_22,s-0.503036,s-1.145588,s106.924233
075_23,s2.302056,s-0.013645,s322.838892
075_24,s1.930513,s1.644508,s259.743923
075_25,s-0.517008,s-1.684879,s197.797446
075_26,s1.866796,s-0.389205,s229.352420
075_27,s0.946852,s-2.005470,s168.858000
075_28,s-1.164395,s2.980592,s72.378676
075_29,s-1.818964,s-1.775950,s83.365202
075_30,s1.066722,s2.034121,s61.902833
075_31,s0.445625,s-2.112435,s131.468216
075_32,s1.662357,s2.055487,s39.105590
075_33,s1.992059,s-2.037591,s237.467322
075_34,s0.532422,s-2.739905,s108.090343
075_35,s-1.332026,s-1.861866,s202.023250
075_36,s-2.757764,s0.553030,s189.178585
075_37,s-2.178388,s-1.339178,s33.630000
075_38,s-2.899613,s1.466531,s8.778855
075_39,s1.942780,s-1.307823,s228.177247
075_40,s-1.666550,s2.203877,s70.591476
075_41,s0.735777,s2.636743,s-14.508510
075_42,s-2.858813,s-2.118190,s128.772839
075_43,s-2.870725,s-0.664162,s127.168473
075_44,s0.143381,s2.628752,s-18.274469
075_45,s1.330235,s2.813974,s27.058367
075_46,s2.126281,s0.705184,s326.675195
075_47,s2.767526,s-0.432272,s216.990475
075_48,s-0.734735,s-2.769594,s232.980153
075_49,s-2.847626,s0.914408,s72.370616
075_50,s2.097875,s-2.736806,s122.786436
075_51,s2.120159,s2.943277,s268.084787
075_52,s2.741772,s0.813710,s291.331406
075_53,s-1.417634,s-2.811388,s140.716948
075_54,s3.073712,s0.061416,s348.600286
075_55,s2.890474,s-2.696470,s199.794736
075_56,s-3.264665,s-0.266694,s92.706472
075_57,s-2.291179,s2.726077,s335.228809
075_58,s-0.213005,s-3.524135,s213.601008
075_59,s3.040694,s1.641057,s260.650480
075_60,s-0.924457,s-3.384729,s142.251819
075_61,s0.724722,s-3.497358,s291.513155
075_62,s2.626978,s-1.258786,s238.898420
075_63,s-3.088384,s-1.395384,s145.419627
075_64,s0.196098,s3.606742,s326.408689
075_65,s-2.634072,s-2.671292,s245.722089
075_66,s-0.775488,s3.509721,s247.739456
075_67,s3.594120,s0.301597,s327.281265
075_68,s-3.552952,s0.836081,s173.778414
075_69,s-3.119730,s2.684271,s319.298765
075_70,s-4.214663,s0.546560,s175.375265
075_71,s1.801579,s-3.470363,s168.422636
075_72,s1.700006,s3.259658,s338.129778
075_73,s-0.500082,s-4.014179,s141.359060
075_74,s3.517251,s-1.156874,s229.669520
076_0,s0.014010,s0.054612,s313.193729
076_1,s-0.241585,s-0.739940,s0.994597
076_2,s0.400613,s-0.767154,s254.236444
076_3,s-0.384026,s0.352239,s-7.640109
076_4,s0.679282,s0.134019,s280.967403
076_5,s1.317397,s0.898206,s106.081665
076_6,s-0.976583,s-0.422150,s-1.090436
076_7,s1.269136,s-0.990191,s204.157869
076_8,s-1.306517,s-0.828528,s107.500741
076_9,s1.013678,s-1.414434,s128.549826
076_10,s0.110883,s1.454983,s255.468268
076_11,s-1.107631,s0.533021,s37.807192
076_12,s1.763278,s0.266373,s370.012483
076_13,s1.438340,s1.420575,s69.368276
076_14,s-1.577292,s0.258470,s99.779576
076_15,s-1.177525,s1.627457,s80.070529
076_16,s-0.310161,s2.328662,s88.600242
076_17,s0.003640,s-1.373630,s181.611277
076_18,s-2.392464,s-0.239381,s209.837460
076_19,s1.470213,s-0.423376,s90.879031
076_20,s-2.123696,s1.200571,s7.617296
076_21,s-0.389760,s1.606155,s46.279662
076_22,s-0.503036,s-1.145588,s106.924233
076_23,s2.302056,s-0.013645,s322.838892
076_24,s1.930513,s1.644508,s259.743923
076_25,s-0.517008,s-1.684879,s197.797446
076_26,s1.866796,s-0.389205,s229.352420
076_27,s0.946852,s-2.005470,s168.858000
076_28,s-1.164395,s2.980592,s72.378676
076_29,s-1.818964,s-1.775950,s83.365202
076_30,s1.066722,s2.034121,s61.902833
076_31,s0.445625,s-2.112435,s131.468216
076_32,s1.662357,s2.055487,s39.105590
076_33,s1.992059,s-2.037591,s237.467322
076_34,s0.532422,s-2.739905,s108.090343
076_35,s-1.332026,s-1.861866,s202.023250
076_36,s-2.757764,s0.553030,s189.178585
076_37,s-2.178388,s-1.339178,s33.630000
076_38,s-2.899613,s1.466531,s8.778855
076_39,s1.942780,s-1.307823,s228.177247
076_40,s-1.666550,s2.203877,s70.591476
076_41,s0.735777,s2.636743,s-14.508510
076_42,s-2.858813,s-2.118190,s128.772839
076_43,s-2.870725,s-0.664162,s127.168473
076_44,s0.143381,s2.628752,s-18.274469
076_45,s1.330235,s2.813974,s27.058367
076_46,s2.126281,s0.705184,s326.675195
076_47,s2.767526,s-0.432272,s216.990475
076_48,s-0.734735,s-2.769594,s232.980153
076_49,s-2.847626,s0.914408,s72.370616
076_50,s2.097875,s-2.736806,s122.786436
076_51,s2.120159,s2.943277,s268.084787
076_52,s2.741772,s0.813710,s291.331406
076_53,s-1.417634,s-2.811388,s140.716948
076_54,s3.073712,s0.061416,s348.600286
076_55,s2.890474,s-2.696470,s199.794736
076_56,s-3.264665,s-0.266694,s92.706472
076_57,s-2.291179,s2.726077,s335.228809
076_58,s-0.213005,s-3.524135,s213.601008
076_59,s3.040694,s1.641057,s260.650480
076_60,s-0.924457,s-3.384729,s142.251819
076_61,s0.724722,s-3.497358,s291.513155
076_62,s2.626978,s-1.258786,s238.898420
076_63,s-3.088384,s-1.395384,s145.419627
076_64,s0.196098,s3.606742,s326.408689
076_65,s-2.634072,s-2.671292,s245.722089
076_66,s-0.775488,s3.509721,s247.739456
076_67,s3.594120,s0.301597,s327.281265
076_68,s-3.552952,s0.836081,s173.778414
076_69,s-3.119730,s2.684271,s319.298765
076_70,s-4.214663,s0.546560,s175.375265
076_71,s1.801579,s-3.470363,s168.422636
076_72,s1.700006,s3.259658,s338.129778
076_73,s-0.500082,s-4.014179,s141.359060
076_74,s3.517251,s-1.156874,s229.669520
076_75,s3.332259,s-0.623017,s332.627854
077_0,s0.014010,s0.054612,s313.193729
077_1,s-0.241585,s-0.739940,s0.994597
077_2,s0.361532,s-0.631599,s256.295720
077_3,s-0.384026,s0.352239,s-7.640109
077_4,s0.604117,s0.042381,s282.182757
077_5,s1.281895,s0.897751,s97.563552
077_6,s-0.976583,s-0.422150,s-1.090436
077_7,s1.269136,s-0.990191,s204.157869
077_8,s-1.157358,s-0.847859,s107.501889
077_9,s1.010599,s-1.410889,s131.401419
077_10,s0.234439,s1.402698,s250.571890
077_11,s-1.107631,s0.533021,s37.807192
077_12,s1.654038,s0.111064,s370.899782
077_13,s1.438340,s1.420575,s69.368276
077_14,s-1.670657,s0.314353,s95.424173
077_15,s-1.302741,s1.613859,s74.062589
077_16,s-0.310161,s2.328662,s88.600242
077_17,s0.003640,s-1.373630,s181.611277
077_18,s-2.358746,s-0.149242,s208.395839
077_19,s1.470213,s-0.423376,s90.879031
077_20,s-2.070329,s1.222885,s8.808608
077_21,s-0.158279,s1.586173,s46.687511
077_22,s-0.542208,s-1.152718,s107.559526
077_23,s2.302056,s-0.013645,s322.838892
077_24,s1.930513,s1.644508,s259.743923
077_25,s-0.517008,s-1.684879,s197.797446
077_26,s1.866796,s-0.389205,s229.352420
077_27,s1.124603,s-1.943840,s164.946068
077_28,s-1.133214,s3.127121,s64.643756
077_29,s-1.964781,s-1.762647,s83.337072
077_30,s1.023212,s2.153383,s67.099671
077_31,s0.445625,s-2.112435,s131.468216
077_32,s1.646717,s1.961475,s31.645591
077_33,s1.834604,s-2.030543,s229.914752
077_34,s0.499922,s-2.725231,s103.093245
077_35,s-1.309126,s-1.748674,s190.296071
077_36,s-2.757764,s0.553030,s189.178585
077_37,s-2.178388,s-1.339178,s33.630000
077_38,s-2.830047,s1.686050,s12.125883
077_39,s1.959131,s-1.144212,s211.713628
077_40,s-1.666550,s2.203877,s70.591476
077_41,s0.735777,s2.636743,s-14.508510
077_42,s-2.883000,s-2.162924,s117.892453
077_43,s-2.870725,s-0.664162,s127.168473
077_44,s0.117797,s2.591036,s-20.933167
077_45,s1.423595,s2.807182,s32.157473
077_46,s2.090694,s0.705427,s333.403969
077_47,s2.767526,s-0.432272,s216.990475
077_48,s-0.933018,s-2.670272,s230.518646
077_49,s-2.847626,s0.914408,s72.370616
077_50,s2.097875,s-2.736806,s122.786436
077_51,s2.431221,s3.089721,s282.671879
077_52,s2.741772,s0.813710,s291.331406
077_53,s-1.351906,s-2.903671,s133.217938
077_54,s3.020918,s0.145128,s344.667858
077_55,s2.943651,s-2.783175,s191.428705
077_56,s-3.192312,s-0.121487,s98.231773
077_57,s-2.309531,s2.794257,s330.154872
077_58,s-0.172751,s-3.389664,s212.234301
077_59,s3.023746,s1.759275,s256.794999
077_60,s-0.773290,s-3.391310,s146.747877
077_61,s0.497930,s-3.490317,s292.541076
077_62,s2.812656,s-1.326326,s243.081204
077_63,s-3.046909,s-1.391596,s147.660386
077_64,s0.203597,s3.623611,s314.810501
077_65,s-2.634072,s-2.671292,s245.722089
077_66,s-0.613193,s3.649423,s238.329198
077_67,s3.725024,s0.404138,s333.374458
077_68,s-3.539393,s0.801947,s173.979178
077_69,s-3.211617,s2.810417,s316.348346
077_70,s-4.214663,s0.546560,s175.375265
077_71,s1.801579,s-3.470363,s168.422636
077_72,s1.703871,s3.426926,s354.448445
077_73,s-0.425018,s-3.967023,s137.181090
077_74,s3.473237,s-1.087462,s224.126026
077_75,s3.717840,s-0.677821,s325.100513
077_76,s-3.754465,s-0.977446,s88.177799
078_0,s0.014010,s0.054612,s313.193729
078_1,s-0.241585,s-0.739940,s0.994597
078_2,s0.361532,s-0.631599,s256.295720
078_3,s-0.384026,s0.352239,s-7.640109
078_4,s0.604117,s0.042381,s282.182757
078_5,s1.281895,s0.897751,s97.563552
078_6,s-1.046025,s-0.465755,s-2.632163
078_7,s1.269136,s-0.990191,s204.157869
078_8,s-1.157358,s-0.847859,s107.501889
078_9,s1.010599,s-1.410889,s131.401419
078_10,s0.234439,s1.402698,s250.571890
078_11,s-1.107631,s0.533021,s37.807192
078_12,s1.654038,s0.111064,s370.899782
078_13,s1.438340,s1.420575,s69.368276
078_14,s-1.670657,s0.314353,s95.424173
078_15,s-1.302741,s1.613859,s74.062589
078_16,s-0.310161,s2.328662,s88.600242
078_17,s0.003640,s-1.373630,s181.611277
078_18,s-2.358746,s-0.149242,s208.395839
078_19,s1.470213,s-0.423376,s90.879031
078_20,s-2.070329,s1.222885,s8.808608
078_21,s-0.158279,s1.586173,s46.687511
078_22,s-0.542208,s-1.152718,s107.559526
078_23,s2.302056,s-0.013645,s322.838892
078_24,s1.930513,s1.644508,s259.743923
078_25,s-0.617452,s-1.627318,s194.421250
078_26,s1.866796,s-0.389205,s229.352420
078_27,s1.124603,s-1.943840,s164.946068
078_28,s-1.120572,s3.084253,s68.540637
078_29,s-1.964781,s-1.762647,s83.337072
078_30,s1.023212,s2.153383,s67.099671
078_31,s0.445625,s-2.112435,s131.468216
078_32,s1.766690,s2.014287,s46.194690
078_33,s1.834604,s-2.030543,s229.914752
078_34,s0.573821,s-2.717038,s120.105071
078_35,s-1.309126,s-1.748674,s190.296071
078_36,s-2.757764,s0.553030,s189.178585
078_37,s-2.178388,s-1.339178,s33.630000
078_38,s-2.830047,s1.686050,s12.125883
078_39,s2.031106,s-1.189809,s224.223883
078_40,s-1.666550,s2.203877,s70.591476
078_41,s0.735777,s2.636743,s-14.508510
078_42,s-2.883000,s-2.162924,s117.892453
078_43,s-2.838241,s-0.707139,s124.263191
078_44,s0.117797,s2.591036,s-20.933167
078_45,s1.423595,s2.807182,s32.157473
078_46,s2.090694,s0.705427,s333.403969
078_47,s2.882917,s-0.400845,s234.899769
078_48,s-0.933018,s-2.670272,s230.518646
078_49,s-2.847626,s0.914408,s72.370616
078_50,s2.097875,s-2.736806,s122.786436
078_51,s2.431221,s3.089721,s282.671879
078_52,s2.741772,s0.813710,s291.331406
078_53,s-1.351906,s-2.903671,s133.217938
078_54,s3.020918,s0.145128,s344.667858
078_55,s2.943651,s-2.783175,s191.428705
078_56,s-3.192312,s-0.121487,s98.231773
078_57,s-2.309531,s2.794257,s330.154872
078_58,s-0.172751,s-3.389664,s212.234301
078_59,s2.993008,s1.505334,s269.605392
078_60,s-0.773290,s-3.391310,s146.747877
078_61,s0.474842,s-3.479296,s292.233360
078_62,s2.812656,s-1.326326,s243.081204
078_63,s-3.162818,s-1.485634,s146.102944
078_64,s0.203597,s3.623611,s314.810501
078_65,s-2.634072,s-2.671292,s245.722089
078_66,s-0.613193,s3.649423,s238.329198
078_67,s3.725024,s0.404138,s333.374458
078_68,s-3.539393,s0.801947,s173.979178
078_69,s-3.211617,s2.810417,s316.348346
078_70,s-4.214663,s0.546560,s175.375265
078_71,s1.758876,s-3.598789,s168.234395
078_72,s1.703871,s3.426926,s354.448445
078_73,s-0.452153,s-3.876046,s142.083915
078_74,s3.473237,s-1.087462,s224.126026
078_75,s3.717840,s-0.677821,s325.100513
078_76,s-3.754465,s-0.977446,s88.177799
078_77,s1.019563,s3.650287,s325.790629
079_0,s0.014010,s0.054612,s313.193729
079_1,s-0.240384,s-0.704870,s8.380817
079_2,s0.361532,s-0.631599,s256.295720
079_3,s-0.384026,s0.352239,s-7.640109
079_4,s0.535810,s0.001364,s276.529878
079_5,s1.281895,s0.897751,s97.563552
079_6,s-1.046025,s-0.465755,s-2.632163
079_7,s1.269136,s-0.990191,s204.157869
079_8,s-1.157358,s-0.847859,s107.501889
079_9,s1.010599,s-1.410889,s131.401419
079_10,s0.234439,s1.402698,s250.571890
079_11,s-1.107631,s0.533021,s37.807192
079_12,s1.654038,s0.111064,s370.899782
079_13,s1.438340,s1.420575,s69.368276
079_14,s-1.670657,s0.314353,s95.424173
079_15,s-1.302741,s1.613859,s74.062589
079_16,s-0.310161,s2.328662,s88.600242
079_17,s0.003640,s-1.373630,s181.611277
079_18,s-2.358746,s-0.149242,s208.395839
079_19,s1.470213,s-0.423376,s90.879031
079_20,s-2.070329,s1.222885,s8.808608
079_21,s-0.158279,s1.586173,s46.687511
079_22,s-0.542208,s-1.152718,s107.559526
079_23,s2.302056,s-0.013645,s322.838892
079_24,s1.930513,s1.644508,s259.743923
079_25,s-0.617452,s-1.627318,s194.421250
079_26,s1.866796,s-0.389205,s229.352420
079_27,s1.066882,s-2.082824,s171.543518
079_28,s-1.170839,s3.037049,s73.866875
079_29,s-1.964781,s-1.762647,s83.337072
079_30,s1.023212,s2.153383,s67.099671
079_31,s0.445625,s-2.112435,s131.468216
079_32,s1.766690,s2.014287,s46.194690
079_33,s1.834604,s-2.030543,s229.914752
079_34,s0.573821,s-2.717038,s120.105071
079_35,s-1.309126,s-1.748674,s190.296071
079_36,s-2.757764,s0.553030,s189.178585
079_37,s-2.178388,s-1.339178,s33.630000
079_38,s-2.830047,s1.686050,s12.125883
079_39,s2.031106,s-1.189809,s224.223883
079_40,s-1.666550,s2.203877,s70.591476
079_41,s0.735777,s2.636743,s-14.508510
079_42,s-3.002562,s-2.171952,s117.891797
079_43,s-2.838241,s-0.707139,s124.263191
079_44,s0.117797,s2.591036,s-20.933167
079_45,s1.423595,s2.807182,s32.157473
079_46,s2.090694,s0.705427,s333.403969
079_47,s2.882917,s-0.400845,s234.899769
079_48,s-0.933018,s-2.670272,s230.518646
079_49,s-2.847626,s0.914408,s72.370616
079_50,s2.097875,s-2.736806,s122.786436
079_51,s2.431221,s3.089721,s282.671879
079_52,s2.741772,s0.813710,s291.331406
079_53,s-1.351906,s-2.903671,s133.217938
079_54,s3.020918,s0.145128,s344.667858
079_55,s2.943651,s-2.783175,s191.428705
079_56,s-3.192312,s-0.121487,s98.231773
079_57,s-2.312921,s2.793464,s331.910929
079_58,s-0.172751,s-3.389664,s212.234301
079_59,s2.919834,s1.543126,s268.113890
079_60,s-0.773290,s-3.391310,s146.747877
079_61,s0.474842,s-3.479296,s292.233360
079_62,s2.737820,s-1.382313,s247.145773
079_63,s-3.162818,s-1.485634,s146.102944
079_64,s0.203597,s3.623611,s314.810501
079_65,s-2.634072,s-2.671292,s245.722089
079_66,s-0.613193,s3.649423,s238.329198
079_67,s3.814074,s0.481920,s330.078686
079_68,s-3.539393,s0.801947,s173.979178
079_69,s-3.211617,s2.810417,s316.348346
079_70,s-4.214663,s0.546560,s175.375265
079_71,s1.758876,s-3.598789,s168.234395
079_72,s1.757659,s3.326924,s360.682126
079_73,s-0.452153,s-3.876046,s142.083915
079_74,s3.560851,s-1.078621,s220.333367
079_75,s3.717840,s-0.677821,s325.100513
079_76,s-3.754465,s-0.977446,s88.177799
079_77,s1.205524,s3.637735,s326.995630
079_78,s2.151612,s-3.407560,s260.075562
080_0,s0.014010,s0.054612,s313.193729
080_1,s-0.223831,s-0.635631,s12.919673
080_2,s0.361532,s-0.631599,s256.295720
080_3,s-0.277259,s0.565544,s-6.457338
080_4,s0.535810,s0.001364,s276.529878
080_5,s1.281895,s0.897751,s97.563552
080_6,s-1.046025,s-0.465755,s-2.632163
080_7,s1.269136,s-0.990191,s204.157869
080_8,s-1.157358,s-0.847859,s107.501889
080_9,s1.010599,s-1.410889,s131.401419
080_10,s0.234439,s1.402698,s250.571890
080_11,s-1.107631,s0.533021,s37.807192
080_12,s1.678724,s0.069611,s369.923657
080_13,s1.438340,s1.420575,s69.368276
080_14,s-1.670657,s0.314353,s95.424173
080_15,s-1.302741,s1.613859,s74.062589
080_16,s-0.345175,s2.354452,s83.808018
080_17,s0.003640,s-1.373630,s181.611277
080_18,s-2.358746,s-0.149242,s208.395839
080_19,s1.470213,s-0.423376,s90.879031
080_20,s-2.075171,s1.204318,s7.935149
080_21,s-0.158279,s1.586173,s46.687511
080_22,s-0.542208,s-1.152718,s107.559526
080_23,s2.302056,s-0.013645,s322.838892
080_24,s1.930513,s1.644508,s259.743923
080_25,s-0.617452,s-1.627318,s194.421250
080_26,s1.866796,s-0.389205,s229.352420
080_27,s1.066882,s-2.082824,s171.543518
080_28,s-1.170839,s3.037049,s73.866875
080_29,s-1.964781,s-1.762647,s83.337072
080_30,s1.023212,s2.153383,s67.099671
080_31,s0.445625,s-2.112435,s131.468216
080_32,s1.766690,s2.014287,s46.194690
080_33,s1.834604,s-2.030543,s229.914752
080_34,s0.573821,s-2.717038,s120.105071
080_35,s-1.309126,s-1.748674,s190.296071
080_36,s-2.757764,s0.553030,s189.178585
080_37,s-2.178388,s-1.339178,s33.630000
080_38,s-2.830047,s1.686050,s12.125883
080_39,s2.031106,s-1.189809,s224.223883
080_40,s-1.666550,s2.203877,s70.591476
080_41,s0.735777,s2.636743,s-14.508510
080_42,s-3.002562,s-2.171952,s117.891797
080_43,s-2.838241,s-0.707139,s124.263191
080_44,s0.117797,s2.591036,s-20.933167
080_45,s1.423595,s2.807182,s32.157473
080_46,s2.090694,s0.705427,s333.403969
080_47,s2.704245,s-0.414013,s238.472892
080_48,s-0.933018,s-2.670272,s230.518646
080_49,s-2.847626,s0.914408,s72.370616
080_50,s2.135830,s-2.706735,s125.318785
080_51,s2.431221,s3.089721,s282.671879
080_52,s2.741772,s0.813710,s291.331406
080_53,s-1.351906,s-2.903671,s133.217938
080_54,s2.990852,s0.127117,s340.378544
080_55,s2.943651,s-2.783175,s191.428705
080_56,s-3.192312,s-0.121487,s98.231773
080_57,s-2.312921,s2.793464,s331.910929
080_58,s-0.172751,s-3.389664,s212.234301
080_59,s2.962597,s1.464147,s267.542550
080_60,s-0.773290,s-3.391310,s146.747877
080_61,s0.474842,s-3.479296,s292.233360
080_62,s2.737820,s-1.382313,s247.145773
080_63,s-3.162818,s-1.485634,s146.102944
080_64,s0.203597,s3.623611,s314.810501
080_65,s-2.634072,s-2.671292,s245.722089
080_66,s-0.640041,s3.702610,s230.367846
080_67,s3.814074,s0.481920,s330.078686
080_68,s-3.539393,s0.801947,s173.979178
080_69,s-3.211617,s2.810417,s316.348346
080_70,s-4.214663,s0.546560,s175.375265
080_71,s1.762763,s-3.572984,s174.693850
080_72,s1.757659,s3.326924,s360.682126
080_73,s-0.452153,s-3.876046,s142.083915
080_74,s3.560851,s-1.078621,s220.333367
080_75,s3.717840,s-0.677821,s325.100513
080_76,s-3.754465,s-0.977446,s88.177799
080_77,s1.189466,s3.644221,s323.937767
080_78,s2.151612,s-3.407560,s260.075562
080_79,s2.779387,s2.256415,s222.704809
081_0,s0.014010,s0.054612,s313.193729
081_1,s-0.223831,s-0.635631,s12.919673
081_2,s0.361532,s-0.631599,s256.295720
081_3,s-0.277259,s0.565544,s-6.457338
081_4,s0.535810,s0.001364,s276.529878
081_5,s1.281895,s0.897751,s97.563552
081_6,s-1.046025,s-0.465755,s-2.632163
081_7,s1.269136,s-0.990191,s204.157869
081_8,s-1.157358,s-0.847859,s107.501889
081_9,s1.010599,s-1.410889,s131.401419
081_10,s0.234439,s1.402698,s250.571890
081_11,s-1.107631,s0.533021,s37.807192
081_12,s1.678724,s0.069611,s369.923657
081_13,s1.438340,s1.420575,s69.368276
081_14,s-1.670657,s0.314353,s95.424173
081_15,s-1.302741,s1.613859,s74.062589
081_16,s-0.345175,s2.354452,s83.808018
081_17,s0.003640,s-1.373630,s181.611277
081_18,s-2.358746,s-0.149242,s208.395839
081_19,s1.470213,s-0.423376,s90.879031
081_20,s-2.075171,s1.204318,s7.935149
081_21,s-0.158279,s1.586173,s46.687511
081_22,s-0.542208,s-1.152718,s107.559526
081_23,s2.302056,s-0.013645,s322.838892
081_24,s1.930513,s1.644508,s259.743923
081_25,s-0.617452,s-1.627318,s194.421250
081_26,s1.866796,s-0.389205,s229.352420
081_27,s1.066882,s-2.082824,s171.543518
081_28,s-1.170839,s3.037049,s73.866875
081_29,s-1.964781,s-1.762647,s83.337072
081_30,s1.023212,s2.153383,s67.099671
081_31,s0.445625,s-2.112435,s131.468216
081_32,s1.766690,s2.014287,s46.194690
081_33,s1.834604,s-2.030543,s229.914752
081_34,s0.573821,s-2.717038,s120.105071
081_35,s-1.309126,s-1.748674,s190.296071
081_36,s-2.757764,s0.553030,s189.178585
081_37,s-2.178388,s-1.339178,s33.630000
081_38,s-2.830047,s1.686050,s12.125883
081_39,s2.031106,s-1.189809,s224.223883
081_40,s-1.666550,s2.203877,s70.591476
081_41,s0.735777,s2.636743,s-14.508510
081_42,s-3.002562,s-2.171952,s117.891797
081_43,s-2.838241,s-0.707139,s124.263191
081_44,s0.117797,s2.591036,s-20.933167
081_45,s1.423595,s2.807182,s32.157473
081_46,s2.090694,s0.705427,s333.403969
081_47,s2.704245,s-0.414013,s238.472892
081_48,s-0.933018,s-2.670272,s230.518646
081_49,s-2.847626,s0.914408,s72.370616
081_50,s2.135830,s-2.706735,s125.318785
081_51,s2.431221,s3.089721,s282.671879
081_52,s2.741772,s0.813710,s291.331406
081_53,s-1.351906,s-2.903671,s133.217938
081_54,s2.990852,s0.127117,s340.378544
081_55,s2.943651,s-2.783175,s191.428705
081_56,s-3.192312,s-0.121487,s98.231773
081_57,s-2.312921,s2.793464,s331.910929
081_58,s-0.172751,s-3.389664,s212.234301
081_59,s2.962597,s1.464147,s267.542550
081_60,s-0.773290,s-3.391310,s146.747877
081_61,s0.474842,s-3.479296,s292.233360
081_62,s2.737820,s-1.382313,s247.145773
081_63,s-3.162818,s-1.485634,s146.102944
081_64,s0.203597,s3.623611,s314.810501
081_65,s-2.634072,s-2.671292,s245.722089
081_66,s-0.640041,s3.702610,s230.367846
081_67,s3.814074,s0.481920,s330.078686
081_68,s-3.539393,s0.801947,s173.979178
081_69,s-3.211617,s2.810417,s316.348346
081_70,s-4.214663,s0.546560,s175.375265
081_71,s1.762763,s-3.572984,s174.693850
081_72,s1.757659,s3.326924,s360.682126
081_73,s-0.452153,s-3.876046,s142.083915
081_74,s3.560851,s-1.078621,s220.333367
081_75,s3.717840,s-0.677821,s325.100513
081_76,s-3.754465,s-0.977446,s88.177799
081_77,s1.189466,s3.644221,s323.937767
081_78,s2.151612,s-3.407560,s260.075562
081_79,s2.779387,s2.256415,s222.704809
081_80,s3.157083,s-2.023692,s304.197683
082_0,s0.014010,s0.054612,s313.193729
082_1,s-0.223831,s-0.635631,s12.919673
082_2,s0.361532,s-0.631599,s256.295720
082_3,s-0.277259,s0.565544,s-6.457338
082_4,s0.535810,s0.001364,s276.529878
082_5,s1.281895,s0.897751,s97.563552
082_6,s-1.046025,s-0.465755,s-2.632163
082_7,s1.269136,s-0.990191,s204.157869
082_8,s-1.157358,s-0.847859,s107.501889
082_9,s1.010599,s-1.410889,s131.401419
082_10,s0.234439,s1.402698,s250.571890
082_11,s-1.107631,s0.533021,s37.807192
082_12,s1.678724,s0.069611,s369.923657
082_13,s1.438340,s1.420575,s69.368276
082_14,s-1.670657,s0.314353,s95.424173
082_15,s-1.302741,s1.613859,s74.062589
082_16,s-0.345175,s2.354452,s83.808018
082_17,s0.003640,s-1.373630,s181.611277
082_18,s-2.358746,s-0.149242,s208.395839
082_19,s1.470213,s-0.423376,s90.879031
082_20,s-2.075171,s1.204318,s7.935149
082_21,s-0.158279,s1.586173,s46.687511
082_22,s-0.542208,s-1.152718,s107.559526
082_23,s2.302056,s-0.013645,s322.838892
082_24,s1.930513,s1.644508,s259.743923
082_25,s-0.617452,s-1.627318,s194.421250
082_26,s1.866796,s-0.389205,s229.352420
082_27,s1.066882,s-2.082824,s171.543518
082_28,s-1.170839,s3.037049,s73.866875
082_29,s-1.964781,s-1.762647,s83.337072
082_30,s1.023212,s2.153383,s67.099671
082_31,s0.445625,s-2.112435,s131.468216
082_32,s1.766690,s2.014287,s46.194690
082_33,s1.834604,s-2.030543,s229.914752
082_34,s0.573821,s-2.717038,s120.105071
082_35,s-1.309126,s-1.748674,s190.296071
082_36,s-2.757764,s0.553030,s189.178585
082_37,s-2.178388,s-1.339178,s33.630000
082_38,s-2.830047,s1.686050,s12.125883
082_39,s2.031106,s-1.189809,s224.223883
082_40,s-1.666550,s2.203877,s70.591476
082_41,s0.735777,s2.636743,s-14.508510
082_42,s-3.002562,s-2.171952,s117.891797
082_43,s-2.838241,s-0.707139,s124.263191
082_44,s0.117797,s2.591036,s-20.933167
082_45,s1.423595,s2.807182,s32.157473
082_46,s2.090694,s0.705427,s333.403969
082_47,s2.704245,s-0.414013,s238.472892
082_48,s-0.933018,s-2.670272,s230.518646
082_49,s-2.847626,s0.914408,s72.370616
082_50,s2.135830,s-2.706735,s125.318785
082_51,s2.431221,s3.089721,s282.671879
082_52,s2.741772,s0.813710,s291.331406
082_53,s-1.351906,s-2.903671,s133.217938
082_54,s2.990852,s0.127117,s340.378544
082_55,s2.943651,s-2.783175,s191.428705
082_56,s-3.192312,s-0.121487,s98.231773
082_57,s-2.312921,s2.793464,s331.910929
082_58,s-0.172751,s-3.389664,s212.234301
082_59,s2.962597,s1.464147,s267.542550
082_60,s-0.773290,s-3.391310,s146.747877
082_61,s0.474842,s-3.479296,s292.233360
082_62,s2.737820,s-1.382313,s247.145773
082_63,s-3.162818,s-1.485634,s146.102944
082_64,s0.203597,s3.623611,s314.810501
082_65,s-2.634072,s-2.671292,s245.722089
082_66,s-0.640041,s3.702610,s230.367846
082_67,s3.814074,s0.481920,s330.078686
082_68,s-3.539393,s0.801947,s173.979178
082_69,s-3.211617,s2.810417,s316.348346
082_70,s-4.214663,s0.546560,s175.375265
082_71,s1.762763,s-3.572984,s174.693850
082_72,s1.757659,s3.326924,s360.682126
082_73,s-0.452153,s-3.876046,s142.083915
082_74,s3.560851,s-1.078621,s220.333367
082_75,s3.717840,s-0.677821,s325.100513
082_76,s-3.754465,s-0.977446,s88.177799
082_77,s1.189466,s3.644221,s323.937767
082_78,s2.151612,s-3.407560,s260.075562
082_79,s2.779387,s2.256415,s222.704809
082_80,s3.157083,s-2.023692,s304.197683
082_81,s-1.726324,s-3.597208,s208.375334
083_0,s0.014010,s0.054612,s313.193729
083_1,s-0.223831,s-0.635631,s12.919673
083_2,s0.361532,s-0.631599,s256.295720
083_3,s-0.277259,s0.565544,s-6.457338
083_4,s0.535810,s0.001364,s276.529878
083_5,s1.281895,s0.897751,s97.563552
083_6,s-1.046025,s-0.465755,s-2.632163
083_7,s1.269136,s-0.990191,s204.157869
083_8,s-1.157358,s-0.847859,s107.501889
083_9,s1.010599,s-1.410889,s131.401419
083_10,s0.234439,s1.402698,s250.571890
083_11,s-1.107631,s0.533021,s37.807192
083_12,s1.678724,s0.069611,s369.923657
083_13,s1.438340,s1.420575,s69.368276
083_14,s-1.670657,s0.314353,s95.424173
083_15,s-1.302741,s1.613859,s74.062589
083_16,s-0.345175,s2.354452,s83.808018
083_17,s0.003640,s-1.373630,s181.611277
083_18,s-2.358746,s-0.149242,s208.395839
083_19,s1.470213,s-0.423376,s90.879031
083_20,s-2.075171,s1.204318,s7.935149
083_21,s-0.158279,s1.586173,s46.687511
083_22,s-0.542208,s-1.152718,s107.559526
083_23,s2.302056,s-0.013645,s322.838892
083_24,s1.930513,s1.644508,s259.743923
083_25,s-0.617452,s-1.627318,s194.421250
083_26,s1.866796,s-0.389205,s229.352420
083_27,s1.066882,s-2.082824,s171.543518
083_28,s-1.170839,s3.037049,s73.866875
083_29,s-1.964781,s-1.762647,s83.337072
083_30,s1.023212,s2.153383,s67.099671
083_31,s0.445625,s-2.112435,s131.468216
083_32,s1.766690,s2.014287,s46.194690
083_33,s1.834604,s-2.030543,s229.914752
083_34,s0.573821,s-2.717038,s120.105071
083_35,s-1.309126,s-1.748674,s190.296071
083_36,s-2.757764,s0.553030,s189.178585
083_37,s-2.178388,s-1.339178,s33.630000
083_38,s-2.830047,s1.686050,s12.125883
083_39,s2.031106,s-1.189809,s224.223883
083_40,s-1.666550,s2.203877,s70.591476
083_41,s0.735777,s2.636743,s-14.508510
083_42,s-3.002562,s-2.171952,s117.891797
083_43,s-2.838241,s-0.707139,s124.263191
083_44,s0.117797,s2.591036,s-20.933167
083_45,s1.423595,s2.807182,s32.157473
083_46,s2.090694,s0.705427,s333.403969
083_47,s2.704245,s-0.414013,s238.472892
083_48,s-0.933018,s-2.670272,s230.518646
083_49,s-2.847626,s0.914408,s72.370616
083_50,s2.135830,s-2.706735,s125.318785
083_51,s2.431221,s3.089721,s282.671879
083_52,s2.741772,s0.813710,s291.331406
083_53,s-1.351906,s-2.903671,s133.217938
083_54,s2.990852,s0.127117,s340.378544
083_55,s2.943651,s-2.783175,s191.428705
083_56,s-3.192312,s-0.121487,s98.231773
083_57,s-2.312921,s2.793464,s331.910929
083_58,s-0.172751,s-3.389664,s212.234301
083_59,s2.962597,s1.464147,s267.542550
083_60,s-0.773290,s-3.391310,s146.747877
083_61,s0.474842,s-3.479296,s292.233360
083_62,s2.737820,s-1.382313,s247.145773
083_63,s-3.162818,s-1.485634,s146.102944
083_64,s0.203597,s3.623611,s314.810501
083_65,s-2.634072,s-2.671292,s245.722089
083_66,s-0.640041,s3.702610,s230.367846
083_67,s3.814074,s0.481920,s330.078686
083_68,s-3.539393,s0.801947,s173.979178
083_69,s-3.211617,s2.810417,s316.348346
083_70,s-4.214663,s0.546560,s175.375265
083_71,s1.762763,s-3.572984,s174.693850
083_72,s1.757659,s3.326924,s360.682126
083_73,s-0.452153,s-3.876046,s142.083915
083_74,s3.560851,s-1.078621,s220.333367
083_75,s3.717840,s-0.677821,s325.100513
083_76,s-3.754465,s-0.977446,s88.177799
083_77,s1.189466,s3.644221,s323.937767
083_78,s2.151612,s-3.407560,s260.075562
083_79,s2.779387,s2.256415,s222.704809
083_80,s3.157083,s-2.023692,s304.197683
083_81,s-1.726324,s-3.597208,s208.375334
083_82,s-1.058355,s3.493191,s31.937938
084_0,s0.014010,s0.054612,s313.193729
084_1,s-0.223831,s-0.635631,s12.919673
084_2,s0.361532,s-0.631599,s256.295720
084_3,s-0.277259,s0.565544,s-6.457338
084_4,s0.535810,s0.001364,s276.529878
084_5,s1.281895,s0.897751,s97.563552
084_6,s-1.046025,s-0.465755,s-2.632163
084_7,s1.269136,s-0.990191,s204.157869
084_8,s-1.157358,s-0.847859,s107.501889
084_9,s1.010599,s-1.410889,s131.401419
084_10,s0.234439,s1.402698,s250.571890
084_11,s-1.107631,s0.533021,s37.807192
084_12,s1.678724,s0.069611,s369.923657
084_13,s1.438340,s1.420575,s69.368276
084_14,s-1.670657,s0.314353,s95.424173
084_15,s-1.302741,s1.613859,s74.062589
084_16,s-0.345175,s2.354452,s83.808018
084_17,s0.003640,s-1.373630,s181.611277
084_18,s-2.358746,s-0.149242,s208.395839
084_19,s1.470213,s-0.423376,s90.879031
084_20,s-2.075171,s1.204318,s7.935149
084_21,s-0.158279,s1.586173,s46.687511
084_22,s-0.542208,s-1.152718,s107.559526
084_23,s2.302056,s-0.013645,s322.838892
084_24,s1.930513,s1.644508,s259.743923
084_25,s-0.617452,s-1.627318,s194.421250
084_26,s1.866796,s-0.389205,s229.352420
084_27,s1.066882,s-2.082824,s171.543518
084_28,s-1.170839,s3.037049,s73.866875
084_29,s-1.964781,s-1.762647,s83.337072
084_30,s1.023212,s2.153383,s67.099671
084_31,s0.445625,s-2.112435,s131.468216
084_32,s1.766690,s2.014287,s46.194690
084_33,s1.834604,s-2.030543,s229.914752
084_34,s0.573821,s-2.717038,s120.105071
084_35,s-1.309126,s-1.748674,s190.296071
084_36,s-2.757764,s0.553030,s189.178585
084_37,s-2.178388,s-1.339178,s33.630000
084_38,s-2.830047,s1.686050,s12.125883
084_39,s2.031106,s-1.189809,s224.223883
084_40,s-1.666550,s2.203877,s70.591476
084_41,s0.735777,s2.636743,s-14.508510
084_42,s-3.002562,s-2.171952,s117.891797
084_43,s-2.838241,s-0.707139,s124.263191
084_44,s0.117797,s2.591036,s-20.933167
084_45,s1.423595,s2.807182,s32.157473
084_46,s2.090694,s0.705427,s333.403969
084_47,s2.704245,s-0.414013,s238.472892
084_48,s-0.933018,s-2.670272,s230.518646
084_49,s-2.847626,s0.914408,s72.370616
084_50,s2.135830,s-2.706735,s125.318785
084_51,s2.431221,s3.089721,s282.671879
084_52,s2.741772,s0.813710,s291.331406
084_53,s-1.351906,s-2.903671,s133.217938
084_54,s2.990852,s0.127117,s340.378544
084_55,s2.943651,s-2.783175,s191.428705
084_56,s-3.192312,s-0.121487,s98.231773
084_57,s-2.312921,s2.793464,s331.910929
084_58,s-0.172751,s-3.389664,s212.234301
084_59,s2.962597,s1.464147,s267.542550
084_60,s-0.773290,s-3.391310,s146.747877
084_61,s0.474842,s-3.479296,s292.233360
084_62,s2.737820,s-1.382313,s247.145773
084_63,s-3.162818,s-1.485634,s146.102944
084_64,s0.203597,s3.623611,s314.810501
084_65,s-2.634072,s-2.671292,s245.722089
084_66,s-0.640041,s3.702610,s230.367846
084_67,s3.814074,s0.481920,s330.078686
084_68,s-3.539393,s0.801947,s173.979178
084_69,s-3.211617,s2.810417,s316.348346
084_70,s-4.214663,s0.546560,s175.375265
084_71,s1.762763,s-3.572984,s174.693850
084_72,s1.757659,s3.326924,s360.682126
084_73,s-0.452153,s-3.876046,s142.083915
084_74,s3.560851,s-1.078621,s220.333367
084_75,s3.717840,s-0.677821,s325.100513
084_76,s-3.754465,s-0.977446,s88.177799
084_77,s1.189466,s3.644221,s323.937767
084_78,s2.151612,s-3.407560,s260.075562
084_79,s2.779387,s2.256415,s222.704809
084_80,s3.157083,s-2.023692,s304.197683
084_81,s-1.726324,s-3.597208,s208.375334
084_82,s-1.058355,s3.493191,s31.937938
084_83,s-2.091226,s3.653885,s18.951429
085_0,s0.014010,s0.054612,s313.193729
085_1,s-0.231246,s-0.860021,s14.780587
085_2,s0.361532,s-0.631599,s256.295720
085_3,s-0.277259,s0.565544,s-6.457338
085_4,s0.535810,s0.001364,s276.529878
085_5,s1.207228,s0.944130,s108.218317
085_6,s-1.046025,s-0.465755,s-2.632163
085_7,s1.286072,s-0.832482,s211.613040
085_8,s-1.221219,s-0.901107,s101.423338
085_9,s1.010599,s-1.410889,s131.401419
085_10,s0.234439,s1.402698,s250.571890
085_11,s-0.951987,s0.452156,s35.714722
085_12,s1.678724,s0.069611,s369.923657
085_13,s1.438340,s1.420575,s69.368276
085_14,s-1.692578,s0.497844,s88.847067
085_15,s-1.189261,s1.572306,s79.345094
085_16,s-0.479547,s2.496706,s86.073231
085_17,s-0.016490,s-1.293929,s177.433880
085_18,s-2.316317,s-0.107007,s231.170210
085_19,s1.377407,s-0.373145,s90.711891
085_20,s-2.075171,s1.204318,s7.935149
085_21,s-0.158279,s1.586173,s46.687511
085_22,s-0.542208,s-1.152718,s107.559526
085_23,s2.199729,s0.034399,s323.735152
085_24,s2.019711,s1.691189,s270.272302
085_25,s-0.617452,s-1.627318,s194.421250
085_26,s1.807101,s-0.375791,s222.836126
085_27,s1.066882,s-2.082824,s171.543518
085_28,s-1.188998,s2.968853,s70.216833
085_29,s-1.962176,s-1.828936,s81.028617
085_30,s1.023212,s2.153383,s67.099671
085_31,s0.445625,s-2.112435,s131.468216
085_32,s1.787182,s2.087798,s43.655209
085_33,s1.918258,s-1.838282,s241.891828
085_34,s0.573821,s-2.717038,s120.105071
085_35,s-1.280235,s-1.634317,s194.163530
085_36,s-2.716332,s0.691289,s186.241795
085_37,s-2.178388,s-1.339178,s33.630000
085_38,s-2.830047,s1.686050,s12.125883
085_39,s2.124583,s-1.241750,s220.751988
085_40,s-1.572098,s2.202234,s62.459431
085_41,s0.743816,s2.646330,s1.436698
085_42,s-3.002562,s-2.171952,s117.891797
085_43,s-2.877755,s-0.806171,s118.597847
085_44,s0.117797,s2.591036,s-20.933167
085_45,s1.423595,s2.807182,s32.157473
085_46,s2.090694,s0.705427,s333.403969
085_47,s2.568955,s-0.412858,s238.142719
085_48,s-0.845594,s-2.791210,s230.449884
085_49,s-2.783035,s1.097733,s59.781291
085_50,s2.093113,s-2.688021,s131.640027
085_51,s2.210521,s3.072130,s268.832735
085_52,s2.741772,s0.813710,s291.331406
085_53,s-1.475743,s-2.788958,s144.057123
085_54,s2.990852,s0.127117,s340.378544
085_55,s3.039354,s-2.712700,s185.447933
085_56,s-3.173817,s-0.069859,s98.354321
085_57,s-2.312921,s2.793464,s331.910929
085_58,s0.126293,s-3.646845,s216.563617
085_59,s2.962597,s1.464147,s267.542550
085_60,s-0.867646,s-3.316856,s143.781880
085_61,s0.638572,s-3.590726,s288.317823
085_62,s2.729841,s-1.377114,s253.945723
085_63,s-3.261500,s-1.617271,s144.226308
085_64,s0.008979,s3.829282,s298.605984
085_65,s-2.591914,s-2.700959,s249.914494
085_66,s-0.584869,s3.728673,s222.692512
085_67,s3.839898,s0.278641,s331.674328
085_68,s-3.529418,s0.800601,s169.195535
085_69,s-3.211617,s2.810417,s316.348346
085_70,s-4.170683,s0.673763,s170.048078
085_71,s1.609916,s-3.693129,s198.700878
085_72,s1.801276,s3.279333,s356.034053
085_73,s-0.440579,s-3.936112,s135.792875
085_74,s3.560851,s-1.078621,s220.333367
085_75,s3.724168,s-0.680710,s340.044948
085_76,s-3.754465,s-0.977446,s88.177799
085_77,s1.238932,s3.657034,s318.758665
085_78,s2.045791,s-3.343126,s256.657472
085_79,s2.779387,s2.256415,s222.704809
085_80,s3.171888,s-2.054474,s303.707964
085_81,s-1.696919,s-3.663912,s213.344783
085_82,s-1.058355,s3.493191,s31.937938
085_83,s-2.232672,s3.534890,s20.967893
085_84,s3.673820,s2.179533,s219.180091
086_0,s0.014010,s0.054612,s313.193729
086_1,s-0.231246,s-0.860021,s14.780587
086_2,s0.361532,s-0.631599,s256.295720
086_3,s-0.277259,s0.565544,s-6.457338
086_4,s0.535810,s0.001364,s276.529878
086_5,s1.207228,s0.944130,s108.218317
086_6,s-1.046025,s-0.465755,s-2.632163
086_7,s1.286072,s-0.832482,s211.613040
086_8,s-1.221219,s-0.901107,s101.423338
086_9,s1.010599,s-1.410889,s131.401419
086_10,s0.238847,s1.439969,s253.327341
086_11,s-0.951987,s0.452156,s35.714722
086_12,s1.678724,s0.069611,s369.923657
086_13,s1.438340,s1.420575,s69.368276
086_14,s-1.598394,s0.529448,s86.789940
086_15,s-1.189261,s1.572306,s79.345094
086_16,s-0.479547,s2.496706,s86.073231
086_17,s-0.016490,s-1.293929,s177.433880
086_18,s-2.316317,s-0.107007,s231.170210
086_19,s1.377407,s-0.373145,s90.711891
086_20,s-2.075171,s1.204318,s7.935149
086_21,s-0.350992,s1.717406,s51.256232
086_22,s-0.542208,s-1.152718,s107.559526
086_23,s2.199729,s0.034399,s323.735152
086_24,s2.019711,s1.691189,s270.272302
086_25,s-0.617452,s-1.627318,s194.421250
086_26,s1.807101,s-0.375791,s222.836126
086_27,s1.066882,s-2.082824,s171.543518
086_28,s-1.188998,s2.968853,s70.216833
086_29,s-1.962176,s-1.828936,s81.028617
086_30,s1.023212,s2.153383,s67.099671
086_31,s0.445625,s-2.112435,s131.468216
086_32,s1.787182,s2.087798,s43.655209
086_33,s1.979824,s-1.896510,s241.879645
086_34,s0.573821,s-2.717038,s120.105071
086_35,s-1.280235,s-1.634317,s194.163530
086_36,s-2.716332,s0.691289,s186.241795
086_37,s-2.178388,s-1.339178,s33.630000
086_38,s-2.830047,s1.686050,s12.125883
086_39,s2.124583,s-1.241750,s220.751988
086_40,s-1.572098,s2.202234,s62.459431
086_41,s0.743816,s2.646330,s1.436698
086_42,s-2.976582,s-2.283889,s112.354084
086_43,s-2.877755,s-0.806171,s118.597847
086_44,s0.117797,s2.591036,s-20.933167
086_45,s1.423595,s2.807182,s32.157473
086_46,s2.090694,s0.705427,s333.403969
086_47,s2.568955,s-0.412858,s238.142719
086_48,s-0.845594,s-2.791210,s230.449884
086_49,s-2.783035,s1.097733,s59.781291
086_50,s2.093113,s-2.688021,s131.640027
086_51,s2.210521,s3.072130,s268.832735
086_52,s2.741772,s0.813710,s291.331406
086_53,s-1.475743,s-2.788958,s144.057123
086_54,s2.990852,s0.127117,s340.378544
086_55,s3.039354,s-2.712700,s185.447933
086_56,s-3.173817,s-0.069859,s98.354321
086_57,s-2.312921,s2.793464,s331.910929
086_58,s0.126293,s-3.646845,s216.563617
086_59,s2.962597,s1.464147,s267.542550
086_60,s-0.867646,s-3.316856,s143.781880
086_61,s0.638572,s-3.590726,s288.317823
086_62,s2.729841,s-1.377114,s253.945723
086_63,s-3.261500,s-1.617271,s144.226308
086_64,s0.008979,s3.829282,s298.605984
086_65,s-2.591914,s-2.700959,s249.914494
086_66,s-0.544035,s3.584838,s223.915318
086_67,s3.839898,s0.278641,s331.674328
086_68,s-3.529418,s0.800601,s169.195535
086_69,s-3.211617,s2.810417,s316.348346
086_70,s-4.170683,s0.673763,s170.048078
086_71,s1.609916,s-3.693129,s198.700878
086_72,s1.801276,s3.279333,s356.034053
086_73,s-0.387946,s-4.017918,s124.670744
086_74,s3.560851,s-1.078621,s220.333367
086_75,s3.724168,s-0.680710,s340.044948
086_76,s-3.754465,s-0.977446,s88.177799
086_77,s1.238932,s3.657034,s318.758665
086_78,s2.045791,s-3.343126,s256.657472
086_79,s2.701468,s2.262540,s226.768925
086_80,s3.171888,s-2.054474,s303.707964
086_81,s-1.696919,s-3.663912,s213.344783
086_82,s-1.058355,s3.493191,s31.937938
086_83,s-2.232672,s3.534890,s20.967893
086_84,s3.673820,s2.179533,s219.180091
086_85,s-2.151524,s-3.408222,s132.622243
087_0,s0.014010,s0.054612,s313.193729
087_1,s-0.231246,s-0.860021,s14.780587
087_2,s0.255539,s-0.672707,s264.370728
087_3,s-0.287440,s0.483995,s-16.738406
087_4,s0.535810,s0.001364,s276.529878
087_5,s1.207228,s0.944130,s108.218317
087_6,s-1.046025,s-0.465755,s-2.632163
087_7,s1.286072,s-0.832482,s211.613040
087_8,s-1.221219,s-0.901107,s101.423338
087_9,s0.937343,s-1.428412,s122.702541
087_10,s0.238847,s1.439969,s253.327341
087_11,s-0.951987,s0.452156,s35.714722
087_12,s1.678724,s0.069611,s369.923657
087_13,s1.438340,s1.420575,s69.368276
087_14,s-1.598394,s0.529448,s86.789940
087_15,s-1.189261,s1.572306,s79.345094
087_16,s-0.479547,s2.496706,s86.073231
087_17,s-0.016490,s-1.293929,s177.433880
087_18,s-2.316317,s-0.107007,s231.170210
087_19,s1.377407,s-0.373145,s90.711891
087_20,s-2.075171,s1.204318,s7.935149
087_21,s-0.350992,s1.717406,s51.256232
087_22,s-0.542208,s-1.152718,s107.559526
087_23,s2.199729,s0.034399,s323.735152
087_24,s2.019711,s1.691189,s270.272302
087_25,s-0.590300,s-1.847418,s187.988467
087_26,s1.807101,s-0.375791,s222.836126
087_27,s1.066882,s-2.082824,s171.543518
087_28,s-1.188998,s2.968853,s70.216833
087_29,s-1.962176,s-1.828936,s81.028617
087_30,s1.023212,s2.153383,s67.099671
087_31,s0.445625,s-2.112435,s131.468216
087_32,s1.787182,s2.087798,s43.655209
087_33,s1.979824,s-1.896510,s241.879645
087_34,s0.573821,s-2.717038,s120.105071
087_35,s-1.280235,s-1.634317,s194.163530
087_36,s-2.716332,s0.691289,s186.241795
087_37,s-2.178388,s-1.339178,s33.630000
087_38,s-2.830047,s1.686050,s12.125883
087_39,s2.124583,s-1.241750,s220.751988
087_40,s-1.572098,s2.202234,s62.459431
087_41,s0.743816,s2.646330,s1.436698
087_42,s-2.976582,s-2.283889,s112.354084
087_43,s-2.877755,s-0.806171,s118.597847
087_44,s0.117797,s2.591036,s-20.933167
087_45,s1.423595,s2.807182,s32.157473
087_46,s2.090694,s0.705427,s333.403969
087_47,s2.572947,s-0.376068,s241.376528
087_48,s-0.845594,s-2.791210,s230.449884
087_49,s-2.783035,s1.097733,s59.781291
087_50,s2.093113,s-2.688021,s131.640027
087_51,s2.210521,s3.072130,s268.832735
087_52,s2.741772,s0.813710,s291.331406
087_53,s-1.475743,s-2.788958,s144.057123
087_54,s2.990852,s0.127117,s340.378544
087_55,s2.961662,s-2.755708,s186.450974
087_56,s-3.173817,s-0.069859,s98.354321
087_57,s-2.312921,s2.793464,s331.910929
087_58,s0.126293,s-3.646845,s216.563617
087_59,s2.962597,s1.464147,s267.542550
087_60,s-0.867646,s-3.316856,s143.781880
087_61,s0.638572,s-3.590726,s288.317823
087_62,s2.729841,s-1.377114,s253.945723
087_63,s-3.261500,s-1.617271,s144.226308
087_64,s0.008979,s3.829282,s298.605984
087_65,s-2.591914,s-2.700959,s249.914494
087_66,s-0.544035,s3.584838,s223.915318
087_67,s3.773865,s0.177687,s334.624783
087_68,s-3.555475,s0.769827,s159.971355
087_69,s-3.211617,s2.810417,s316.348346
087_70,s-4.170683,s0.673763,s170.048078
087_71,s1.609916,s-3.693129,s198.700878
087_72,s1.834759,s3.273911,s355.847351
087_73,s-0.387946,s-4.017918,s124.670744
087_74,s3.560851,s-1.078621,s220.333367
087_75,s3.724168,s-0.680710,s340.044948
087_76,s-3.754465,s-0.977446,s88.177799
087_77,s1.238932,s3.657034,s318.758665
087_78,s2.045791,s-3.343126,s256.657472
087_79,s2.701468,s2.262540,s226.768925
087_80,s3.171888,s-2.054474,s303.707964
087_81,s-1.696919,s-3.663912,s213.344783
087_82,s-1.058355,s3.493191,s31.937938
087_83,s-2.232672,s3.534890,s20.967893
087_84,s3.673820,s2.179533,s219.180091
087_85,s-2.151524,s-3.408222,s132.622243
087_86,s-3.252554,s2.258869,s87.368029
088_0,s0.014010,s0.054612,s313.193729
088_1,s-0.231246,s-0.860021,s14.780587
088_2,s0.255539,s-0.672707,s264.370728
088_3,s-0.287440,s0.483995,s-16.738406
088_4,s0.535810,s0.001364,s276.529878
088_5,s1.207228,s0.944130,s108.218317
088_6,s-1.046025,s-0.465755,s-2.632163
088_7,s1.286072,s-0.832482,s211.613040
088_8,s-1.221219,s-0.901107,s101.423338
088_9,s0.937343,s-1.428412,s122.702541
088_10,s0.238847,s1.439969,s253.327341
088_11,s-0.951987,s0.452156,s35.714722
088_12,s1.678724,s0.069611,s369.923657
088_13,s1.438340,s1.420575,s69.368276
088_14,s-1.598394,s0.529448,s86.789940
088_15,s-1.189261,s1.572306,s79.345094
088_16,s-0.479547,s2.496706,s86.073231
088_17,s-0.016490,s-1.293929,s177.433880
088_18,s-2.316317,s-0.107007,s231.170210
088_19,s1.377407,s-0.373145,s90.711891
088_20,s-2.075171,s1.204318,s7.935149
088_21,s-0.350992,s1.717406,s51.256232
088_22,s-0.542208,s-1.152718,s107.559526
088_23,s2.199729,s0.034399,s323.735152
088_24,s2.019711,s1.691189,s270.272302
088_25,s-0.590300,s-1.847418,s187.988467
088_26,s1.807101,s-0.375791,s222.836126
088_27,s1.066882,s-2.082824,s171.543518
088_28,s-1.188998,s2.968853,s70.216833
088_29,s-1.962176,s-1.828936,s81.028617
088_30,s1.023212,s2.153383,s67.099671
088_31,s0.445625,s-2.112435,s131.468216
088_32,s1.787182,s2.087798,s43.655209
088_33,s1.979824,s-1.896510,s241.879645
088_34,s0.573821,s-2.717038,s120.105071
088_35,s-1.280235,s-1.634317,s194.163530
088_36,s-2.716332,s0.691289,s186.241795
088_37,s-2.178388,s-1.339178,s33.630000
088_38,s-2.830047,s1.686050,s12.125883
088_39,s2.124583,s-1.241750,s220.751988
088_40,s-1.572098,s2.202234,s62.459431
088_41,s0.743816,s2.646330,s1.436698
088_42,s-2.976582,s-2.283889,s112.354084
088_43,s-2.877755,s-0.806171,s118.597847
088_44,s0.117797,s2.591036,s-20.933167
088_45,s1.423595,s2.807182,s32.157473
088_46,s2.090694,s0.705427,s333.403969
088_47,s2.572947,s-0.376068,s241.376528
088_48,s-0.845594,s-2.791210,s230.449884
088_49,s-2.783035,s1.097733,s59.781291
088_50,s2.093113,s-2.688021,s131.640027
088_51,s2.210521,s3.072130,s268.832735
088_52,s2.741772,s0.813710,s291.331406
088_53,s-1.475743,s-2.788958,s144.057123
088_54,s2.990852,s0.127117,s340.378544
088_55,s2.961662,s-2.755708,s186.450974
088_56,s-3.173817,s-0.069859,s98.354321
088_57,s-2.312921,s2.793464,s331.910929
088_58,s0.126293,s-3.646845,s216.563617
088_59,s2.962597,s1.464147,s267.542550
088_60,s-0.867646,s-3.316856,s143.781880
088_61,s0.638572,s-3.590726,s288.317823
088_62,s2.729841,s-1.377114,s253.945723
088_63,s-3.261500,s-1.617271,s144.226308
088_64,s0.008979,s3.829282,s298.605984
088_65,s-2.591914,s-2.700959,s249.914494
088_66,s-0.544035,s3.584838,s223.915318
088_67,s3.773865,s0.177687,s334.624783
088_68,s-3.555475,s0.769827,s159.971355
088_69,s-3.211617,s2.810417,s316.348346
088_70,s-4.170683,s0.673763,s170.048078
088_71,s1.609916,s-3.693129,s198.700878
088_72,s1.834759,s3.273911,s355.847351
088_73,s-0.387946,s-4.017918,s124.670744
088_74,s3.560851,s-1.078621,s220.333367
088_75,s3.724168,s-0.680710,s340.044948
088_76,s-3.754465,s-0.977446,s88.177799
088_77,s1.238932,s3.657034,s318.758665
088_78,s2.045791,s-3.343126,s256.657472
088_79,s2.701468,s2.262540,s226.768925
088_80,s3.171888,s-2.054474,s303.707964
088_81,s-1.696919,s-3.663912,s213.344783
088_82,s-1.058355,s3.493191,s31.937938
088_83,s-2.232672,s3.534890,s20.967893
088_84,s3.673820,s2.179533,s219.180091
088_85,s-2.151524,s-3.408222,s132.622243
088_86,s-3.252554,s2.258869,s87.368029
088_87,s-3.762365,s-1.629296,s61.990861
089_0,s0.014010,s0.054612,s313.193729
089_1,s-0.231246,s-0.860021,s14.780587
089_2,s0.255539,s-0.672707,s264.370728
089_3,s-0.366466,s0.545370,s-6.543926
089_4,s0.535810,s0.001364,s276.529878
089_5,s1.166311,s0.926077,s110.922851
089_6,s-1.046025,s-0.465755,s-2.632163
089_7,s1.286072,s-0.832482,s211.613040
089_8,s-1.294729,s-0.893802,s102.776088
089_9,s0.937343,s-1.428412,s122.702541
089_10,s0.238847,s1.439969,s253.327341
089_11,s-0.951987,s0.452156,s35.714722
089_12,s1.678724,s0.069611,s369.923657
089_13,s1.334052,s1.367212,s66.323183
089_14,s-1.683561,s0.478231,s81.938997
089_15,s-0.987748,s1.577631,s71.834210
089_16,s-0.468949,s2.420869,s81.883798
089_17,s-0.016490,s-1.293929,s177.433880
089_18,s-2.316317,s-0.107007,s231.170210
089_19,s1.377407,s-0.373145,s90.711891
089_20,s-2.075171,s1.204318,s7.935149
089_21,s-0.350992,s1.717406,s51.256232
089_22,s-0.542208,s-1.152718,s107.559526
089_23,s2.199729,s0.034399,s323.735152
089_24,s2.019711,s1.691189,s270.272302
089_25,s-0.590300,s-1.847418,s187.988467
089_26,s1.801126,s-0.347521,s213.735774
089_27,s1.200341,s-2.061964,s172.208087
089_28,s-1.188998,s2.968853,s70.216833
089_29,s-1.962176,s-1.828936,s81.028617
089_30,s1.023212,s2.153383,s67.099671
089_31,s0.445625,s-2.112435,s131.468216
089_32,s1.787182,s2.087798,s43.655209
089_33,s1.881944,s-1.957702,s239.361462
089_34,s0.589796,s-2.783960,s126.199519
089_35,s-1.280235,s-1.634317,s194.163530
089_36,s-2.785789,s0.474349,s192.248235
089_37,s-2.178388,s-1.339178,s33.630000
089_38,s-2.830047,s1.686050,s12.125883
089_39,s2.139662,s-1.346872,s220.670640
089_40,s-1.604840,s2.118192,s63.690039
089_41,s0.743816,s2.646330,s1.436698
089_42,s-2.992135,s-2.278953,s126.082242
089_43,s-2.877755,s-0.806171,s118.597847
089_44,s0.117797,s2.591036,s-20.933167
089_45,s1.392499,s2.800382,s39.261521
089_46,s1.948124,s0.766978,s323.369636
089_47,s2.572947,s-0.376068,s241.376528
089_48,s-0.845594,s-2.791210,s230.449884
089_49,s-2.915938,s1.053955,s59.147335
089_50,s2.122810,s-2.683410,s134.408769
089_51,s2.138279,s2.909741,s251.728140
089_52,s2.637953,s0.783783,s289.001377
089_53,s-1.475743,s-2.788958,s144.057123
089_54,s2.888516,s0.096220,s329.796532
089_55,s2.961662,s-2.755708,s186.450974
089_56,s-3.219644,s-0.204967,s96.537980
089_57,s-2.312921,s2.793464,s331.910929
089_58,s0.156433,s-3.574378,s209.266467
089_59,s2.962597,s1.464147,s267.542550
089_60,s-0.948682,s-3.335077,s152.114502
089_61,s0.638572,s-3.590726,s288.317823
089_62,s2.729841,s-1.377114,s253.945723
089_63,s-3.211189,s-1.486967,s138.090084
089_64,s-0.122090,s3.954604,s288.708162
089_65,s-2.697323,s-2.855060,s255.578607
089_66,s-0.544035,s3.584838,s223.915318
089_67,s3.773865,s0.177687,s334.624783
089_68,s-3.440342,s0.834493,s161.838297
089_69,s-3.180801,s2.970930,s319.555721
089_70,s-4.170683,s0.673763,s170.048078
089_71,s1.609916,s-3.693129,s198.700878
089_72,s1.834759,s3.273911,s355.847351
089_73,s-0.498364,s-3.871828,s116.530247
089_74,s3.560851,s-1.078621,s220.333367
089_75,s3.724168,s-0.680710,s340.044948
089_76,s-3.736362,s-0.965853,s95.608052
089_77,s1.238932,s3.657034,s318.758665
089_78,s2.045791,s-3.343126,s256.657472
089_79,s2.701468,s2.262540,s226.768925
089_80,s3.171888,s-2.054474,s303.707964
089_81,s-1.757100,s-3.577120,s208.587461
089_82,s-1.164410,s3.533580,s35.620063
089_83,s-2.267272,s3.553955,s15.502232
089_84,s3.700067,s2.131932,s220.902602
089_85,s-2.151990,s-3.382601,s142.013611
089_86,s-3.252554,s2.258869,s87.368029
089_87,s-3.828986,s-1.648604,s62.325650
089_88,s4.267872,s0.134794,s288.849782
090_0,s0.014010,s0.054612,s313.193729
090_1,s-0.231246,s-0.860021,s14.780587
090_2,s0.255539,s-0.672707,s264.370728
090_3,s-0.366466,s0.545370,s-6.543926
090_4,s0.535810,s0.001364,s276.529878
090_5,s1.166311,s0.926077,s110.922851
090_6,s-1.046025,s-0.465755,s-2.632163
090_7,s1.286072,s-0.832482,s211.613040
090_8,s-1.254204,s-0.901139,s102.966875
090_9,s0.937343,s-1.428412,s122.702541
090_10,s0.238847,s1.439969,s253.327341
090_11,s-0.951987,s0.452156,s35.714722
090_12,s1.678724,s0.069611,s369.923657
090_13,s1.334052,s1.367212,s66.323183
090_14,s-1.605490,s0.377259,s85.767660
090_15,s-1.107767,s1.462690,s80.312554
090_16,s-0.480786,s2.567191,s74.625514
090_17,s0.222182,s-1.252197,s170.194728
090_18,s-2.342108,s-0.038907,s223.019313
090_19,s1.400312,s-0.392946,s88.190383
090_20,s-2.077619,s1.085429,s7.200243
090_21,s-0.350992,s1.717406,s51.256232
090_22,s-0.542208,s-1.152718,s107.559526
090_23,s2.199729,s0.034399,s323.735152
090_24,s2.019711,s1.691189,s270.272302
090_25,s-0.622162,s-1.754548,s189.248117
090_26,s1.801126,s-0.347521,s213.735774
090_27,s1.200341,s-2.061964,s172.208087
090_28,s-1.188998,s2.968853,s70.216833
090_29,s-1.962176,s-1.828936,s81.028617
090_30,s1.023212,s2.153383,s67.099671
090_31,s0.445625,s-2.112435,s131.468216
090_32,s1.787182,s2.087798,s43.655209
090_33,s1.876718,s-1.934758,s241.435244
090_34,s0.589796,s-2.783960,s126.199519
090_35,s-1.280235,s-1.634317,s194.163530
090_36,s-2.877930,s0.588366,s189.910182
090_37,s-2.133879,s-1.395099,s33.300309
090_38,s-2.830047,s1.686050,s12.125883
090_39,s2.139662,s-1.346872,s220.670640
090_40,s-1.604840,s2.118192,s63.690039
090_41,s0.743816,s2.646330,s1.436698
090_42,s-3.026186,s-2.120869,s133.421030
090_43,s-2.877755,s-0.806171,s118.597847
090_44,s0.022719,s2.565398,s-14.849555
090_45,s1.392499,s2.800382,s39.261521
090_46,s2.018916,s0.821997,s312.208583
090_47,s2.572947,s-0.376068,s241.376528
090_48,s-0.845594,s-2.791210,s230.449884
090_49,s-2.915938,s1.053955,s59.147335
090_50,s2.122810,s-2.683410,s134.408769
090_51,s2.209875,s3.007117,s251.835888
090_52,s2.637953,s0.783783,s289.001377
090_53,s-1.475743,s-2.788958,s144.057123
090_54,s2.888516,s0.096220,s329.796532
090_55,s2.961662,s-2.755708,s186.450974
090_56,s-3.219644,s-0.204967,s96.537980
090_57,s-2.312921,s2.793464,s331.910929
090_58,s0.156433,s-3.574378,s209.266467
090_59,s2.962597,s1.464147,s267.542550
090_60,s-0.948682,s-3.335077,s152.114502
090_61,s0.638572,s-3.590726,s288.317823
090_62,s2.741329,s-1.397392,s255.959169
090_63,s-3.211189,s-1.486967,s138.090084
090_64,s-0.122090,s3.954604,s288.708162
090_65,s-2.697323,s-2.855060,s255.578607
090_66,s-0.544035,s3.584838,s223.915318
090_67,s3.773865,s0.177687,s334.624783
090_68,s-3.493055,s0.755891,s157.860738
090_69,s-3.349986,s3.048647,s317.502510
090_70,s-4.170683,s0.673763,s170.048078
090_71,s1.767792,s-3.887794,s197.900269
090_72,s1.839628,s3.313519,s343.671342
090_73,s-0.318531,s-3.581001,s130.138588
090_74,s3.560851,s-1.078621,s220.333367
090_75,s3.724168,s-0.680710,s340.044948
090_76,s-3.736362,s-0.965853,s95.608052
090_77,s1.238932,s3.657034,s318.758665
090_78,s2.045791,s-3.343126,s256.657472
090_79,s2.701468,s2.262540,s226.768925
090_80,s3.171888,s-2.054474,s303.707964
090_81,s-1.757100,s-3.577120,s208.587461
090_82,s-1.164410,s3.533580,s35.620063
090_83,s-2.267272,s3.553955,s15.502232
090_84,s3.537161,s2.056941,s212.502717
090_85,s-2.151990,s-3.382601,s142.013611
090_86,s-3.252554,s2.258869,s87.368029
090_87,s-3.817331,s-1.682584,s63.476844
090_88,s4.267872,s0.134794,s288.849782
090_89,s2.705352,s3.225772,s299.059134
091_0,s-0.226386,s0.036532,s306.046477
091_1,s-0.231246,s-0.860021,s14.780587
091_2,s0.272339,s-0.584443,s261.698417
091_3,s-0.267491,s0.556683,s-2.963459
091_4,s0.535810,s0.001364,s276.529878
091_5,s1.166311,s0.926077,s110.922851
091_6,s-1.046025,s-0.465755,s-2.632163
091_7,s1.177681,s-0.883098,s212.746346
091_8,s-1.319280,s-0.764039,s108.787114
091_9,s0.999330,s-1.515989,s118.137041
091_10,s0.234355,s1.403454,s257.573933
091_11,s-0.985689,s0.492282,s28.674293
091_12,s1.709896,s-0.002598,s364.050361
091_13,s1.291798,s1.401647,s61.016298
091_14,s-1.573072,s0.408279,s90.522779
091_15,s-1.107767,s1.462690,s80.312554
091_16,s-0.416794,s2.502265,s82.000910
091_17,s0.139564,s-1.243708,s166.886245
091_18,s-2.342108,s-0.038907,s223.019313
091_19,s1.400312,s-0.392946,s88.190383
091_20,s-2.000665,s1.045097,s7.319088
091_21,s-0.491572,s1.522680,s44.207039
091_22,s-0.542208,s-1.152718,s107.559526
091_23,s2.199729,s0.034399,s323.735152
091_24,s1.767942,s1.432431,s267.832464
091_25,s-0.623578,s-1.678714,s183.971928
091_26,s1.907207,s-0.432229,s211.885840
091_27,s1.161313,s-2.157919,s180.518149
091_28,s-1.188998,s2.968853,s70.216833
091_29,s-1.936185,s-1.935624,s70.376633
091_30,s1.007189,s2.127381,s79.579789
091_31,s0.479199,s-2.167399,s126.956150
091_32,s1.661893,s2.082051,s52.879525
091_33,s1.876718,s-1.934758,s241.435244
091_34,s0.424410,s-2.806692,s137.454671
091_35,s-1.336867,s-1.806665,s186.960329
091_36,s-2.813824,s0.473849,s179.703371
091_37,s-2.136310,s-1.344350,s39.310927
091_38,s-2.723047,s1.640738,s11.535778
091_39,s2.139662,s-1.346872,s220.670640
091_40,s-1.583600,s2.136365,s71.272909
091_41,s0.752191,s2.705310,s8.032350
091_42,s-3.173301,s-2.134128,s133.082361
091_43,s-2.829295,s-0.864133,s115.542736
091_44,s0.022719,s2.565398,s-14.849555
091_45,s1.384952,s2.812363,s34.217343
091_46,s2.018916,s0.821997,s312.208583
091_47,s2.572947,s-0.376068,s241.376528
091_48,s-0.845594,s-2.791210,s230.449884
091_49,s-2.840487,s1.091331,s54.091569
091_50,s2.136426,s-2.503759,s126.683612
091_51,s2.261576,s2.906662,s262.754343
091_52,s2.637953,s0.783783,s289.001377
091_53,s-1.419515,s-2.739633,s143.618537
091_54,s2.861304,s0.162386,s326.266971
091_55,s2.985106,s-2.556840,s187.980677
091_56,s-3.180767,s-0.289247,s94.356807
091_57,s-2.457591,s2.831677,s323.948518
091_58,s0.126810,s-3.547070,s204.750738
091_59,s2.929120,s1.404772,s272.159619
091_60,s-0.948682,s-3.335077,s152.114502
091_61,s0.638572,s-3.590726,s288.317823
091_62,s2.722810,s-1.318106,s251.833542
091_63,s-3.211189,s-1.486967,s138.090084
091_64,s-0.254234,s3.924677,s287.070883
091_65,s-2.813732,s-2.714379,s254.349191
091_66,s-0.609383,s3.602064,s211.711313
091_67,s3.703253,s0.407357,s344.393555
091_68,s-3.368737,s0.813893,s151.668449
091_69,s-3.330896,s3.165532,s324.921820
091_70,s-4.170683,s0.673763,s170.048078
091_71,s1.854837,s-3.895203,s194.817018
091_72,s1.839628,s3.313519,s343.671342
091_73,s-0.373213,s-3.636796,s133.212990
091_74,s3.788558,s-1.219054,s226.825770
091_75,s3.518926,s-0.652220,s340.617087
091_76,s-3.736362,s-0.965853,s95.608052
091_77,s1.247421,s3.722938,s324.570125
091_78,s2.071030,s-3.487549,s268.197165
091_79,s2.701468,s2.262540,s226.768925
091_80,s3.123328,s-2.010040,s301.355346
091_81,s-1.679836,s-3.588668,s204.061634
091_82,s-1.055335,s3.489407,s31.055818
091_83,s-2.254817,s3.663692,s48.355900
091_84,s3.537161,s2.056941,s212.502717
091_85,s-2.151990,s-3.382601,s142.013611
091_86,s-3.382527,s2.398657,s98.656369
091_87,s-3.817331,s-1.682584,s63.476844
091_88,s4.146637,s0.092905,s290.785660
091_89,s2.795436,s3.466220,s298.236696
091_90,s-4.169657,s1.129760,s305.887435
092_0,s-0.195801,s0.078084,s307.764559
092_1,s-0.231246,s-0.860021,s14.780587
092_2,s0.146844,s-0.581740,s259.699369
092_3,s-0.223506,s0.588821,s-6.581362
092_4,s0.431127,s-0.114487,s276.462871
092_5,s1.161629,s0.852689,s118.782558
092_6,s-0.854430,s-0.626948,s-10.589041
092_7,s1.177681,s-0.883098,s212.746346
092_8,s-1.333792,s-0.919629,s94.199269
092_9,s0.943334,s-1.372262,s120.547609
092_10,s0.234355,s1.403454,s257.573933
092_11,s-0.977222,s0.470732,s31.333745
092_12,s1.651880,s-0.053515,s355.496073
092_13,s1.399668,s1.362592,s61.893747
092_14,s-1.639703,s0.422716,s76.285055
092_15,s-1.099592,s1.701999,s84.114277
092_16,s-0.394392,s2.294242,s84.843373
092_17,s0.047068,s-1.341487,s172.246025
092_18,s-2.354856,s-0.105132,s222.536998
092_19,s1.400312,s-0.392946,s88.190383
092_20,s-1.925280,s1.204057,s15.603718
092_21,s-0.435117,s1.535933,s42.067528
092_22,s-0.542208,s-1.152718,s107.559526
092_23,s2.199729,s0.034399,s323.735152
092_24,s1.761763,s1.518048,s264.088296
092_25,s-0.717096,s-1.624400,s188.085346
092_26,s2.034636,s-0.335858,s203.300395
092_27,s1.210128,s-2.092276,s182.021790
092_28,s-1.220355,s2.886825,s63.988873
092_29,s-1.912282,s-1.954107,s68.268857
092_30,s1.007189,s2.127381,s79.579789
092_31,s0.479199,s-2.167399,s126.956150
092_32,s1.589875,s2.048774,s41.369501
092_33,s1.876718,s-1.934758,s241.435244
092_34,s0.450005,s-2.847460,s135.987054
092_35,s-1.250342,s-1.897540,s193.446309
092_36,s-2.816689,s0.196478,s176.292682
092_37,s-2.136310,s-1.344350,s39.310927
092_38,s-2.855199,s1.815346,s8.950655
092_39,s2.139662,s-1.346872,s220.670640
092_40,s-1.780557,s2.086074,s52.392243
092_41,s0.792606,s2.687960,s9.597177
092_42,s-3.020933,s-2.193087,s124.379608
092_43,s-2.829295,s-0.864133,s115.542736
092_44,s0.022719,s2.565398,s-14.849555
092_45,s1.562112,s2.841471,s29.012195
092_46,s1.990350,s0.770945,s310.105364
092_47,s2.627502,s-0.418683,s241.254885
092_48,s-0.912424,s-2.837424,s231.769176
092_49,s-2.884034,s1.055850,s47.371332
092_50,s2.170602,s-2.492131,s125.390813
092_51,s2.245280,s3.052853,s258.176444
092_52,s2.682562,s0.786878,s287.985220
092_53,s-1.419515,s-2.739633,s143.618537
092_54,s2.861304,s0.162386,s326.266971
092_55,s3.026809,s-2.741761,s195.495246
092_56,s-3.195112,s-0.336132,s95.957339
092_57,s-2.403120,s2.848987,s322.335449
092_58,s0.122955,s-3.554418,s204.892861
092_59,s2.838738,s1.400826,s280.923295
092_60,s-0.948682,s-3.335077,s152.114502
092_61,s0.673067,s-3.617356,s289.168605
092_62,s2.672281,s-1.341097,s253.657901
092_63,s-3.181563,s-1.478385,s135.681203
092_64,s-0.262703,s3.933302,s290.549378
092_65,s-2.897928,s-2.891285,s268.440962
092_66,s-0.642633,s3.440808,s212.994518
092_67,s3.707281,s0.530028,s349.353018
092_68,s-3.304163,s0.856464,s155.591222
092_69,s-3.271402,s3.240708,s328.726440
092_70,s-4.086074,s0.751197,s189.640054
092_71,s1.854837,s-3.895203,s194.817018
092_72,s1.687234,s3.416932,s358.635600
092_73,s-0.365166,s-3.721988,s133.643836
092_74,s3.862000,s-1.154343,s229.557759
092_75,s3.498229,s-0.530528,s355.599161
092_76,s-3.772976,s-1.037969,s109.647010
092_77,s1.125757,s3.846997,s345.782793
092_78,s2.090163,s-3.386110,s266.981368
092_79,s2.734507,s2.264114,s225.866371
092_80,s3.072049,s-1.985587,s303.775780
092_81,s-1.702910,s-3.586463,s209.504391
092_82,s-1.204747,s3.772205,s22.656923
092_83,s-2.313931,s3.620077,s45.770674
092_84,s3.707408,s1.973847,s217.471250
092_85,s-2.185062,s-3.270763,s136.491803
092_86,s-3.456537,s2.727751,s107.469685
092_87,s-3.817331,s-1.682584,s63.476844
092_88,s4.085853,s0.029439,s286.470936
092_89,s2.795436,s3.466220,s298.236696
092_90,s-4.114567,s1.131860,s310.322759
092_91,s0.557072,s-4.375280,s277.951147
093_0,s-0.195801,s0.078084,s307.764559
093_1,s-0.231246,s-0.860021,s14.780587
093_2,s0.146844,s-0.581740,s259.699369
093_3,s-0.223506,s0.588821,s-6.581362
093_4,s0.366482,s-0.069886,s280.412784
093_5,s1.161629,s0.852689,s118.782558
093_6,s-0.854430,s-0.626948,s-10.589041
093_7,s1.177681,s-0.883098,s212.746346
093_8,s-1.333792,s-0.919629,s94.199269
093_9,s0.943334,s-1.372262,s120.547609
093_10,s0.234355,s1.403454,s257.573933
093_11,s-0.977222,s0.470732,s31.333745
093_12,s1.651880,s-0.053515,s355.496073
093_13,s1.399668,s1.362592,s61.893747
093_14,s-1.681613,s0.435015,s82.959621
093_15,s-1.099592,s1.701999,s84.114277
093_16,s-0.394392,s2.294242,s84.843373
093_17,s0.047068,s-1.341487,s172.246025
093_18,s-2.354856,s-0.105132,s222.536998
093_19,s1.400312,s-0.392946,s88.190383
093_20,s-1.925280,s1.204057,s15.603718
093_21,s-0.435117,s1.535933,s42.067528
093_22,s-0.542208,s-1.152718,s107.559526
093_23,s2.199729,s0.034399,s323.735152
093_24,s1.761763,s1.518048,s264.088296
093_25,s-0.717096,s-1.624400,s188.085346
093_26,s2.034636,s-0.335858,s203.300395
093_27,s1.210128,s-2.092276,s182.021790
093_28,s-1.220355,s2.886825,s63.988873
093_29,s-1.912282,s-1.954107,s68.268857
093_30,s1.007189,s2.127381,s79.579789
093_31,s0.479199,s-2.167399,s126.956150
093_32,s1.589875,s2.048774,s41.369501
093_33,s1.876718,s-1.934758,s241.435244
093_34,s0.450005,s-2.847460,s135.987054
093_35,s-1.250342,s-1.897540,s193.446309
093_36,s-2.816689,s0.196478,s176.292682
093_37,s-2.136310,s-1.344350,s39.310927
093_38,s-2.855199,s1.815346,s8.950655
093_39,s2.139662,s-1.346872,s220.670640
093_40,s-1.780557,s2.086074,s52.392243
093_41,s0.792606,s2.687960,s9.597177
093_42,s-3.020933,s-2.193087,s124.379608
093_43,s-2.829295,s-0.864133,s115.542736
093_44,s0.022719,s2.565398,s-14.849555
093_45,s1.562112,s2.841471,s29.012195
093_46,s1.990350,s0.770945,s310.105364
093_47,s2.627502,s-0.418683,s241.254885
093_48,s-0.912424,s-2.837424,s231.769176
093_49,s-2.884034,s1.055850,s47.371332
093_50,s2.170602,s-2.492131,s125.390813
093_51,s2.245280,s3.052853,s258.176444
093_52,s2.682562,s0.786878,s287.985220
093_53,s-1.419515,s-2.739633,s143.618537
093_54,s2.861304,s0.162386,s326.266971
093_55,s3.026809,s-2.741761,s195.495246
093_56,s-3.195112,s-0.336132,s95.957339
093_57,s-2.403120,s2.848987,s322.335449
093_58,s0.122955,s-3.554418,s204.892861
093_59,s2.838738,s1.400826,s280.923295
093_60,s-0.948682,s-3.335077,s152.114502
093_61,s0.673067,s-3.617356,s289.168605
093_62,s2.669032,s-1.318624,s255.740968
093_63,s-3.181563,s-1.478385,s135.681203
093_64,s-0.262703,s3.933302,s290.549378
093_65,s-2.897928,s-2.891285,s268.440962
093_66,s-0.642633,s3.440808,s212.994518
093_67,s3.707281,s0.530028,s349.353018
093_68,s-3.304163,s0.856464,s155.591222
093_69,s-3.261607,s3.180025,s317.186734
093_70,s-4.086074,s0.751197,s189.640054
093_71,s1.829521,s-3.914722,s197.187510
093_72,s1.687234,s3.416932,s358.635600
093_73,s-0.365166,s-3.721988,s133.643836
093_74,s3.862000,s-1.154343,s229.557759
093_75,s3.363767,s-0.428989,s339.752560
093_76,s-3.772976,s-1.037969,s109.647010
093_77,s1.125757,s3.846997,s345.782793
093_78,s2.090163,s-3.386110,s266.981368
093_79,s2.734507,s2.264114,s225.866371
093_80,s3.072049,s-1.985587,s303.775780
093_81,s-1.702910,s-3.586463,s209.504391
093_82,s-1.204747,s3.772205,s22.656923
093_83,s-2.313931,s3.620077,s45.770674
093_84,s3.707408,s1.973847,s217.471250
093_85,s-2.185062,s-3.270763,s136.491803
093_86,s-3.456537,s2.727751,s107.469685
093_87,s-3.817331,s-1.682584,s63.476844
093_88,s4.027568,s0.099586,s303.168606
093_89,s2.795436,s3.466220,s298.236696
093_90,s-4.114567,s1.131860,s310.322759
093_91,s0.557072,s-4.375280,s277.951147
093_92,s-4.209860,s-0.582731,s37.597721
094_0,s-0.195801,s0.078084,s307.764559
094_1,s-0.231246,s-0.860021,s14.780587
094_2,s0.146844,s-0.581740,s259.699369
094_3,s-0.325445,s0.550784,s-7.963212
094_4,s0.366482,s-0.069886,s280.412784
094_5,s1.161629,s0.852689,s118.782558
094_6,s-0.854430,s-0.626948,s-10.589041
094_7,s1.314986,s-0.926764,s212.105208
094_8,s-1.392956,s-0.865676,s101.821243
094_9,s0.943334,s-1.372262,s120.547609
094_10,s0.167905,s1.330076,s263.350768
094_11,s-1.118422,s0.523493,s23.292394
094_12,s1.651880,s-0.053515,s355.496073
094_13,s1.399668,s1.362592,s61.893747
094_14,s-1.681613,s0.435015,s82.959621
094_15,s-1.075685,s1.779541,s88.093353
094_16,s-0.394392,s2.294242,s84.843373
094_17,s0.136713,s-1.427722,s168.502471
094_18,s-2.439091,s-0.179673,s229.707644
094_19,s1.400312,s-0.392946,s88.190383
094_20,s-1.925280,s1.204057,s15.603718
094_21,s-0.366613,s1.501133,s37.663812
094_22,s-0.542208,s-1.152718,s107.559526
094_23,s2.199729,s0.034399,s323.735152
094_24,s1.761763,s1.518048,s264.088296
094_25,s-0.717096,s-1.624400,s188.085346
094_26,s2.034636,s-0.335858,s203.300395
094_27,s1.275034,s-1.750130,s185.870898
094_28,s-1.298536,s3.009702,s63.026381
094_29,s-1.832274,s-2.108372,s67.811998
094_30,s1.007189,s2.127381,s79.579789
094_31,s0.521421,s-2.135407,s121.668549
094_32,s1.589875,s2.048774,s41.369501
094_33,s1.955011,s-1.935981,s244.718516
094_34,s0.503591,s-2.735176,s134.006227
094_35,s-1.250342,s-1.897540,s193.446309
094_36,s-2.816689,s0.196478,s176.292682
094_37,s-2.185944,s-1.321444,s30.753257
094_38,s-2.916198,s1.805218,s1.069259
094_39,s2.139662,s-1.346872,s220.670640
094_40,s-1.794678,s2.148253,s58.503748
094_41,s0.792606,s2.687960,s9.597177
094_42,s-3.020933,s-2.193087,s124.379608
094_43,s-2.863725,s-0.930960,s107.762212
094_44,s-0.000327,s2.567699,s-13.497528
094_45,s1.562112,s2.841471,s29.012195
094_46,s1.990350,s0.770945,s310.105364
094_47,s2.773859,s-0.565900,s230.853372
094_48,s-0.912424,s-2.837424,s231.769176
094_49,s-2.884034,s1.055850,s47.371332
094_50,s2.170602,s-2.492131,s125.390813
094_51,s2.276901,s2.971228,s256.629460
094_52,s2.682562,s0.786878,s287.985220
094_53,s-1.419515,s-2.739633,s143.618537
094_54,s2.861304,s0.162386,s326.266971
094_55,s3.031119,s-2.867665,s199.228314
094_56,s-3.195112,s-0.336132,s95.957339
094_57,s-2.423572,s2.831350,s334.334071
094_58,s0.122955,s-3.554418,s204.892861
094_59,s2.978122,s1.349644,s288.966869
094_60,s-0.948682,s-3.335077,s152.114502
094_61,s0.642905,s-3.623787,s285.664391
094_62,s2.669032,s-1.318624,s255.740968
094_63,s-3.181563,s-1.478385,s135.681203
094_64,s-0.310072,s3.944309,s284.802790
094_65,s-2.897928,s-2.891285,s268.440962
094_66,s-0.689333,s3.387735,s207.612040
094_67,s3.728547,s0.559753,s350.382377
094_68,s-3.306698,s0.821035,s145.220158
094_69,s-3.236652,s3.113157,s324.280274
094_70,s-4.183171,s0.628066,s184.333133
094_71,s1.829521,s-3.914722,s197.187510
094_72,s2.070892,s3.491128,s369.888543
094_73,s-0.362088,s-3.632408,s136.095504
094_74,s3.833471,s-1.116950,s230.148704
094_75,s3.359274,s-0.502043,s346.405408
094_76,s-3.772976,s-1.037969,s109.647010
094_77,s1.125757,s3.846997,s345.782793
094_78,s2.204013,s-3.380287,s272.569956
094_79,s2.721881,s2.363735,s218.660768
094_80,s3.072049,s-1.985587,s303.775780
094_81,s-1.702910,s-3.586463,s209.504391
094_82,s-1.269359,s3.833167,s34.206965
094_83,s-2.313931,s3.620077,s45.770674
094_84,s3.850718,s1.948142,s215.983179
094_85,s-2.185062,s-3.270763,s136.491803
094_86,s-3.518460,s2.811604,s107.297063
094_87,s-3.817331,s-1.682584,s63.476844
094_88,s3.885495,s-0.056632,s293.016427
094_89,s2.763535,s3.430436,s301.107996
094_90,s-4.131541,s1.323020,s311.462558
094_91,s0.557072,s-4.375280,s277.951147
094_92,s-4.209860,s-0.582731,s37.597721
094_93,s3.503900,s2.387527,s305.526234
095_0,s-0.195801,s0.078084,s307.764559
095_1,s-0.231246,s-0.860021,s14.780587
095_2,s0.146844,s-0.581740,s259.699369
095_3,s-0.325445,s0.550784,s-7.963212
095_4,s0.366482,s-0.069886,s280.412784
095_5,s1.161629,s0.852689,s118.782558
095_6,s-0.854430,s-0.626948,s-10.589041
095_7,s1.314986,s-0.926764,s212.105208
095_8,s-1.392956,s-0.865676,s101.821243
095_9,s0.943334,s-1.372262,s120.547609
095_10,s0.167905,s1.330076,s263.350768
095_11,s-1.118422,s0.523493,s23.292394
095_12,s1.651880,s-0.053515,s355.496073
095_13,s1.399668,s1.362592,s61.893747
095_14,s-1.681613,s0.435015,s82.959621
095_15,s-1.075685,s1.779541,s88.093353
095_16,s-0.394392,s2.294242,s84.843373
095_17,s0.136713,s-1.427722,s168.502471
095_18,s-2.439091,s-0.179673,s229.707644
095_19,s1.400312,s-0.392946,s88.190383
095_20,s-1.925280,s1.204057,s15.603718
095_21,s-0.366613,s1.501133,s37.663812
095_22,s-0.542208,s-1.152718,s107.559526
095_23,s2.199729,s0.034399,s323.735152
095_24,s1.761763,s1.518048,s264.088296
095_25,s-0.717096,s-1.624400,s188.085346
095_26,s2.034636,s-0.335858,s203.300395
095_27,s1.275034,s-1.750130,s185.870898
095_28,s-1.298536,s3.009702,s63.026381
095_29,s-1.832274,s-2.108372,s67.811998
095_30,s1.007189,s2.127381,s79.579789
095_31,s0.521421,s-2.135407,s121.668549
095_32,s1.589875,s2.048774,s41.369501
095_33,s1.955011,s-1.935981,s244.718516
095_34,s0.503591,s-2.735176,s134.006227
095_35,s-1.250342,s-1.897540,s193.446309
095_36,s-2.816689,s0.196478,s176.292682
095_37,s-2.185944,s-1.321444,s30.753257
095_38,s-2.916198,s1.805218,s1.069259
095_39,s2.139662,s-1.346872,s220.670640
095_40,s-1.794678,s2.148253,s58.503748
095_41,s0.792606,s2.687960,s9.597177
095_42,s-3.020933,s-2.193087,s124.379608
095_43,s-2.863725,s-0.930960,s107.762212
095_44,s-0.000327,s2.567699,s-13.497528
095_45,s1.562112,s2.841471,s29.012195
095_46,s1.990350,s0.770945,s310.105364
095_47,s2.773859,s-0.565900,s230.853372
095_48,s-0.912424,s-2.837424,s231.769176
095_49,s-2.884034,s1.055850,s47.371332
095_50,s2.170602,s-2.492131,s125.390813
095_51,s2.276901,s2.971228,s256.629460
095_52,s2.682562,s0.786878,s287.985220
095_53,s-1.419515,s-2.739633,s143.618537
095_54,s2.861304,s0.162386,s326.266971
095_55,s3.031119,s-2.867665,s199.228314
095_56,s-3.195112,s-0.336132,s95.957339
095_57,s-2.423572,s2.831350,s334.334071
095_58,s0.122955,s-3.554418,s204.892861
095_59,s2.978122,s1.349644,s288.966869
095_60,s-0.948682,s-3.335077,s152.114502
095_61,s0.642905,s-3.623787,s285.664391
095_62,s2.669032,s-1.318624,s255.740968
095_63,s-3.181563,s-1.478385,s135.681203
095_64,s-0.310072,s3.944309,s284.802790
095_65,s-2.897928,s-2.891285,s268.440962
095_66,s-0.689333,s3.387735,s207.612040
095_67,s3.728547,s0.559753,s350.382377
095_68,s-3.306698,s0.821035,s145.220158
095_69,s-3.236652,s3.113157,s324.280274
095_70,s-4.183171,s0.628066,s184.333133
095_71,s1.829521,s-3.914722,s197.187510
095_72,s2.070892,s3.491128,s369.888543
095_73,s-0.362088,s-3.632408,s136.095504
095_74,s3.833471,s-1.116950,s230.148704
095_75,s3.359274,s-0.502043,s346.405408
095_76,s-3.772976,s-1.037969,s109.647010
095_77,s1.125757,s3.846997,s345.782793
095_78,s2.204013,s-3.380287,s272.569956
095_79,s2.721881,s2.363735,s218.660768
095_80,s3.072049,s-1.985587,s303.775780
095_81,s-1.702910,s-3.586463,s209.504391
095_82,s-1.269359,s3.833167,s34.206965
095_83,s-2.313931,s3.620077,s45.770674
095_84,s3.850718,s1.948142,s215.983179
095_85,s-2.185062,s-3.270763,s136.491803
095_86,s-3.518460,s2.811604,s107.297063
095_87,s-3.817331,s-1.682584,s63.476844
095_88,s3.885495,s-0.056632,s293.016427
095_89,s2.763535,s3.430436,s301.107996
095_90,s-4.131541,s1.323020,s311.462558
095_91,s0.557072,s-4.375280,s277.951147
095_92,s-4.209860,s-0.582731,s37.597721
095_93,s3.503900,s2.387527,s305.526234
095_94,s4.147434,s-0.662414,s286.757574
096_0,s-0.195801,s0.078084,s307.764559
096_1,s-0.231246,s-0.860021,s14.780587
096_2,s0.146844,s-0.581740,s259.699369
096_3,s-0.325445,s0.550784,s-7.963212
096_4,s0.366482,s-0.069886,s280.412784
096_5,s1.161629,s0.852689,s118.782558
096_6,s-0.854430,s-0.626948,s-10.589041
096_7,s1.314986,s-0.926764,s212.105208
096_8,s-1.392956,s-0.865676,s101.821243
096_9,s0.943334,s-1.372262,s120.547609
096_10,s0.167905,s1.330076,s263.350768
096_11,s-1.118422,s0.523493,s23.292394
096_12,s1.651880,s-0.053515,s355.496073
096_13,s1.399668,s1.362592,s61.893747
096_14,s-1.681613,s0.435015,s82.959621
096_15,s-1.075685,s1.779541,s88.093353
096_16,s-0.394392,s2.294242,s84.843373
096_17,s0.136713,s-1.427722,s168.502471
096_18,s-2.439091,s-0.179673,s229.707644
096_19,s1.400312,s-0.392946,s88.190383
096_20,s-1.925280,s1.204057,s15.603718
096_21,s-0.366613,s1.501133,s37.663812
096_22,s-0.542208,s-1.152718,s107.559526
096_23,s2.199729,s0.034399,s323.735152
096_24,s1.761763,s1.518048,s264.088296
096_25,s-0.717096,s-1.624400,s188.085346
096_26,s2.034636,s-0.335858,s203.300395
096_27,s1.275034,s-1.750130,s185.870898
096_28,s-1.298536,s3.009702,s63.026381
096_29,s-1.832274,s-2.108372,s67.811998
096_30,s1.007189,s2.127381,s79.579789
096_31,s0.521421,s-2.135407,s121.668549
096_32,s1.589875,s2.048774,s41.369501
096_33,s1.955011,s-1.935981,s244.718516
096_34,s0.503591,s-2.735176,s134.006227
096_35,s-1.250342,s-1.897540,s193.446309
096_36,s-2.816689,s0.196478,s176.292682
096_37,s-2.185944,s-1.321444,s30.753257
096_38,s-2.916198,s1.805218,s1.069259
096_39,s2.139662,s-1.346872,s220.670640
096_40,s-1.794678,s2.148253,s58.503748
096_41,s0.792606,s2.687960,s9.597177
096_42,s-3.020933,s-2.193087,s124.379608
096_43,s-2.863725,s-0.930960,s107.762212
096_44,s-0.000327,s2.567699,s-13.497528
096_45,s1.562112,s2.841471,s29.012195
096_46,s1.990350,s0.770945,s310.105364
096_47,s2.773859,s-0.565900,s230.853372
096_48,s-0.912424,s-2.837424,s231.769176
096_49,s-2.884034,s1.055850,s47.371332
096_50,s2.170602,s-2.492131,s125.390813
096_51,s2.276901,s2.971228,s256.629460
096_52,s2.682562,s0.786878,s287.985220
096_53,s-1.419515,s-2.739633,s143.618537
096_54,s2.861304,s0.162386,s326.266971
096_55,s3.031119,s-2.867665,s199.228314
096_56,s-3.195112,s-0.336132,s95.957339
096_57,s-2.423572,s2.831350,s334.334071
096_58,s0.122955,s-3.554418,s204.892861
096_59,s2.978122,s1.349644,s288.966869
096_60,s-0.948682,s-3.335077,s152.114502
096_61,s0.642905,s-3.623787,s285.664391
096_62,s2.669032,s-1.318624,s255.740968
096_63,s-3.181563,s-1.478385,s135.681203
096_64,s-0.310072,s3.944309,s284.802790
096_65,s-2.897928,s-2.891285,s268.440962
096_66,s-0.689333,s3.387735,s207.612040
096_67,s3.728547,s0.559753,s350.382377
096_68,s-3.306698,s0.821035,s145.220158
096_69,s-3.236652,s3.113157,s324.280274
096_70,s-4.183171,s0.628066,s184.333133
096_71,s1.829521,s-3.914722,s197.187510
096_72,s2.070892,s3.491128,s369.888543
096_73,s-0.362088,s-3.632408,s136.095504
096_74,s3.833471,s-1.116950,s230.148704
096_75,s3.359274,s-0.502043,s346.405408
096_76,s-3.772976,s-1.037969,s109.647010
096_77,s1.125757,s3.846997,s345.782793
096_78,s2.204013,s-3.380287,s272.569956
096_79,s2.721881,s2.363735,s218.660768
096_80,s3.072049,s-1.985587,s303.775780
096_81,s-1.702910,s-3.586463,s209.504391
096_82,s-1.269359,s3.833167,s34.206965
096_83,s-2.313931,s3.620077,s45.770674
096_84,s3.850718,s1.948142,s215.983179
096_85,s-2.185062,s-3.270763,s136.491803
096_86,s-3.518460,s2.811604,s107.297063
096_87,s-3.817331,s-1.682584,s63.476844
096_88,s3.885495,s-0.056632,s293.016427
096_89,s2.763535,s3.430436,s301.107996
096_90,s-4.131541,s1.323020,s311.462558
096_91,s0.557072,s-4.375280,s277.951147
096_92,s-4.209860,s-0.582731,s37.597721
096_93,s3.503900,s2.387527,s305.526234
096_94,s4.147434,s-0.662414,s286.757574
096_95,s-0.912592,s-4.345201,s215.394276
097_0,s-0.195801,s0.078084,s307.764559
097_1,s-0.231246,s-0.860021,s14.780587
097_2,s0.146844,s-0.581740,s259.699369
097_3,s-0.325445,s0.550784,s-7.963212
097_4,s0.366482,s-0.069886,s280.412784
097_5,s1.161629,s0.852689,s118.782558
097_6,s-0.854430,s-0.626948,s-10.589041
097_7,s1.314986,s-0.926764,s212.105208
097_8,s-1.392956,s-0.865676,s101.821243
097_9,s0.943334,s-1.372262,s120.547609
097_10,s0.167905,s1.330076,s263.350768
097_11,s-1.118422,s0.523493,s23.292394
097_12,s1.651880,s-0.053515,s355.496073
097_13,s1.399668,s1.362592,s61.893747
097_14,s-1.681613,s0.435015,s82.959621
097_15,s-1.075685,s1.779541,s88.093353
097_16,s-0.394392,s2.294242,s84.843373
097_17,s0.136713,s-1.427722,s168.502471
097_18,s-2.439091,s-0.179673,s229.707644
097_19,s1.400312,s-0.392946,s88.190383
097_20,s-1.925280,s1.204057,s15.603718
097_21,s-0.366613,s1.501133,s37.663812
097_22,s-0.542208,s-1.152718,s107.559526
097_23,s2.199729,s0.034399,s323.735152
097_24,s1.761763,s1.518048,s264.088296
097_25,s-0.717096,s-1.624400,s188.085346
097_26,s2.034636,s-0.335858,s203.300395
097_27,s1.275034,s-1.750130,s185.870898
097_28,s-1.298536,s3.009702,s63.026381
097_29,s-1.832274,s-2.108372,s67.811998
097_30,s1.007189,s2.127381,s79.579789
097_31,s0.521421,s-2.135407,s121.668549
097_32,s1.589875,s2.048774,s41.369501
097_33,s1.955011,s-1.935981,s244.718516
097_34,s0.503591,s-2.735176,s134.006227
097_35,s-1.250342,s-1.897540,s193.446309
097_36,s-2.816689,s0.196478,s176.292682
097_37,s-2.185944,s-1.321444,s30.753257
097_38,s-2.916198,s1.805218,s1.069259
097_39,s2.139662,s-1.346872,s220.670640
097_40,s-1.794678,s2.148253,s58.503748
097_41,s0.792606,s2.687960,s9.597177
097_42,s-3.020933,s-2.193087,s124.379608
097_43,s-2.863725,s-0.930960,s107.762212
097_44,s-0.000327,s2.567699,s-13.497528
097_45,s1.562112,s2.841471,s29.012195
097_46,s1.990350,s0.770945,s310.105364
097_47,s2.773859,s-0.565900,s230.853372
097_48,s-0.912424,s-2.837424,s231.769176
097_49,s-2.884034,s1.055850,s47.371332
097_50,s2.170602,s-2.492131,s125.390813
097_51,s2.276901,s2.971228,s256.629460
097_52,s2.682562,s0.786878,s287.985220
097_53,s-1.419515,s-2.739633,s143.618537
097_54,s2.861304,s0.162386,s326.266971
097_55,s3.031119,s-2.867665,s199.228314
097_56,s-3.195112,s-0.336132,s95.957339
097_57,s-2.423572,s2.831350,s334.334071
097_58,s0.122955,s-3.554418,s204.892861
097_59,s2.978122,s1.349644,s288.966869
097_60,s-0.948682,s-3.335077,s152.114502
097_61,s0.642905,s-3.623787,s285.664391
097_62,s2.669032,s-1.318624,s255.740968
097_63,s-3.181563,s-1.478385,s135.681203
097_64,s-0.310072,s3.944309,s284.802790
097_65,s-2.897928,s-2.891285,s268.440962
097_66,s-0.689333,s3.387735,s207.612040
097_67,s3.728547,s0.559753,s350.382377
097_68,s-3.306698,s0.821035,s145.220158
097_69,s-3.236652,s3.113157,s324.280274
097_70,s-4.183171,s0.628066,s184.333133
097_71,s1.829521,s-3.914722,s197.187510
097_72,s2.070892,s3.491128,s369.888543
097_73,s-0.362088,s-3.632408,s136.095504
097_74,s3.833471,s-1.116950,s230.148704
097_75,s3.359274,s-0.502043,s346.405408
097_76,s-3.772976,s-1.037969,s109.647010
097_77,s1.125757,s3.846997,s345.782793
097_78,s2.204013,s-3.380287,s272.569956
097_79,s2.721881,s2.363735,s218.660768
097_80,s3.072049,s-1.985587,s303.775780
097_81,s-1.702910,s-3.586463,s209.504391
097_82,s-1.269359,s3.833167,s34.206965
097_83,s-2.313931,s3.620077,s45.770674
097_84,s3.850718,s1.948142,s215.983179
097_85,s-2.185062,s-3.270763,s136.491803
097_86,s-3.518460,s2.811604,s107.297063
097_87,s-3.817331,s-1.682584,s63.476844
097_88,s3.885495,s-0.056632,s293.016427
097_89,s2.763535,s3.430436,s301.107996
097_90,s-4.131541,s1.323020,s311.462558
097_91,s0.557072,s-4.375280,s277.951147
097_92,s-4.209860,s-0.582731,s37.597721
097_93,s3.503900,s2.387527,s305.526234
097_94,s4.147434,s-0.662414,s286.757574
097_95,s-0.912592,s-4.345201,s215.394276
097_96,s0.693382,s4.243727,s62.406054
098_0,s-0.195801,s0.078084,s307.764559
098_1,s-0.231246,s-0.860021,s14.780587
098_2,s0.146844,s-0.581740,s259.699369
098_3,s-0.325445,s0.550784,s-7.963212
098_4,s0.366482,s-0.069886,s280.412784
098_5,s1.161629,s0.852689,s118.782558
098_6,s-0.854430,s-0.626948,s-10.589041
098_7,s1.314986,s-0.926764,s212.105208
098_8,s-1.392956,s-0.865676,s101.821243
098_9,s0.943334,s-1.372262,s120.547609
098_10,s0.167905,s1.330076,s263.350768
098_11,s-1.118422,s0.523493,s23.292394
098_12,s1.651880,s-0.053515,s355.496073
098_13,s1.399668,s1.362592,s61.893747
098_14,s-1.681613,s0.435015,s82.959621
098_15,s-1.075685,s1.779541,s88.093353
098_16,s-0.394392,s2.294242,s84.843373
098_17,s0.136713,s-1.427722,s168.502471
098_18,s-2.439091,s-0.179673,s229.707644
098_19,s1.400312,s-0.392946,s88.190383
098_20,s-1.925280,s1.204057,s15.603718
098_21,s-0.366613,s1.501133,s37.663812
098_22,s-0.542208,s-1.152718,s107.559526
098_23,s2.199729,s0.034399,s323.735152
098_24,s1.761763,s1.518048,s264.088296
098_25,s-0.717096,s-1.624400,s188.085346
098_26,s2.034636,s-0.335858,s203.300395
098_27,s1.275034,s-1.750130,s185.870898
098_28,s-1.298536,s3.009702,s63.026381
098_29,s-1.832274,s-2.108372,s67.811998
098_30,s1.007189,s2.127381,s79.579789
098_31,s0.521421,s-2.135407,s121.668549
098_32,s1.589875,s2.048774,s41.369501
098_33,s1.955011,s-1.935981,s244.718516
098_34,s0.503591,s-2.735176,s134.006227
098_35,s-1.250342,s-1.897540,s193.446309
098_36,s-2.816689,s0.196478,s176.292682
098_37,s-2.185944,s-1.321444,s30.753257
098_38,s-2.916198,s1.805218,s1.069259
098_39,s2.139662,s-1.346872,s220.670640
098_40,s-1.794678,s2.148253,s58.503748
098_41,s0.792606,s2.687960,s9.597177
098_42,s-3.020933,s-2.193087,s124.379608
098_43,s-2.863725,s-0.930960,s107.762212
098_44,s-0.000327,s2.567699,s-13.497528
098_45,s1.562112,s2.841471,s29.012195
098_46,s1.990350,s0.770945,s310.105364
098_47,s2.773859,s-0.565900,s230.853372
098_48,s-0.912424,s-2.837424,s231.769176
098_49,s-2.884034,s1.055850,s47.371332
098_50,s2.170602,s-2.492131,s125.390813
098_51,s2.276901,s2.971228,s256.629460
098_52,s2.682562,s0.786878,s287.985220
098_53,s-1.419515,s-2.739633,s143.618537
098_54,s2.861304,s0.162386,s326.266971
098_55,s3.031119,s-2.867665,s199.228314
098_56,s-3.195112,s-0.336132,s95.957339
098_57,s-2.423572,s2.831350,s334.334071
098_58,s0.122955,s-3.554418,s204.892861
098_59,s2.978122,s1.349644,s288.966869
098_60,s-0.948682,s-3.335077,s152.114502
098_61,s0.642905,s-3.623787,s285.664391
098_62,s2.669032,s-1.318624,s255.740968
098_63,s-3.181563,s-1.478385,s135.681203
098_64,s-0.310072,s3.944309,s284.802790
098_65,s-2.897928,s-2.891285,s268.440962
098_66,s-0.689333,s3.387735,s207.612040
098_67,s3.728547,s0.559753,s350.382377
098_68,s-3.306698,s0.821035,s145.220158
098_69,s-3.236652,s3.113157,s324.280274
098_70,s-4.183171,s0.628066,s184.333133
098_71,s1.829521,s-3.914722,s197.187510
098_72,s2.070892,s3.491128,s369.888543
098_73,s-0.362088,s-3.632408,s136.095504
098_74,s3.833471,s-1.116950,s230.148704
098_75,s3.359274,s-0.502043,s346.405408
098_76,s-3.772976,s-1.037969,s109.647010
098_77,s1.125757,s3.846997,s345.782793
098_78,s2.204013,s-3.380287,s272.569956
098_79,s2.721881,s2.363735,s218.660768
098_80,s3.072049,s-1.985587,s303.775780
098_81,s-1.702910,s-3.586463,s209.504391
098_82,s-1.269359,s3.833167,s34.206965
098_83,s-2.313931,s3.620077,s45.770674
098_84,s3.850718,s1.948142,s215.983179
098_85,s-2.185062,s-3.270763,s136.491803
098_86,s-3.518460,s2.811604,s107.297063
098_87,s-3.817331,s-1.682584,s63.476844
098_88,s3.885495,s-0.056632,s293.016427
098_89,s2.763535,s3.430436,s301.107996
098_90,s-4.131541,s1.323020,s311.462558
098_91,s0.557072,s-4.375280,s277.951147
098_92,s-4.209860,s-0.582731,s37.597721
098_93,s3.503900,s2.387527,s305.526234
098_94,s4.147434,s-0.662414,s286.757574
098_95,s-0.912592,s-4.345201,s215.394276
098_96,s0.693382,s4.243727,s62.406054
098_97,s-4.230938,s-1.904932,s115.828526
099_0,s-0.195801,s0.078084,s307.764559
099_1,s-0.231246,s-0.860021,s14.780587
099_2,s0.146844,s-0.581740,s259.699369
099_3,s-0.325445,s0.550784,s-7.963212
099_4,s0.366482,s-0.069886,s280.412784
099_5,s1.161629,s0.852689,s118.782558
099_6,s-0.854430,s-0.626948,s-10.589041
099_7,s1.314986,s-0.926764,s212.105208
099_8,s-1.392956,s-0.865676,s101.821243
099_9,s0.943334,s-1.372262,s120.547609
099_10,s0.167905,s1.330076,s263.350768
099_11,s-1.118422,s0.523493,s23.292394
099_12,s1.651880,s-0.053515,s355.496073
099_13,s1.399668,s1.362592,s61.893747
099_14,s-1.681613,s0.435015,s82.959621
099_15,s-1.075685,s1.779541,s88.093353
099_16,s-0.394392,s2.294242,s84.843373
099_17,s0.136713,s-1.427722,s168.502471
099_18,s-2.439091,s-0.179673,s229.707644
099_19,s1.400312,s-0.392946,s88.190383
099_20,s-1.925280,s1.204057,s15.603718
099_21,s-0.366613,s1.501133,s37.663812
099_22,s-0.542208,s-1.152718,s107.559526
099_23,s2.199729,s0.034399,s323.735152
099_24,s1.761763,s1.518048,s264.088296
099_25,s-0.717096,s-1.624400,s188.085346
099_26,s2.034636,s-0.335858,s203.300395
099_27,s1.275034,s-1.750130,s185.870898
099_28,s-1.298536,s3.009702,s63.026381
099_29,s-1.832274,s-2.108372,s67.811998
099_30,s1.007189,s2.127381,s79.579789
099_31,s0.521421,s-2.135407,s121.668549
099_32,s1.589875,s2.048774,s41.369501
099_33,s1.955011,s-1.935981,s244.718516
099_34,s0.503591,s-2.735176,s134.006227
099_35,s-1.250342,s-1.897540,s193.446309
099_36,s-2.816689,s0.196478,s176.292682
099_37,s-2.185944,s-1.321444,s30.753257
099_38,s-2.916198,s1.805218,s1.069259
099_39,s2.139662,s-1.346872,s220.670640
099_40,s-1.794678,s2.148253,s58.503748
099_41,s0.792606,s2.687960,s9.597177
099_42,s-3.020933,s-2.193087,s124.379608
099_43,s-2.863725,s-0.930960,s107.762212
099_44,s-0.000327,s2.567699,s-13.497528
099_45,s1.562112,s2.841471,s29.012195
099_46,s1.990350,s0.770945,s310.105364
099_47,s2.773859,s-0.565900,s230.853372
099_48,s-0.912424,s-2.837424,s231.769176
099_49,s-2.884034,s1.055850,s47.371332
099_50,s2.170602,s-2.492131,s125.390813
099_51,s2.276901,s2.971228,s256.629460
099_52,s2.682562,s0.786878,s287.985220
099_53,s-1.419515,s-2.739633,s143.618537
099_54,s2.861304,s0.162386,s326.266971
099_55,s3.031119,s-2.867665,s199.228314
099_56,s-3.195112,s-0.336132,s95.957339
099_57,s-2.423572,s2.831350,s334.334071
099_58,s0.122955,s-3.554418,s204.892861
099_59,s2.978122,s1.349644,s288.966869
099_60,s-0.948682,s-3.335077,s152.114502
099_61,s0.642905,s-3.623787,s285.664391
099_62,s2.669032,s-1.318624,s255.740968
099_63,s-3.181563,s-1.478385,s135.681203
099_64,s-0.310072,s3.944309,s284.802790
099_65,s-2.897928,s-2.891285,s268.440962
099_66,s-0.689333,s3.387735,s207.612040
099_67,s3.728547,s0.559753,s350.382377
099_68,s-3.306698,s0.821035,s145.220158
099_69,s-3.236652,s3.113157,s324.280274
099_70,s-4.183171,s0.628066,s184.333133
099_71,s1.829521,s-3.914722,s197.187510
099_72,s2.070892,s3.491128,s369.888543
099_73,s-0.362088,s-3.632408,s136.095504
099_74,s3.833471,s-1.116950,s230.148704
099_75,s3.359274,s-0.502043,s346.405408
099_76,s-3.772976,s-1.037969,s109.647010
099_77,s1.125757,s3.846997,s345.782793
099_78,s2.204013,s-3.380287,s272.569956
099_79,s2.721881,s2.363735,s218.660768
099_80,s3.072049,s-1.985587,s303.775780
099_81,s-1.702910,s-3.586463,s209.504391
099_82,s-1.269359,s3.833167,s34.206965
099_83,s-2.313931,s3.620077,s45.770674
099_84,s3.850718,s1.948142,s215.983179
099_85,s-2.185062,s-3.270763,s136.491803
099_86,s-3.518460,s2.811604,s107.297063
099_87,s-3.817331,s-1.682584,s63.476844
099_88,s3.885495,s-0.056632,s293.016427
099_89,s2.763535,s3.430436,s301.107996
099_90,s-4.131541,s1.323020,s311.462558
099_91,s0.557072,s-4.375280,s277.951147
099_92,s-4.209860,s-0.582731,s37.597721
099_93,s3.503900,s2.387527,s305.526234
099_94,s4.147434,s-0.662414,s286.757574
099_95,s-0.912592,s-4.345201,s215.394276
099_96,s0.693382,s4.243727,s62.406054
099_97,s-4.230938,s-1.904932,s115.828526
099_98,s-1.970626,s4.112205,s338.599336
100_0,s-0.195801,s0.078084,s307.764559
100_1,s-0.231246,s-0.860021,s14.780587
100_2,s0.146844,s-0.581740,s259.699369
100_3,s-0.325445,s0.550784,s-7.963212
100_4,s0.366482,s-0.069886,s280.412784
100_5,s1.161629,s0.852689,s118.782558
100_6,s-0.854430,s-0.626948,s-10.589041
100_7,s1.314986,s-0.926764,s212.105208
100_8,s-1.392956,s-0.865676,s101.821243
100_9,s0.943334,s-1.372262,s120.547609
100_10,s0.167905,s1.330076,s263.350768
100_11,s-1.118422,s0.523493,s23.292394
100_12,s1.651880,s-0.053515,s355.496073
100_13,s1.399668,s1.362592,s61.893747
100_14,s-1.681613,s0.435015,s82.959621
100_15,s-1.075685,s1.779541,s88.093353
100_16,s-0.394392,s2.294242,s84.843373
100_17,s0.136713,s-1.427722,s168.502471
100_18,s-2.439091,s-0.179673,s229.707644
100_19,s1.400312,s-0.392946,s88.190383
100_20,s-1.925280,s1.204057,s15.603718
100_21,s-0.366613,s1.501133,s37.663812
100_22,s-0.542208,s-1.152718,s107.559526
100_23,s2.199729,s0.034399,s323.735152
100_24,s1.761763,s1.518048,s264.088296
100_25,s-0.717096,s-1.624400,s188.085346
100_26,s2.034636,s-0.335858,s203.300395
100_27,s1.275034,s-1.750130,s185.870898
100_28,s-1.298536,s3.009702,s63.026381
100_29,s-1.832274,s-2.108372,s67.811998
100_30,s1.007189,s2.127381,s79.579789
100_31,s0.521421,s-2.135407,s121.668549
100_32,s1.589875,s2.048774,s41.369501
100_33,s1.955011,s-1.935981,s244.718516
100_34,s0.503591,s-2.735176,s134.006227
100_35,s-1.250342,s-1.897540,s193.446309
100_36,s-2.816689,s0.196478,s176.292682
100_37,s-2.185944,s-1.321444,s30.753257
100_38,s-2.916198,s1.805218,s1.069259
100_39,s2.139662,s-1.346872,s220.670640
100_40,s-1.794678,s2.148253,s58.503748
100_41,s0.792606,s2.687960,s9.597177
100_42,s-3.020933,s-2.193087,s124.379608
100_43,s-2.863725,s-0.930960,s107.762212
100_44,s-0.000327,s2.567699,s-13.497528
100_45,s1.562112,s2.841471,s29.012195
100_46,s1.990350,s0.770945,s310.105364
100_47,s2.773859,s-0.565900,s230.853372
100_48,s-0.912424,s-2.837424,s231.769176
100_49,s-2.884034,s1.055850,s47.371332
100_50,s2.170602,s-2.492131,s125.390813
100_51,s2.276901,s2.971228,s256.629460
100_52,s2.682562,s0.786878,s287.985220
100_53,s-1.419515,s-2.739633,s143.618537
100_54,s2.861304,s0.162386,s326.266971
100_55,s3.031119,s-2.867665,s199.228314
100_56,s-3.195112,s-0.336132,s95.957339
100_57,s-2.423572,s2.831350,s334.334071
100_58,s0.122955,s-3.554418,s204.892861
100_59,s2.978122,s1.349644,s288.966869
100_60,s-0.948682,s-3.335077,s152.114502
100_61,s0.642905,s-3.623787,s285.664391
100_62,s2.669032,s-1.318624,s255.740968
100_63,s-3.181563,s-1.478385,s135.681203
100_64,s-0.310072,s3.944309,s284.802790
100_65,s-2.897928,s-2.891285,s268.440962
100_66,s-0.689333,s3.387735,s207.612040
100_67,s3.728547,s0.559753,s350.382377
100_68,s-3.306698,s0.821035,s145.220158
100_69,s-3.236652,s3.113157,s324.280274
100_70,s-4.183171,s0.628066,s184.333133
100_71,s1.829521,s-3.914722,s197.187510
100_72,s2.070892,s3.491128,s369.888543
100_73,s-0.362088,s-3.632408,s136.095504
100_74,s3.833471,s-1.116950,s230.148704
100_75,s3.359274,s-0.502043,s346.405408
100_76,s-3.772976,s-1.037969,s109.647010
100_77,s1.125757,s3.846997,s345.782793
100_78,s2.204013,s-3.380287,s272.569956
100_79,s2.721881,s2.363735,s218.660768
100_80,s3.072049,s-1.985587,s303.775780
100_81,s-1.702910,s-3.586463,s209.504391
100_82,s-1.269359,s3.833167,s34.206965
100_83,s-2.313931,s3.620077,s45.770674
100_84,s3.850718,s1.948142,s215.983179
100_85,s-2.185062,s-3.270763,s136.491803
100_86,s-3.518460,s2.811604,s107.297063
100_87,s-3.817331,s-1.682584,s63.476844
100_88,s3.885495,s-0.056632,s293.016427
100_89,s2.763535,s3.430436,s301.107996
100_90,s-4.131541,s1.323020,s311.462558
100_91,s0.557072,s-4.375280,s277.951147
100_92,s-4.209860,s-0.582731,s37.597721
100_93,s3.503900,s2.387527,s305.526234
100_94,s4.147434,s-0.662414,s286.757574
100_95,s-0.912592,s-4.345201,s215.394276
100_96,s0.693382,s4.243727,s62.406054
100_97,s-4.230938,s-1.904932,s115.828526
100_98,s-1.970626,s4.112205,s338.599336
100_99,s-2.200768,s-4.027992,s82.220566
101_0,s-0.195801,s0.078084,s307.764559
101_1,s-0.231246,s-0.860021,s14.780587
101_2,s0.146844,s-0.581740,s259.699369
101_3,s-0.325445,s0.550784,s-7.963212
101_4,s0.366482,s-0.069886,s280.412784
101_5,s1.161629,s0.852689,s118.782558
101_6,s-0.854430,s-0.626948,s-10.589041
101_7,s1.314986,s-0.926764,s212.105208
101_8,s-1.392956,s-0.865676,s101.821243
101_9,s0.943334,s-1.372262,s120.547609
101_10,s0.167905,s1.330076,s263.350768
101_11,s-1.118422,s0.523493,s23.292394
101_12,s1.651880,s-0.053515,s355.496073
101_13,s1.399668,s1.362592,s61.893747
101_14,s-1.681613,s0.435015,s82.959621
101_15,s-1.075685,s1.779541,s88.093353
101_16,s-0.394392,s2.294242,s84.843373
101_17,s0.136713,s-1.427722,s168.502471
101_18,s-2.439091,s-0.179673,s229.707644
101_19,s1.400312,s-0.392946,s88.190383
101_20,s-1.925280,s1.204057,s15.603718
101_21,s-0.366613,s1.501133,s37.663812
101_22,s-0.542208,s-1.152718,s107.559526
101_23,s2.199729,s0.034399,s323.735152
101_24,s1.761763,s1.518048,s264.088296
101_25,s-0.717096,s-1.624400,s188.085346
101_26,s2.034636,s-0.335858,s203.300395
101_27,s1.275034,s-1.750130,s185.870898
101_28,s-1.298536,s3.009702,s63.026381
101_29,s-1.832274,s-2.108372,s67.811998
101_30,s1.007189,s2.127381,s79.579789
101_31,s0.521421,s-2.135407,s121.668549
101_32,s1.589875,s2.048774,s41.369501
101_33,s1.955011,s-1.935981,s244.718516
101_34,s0.503591,s-2.735176,s134.006227
101_35,s-1.250342,s-1.897540,s193.446309
101_36,s-2.816689,s0.196478,s176.292682
101_37,s-2.185944,s-1.321444,s30.753257
101_38,s-2.916198,s1.805218,s1.069259
101_39,s2.139662,s-1.346872,s220.670640
101_40,s-1.794678,s2.148253,s58.503748
101_41,s0.792606,s2.687960,s9.597177
101_42,s-3.020933,s-2.193087,s124.379608
101_43,s-2.863725,s-0.930960,s107.762212
101_44,s-0.000327,s2.567699,s-13.497528
101_45,s1.562112,s2.841471,s29.012195
101_46,s1.990350,s0.770945,s310.105364
101_47,s2.773859,s-0.565900,s230.853372
101_48,s-0.912424,s-2.837424,s231.769176
101_49,s-2.884034,s1.055850,s47.371332
101_50,s2.170602,s-2.492131,s125.390813
101_51,s2.276901,s2.971228,s256.629460
101_52,s2.682562,s0.786878,s287.985220
101_53,s-1.419515,s-2.739633,s143.618537
101_54,s2.861304,s0.162386,s326.266971
101_55,s3.031119,s-2.867665,s199.228314
101_56,s-3.195112,s-0.336132,s95.957339
101_57,s-2.423572,s2.831350,s334.334071
101_58,s0.122955,s-3.554418,s204.892861
101_59,s2.978122,s1.349644,s288.966869
101_60,s-0.948682,s-3.335077,s152.114502
101_61,s0.642905,s-3.623787,s285.664391
101_62,s2.669032,s-1.318624,s255.740968
101_63,s-3.181563,s-1.478385,s135.681203
101_64,s-0.310072,s3.944309,s284.802790
101_65,s-2.897928,s-2.891285,s268.440962
101_66,s-0.689333,s3.387735,s207.612040
101_67,s3.728547,s0.559753,s350.382377
101_68,s-3.306698,s0.821035,s145.220158
101_69,s-3.236652,s3.113157,s324.280274
101_70,s-4.183171,s0.628066,s184.333133
101_71,s1.829521,s-3.914722,s197.187510
101_72,s2.070892,s3.491128,s369.888543
101_73,s-0.362088,s-3.632408,s136.095504
101_74,s3.833471,s-1.116950,s230.148704
101_75,s3.359274,s-0.502043,s346.405408
101_76,s-3.772976,s-1.037969,s109.647010
101_77,s1.125757,s3.846997,s345.782793
101_78,s2.204013,s-3.380287,s272.569956
101_79,s2.721881,s2.363735,s218.660768
101_80,s3.072049,s-1.985587,s303.775780
101_81,s-1.702910,s-3.586463,s209.504391
101_82,s-1.269359,s3.833167,s34.206965
101_83,s-2.313931,s3.620077,s45.770674
101_84,s3.850718,s1.948142,s215.983179
101_85,s-2.185062,s-3.270763,s136.491803
101_86,s-3.518460,s2.811604,s107.297063
101_87,s-3.817331,s-1.682584,s63.476844
101_88,s3.885495,s-0.056632,s293.016427
101_89,s2.763535,s3.430436,s301.107996
101_90,s-4.131541,s1.323020,s311.462558
101_91,s0.557072,s-4.375280,s277.951147
101_92,s-4.209860,s-0.582731,s37.597721
101_93,s3.503900,s2.387527,s305.526234
101_94,s4.147434,s-0.662414,s286.757574
101_95,s-0.912592,s-4.345201,s215.394276
101_96,s0.693382,s4.243727,s62.406054
101_97,s-4.230938,s-1.904932,s115.828526
101_98,s-1.970626,s4.112205,s338.599336
101_99,s-2.200768,s-4.027992,s82.220566
101_100,s3.610200,s-2.261427,s304.331782
102_0,s-0.195801,s0.078084,s307.764559
102_1,s-0.237579,s-0.866642,s19.041900
102_2,s0.146844,s-0.581740,s259.699369
102_3,s-0.332889,s0.548591,s-7.526177
102_4,s0.352373,s-0.073878,s271.625525
102_5,s1.340550,s0.755394,s119.329709
102_6,s-0.833101,s-0.721736,s-7.892055
102_7,s1.314986,s-0.926764,s212.105208
102_8,s-1.358280,s-0.897387,s102.466689
102_9,s0.943334,s-1.372262,s120.547609
102_10,s0.151864,s1.358419,s260.186704
102_11,s-0.953616,s0.685263,s23.181089
102_12,s1.651880,s-0.053515,s355.496073
102_13,s1.400416,s1.402220,s64.257073
102_14,s-1.637048,s0.382086,s88.380500
102_15,s-0.918732,s1.718789,s94.553697
102_16,s-0.394392,s2.294242,s84.843373
102_17,s0.236833,s-1.296406,s161.217896
102_18,s-2.439091,s-0.179673,s229.707644
102_19,s1.450068,s-0.395306,s82.980310
102_20,s-1.911210,s1.200366,s23.629283
102_21,s-0.380610,s1.524277,s33.453304
102_22,s-0.541479,s-1.155163,s105.163955
102_23,s2.199729,s0.034399,s323.735152
102_24,s1.774994,s1.588716,s256.142294
102_25,s-0.620578,s-1.756883,s195.688596
102_26,s2.034636,s-0.335858,s203.300395
102_27,s1.305888,s-1.699501,s190.175719
102_28,s-1.290561,s3.015097,s64.420074
102_29,s-1.879038,s-2.164749,s60.151763
102_30,s1.007189,s2.127381,s79.579789
102_31,s0.399018,s-2.237698,s124.374140
102_32,s1.657671,s2.122138,s37.337722
102_33,s1.955011,s-1.935981,s244.718516
102_34,s0.502295,s-2.938567,s127.352520
102_35,s-1.292458,s-1.855212,s192.311437
102_36,s-2.888324,s0.235859,s180.253141
102_37,s-2.185944,s-1.321444,s30.753257
102_38,s-2.893090,s1.814583,s10.572205
102_39,s1.962088,s-1.238524,s228.146355
102_40,s-1.794678,s2.148253,s58.503748
102_41,s0.674861,s2.740404,s5.800408
102_42,s-3.020933,s-2.193087,s124.379608
102_43,s-2.863725,s-0.930960,s107.762212
102_44,s-0.000327,s2.567699,s-13.497528
102_45,s1.642465,s2.948438,s40.007087
102_46,s1.988408,s0.755552,s314.592325
102_47,s2.732551,s-0.508756,s235.767018
102_48,s-0.912424,s-2.837424,s231.769176
102_49,s-2.800170,s1.018581,s36.162628
102_50,s2.170602,s-2.492131,s125.390813
102_51,s2.276901,s2.971228,s256.629460
102_52,s2.721082,s0.891480,s280.531484
102_53,s-1.530717,s-2.681993,s146.748000
102_54,s2.861304,s0.162386,s326.266971
102_55,s2.889698,s-2.599886,s190.691556
102_56,s-3.184904,s-0.404423,s100.729429
102_57,s-2.423572,s2.831350,s334.334071
102_58,s0.150806,s-3.615290,s190.147500
102_59,s3.039969,s1.445639,s291.616898
102_60,s-0.948682,s-3.335077,s152.114502
102_61,s0.945977,s-3.702236,s287.739863
102_62,s2.684250,s-1.358170,s253.855685
102_63,s-3.206709,s-1.493189,s139.804277
102_64,s-0.307080,s3.899653,s287.239206
102_65,s-2.881430,s-2.920525,s271.135047
102_66,s-0.653040,s3.437822,s212.887396
102_67,s3.666304,s0.573775,s345.480052
102_68,s-3.244278,s0.856732,s145.546151
102_69,s-3.342234,s3.162561,s321.498744
102_70,s-4.202506,s0.604745,s183.601454
102_71,s1.776369,s-4.201485,s188.161276
102_72,s2.252795,s3.550913,s376.570959
102_73,s-0.362088,s-3.632408,s136.095504
102_74,s3.833471,s-1.116950,s230.148704
102_75,s3.433753,s-0.465512,s343.218222
102_76,s-3.852117,s-1.024596,s110.399913
102_77,s1.040397,s3.639040,s360.184804
102_78,s2.351547,s-3.481492,s257.061799
102_79,s2.560060,s2.378798,s195.230192
102_80,s3.056192,s-2.085526,s308.204784
102_81,s-1.804810,s-3.542930,s214.108959
102_82,s-1.269359,s3.833167,s34.206965
102_83,s-2.311811,s3.695157,s40.203930
102_84,s3.969175,s1.835621,s218.951949
102_85,s-2.185062,s-3.270763,s136.491803
102_86,s-3.553146,s2.847728,s99.669174
102_87,s-3.817331,s-1.682584,s63.476844
102_88,s3.885495,s-0.056632,s293.016427
102_89,s2.772690,s3.682639,s304.001124
102_90,s-4.189560,s1.224074,s301.364763
102_91,s0.709599,s-4.322451,s287.819971
102_92,s-4.220202,s-0.525936,s58.419208
102_93,s3.442621,s2.459153,s301.235534
102_94,s4.147434,s-0.662414,s286.757574
102_95,s-0.912592,s-4.345201,s215.394276
102_96,s0.709028,s4.283997,s52.842822
102_97,s-4.261206,s-2.024472,s124.509697
102_98,s-1.970626,s4.112205,s338.599336
102_99,s-2.164892,s-4.142541,s85.650793
102_100,s3.766161,s-2.265453,s307.082525
102_101,s4.236325,s1.072590,s196.260067
103_0,s-0.195801,s0.078084,s307.764559
103_1,s-0.237579,s-0.866642,s19.041900
103_2,s0.146844,s-0.581740,s259.699369
103_3,s-0.332889,s0.548591,s-7.526177
103_4,s0.352373,s-0.073878,s271.625525
103_5,s1.340550,s0.755394,s119.329709
103_6,s-0.833101,s-0.721736,s-7.892055
103_7,s1.314986,s-0.926764,s212.105208
103_8,s-1.358280,s-0.897387,s102.466689
103_9,s0.943334,s-1.372262,s120.547609
103_10,s0.151864,s1.358419,s260.186704
103_11,s-0.953616,s0.685263,s23.181089
103_12,s1.651880,s-0.053515,s355.496073
103_13,s1.400416,s1.402220,s64.257073
103_14,s-1.637048,s0.382086,s88.380500
103_15,s-0.918732,s1.718789,s94.553697
103_16,s-0.394392,s2.294242,s84.843373
103_17,s0.236833,s-1.296406,s161.217896
103_18,s-2.439091,s-0.179673,s229.707644
103_19,s1.450068,s-0.395306,s82.980310
103_20,s-1.911210,s1.200366,s23.629283
103_21,s-0.380610,s1.524277,s33.453304
103_22,s-0.541479,s-1.155163,s105.163955
103_23,s2.199729,s0.034399,s323.735152
103_24,s1.774994,s1.588716,s256.142294
103_25,s-0.620578,s-1.756883,s195.688596
103_26,s2.034636,s-0.335858,s203.300395
103_27,s1.305888,s-1.699501,s190.175719
103_28,s-1.290561,s3.015097,s64.420074
103_29,s-1.879038,s-2.164749,s60.151763
103_30,s1.007189,s2.127381,s79.579789
103_31,s0.399018,s-2.237698,s124.374140
103_32,s1.657671,s2.122138,s37.337722
103_33,s1.955011,s-1.935981,s244.718516
103_34,s0.502295,s-2.938567,s127.352520
103_35,s-1.292458,s-1.855212,s192.311437
103_36,s-2.888324,s0.235859,s180.253141
103_37,s-2.185944,s-1.321444,s30.753257
103_38,s-2.893090,s1.814583,s10.572205
103_39,s1.962088,s-1.238524,s228.146355
103_40,s-1.794678,s2.148253,s58.503748
103_41,s0.674861,s2.740404,s5.800408
103_42,s-3.020933,s-2.193087,s124.379608
103_43,s-2.863725,s-0.930960,s107.762212
103_44,s-0.000327,s2.567699,s-13.497528
103_45,s1.642465,s2.948438,s40.007087
103_46,s1.988408,s0.755552,s314.592325
103_47,s2.732551,s-0.508756,s235.767018
103_48,s-0.912424,s-2.837424,s231.769176
103_49,s-2.800170,s1.018581,s36.162628
103_50,s2.170602,s-2.492131,s125.390813
103_51,s2.276901,s2.971228,s256.629460
103_52,s2.721082,s0.891480,s280.531484
103_53,s-1.530717,s-2.681993,s146.748000
103_54,s2.861304,s0.162386,s326.266971
103_55,s2.889698,s-2.599886,s190.691556
103_56,s-3.184904,s-0.404423,s100.729429
103_57,s-2.423572,s2.831350,s334.334071
103_58,s0.150806,s-3.615290,s190.147500
103_59,s3.039969,s1.445639,s291.616898
103_60,s-0.948682,s-3.335077,s152.114502
103_61,s0.945977,s-3.702236,s287.739863
103_62,s2.684250,s-1.358170,s253.855685
103_63,s-3.206709,s-1.493189,s139.804277
103_64,s-0.307080,s3.899653,s287.239206
103_65,s-2.881430,s-2.920525,s271.135047
103_66,s-0.653040,s3.437822,s212.887396
103_67,s3.666304,s0.573775,s345.480052
103_68,s-3.244278,s0.856732,s145.546151
103_69,s-3.342234,s3.162561,s321.498744
103_70,s-4.202506,s0.604745,s183.601454
103_71,s1.776369,s-4.201485,s188.161276
103_72,s2.252795,s3.550913,s376.570959
103_73,s-0.362088,s-3.632408,s136.095504
103_74,s3.833471,s-1.116950,s230.148704
103_75,s3.433753,s-0.465512,s343.218222
103_76,s-3.852117,s-1.024596,s110.399913
103_77,s1.040397,s3.639040,s360.184804
103_78,s2.351547,s-3.481492,s257.061799
103_79,s2.560060,s2.378798,s195.230192
103_80,s3.056192,s-2.085526,s308.204784
103_81,s-1.804810,s-3.542930,s214.108959
103_82,s-1.269359,s3.833167,s34.206965
103_83,s-2.311811,s3.695157,s40.203930
103_84,s3.969175,s1.835621,s218.951949
103_85,s-2.185062,s-3.270763,s136.491803
103_86,s-3.553146,s2.847728,s99.669174
103_87,s-3.817331,s-1.682584,s63.476844
103_88,s3.885495,s-0.056632,s293.016427
103_89,s2.772690,s3.682639,s304.001124
103_90,s-4.189560,s1.224074,s301.364763
103_91,s0.709599,s-4.322451,s287.819971
103_92,s-4.220202,s-0.525936,s58.419208
103_93,s3.442621,s2.459153,s301.235534
103_94,s4.147434,s-0.662414,s286.757574
103_95,s-0.912592,s-4.345201,s215.394276
103_96,s0.709028,s4.283997,s52.842822
103_97,s-4.261206,s-2.024472,s124.509697
103_98,s-1.970626,s4.112205,s338.599336
103_99,s-2.164892,s-4.142541,s85.650793
103_100,s3.766161,s-2.265453,s307.082525
103_101,s4.236325,s1.072590,s196.260067
103_102,s3.336958,s3.338130,s160.750160
104_0,s-0.195801,s0.078084,s307.764559
104_1,s-0.237579,s-0.866642,s19.041900
104_2,s0.146844,s-0.581740,s259.699369
104_3,s-0.332889,s0.548591,s-7.526177
104_4,s0.352373,s-0.073878,s271.625525
104_5,s1.340550,s0.755394,s119.329709
104_6,s-0.833101,s-0.721736,s-7.892055
104_7,s1.314986,s-0.926764,s212.105208
104_8,s-1.358280,s-0.897387,s102.466689
104_9,s0.943334,s-1.372262,s120.547609
104_10,s0.151864,s1.358419,s260.186704
104_11,s-0.953616,s0.685263,s23.181089
104_12,s1.651880,s-0.053515,s355.496073
104_13,s1.400416,s1.402220,s64.257073
104_14,s-1.637048,s0.382086,s88.380500
104_15,s-0.918732,s1.718789,s94.553697
104_16,s-0.394392,s2.294242,s84.843373
104_17,s0.236833,s-1.296406,s161.217896
104_18,s-2.439091,s-0.179673,s229.707644
104_19,s1.450068,s-0.395306,s82.980310
104_20,s-1.911210,s1.200366,s23.629283
104_21,s-0.380610,s1.524277,s33.453304
104_22,s-0.541479,s-1.155163,s105.163955
104_23,s2.199729,s0.034399,s323.735152
104_24,s1.774994,s1.588716,s256.142294
104_25,s-0.620578,s-1.756883,s195.688596
104_26,s2.034636,s-0.335858,s203.300395
104_27,s1.305888,s-1.699501,s190.175719
104_28,s-1.290561,s3.015097,s64.420074
104_29,s-1.879038,s-2.164749,s60.151763
104_30,s1.007189,s2.127381,s79.579789
104_31,s0.399018,s-2.237698,s124.374140
104_32,s1.657671,s2.122138,s37.337722
104_33,s1.955011,s-1.935981,s244.718516
104_34,s0.502295,s-2.938567,s127.352520
104_35,s-1.292458,s-1.855212,s192.311437
104_36,s-2.888324,s0.235859,s180.253141
104_37,s-2.185944,s-1.321444,s30.753257
104_38,s-2.893090,s1.814583,s10.572205
104_39,s1.962088,s-1.238524,s228.146355
104_40,s-1.794678,s2.148253,s58.503748
104_41,s0.674861,s2.740404,s5.800408
104_42,s-3.020933,s-2.193087,s124.379608
104_43,s-2.863725,s-0.930960,s107.762212
104_44,s-0.000327,s2.567699,s-13.497528
104_45,s1.642465,s2.948438,s40.007087
104_46,s1.988408,s0.755552,s314.592325
104_47,s2.732551,s-0.508756,s235.767018
104_48,s-0.912424,s-2.837424,s231.769176
104_49,s-2.800170,s1.018581,s36.162628
104_50,s2.170602,s-2.492131,s125.390813
104_51,s2.276901,s2.971228,s256.629460
104_52,s2.721082,s0.891480,s280.531484
104_53,s-1.530717,s-2.681993,s146.748000
104_54,s2.861304,s0.162386,s326.266971
104_55,s2.889698,s-2.599886,s190.691556
104_56,s-3.184904,s-0.404423,s100.729429
104_57,s-2.423572,s2.831350,s334.334071
104_58,s0.150806,s-3.615290,s190.147500
104_59,s3.039969,s1.445639,s291.616898
104_60,s-0.948682,s-3.335077,s152.114502
104_61,s0.945977,s-3.702236,s287.739863
104_62,s2.684250,s-1.358170,s253.855685
104_63,s-3.206709,s-1.493189,s139.804277
104_64,s-0.307080,s3.899653,s287.239206
104_65,s-2.881430,s-2.920525,s271.135047
104_66,s-0.653040,s3.437822,s212.887396
104_67,s3.666304,s0.573775,s345.480052
104_68,s-3.244278,s0.856732,s145.546151
104_69,s-3.342234,s3.162561,s321.498744
104_70,s-4.202506,s0.604745,s183.601454
104_71,s1.776369,s-4.201485,s188.161276
104_72,s2.252795,s3.550913,s376.570959
104_73,s-0.362088,s-3.632408,s136.095504
104_74,s3.833471,s-1.116950,s230.148704
104_75,s3.433753,s-0.465512,s343.218222
104_76,s-3.852117,s-1.024596,s110.399913
104_77,s1.040397,s3.639040,s360.184804
104_78,s2.351547,s-3.481492,s257.061799
104_79,s2.560060,s2.378798,s195.230192
104_80,s3.056192,s-2.085526,s308.204784
104_81,s-1.804810,s-3.542930,s214.108959
104_82,s-1.269359,s3.833167,s34.206965
104_83,s-2.311811,s3.695157,s40.203930
104_84,s3.969175,s1.835621,s218.951949
104_85,s-2.185062,s-3.270763,s136.491803
104_86,s-3.553146,s2.847728,s99.669174
104_87,s-3.817331,s-1.682584,s63.476844
104_88,s3.885495,s-0.056632,s293.016427
104_89,s2.772690,s3.682639,s304.001124
104_90,s-4.189560,s1.224074,s301.364763
104_91,s0.709599,s-4.322451,s287.819971
104_92,s-4.220202,s-0.525936,s58.419208
104_93,s3.442621,s2.459153,s301.235534
104_94,s4.147434,s-0.662414,s286.757574
104_95,s-0.912592,s-4.345201,s215.394276
104_96,s0.709028,s4.283997,s52.842822
104_97,s-4.261206,s-2.024472,s124.509697
104_98,s-1.970626,s4.112205,s338.599336
104_99,s-2.164892,s-4.142541,s85.650793
104_100,s3.766161,s-2.265453,s307.082525
104_101,s4.236325,s1.072590,s196.260067
104_102,s3.336958,s3.338130,s160.750160
104_103,s-0.658181,s4.067087,s46.626545
105_0,s-0.195801,s0.078084,s307.764559
105_1,s-0.237579,s-0.866642,s19.041900
105_2,s0.146844,s-0.581740,s259.699369
105_3,s-0.332889,s0.548591,s-7.526177
105_4,s0.352373,s-0.073878,s271.625525
105_5,s1.340550,s0.755394,s119.329709
105_6,s-0.833101,s-0.721736,s-7.892055
105_7,s1.314986,s-0.926764,s212.105208
105_8,s-1.358280,s-0.897387,s102.466689
105_9,s0.943334,s-1.372262,s120.547609
105_10,s0.151864,s1.358419,s260.186704
105_11,s-0.953616,s0.685263,s23.181089
105_12,s1.651880,s-0.053515,s355.496073
105_13,s1.400416,s1.402220,s64.257073
105_14,s-1.637048,s0.382086,s88.380500
105_15,s-0.918732,s1.718789,s94.553697
105_16,s-0.394392,s2.294242,s84.843373
105_17,s0.236833,s-1.296406,s161.217896
105_18,s-2.439091,s-0.179673,s229.707644
105_19,s1.450068,s-0.395306,s82.980310
105_20,s-1.911210,s1.200366,s23.629283
105_21,s-0.380610,s1.524277,s33.453304
105_22,s-0.541479,s-1.155163,s105.163955
105_23,s2.199729,s0.034399,s323.735152
105_24,s1.774994,s1.588716,s256.142294
105_25,s-0.620578,s-1.756883,s195.688596
105_26,s2.034636,s-0.335858,s203.300395
105_27,s1.305888,s-1.699501,s190.175719
105_28,s-1.290561,s3.015097,s64.420074
105_29,s-1.879038,s-2.164749,s60.151763
105_30,s1.007189,s2.127381,s79.579789
105_31,s0.399018,s-2.237698,s124.374140
105_32,s1.657671,s2.122138,s37.337722
105_33,s1.955011,s-1.935981,s244.718516
105_34,s0.502295,s-2.938567,s127.352520
105_35,s-1.292458,s-1.855212,s192.311437
105_36,s-2.888324,s0.235859,s180.253141
105_37,s-2.185944,s-1.321444,s30.753257
105_38,s-2.893090,s1.814583,s10.572205
105_39,s1.962088,s-1.238524,s228.146355
105_40,s-1.794678,s2.148253,s58.503748
105_41,s0.674861,s2.740404,s5.800408
105_42,s-3.020933,s-2.193087,s124.379608
105_43,s-2.863725,s-0.930960,s107.762212
105_44,s-0.000327,s2.567699,s-13.497528
105_45,s1.642465,s2.948438,s40.007087
105_46,s1.988408,s0.755552,s314.592325
105_47,s2.732551,s-0.508756,s235.767018
105_48,s-0.912424,s-2.837424,s231.769176
105_49,s-2.800170,s1.018581,s36.162628
105_50,s2.170602,s-2.492131,s125.390813
105_51,s2.276901,s2.971228,s256.629460
105_52,s2.721082,s0.891480,s280.531484
105_53,s-1.530717,s-2.681993,s146.748000
105_54,s2.861304,s0.162386,s326.266971
105_55,s2.889698,s-2.599886,s190.691556
105_56,s-3.184904,s-0.404423,s100.729429
105_57,s-2.423572,s2.831350,s334.334071
105_58,s0.150806,s-3.615290,s190.147500
105_59,s3.039969,s1.445639,s291.616898
105_60,s-0.948682,s-3.335077,s152.114502
105_61,s0.945977,s-3.702236,s287.739863
105_62,s2.684250,s-1.358170,s253.855685
105_63,s-3.206709,s-1.493189,s139.804277
105_64,s-0.307080,s3.899653,s287.239206
105_65,s-2.881430,s-2.920525,s271.135047
105_66,s-0.653040,s3.437822,s212.887396
105_67,s3.666304,s0.573775,s345.480052
105_68,s-3.244278,s0.856732,s145.546151
105_69,s-3.342234,s3.162561,s321.498744
105_70,s-4.202506,s0.604745,s183.601454
105_71,s1.776369,s-4.201485,s188.161276
105_72,s2.252795,s3.550913,s376.570959
105_73,s-0.362088,s-3.632408,s136.095504
105_74,s3.833471,s-1.116950,s230.148704
105_75,s3.433753,s-0.465512,s343.218222
105_76,s-3.852117,s-1.024596,s110.399913
105_77,s1.040397,s3.639040,s360.184804
105_78,s2.351547,s-3.481492,s257.061799
105_79,s2.560060,s2.378798,s195.230192
105_80,s3.056192,s-2.085526,s308.204784
105_81,s-1.804810,s-3.542930,s214.108959
105_82,s-1.269359,s3.833167,s34.206965
105_83,s-2.311811,s3.695157,s40.203930
105_84,s3.969175,s1.835621,s218.951949
105_85,s-2.185062,s-3.270763,s136.491803
105_86,s-3.553146,s2.847728,s99.669174
105_87,s-3.817331,s-1.682584,s63.476844
105_88,s3.885495,s-0.056632,s293.016427
105_89,s2.772690,s3.682639,s304.001124
105_90,s-4.189560,s1.224074,s301.364763
105_91,s0.709599,s-4.322451,s287.819971
105_92,s-4.220202,s-0.525936,s58.419208
105_93,s3.442621,s2.459153,s301.235534
105_94,s4.147434,s-0.662414,s286.757574
105_95,s-0.912592,s-4.345201,s215.394276
105_96,s0.709028,s4.283997,s52.842822
105_97,s-4.261206,s-2.024472,s124.509697
105_98,s-1.970626,s4.112205,s338.599336
105_99,s-2.164892,s-4.142541,s85.650793
105_100,s3.766161,s-2.265453,s307.082525
105_101,s4.236325,s1.072590,s196.260067
105_102,s3.336958,s3.338130,s160.750160
105_103,s-0.658181,s4.067087,s46.626545
105_104,s3.389522,s-2.678346,s228.693265
106_0,s-0.245873,s-0.028353,s324.251702
106_1,s-0.237579,s-0.866642,s19.041900
106_2,s0.164948,s-0.648691,s258.989809
106_3,s-0.332889,s0.548591,s-7.526177
106_4,s0.417236,s-0.087190,s273.049595
106_5,s1.285905,s0.708201,s122.060397
106_6,s-0.967095,s-0.580681,s10.213743
106_7,s1.314986,s-0.926764,s212.105208
106_8,s-1.312329,s-0.801433,s95.455137
106_9,s0.957254,s-1.334748,s123.749432
106_10,s0.151864,s1.358419,s260.186704
106_11,s-0.929543,s0.642490,s14.947305
106_12,s1.651880,s-0.053515,s355.496073
106_13,s1.288219,s1.399169,s58.787941
106_14,s-1.519701,s0.276845,s96.279140
106_15,s-0.972480,s1.660921,s93.984438
106_16,s-0.394392,s2.294242,s84.843373
106_17,s0.249195,s-1.199393,s163.463701
106_18,s-2.439091,s-0.179673,s229.707644
106_19,s1.410898,s-0.405954,s81.614576
106_20,s-2.163110,s1.233172,s12.453577
106_21,s-0.462335,s1.458790,s32.154982
106_22,s-0.541479,s-1.155163,s105.163955
106_23,s2.199729,s0.034399,s323.735152
106_24,s1.774994,s1.588716,s256.142294
106_25,s-0.572672,s-1.719450,s189.727372
106_26,s2.006702,s-0.315285,s202.825716
106_27,s1.279602,s-1.762285,s178.776789
106_28,s-1.187918,s2.952334,s62.723012
106_29,s-1.800965,s-2.110005,s66.443390
106_30,s1.007189,s2.127381,s79.579789
106_31,s0.435995,s-2.323332,s121.366794
106_32,s1.633960,s2.105059,s35.274805
106_33,s1.900798,s-1.905210,s248.957806
106_34,s0.502295,s-2.938567,s127.352520
106_35,s-1.318716,s-1.895424,s191.342820
106_36,s-2.743532,s0.383486,s174.533423
106_37,s-2.119342,s-1.297056,s36.925607
106_38,s-2.893090,s1.814583,s10.572205
106_39,s1.962088,s-1.238524,s228.146355
106_40,s-1.858930,s1.979026,s55.429542
106_41,s0.675545,s2.837306,s5.556238
106_42,s-3.020933,s-2.193087,s124.379608
106_43,s-2.922644,s-0.878047,s114.824381
106_44,s0.063033,s2.500823,s-12.365423
106_45,s1.642465,s2.948438,s40.007087
106_46,s1.988408,s0.755552,s314.592325
106_47,s2.794969,s-0.522128,s237.028029
106_48,s-0.847527,s-2.825445,s228.252110
106_49,s-2.738292,s0.901680,s41.932915
106_50,s2.228947,s-2.592002,s122.867962
106_51,s2.171838,s2.934681,s257.218608
106_52,s2.721082,s0.891480,s280.531484
106_53,s-1.530717,s-2.681993,s146.748000
106_54,s2.861304,s0.162386,s326.266971
106_55,s2.889698,s-2.599886,s190.691556
106_56,s-3.239958,s-0.446629,s103.032640
106_57,s-2.606036,s2.760822,s332.477587
106_58,s0.150806,s-3.615290,s190.147500
106_59,s2.984351,s1.529593,s277.888535
106_60,s-0.948682,s-3.335077,s152.114502
106_61,s0.771792,s-3.656075,s288.411000
106_62,s2.709360,s-1.399458,s265.249893
106_63,s-3.206709,s-1.493189,s139.804277
106_64,s-0.307080,s3.899653,s287.239206
106_65,s-2.950160,s-2.885021,s274.436137
106_66,s-0.652128,s3.450716,s206.726611
106_67,s3.666304,s0.573775,s345.480052
106_68,s-3.272903,s0.808905,s145.757413
106_69,s-3.342234,s3.162561,s321.498744
106_70,s-4.289387,s0.723232,s178.317636
106_71,s1.975445,s-3.988992,s186.383041
106_72,s2.252795,s3.550913,s376.570959
106_73,s-0.359409,s-3.605408,s129.632899
106_74,s3.833471,s-1.116950,s230.148704
106_75,s3.433753,s-0.465512,s343.218222
106_76,s-3.852117,s-1.024596,s110.399913
106_77,s1.012160,s3.576695,s358.550702
106_78,s2.235559,s-3.583833,s266.491538
106_79,s2.560060,s2.378798,s195.230192
106_80,s3.181956,s-2.057380,s310.654148
106_81,s-1.804810,s-3.542930,s214.108959
106_82,s-1.319048,s3.915531,s20.352830
106_83,s-2.420031,s3.717830,s38.549445
106_84,s4.221977,s1.913575,s221.197992
106_85,s-2.185062,s-3.270763,s136.491803
106_86,s-3.730721,s2.860473,s102.602211
106_87,s-3.817331,s-1.682584,s63.476844
106_88,s3.885495,s-0.056632,s293.016427
106_89,s2.811278,s3.835529,s299.330629
106_90,s-4.340138,s1.080127,s314.683784
106_91,s0.709599,s-4.322451,s287.819971
106_92,s-4.220202,s-0.525936,s58.419208
106_93,s3.471751,s2.537460,s296.574562
106_94,s4.147434,s-0.662414,s286.757574
106_95,s-0.905617,s-4.372464,s212.433430
106_96,s0.709028,s4.283997,s52.842822
106_97,s-4.230931,s-2.006593,s130.586945
106_98,s-1.945708,s4.021183,s336.191193
106_99,s-2.241292,s-4.114076,s77.307417
106_100,s3.814275,s-2.257610,s321.832415
106_101,s4.240856,s1.069388,s196.449153
106_102,s3.336958,s3.338130,s160.750160
106_103,s-0.729449,s4.162962,s45.692425
106_104,s3.389522,s-2.678346,s228.693265
106_105,s-3.212096,s-3.223327,s83.262634
107_0,s-0.245873,s-0.028353,s324.251702
107_1,s-0.237579,s-0.866642,s19.041900
107_2,s0.164948,s-0.648691,s258.989809
107_3,s-0.332889,s0.548591,s-7.526177
107_4,s0.417236,s-0.087190,s273.049595
107_5,s1.285905,s0.708201,s122.060397
107_6,s-0.967095,s-0.580681,s10.213743
107_7,s1.314986,s-0.926764,s212.105208
107_8,s-1.312329,s-0.801433,s95.455137
107_9,s0.957254,s-1.334748,s123.749432
107_10,s0.151864,s1.358419,s260.186704
107_11,s-0.929543,s0.642490,s14.947305
107_12,s1.651880,s-0.053515,s355.496073
107_13,s1.288219,s1.399169,s58.787941
107_14,s-1.519701,s0.276845,s96.279140
107_15,s-0.972480,s1.660921,s93.984438
107_16,s-0.394392,s2.294242,s84.843373
107_17,s0.249195,s-1.199393,s163.463701
107_18,s-2.439091,s-0.179673,s229.707644
107_19,s1.410898,s-0.405954,s81.614576
107_20,s-2.163110,s1.233172,s12.453577
107_21,s-0.462335,s1.458790,s32.154982
107_22,s-0.541479,s-1.155163,s105.163955
107_23,s2.199729,s0.034399,s323.735152
107_24,s1.774994,s1.588716,s256.142294
107_25,s-0.572672,s-1.719450,s189.727372
107_26,s2.006702,s-0.315285,s202.825716
107_27,s1.279602,s-1.762285,s178.776789
107_28,s-1.187918,s2.952334,s62.723012
107_29,s-1.800965,s-2.110005,s66.443390
107_30,s1.007189,s2.127381,s79.579789
107_31,s0.435995,s-2.323332,s121.366794
107_32,s1.633960,s2.105059,s35.274805
107_33,s1.900798,s-1.905210,s248.957806
107_34,s0.502295,s-2.938567,s127.352520
107_35,s-1.318716,s-1.895424,s191.342820
107_36,s-2.743532,s0.383486,s174.533423
107_37,s-2.119342,s-1.297056,s36.925607
107_38,s-2.893090,s1.814583,s10.572205
107_39,s1.962088,s-1.238524,s228.146355
107_40,s-1.858930,s1.979026,s55.429542
107_41,s0.675545,s2.837306,s5.556238
107_42,s-3.020933,s-2.193087,s124.379608
107_43,s-2.922644,s-0.878047,s114.824381
107_44,s0.063033,s2.500823,s-12.365423
107_45,s1.642465,s2.948438,s40.007087
107_46,s1.988408,s0.755552,s314.592325
107_47,s2.794969,s-0.522128,s237.028029
107_48,s-0.847527,s-2.825445,s228.252110
107_49,s-2.738292,s0.901680,s41.932915
107_50,s2.228947,s-2.592002,s122.867962
107_51,s2.171838,s2.934681,s257.218608
107_52,s2.721082,s0.891480,s280.531484
107_53,s-1.530717,s-2.681993,s146.748000
107_54,s2.861304,s0.162386,s326.266971
107_55,s2.889698,s-2.599886,s190.691556
107_56,s-3.239958,s-0.446629,s103.032640
107_57,s-2.606036,s2.760822,s332.477587
107_58,s0.150806,s-3.615290,s190.147500
107_59,s2.984351,s1.529593,s277.888535
107_60,s-0.948682,s-3.335077,s152.114502
107_61,s0.771792,s-3.656075,s288.411000
107_62,s2.709360,s-1.399458,s265.249893
107_63,s-3.206709,s-1.493189,s139.804277
107_64,s-0.307080,s3.899653,s287.239206
107_65,s-2.950160,s-2.885021,s274.436137
107_66,s-0.652128,s3.450716,s206.726611
107_67,s3.666304,s0.573775,s345.480052
107_68,s-3.272903,s0.808905,s145.757413
107_69,s-3.342234,s3.162561,s321.498744
107_70,s-4.289387,s0.723232,s178.317636
107_71,s1.975445,s-3.988992,s186.383041
107_72,s2.252795,s3.550913,s376.570959
107_73,s-0.359409,s-3.605408,s129.632899
107_74,s3.833471,s-1.116950,s230.148704
107_75,s3.433753,s-0.465512,s343.218222
107_76,s-3.852117,s-1.024596,s110.399913
107_77,s1.012160,s3.576695,s358.550702
107_78,s2.235559,s-3.583833,s266.491538
107_79,s2.560060,s2.378798,s195.230192
107_80,s3.181956,s-2.057380,s310.654148
107_81,s-1.804810,s-3.542930,s214.108959
107_82,s-1.319048,s3.915531,s20.352830
107_83,s-2.420031,s3.717830,s38.549445
107_84,s4.221977,s1.913575,s221.197992
107_85,s-2.185062,s-3.270763,s136.491803
107_86,s-3.730721,s2.860473,s102.602211
107_87,s-3.817331,s-1.682584,s63.476844
107_88,s3.885495,s-0.056632,s293.016427
107_89,s2.811278,s3.835529,s299.330629
107_90,s-4.340138,s1.080127,s314.683784
107_91,s0.709599,s-4.322451,s287.819971
107_92,s-4.220202,s-0.525936,s58.419208
107_93,s3.471751,s2.537460,s296.574562
107_94,s4.147434,s-0.662414,s286.757574
107_95,s-0.905617,s-4.372464,s212.433430
107_96,s0.709028,s4.283997,s52.842822
107_97,s-4.230931,s-2.006593,s130.586945
107_98,s-1.945708,s4.021183,s336.191193
107_99,s-2.241292,s-4.114076,s77.307417
107_100,s3.814275,s-2.257610,s321.832415
107_101,s4.240856,s1.069388,s196.449153
107_102,s3.336958,s3.338130,s160.750160
107_103,s-0.729449,s4.162962,s45.692425
107_104,s3.389522,s-2.678346,s228.693265
107_105,s-3.212096,s-3.223327,s83.262634
107_106,s1.830977,s4.491105,s165.677592
108_0,s-0.245873,s-0.028353,s324.251702
108_1,s-0.237579,s-0.866642,s19.041900
108_2,s0.164948,s-0.648691,s258.989809
108_3,s-0.332889,s0.548591,s-7.526177
108_4,s0.297643,s-0.097927,s284.469160
108_5,s1.373409,s0.815500,s128.324526
108_6,s-0.904714,s-0.589961,s10.000252
108_7,s1.314986,s-0.926764,s212.105208
108_8,s-1.312329,s-0.801433,s95.455137
108_9,s0.957254,s-1.334748,s123.749432
108_10,s0.151864,s1.358419,s260.186704
108_11,s-1.072409,s0.618542,s14.361286
108_12,s1.651880,s-0.053515,s355.496073
108_13,s1.288219,s1.399169,s58.787941
108_14,s-1.648074,s0.399366,s92.157874
108_15,s-0.972480,s1.660921,s93.984438
108_16,s-0.489370,s2.305641,s89.924272
108_17,s0.311140,s-1.144004,s164.719855
108_18,s-2.439091,s-0.179673,s229.707644
108_19,s1.410898,s-0.405954,s81.614576
108_20,s-2.218418,s1.293316,s2.931437
108_21,s-0.462335,s1.458790,s32.154982
108_22,s-0.557686,s-1.194444,s105.259356
108_23,s2.199729,s0.034399,s323.735152
108_24,s1.774994,s1.588716,s256.142294
108_25,s-0.572672,s-1.719450,s189.727372
108_26,s2.006702,s-0.315285,s202.825716
108_27,s1.238244,s-1.851667,s178.823541
108_28,s-1.054996,s3.078818,s67.807392
108_29,s-1.800965,s-2.110005,s66.443390
108_30,s1.007189,s2.127381,s79.579789
108_31,s0.424800,s-2.284930,s115.020176
108_32,s1.566359,s2.309229,s36.940585
108_33,s2.035664,s-1.937169,s250.859677
108_34,s0.502295,s-2.938567,s127.352520
108_35,s-1.311289,s-1.812923,s190.259147
108_36,s-2.837552,s0.361958,s181.375023
108_37,s-2.030858,s-1.459911,s31.226616
108_38,s-2.893090,s1.814583,s10.572205
108_39,s1.994899,s-1.227864,s231.772925
108_40,s-1.827178,s2.109956,s43.495804
108_41,s0.675545,s2.837306,s5.556238
108_42,s-3.020933,s-2.193087,s124.379608
108_43,s-2.922644,s-0.878047,s114.824381
108_44,s0.063033,s2.500823,s-12.365423
108_45,s1.642465,s2.948438,s40.007087
108_46,s1.988408,s0.755552,s314.592325
108_47,s2.775824,s-0.408035,s230.476287
108_48,s-0.847527,s-2.825445,s228.252110
108_49,s-2.782825,s0.991928,s34.435652
108_50,s2.032113,s-2.647895,s126.522479
108_51,s2.153247,s2.986394,s265.138299
108_52,s2.772580,s0.949907,s273.890461
108_53,s-1.493590,s-2.718107,s143.693688
108_54,s2.861304,s0.162386,s326.266971
108_55,s2.889698,s-2.599886,s190.691556
108_56,s-3.239958,s-0.446629,s103.032640
108_57,s-2.590087,s2.862965,s324.933006
108_58,s0.150806,s-3.615290,s190.147500
108_59,s2.984351,s1.529593,s277.888535
108_60,s-0.948682,s-3.335077,s152.114502
108_61,s0.774168,s-3.722861,s283.357857
108_62,s2.883714,s-1.419347,s258.892917
108_63,s-3.206709,s-1.493189,s139.804277
108_64,s-0.414966,s3.882003,s287.482508
108_65,s-2.950160,s-2.885021,s274.436137
108_66,s-0.652128,s3.450716,s206.726611
108_67,s3.666304,s0.573775,s345.480052
108_68,s-3.395794,s0.714675,s146.079546
108_69,s-3.305186,s2.965076,s322.972463
108_70,s-4.289387,s0.723232,s178.317636
108_71,s1.984909,s-4.066972,s190.825871
108_72,s2.252795,s3.550913,s376.570959
108_73,s-0.359409,s-3.605408,s129.632899
108_74,s3.833471,s-1.116950,s230.148704
108_75,s3.433753,s-0.465512,s343.218222
108_76,s-3.852117,s-1.024596,s110.399913
108_77,s1.012160,s3.576695,s358.550702
108_78,s2.235559,s-3.583833,s266.491538
108_79,s2.555366,s2.299379,s188.188388
108_80,s3.181956,s-2.057380,s310.654148
108_81,s-1.796995,s-3.581884,s216.456727
108_82,s-1.319048,s3.915531,s20.352830
108_83,s-2.420031,s3.717830,s38.549445
108_84,s4.082972,s1.670091,s230.355007
108_85,s-2.222002,s-3.367003,s144.290705
108_86,s-3.730721,s2.860473,s102.602211
108_87,s-3.817331,s-1.682584,s63.476844
108_88,s3.885495,s-0.056632,s293.016427
108_89,s2.811278,s3.835529,s299.330629
108_90,s-3.726236,s1.267402,s326.805869
108_91,s0.759815,s-4.307260,s290.261947
108_92,s-4.242274,s-0.678675,s66.114355
108_93,s3.537456,s2.554940,s306.663813
108_94,s4.147434,s-0.662414,s286.757574
108_95,s-1.030781,s-4.415125,s209.617705
108_96,s0.667806,s4.300171,s54.365318
108_97,s-4.301557,s-1.999702,s138.557902
108_98,s-1.945708,s4.021183,s336.191193
108_99,s-2.063927,s-4.256235,s76.034072
108_100,s3.872490,s-2.250182,s307.274734
108_101,s4.240856,s1.069388,s196.449153
108_102,s3.346817,s3.402281,s164.076330
108_103,s-0.729449,s4.162962,s45.692425
108_104,s3.558532,s-2.721207,s229.279666
108_105,s-3.300632,s-3.079395,s92.213913
108_106,s1.830977,s4.491105,s165.677592
108_107,s-0.065416,s-4.469521,s147.751623
109_0,s-0.245873,s-0.028353,s324.251702
109_1,s-0.237579,s-0.866642,s19.041900
109_2,s0.164948,s-0.648691,s258.989809
109_3,s-0.332889,s0.548591,s-7.526177
109_4,s0.453994,s-0.022875,s288.231219
109_5,s1.373409,s0.815500,s128.324526
109_6,s-0.953252,s-0.444199,s20.581574
109_7,s1.314986,s-0.926764,s212.105208
109_8,s-1.312329,s-0.801433,s95.455137
109_9,s0.940904,s-1.379059,s125.940469
109_10,s0.062137,s1.303979,s254.509441
109_11,s-1.280492,s0.523469,s-3.024115
109_12,s1.651880,s-0.053515,s355.496073
109_13,s1.226419,s1.409663,s57.179691
109_14,s-1.751741,s0.298520,s100.345470
109_15,s-1.079481,s1.768682,s93.920044
109_16,s-0.489370,s2.305641,s89.924272
109_17,s0.267614,s-1.167677,s162.414744
109_18,s-2.439091,s-0.179673,s229.707644
109_19,s1.410898,s-0.405954,s81.614576
109_20,s-2.227240,s1.365083,s7.749360
109_21,s-0.462335,s1.458790,s32.154982
109_22,s-0.557686,s-1.194444,s105.259356
109_23,s2.199729,s0.034399,s323.735152
109_24,s1.629076,s1.548743,s255.946552
109_25,s-0.572672,s-1.719450,s189.727372
109_26,s2.006702,s-0.315285,s202.825716
109_27,s1.393066,s-1.728126,s183.114386
109_28,s-1.118592,s2.983187,s67.181997
109_29,s-1.842271,s-2.115245,s60.650041
109_30,s1.051416,s2.111336,s81.929116
109_31,s0.408909,s-2.200104,s113.138526
109_32,s1.566359,s2.309229,s36.940585
109_33,s2.035664,s-1.937169,s250.859677
109_34,s0.578979,s-2.935778,s132.536804
109_35,s-1.311289,s-1.812923,s190.259147
109_36,s-2.822318,s0.387110,s186.580492
109_37,s-1.857245,s-1.461897,s33.020978
109_38,s-2.886119,s1.852734,s16.792414
109_39,s1.994899,s-1.227864,s231.772925
109_40,s-1.805553,s2.125454,s32.075221
109_41,s0.704050,s2.608523,s7.310529
109_42,s-2.940002,s-2.251296,s123.238556
109_43,s-2.922644,s-0.878047,s114.824381
109_44,s0.063033,s2.500823,s-12.365423
109_45,s1.642465,s2.948438,s40.007087
109_46,s1.988408,s0.755552,s314.592325
109_47,s2.795829,s-0.388221,s222.561709
109_48,s-0.748812,s-2.913587,s228.122636
109_49,s-2.792388,s1.055740,s38.174533
109_50,s2.019453,s-2.426367,s123.111651
109_51,s2.153247,s2.986394,s265.138299
109_52,s2.694991,s0.826265,s281.138402
109_53,s-1.356183,s-2.708966,s146.234485
109_54,s2.944676,s-0.040183,s319.596106
109_55,s2.899668,s-2.654988,s180.533312
109_56,s-3.239958,s-0.446629,s103.032640
109_57,s-2.590087,s2.862965,s324.933006
109_58,s0.206928,s-3.627275,s194.938527
109_59,s2.939301,s1.594109,s271.237405
109_60,s-1.006773,s-3.406628,s164.228575
109_61,s0.774168,s-3.722861,s283.357857
109_62,s2.847757,s-1.417497,s254.121769
109_63,s-3.074354,s-1.481606,s147.617454
109_64,s-0.414966,s3.882003,s287.482508
109_65,s-3.035684,s-2.850207,s269.296987
109_66,s-0.675112,s3.466918,s204.199885
109_67,s3.685263,s0.580693,s345.052009
109_68,s-3.395794,s0.714675,s146.079546
109_69,s-3.305186,s2.965076,s322.972463
109_70,s-4.289387,s0.723232,s178.317636
109_71,s1.984909,s-4.066972,s190.825871
109_72,s2.252795,s3.550913,s376.570959
109_73,s-0.419989,s-3.657854,s135.718135
109_74,s3.764750,s-1.181461,s222.313935
109_75,s3.426368,s-0.464931,s349.678605
109_76,s-3.852117,s-1.024596,s110.399913
109_77,s0.935645,s3.675620,s355.663083
109_78,s2.262113,s-3.626832,s256.564875
109_79,s2.562917,s2.306006,s189.760781
109_80,s3.199182,s-2.106924,s300.323756
109_81,s-1.731994,s-3.607083,s217.803843
109_82,s-1.319048,s3.915531,s20.352830
109_83,s-2.422094,s3.847183,s32.726750
109_84,s4.082972,s1.670091,s230.355007
109_85,s-2.222002,s-3.367003,s144.290705
109_86,s-3.730721,s2.860473,s102.602211
109_87,s-3.817331,s-1.682584,s63.476844
109_88,s3.862940,s-0.114648,s289.486337
109_89,s2.867464,s4.101194,s304.068818
109_90,s-3.726236,s1.267402,s326.805869
109_91,s0.759815,s-4.307260,s290.261947
109_92,s-4.242274,s-0.678675,s66.114355
109_93,s3.478656,s2.295444,s317.511483
109_94,s4.147434,s-0.662414,s286.757574
109_95,s-0.986591,s-4.438832,s215.181773
109_96,s0.692872,s4.403470,s63.627414
109_97,s-4.301557,s-1.999702,s138.557902
109_98,s-1.945708,s4.021183,s336.191193
109_99,s-2.063927,s-4.256235,s76.034072
109_100,s3.872490,s-2.250182,s307.274734
109_101,s4.325672,s0.964204,s191.903627
109_102,s3.220384,s3.222633,s163.281392
109_103,s-0.740958,s4.159305,s53.306706
109_104,s3.623829,s-2.684571,s231.073358
109_105,s-3.273710,s-3.099614,s94.380665
109_106,s1.844837,s4.518977,s164.679016
109_107,s-0.088195,s-4.413145,s148.833755
109_108,s-3.566981,s3.582690,s21.121962
110_0,s-0.245873,s-0.028353,s324.251702
110_1,s-0.237579,s-0.866642,s19.041900
110_2,s0.164948,s-0.648691,s258.989809
110_3,s-0.332889,s0.548591,s-7.526177
110_4,s0.453994,s-0.022875,s288.231219
110_5,s1.373409,s0.815500,s128.324526
110_6,s-0.953252,s-0.444199,s20.581574
110_7,s1.314986,s-0.926764,s212.105208
110_8,s-1.312329,s-0.801433,s95.455137
110_9,s0.940904,s-1.379059,s125.940469
110_10,s0.062137,s1.303979,s254.509441
110_11,s-1.280492,s0.523469,s-3.024115
110_12,s1.651880,s-0.053515,s355.496073
110_13,s1.226419,s1.409663,s57.179691
110_14,s-1.751741,s0.298520,s100.345470
110_15,s-1.079481,s1.768682,s93.920044
110_16,s-0.489370,s2.305641,s89.924272
110_17,s0.267614,s-1.167677,s162.414744
110_18,s-2.439091,s-0.179673,s229.707644
110_19,s1.410898,s-0.405954,s81.614576
110_20,s-2.227240,s1.365083,s7.749360
110_21,s-0.462335,s1.458790,s32.154982
110_22,s-0.557686,s-1.194444,s105.259356
110_23,s2.199729,s0.034399,s323.735152
110_24,s1.629076,s1.548743,s255.946552
110_25,s-0.572672,s-1.719450,s189.727372
110_26,s2.006702,s-0.315285,s202.825716
110_27,s1.393066,s-1.728126,s183.114386
110_28,s-1.118592,s2.983187,s67.181997
110_29,s-1.842271,s-2.115245,s60.650041
110_30,s1.051416,s2.111336,s81.929116
110_31,s0.408909,s-2.200104,s113.138526
110_32,s1.566359,s2.309229,s36.940585
110_33,s2.035664,s-1.937169,s250.859677
110_34,s0.578979,s-2.935778,s132.536804
110_35,s-1.311289,s-1.812923,s190.259147
110_36,s-2.822318,s0.387110,s186.580492
110_37,s-1.857245,s-1.461897,s33.020978
110_38,s-2.886119,s1.852734,s16.792414
110_39,s1.994899,s-1.227864,s231.772925
110_40,s-1.805553,s2.125454,s32.075221
110_41,s0.704050,s2.608523,s7.310529
110_42,s-2.940002,s-2.251296,s123.238556
110_43,s-2.922644,s-0.878047,s114.824381
110_44,s0.063033,s2.500823,s-12.365423
110_45,s1.642465,s2.948438,s40.007087
110_46,s1.988408,s0.755552,s314.592325
110_47,s2.795829,s-0.388221,s222.561709
110_48,s-0.748812,s-2.913587,s228.122636
110_49,s-2.792388,s1.055740,s38.174533
110_50,s2.019453,s-2.426367,s123.111651
110_51,s2.153247,s2.986394,s265.138299
110_52,s2.694991,s0.826265,s281.138402
110_53,s-1.356183,s-2.708966,s146.234485
110_54,s2.944676,s-0.040183,s319.596106
110_55,s2.899668,s-2.654988,s180.533312
110_56,s-3.239958,s-0.446629,s103.032640
110_57,s-2.590087,s2.862965,s324.933006
110_58,s0.206928,s-3.627275,s194.938527
110_59,s2.939301,s1.594109,s271.237405
110_60,s-1.006773,s-3.406628,s164.228575
110_61,s0.774168,s-3.722861,s283.357857
110_62,s2.847757,s-1.417497,s254.121769
110_63,s-3.074354,s-1.481606,s147.617454
110_64,s-0.414966,s3.882003,s287.482508
110_65,s-3.035684,s-2.850207,s269.296987
110_66,s-0.675112,s3.466918,s204.199885
110_67,s3.685263,s0.580693,s345.052009
110_68,s-3.395794,s0.714675,s146.079546
110_69,s-3.305186,s2.965076,s322.972463
110_70,s-4.289387,s0.723232,s178.317636
110_71,s1.984909,s-4.066972,s190.825871
110_72,s2.252795,s3.550913,s376.570959
110_73,s-0.419989,s-3.657854,s135.718135
110_74,s3.764750,s-1.181461,s222.313935
110_75,s3.426368,s-0.464931,s349.678605
110_76,s-3.852117,s-1.024596,s110.399913
110_77,s0.935645,s3.675620,s355.663083
110_78,s2.262113,s-3.626832,s256.564875
110_79,s2.562917,s2.306006,s189.760781
110_80,s3.199182,s-2.106924,s300.323756
110_81,s-1.731994,s-3.607083,s217.803843
110_82,s-1.319048,s3.915531,s20.352830
110_83,s-2.422094,s3.847183,s32.726750
110_84,s4.082972,s1.670091,s230.355007
110_85,s-2.222002,s-3.367003,s144.290705
110_86,s-3.730721,s2.860473,s102.602211
110_87,s-3.817331,s-1.682584,s63.476844
110_88,s3.862940,s-0.114648,s289.486337
110_89,s2.867464,s4.101194,s304.068818
110_90,s-3.726236,s1.267402,s326.805869
110_91,s0.759815,s-4.307260,s290.261947
110_92,s-4.242274,s-0.678675,s66.114355
110_93,s3.478656,s2.295444,s317.511483
110_94,s4.147434,s-0.662414,s286.757574
110_95,s-0.986591,s-4.438832,s215.181773
110_96,s0.692872,s4.403470,s63.627414
110_97,s-4.301557,s-1.999702,s138.557902
110_98,s-1.945708,s4.021183,s336.191193
110_99,s-2.063927,s-4.256235,s76.034072
110_100,s3.872490,s-2.250182,s307.274734
110_101,s4.325672,s0.964204,s191.903627
110_102,s3.220384,s3.222633,s163.281392
110_103,s-0.740958,s4.159305,s53.306706
110_104,s3.623829,s-2.684571,s231.073358
110_105,s-3.273710,s-3.099614,s94.380665
110_106,s1.844837,s4.518977,s164.679016
110_107,s-0.088195,s-4.413145,s148.833755
110_108,s-3.566981,s3.582690,s21.121962
110_109,s4.650393,s-1.606314,s339.155720
111_0,s-0.245873,s-0.028353,s324.251702
111_1,s-0.237579,s-0.866642,s19.041900
111_2,s0.164948,s-0.648691,s258.989809
111_3,s-0.332889,s0.548591,s-7.526177
111_4,s0.453994,s-0.022875,s288.231219
111_5,s1.373409,s0.815500,s128.324526
111_6,s-0.953252,s-0.444199,s20.581574
111_7,s1.314986,s-0.926764,s212.105208
111_8,s-1.312329,s-0.801433,s95.455137
111_9,s0.940904,s-1.379059,s125.940469
111_10,s0.062137,s1.303979,s254.509441
111_11,s-1.280492,s0.523469,s-3.024115
111_12,s1.651880,s-0.053515,s355.496073
111_13,s1.226419,s1.409663,s57.179691
111_14,s-1.751741,s0.298520,s100.345470
111_15,s-1.079481,s1.768682,s93.920044
111_16,s-0.489370,s2.305641,s89.924272
111_17,s0.267614,s-1.167677,s162.414744
111_18,s-2.439091,s-0.179673,s229.707644
111_19,s1.410898,s-0.405954,s81.614576
111_20,s-2.227240,s1.365083,s7.749360
111_21,s-0.462335,s1.458790,s32.154982
111_22,s-0.557686,s-1.194444,s105.259356
111_23,s2.199729,s0.034399,s323.735152
111_24,s1.629076,s1.548743,s255.946552
111_25,s-0.572672,s-1.719450,s189.727372
111_26,s2.006702,s-0.315285,s202.825716
111_27,s1.393066,s-1.728126,s183.114386
111_28,s-1.118592,s2.983187,s67.181997
111_29,s-1.842271,s-2.115245,s60.650041
111_30,s1.051416,s2.111336,s81.929116
111_31,s0.408909,s-2.200104,s113.138526
111_32,s1.566359,s2.309229,s36.940585
111_33,s2.035664,s-1.937169,s250.859677
111_34,s0.578979,s-2.935778,s132.536804
111_35,s-1.311289,s-1.812923,s190.259147
111_36,s-2.822318,s0.387110,s186.580492
111_37,s-1.857245,s-1.461897,s33.020978
111_38,s-2.886119,s1.852734,s16.792414
111_39,s1.994899,s-1.227864,s231.772925
111_40,s-1.805553,s2.125454,s32.075221
111_41,s0.704050,s2.608523,s7.310529
111_42,s-2.940002,s-2.251296,s123.238556
111_43,s-2.922644,s-0.878047,s114.824381
111_44,s0.063033,s2.500823,s-12.365423
111_45,s1.642465,s2.948438,s40.007087
111_46,s1.988408,s0.755552,s314.592325
111_47,s2.795829,s-0.388221,s222.561709
111_48,s-0.748812,s-2.913587,s228.122636
111_49,s-2.792388,s1.055740,s38.174533
111_50,s2.019453,s-2.426367,s123.111651
111_51,s2.153247,s2.986394,s265.138299
111_52,s2.694991,s0.826265,s281.138402
111_53,s-1.356183,s-2.708966,s146.234485
111_54,s2.944676,s-0.040183,s319.596106
111_55,s2.899668,s-2.654988,s180.533312
111_56,s-3.239958,s-0.446629,s103.032640
111_57,s-2.590087,s2.862965,s324.933006
111_58,s0.206928,s-3.627275,s194.938527
111_59,s2.939301,s1.594109,s271.237405
111_60,s-1.006773,s-3.406628,s164.228575
111_61,s0.774168,s-3.722861,s283.357857
111_62,s2.847757,s-1.417497,s254.121769
111_63,s-3.074354,s-1.481606,s147.617454
111_64,s-0.414966,s3.882003,s287.482508
111_65,s-3.035684,s-2.850207,s269.296987
111_66,s-0.675112,s3.466918,s204.199885
111_67,s3.685263,s0.580693,s345.052009
111_68,s-3.395794,s0.714675,s146.079546
111_69,s-3.305186,s2.965076,s322.972463
111_70,s-4.289387,s0.723232,s178.317636
111_71,s1.984909,s-4.066972,s190.825871
111_72,s2.252795,s3.550913,s376.570959
111_73,s-0.419989,s-3.657854,s135.718135
111_74,s3.764750,s-1.181461,s222.313935
111_75,s3.426368,s-0.464931,s349.678605
111_76,s-3.852117,s-1.024596,s110.399913
111_77,s0.935645,s3.675620,s355.663083
111_78,s2.262113,s-3.626832,s256.564875
111_79,s2.562917,s2.306006,s189.760781
111_80,s3.199182,s-2.106924,s300.323756
111_81,s-1.731994,s-3.607083,s217.803843
111_82,s-1.319048,s3.915531,s20.352830
111_83,s-2.422094,s3.847183,s32.726750
111_84,s4.082972,s1.670091,s230.355007
111_85,s-2.222002,s-3.367003,s144.290705
111_86,s-3.730721,s2.860473,s102.602211
111_87,s-3.817331,s-1.682584,s63.476844
111_88,s3.862940,s-0.114648,s289.486337
111_89,s2.867464,s4.101194,s304.068818
111_90,s-3.726236,s1.267402,s326.805869
111_91,s0.759815,s-4.307260,s290.261947
111_92,s-4.242274,s-0.678675,s66.114355
111_93,s3.478656,s2.295444,s317.511483
111_94,s4.147434,s-0.662414,s286.757574
111_95,s-0.986591,s-4.438832,s215.181773
111_96,s0.692872,s4.403470,s63.627414
111_97,s-4.301557,s-1.999702,s138.557902
111_98,s-1.945708,s4.021183,s336.191193
111_99,s-2.063927,s-4.256235,s76.034072
111_100,s3.872490,s-2.250182,s307.274734
111_101,s4.325672,s0.964204,s191.903627
111_102,s3.220384,s3.222633,s163.281392
111_103,s-0.740958,s4.159305,s53.306706
111_104,s3.623829,s-2.684571,s231.073358
111_105,s-3.273710,s-3.099614,s94.380665
111_106,s1.844837,s4.518977,s164.679016
111_107,s-0.088195,s-4.413145,s148.833755
111_108,s-3.566981,s3.582690,s21.121962
111_109,s4.650393,s-1.606314,s339.155720
111_110,s0.538224,s-4.679147,s232.921847
112_0,s-0.245873,s-0.028353,s324.251702
112_1,s-0.237579,s-0.866642,s19.041900
112_2,s0.164948,s-0.648691,s258.989809
112_3,s-0.332889,s0.548591,s-7.526177
112_4,s0.453994,s-0.022875,s288.231219
112_5,s1.373409,s0.815500,s128.324526
112_6,s-0.953252,s-0.444199,s20.581574
112_7,s1.314986,s-0.926764,s212.105208
112_8,s-1.312329,s-0.801433,s95.455137
112_9,s0.940904,s-1.379059,s125.940469
112_10,s0.062137,s1.303979,s254.509441
112_11,s-1.280492,s0.523469,s-3.024115
112_12,s1.651880,s-0.053515,s355.496073
112_13,s1.226419,s1.409663,s57.179691
112_14,s-1.751741,s0.298520,s100.345470
112_15,s-1.079481,s1.768682,s93.920044
112_16,s-0.489370,s2.305641,s89.924272
112_17,s0.267614,s-1.167677,s162.414744
112_18,s-2.439091,s-0.179673,s229.707644
112_19,s1.410898,s-0.405954,s81.614576
112_20,s-2.227240,s1.365083,s7.749360
112_21,s-0.462335,s1.458790,s32.154982
112_22,s-0.557686,s-1.194444,s105.259356
112_23,s2.199729,s0.034399,s323.735152
112_24,s1.629076,s1.548743,s255.946552
112_25,s-0.572672,s-1.719450,s189.727372
112_26,s2.006702,s-0.315285,s202.825716
112_27,s1.393066,s-1.728126,s183.114386
112_28,s-1.118592,s2.983187,s67.181997
112_29,s-1.842271,s-2.115245,s60.650041
112_30,s1.051416,s2.111336,s81.929116
112_31,s0.408909,s-2.200104,s113.138526
112_32,s1.566359,s2.309229,s36.940585
112_33,s2.035664,s-1.937169,s250.859677
112_34,s0.578979,s-2.935778,s132.536804
112_35,s-1.311289,s-1.812923,s190.259147
112_36,s-2.822318,s0.387110,s186.580492
112_37,s-1.857245,s-1.461897,s33.020978
112_38,s-2.886119,s1.852734,s16.792414
112_39,s1.994899,s-1.227864,s231.772925
112_40,s-1.805553,s2.125454,s32.075221
112_41,s0.704050,s2.608523,s7.310529
112_42,s-2.940002,s-2.251296,s123.238556
112_43,s-2.922644,s-0.878047,s114.824381
112_44,s0.063033,s2.500823,s-12.365423
112_45,s1.642465,s2.948438,s40.007087
112_46,s1.988408,s0.755552,s314.592325
112_47,s2.795829,s-0.388221,s222.561709
112_48,s-0.748812,s-2.913587,s228.122636
112_49,s-2.792388,s1.055740,s38.174533
112_50,s2.019453,s-2.426367,s123.111651
112_51,s2.153247,s2.986394,s265.138299
112_52,s2.694991,s0.826265,s281.138402
112_53,s-1.356183,s-2.708966,s146.234485
112_54,s2.944676,s-0.040183,s319.596106
112_55,s2.899668,s-2.654988,s180.533312
112_56,s-3.239958,s-0.446629,s103.032640
112_57,s-2.590087,s2.862965,s324.933006
112_58,s0.206928,s-3.627275,s194.938527
112_59,s2.939301,s1.594109,s271.237405
112_60,s-1.006773,s-3.406628,s164.228575
112_61,s0.774168,s-3.722861,s283.357857
112_62,s2.847757,s-1.417497,s254.121769
112_63,s-3.074354,s-1.481606,s147.617454
112_64,s-0.414966,s3.882003,s287.482508
112_65,s-3.035684,s-2.850207,s269.296987
112_66,s-0.675112,s3.466918,s204.199885
112_67,s3.685263,s0.580693,s345.052009
112_68,s-3.395794,s0.714675,s146.079546
112_69,s-3.305186,s2.965076,s322.972463
112_70,s-4.289387,s0.723232,s178.317636
112_71,s1.984909,s-4.066972,s190.825871
112_72,s2.252795,s3.550913,s376.570959
112_73,s-0.419989,s-3.657854,s135.718135
112_74,s3.764750,s-1.181461,s222.313935
112_75,s3.426368,s-0.464931,s349.678605
112_76,s-3.852117,s-1.024596,s110.399913
112_77,s0.935645,s3.675620,s355.663083
112_78,s2.262113,s-3.626832,s256.564875
112_79,s2.562917,s2.306006,s189.760781
112_80,s3.199182,s-2.106924,s300.323756
112_81,s-1.731994,s-3.607083,s217.803843
112_82,s-1.319048,s3.915531,s20.352830
112_83,s-2.422094,s3.847183,s32.726750
112_84,s4.082972,s1.670091,s230.355007
112_85,s-2.222002,s-3.367003,s144.290705
112_86,s-3.730721,s2.860473,s102.602211
112_87,s-3.817331,s-1.682584,s63.476844
112_88,s3.862940,s-0.114648,s289.486337
112_89,s2.867464,s4.101194,s304.068818
112_90,s-3.726236,s1.267402,s326.805869
112_91,s0.759815,s-4.307260,s290.261947
112_92,s-4.242274,s-0.678675,s66.114355
112_93,s3.478656,s2.295444,s317.511483
112_94,s4.147434,s-0.662414,s286.757574
112_95,s-0.986591,s-4.438832,s215.181773
112_96,s0.692872,s4.403470,s63.627414
112_97,s-4.301557,s-1.999702,s138.557902
112_98,s-1.945708,s4.021183,s336.191193
112_99,s-2.063927,s-4.256235,s76.034072
112_100,s3.872490,s-2.250182,s307.274734
112_101,s4.325672,s0.964204,s191.903627
112_102,s3.220384,s3.222633,s163.281392
112_103,s-0.740958,s4.159305,s53.306706
112_104,s3.623829,s-2.684571,s231.073358
112_105,s-3.273710,s-3.099614,s94.380665
112_106,s1.844837,s4.518977,s164.679016
112_107,s-0.088195,s-4.413145,s148.833755
112_108,s-3.566981,s3.582690,s21.121962
112_109,s4.650393,s-1.606314,s339.155720
112_110,s0.538224,s-4.679147,s232.921847
112_111,s3.557255,s-3.267237,s253.565887
113_0,s-0.245873,s-0.028353,s324.251702
113_1,s-0.237579,s-0.866642,s19.041900
113_2,s0.164948,s-0.648691,s258.989809
113_3,s-0.332889,s0.548591,s-7.526177
113_4,s0.453994,s-0.022875,s288.231219
113_5,s1.373409,s0.815500,s128.324526
113_6,s-0.953252,s-0.444199,s20.581574
113_7,s1.314986,s-0.926764,s212.105208
113_8,s-1.312329,s-0.801433,s95.455137
113_9,s0.940904,s-1.379059,s125.940469
113_10,s0.062137,s1.303979,s254.509441
113_11,s-1.280492,s0.523469,s-3.024115
113_12,s1.651880,s-0.053515,s355.496073
113_13,s1.226419,s1.409663,s57.179691
113_14,s-1.751741,s0.298520,s100.345470
113_15,s-1.079481,s1.768682,s93.920044
113_16,s-0.489370,s2.305641,s89.924272
113_17,s0.267614,s-1.167677,s162.414744
113_18,s-2.439091,s-0.179673,s229.707644
113_19,s1.410898,s-0.405954,s81.614576
113_20,s-2.227240,s1.365083,s7.749360
113_21,s-0.462335,s1.458790,s32.154982
113_22,s-0.557686,s-1.194444,s105.259356
113_23,s2.199729,s0.034399,s323.735152
113_24,s1.629076,s1.548743,s255.946552
113_25,s-0.572672,s-1.719450,s189.727372
113_26,s2.006702,s-0.315285,s202.825716
113_27,s1.393066,s-1.728126,s183.114386
113_28,s-1.118592,s2.983187,s67.181997
113_29,s-1.842271,s-2.115245,s60.650041
113_30,s1.051416,s2.111336,s81.929116
113_31,s0.408909,s-2.200104,s113.138526
113_32,s1.566359,s2.309229,s36.940585
113_33,s2.035664,s-1.937169,s250.859677
113_34,s0.578979,s-2.935778,s132.536804
113_35,s-1.311289,s-1.812923,s190.259147
113_36,s-2.822318,s0.387110,s186.580492
113_37,s-1.857245,s-1.461897,s33.020978
113_38,s-2.886119,s1.852734,s16.792414
113_39,s1.994899,s-1.227864,s231.772925
113_40,s-1.805553,s2.125454,s32.075221
113_41,s0.704050,s2.608523,s7.310529
113_42,s-2.940002,s-2.251296,s123.238556
113_43,s-2.922644,s-0.878047,s114.824381
113_44,s0.063033,s2.500823,s-12.365423
113_45,s1.642465,s2.948438,s40.007087
113_46,s1.988408,s0.755552,s314.592325
113_47,s2.795829,s-0.388221,s222.561709
113_48,s-0.748812,s-2.913587,s228.122636
113_49,s-2.792388,s1.055740,s38.174533
113_50,s2.019453,s-2.426367,s123.111651
113_51,s2.153247,s2.986394,s265.138299
113_52,s2.694991,s0.826265,s281.138402
113_53,s-1.356183,s-2.708966,s146.234485
113_54,s2.944676,s-0.040183,s319.596106
113_55,s2.899668,s-2.654988,s180.533312
113_56,s-3.239958,s-0.446629,s103.032640
113_57,s-2.590087,s2.862965,s324.933006
113_58,s0.206928,s-3.627275,s194.938527
113_59,s2.939301,s1.594109,s271.237405
113_60,s-1.006773,s-3.406628,s164.228575
113_61,s0.774168,s-3.722861,s283.357857
113_62,s2.847757,s-1.417497,s254.121769
113_63,s-3.074354,s-1.481606,s147.617454
113_64,s-0.414966,s3.882003,s287.482508
113_65,s-3.035684,s-2.850207,s269.296987
113_66,s-0.675112,s3.466918,s204.199885
113_67,s3.685263,s0.580693,s345.052009
113_68,s-3.395794,s0.714675,s146.079546
113_69,s-3.305186,s2.965076,s322.972463
113_70,s-4.289387,s0.723232,s178.317636
113_71,s1.984909,s-4.066972,s190.825871
113_72,s2.252795,s3.550913,s376.570959
113_73,s-0.419989,s-3.657854,s135.718135
113_74,s3.764750,s-1.181461,s222.313935
113_75,s3.426368,s-0.464931,s349.678605
113_76,s-3.852117,s-1.024596,s110.399913
113_77,s0.935645,s3.675620,s355.663083
113_78,s2.262113,s-3.626832,s256.564875
113_79,s2.562917,s2.306006,s189.760781
113_80,s3.199182,s-2.106924,s300.323756
113_81,s-1.731994,s-3.607083,s217.803843
113_82,s-1.319048,s3.915531,s20.352830
113_83,s-2.422094,s3.847183,s32.726750
113_84,s4.082972,s1.670091,s230.355007
113_85,s-2.222002,s-3.367003,s144.290705
113_86,s-3.730721,s2.860473,s102.602211
113_87,s-3.817331,s-1.682584,s63.476844
113_88,s3.862940,s-0.114648,s289.486337
113_89,s2.867464,s4.101194,s304.068818
113_90,s-3.726236,s1.267402,s326.805869
113_91,s0.759815,s-4.307260,s290.261947
113_92,s-4.242274,s-0.678675,s66.114355
113_93,s3.478656,s2.295444,s317.511483
113_94,s4.147434,s-0.662414,s286.757574
113_95,s-0.986591,s-4.438832,s215.181773
113_96,s0.692872,s4.403470,s63.627414
113_97,s-4.301557,s-1.999702,s138.557902
113_98,s-1.945708,s4.021183,s336.191193
113_99,s-2.063927,s-4.256235,s76.034072
113_100,s3.872490,s-2.250182,s307.274734
113_101,s4.325672,s0.964204,s191.903627
113_102,s3.220384,s3.222633,s163.281392
113_103,s-0.740958,s4.159305,s53.306706
113_104,s3.623829,s-2.684571,s231.073358
113_105,s-3.273710,s-3.099614,s94.380665
113_106,s1.844837,s4.518977,s164.679016
113_107,s-0.088195,s-4.413145,s148.833755
113_108,s-3.566981,s3.582690,s21.121962
113_109,s4.650393,s-1.606314,s339.155720
113_110,s0.538224,s-4.679147,s232.921847
113_111,s3.557255,s-3.267237,s253.565887
113_112,s-4.201220,s1.747069,s121.466586
114_0,s-0.245873,s-0.028353,s324.251702
114_1,s-0.237579,s-0.866642,s19.041900
114_2,s0.164948,s-0.648691,s258.989809
114_3,s-0.332889,s0.548591,s-7.526177
114_4,s0.455714,s0.069403,s273.869296
114_5,s1.373409,s0.815500,s128.324526
114_6,s-0.900307,s-0.374576,s4.496736
114_7,s1.215762,s-0.916484,s214.631907
114_8,s-1.321725,s-0.842646,s94.288524
114_9,s0.940904,s-1.379059,s125.940469
114_10,s0.072643,s1.315585,s244.743024
114_11,s-1.231813,s0.601770,s-6.174039
114_12,s1.651880,s-0.053515,s355.496073
114_13,s1.226419,s1.409663,s57.179691
114_14,s-1.820405,s0.412067,s100.544934
114_15,s-1.242122,s1.871647,s105.849249
114_16,s-0.489370,s2.305641,s89.924272
114_17,s0.158805,s-1.440587,s162.513737
114_18,s-2.421908,s-0.147061,s227.105328
114_19,s1.360091,s-0.493926,s72.297215
114_20,s-2.238566,s1.422889,s1.347150
114_21,s-0.621736,s1.353012,s23.603476
114_22,s-0.542260,s-1.164230,s109.885187
114_23,s2.199729,s0.034399,s323.735152
114_24,s1.606288,s1.617039,s279.720454
114_25,s-0.572672,s-1.719450,s189.727372
114_26,s2.006702,s-0.315285,s202.825716
114_27,s1.315499,s-1.658033,s181.759950
114_28,s-1.014204,s3.081122,s60.423714
114_29,s-1.978596,s-2.180996,s57.357664
114_30,s1.062683,s2.151694,s75.911889
114_31,s0.492496,s-2.298213,s109.471847
114_32,s1.566359,s2.309229,s36.940585
114_33,s2.025454,s-1.970661,s248.791831
114_34,s0.578979,s-2.935778,s132.536804
114_35,s-1.305734,s-1.890911,s195.604895
114_36,s-2.837468,s0.472402,s186.253620
114_37,s-1.936896,s-1.438688,s39.746470
114_38,s-2.961901,s1.914837,s27.197103
114_39,s1.960507,s-1.248202,s233.077722
114_40,s-1.805553,s2.125454,s32.075221
114_41,s0.666322,s2.742461,s0.365304
114_42,s-3.028948,s-2.197893,s119.531246
114_43,s-2.904276,s-1.031270,s99.005803
114_44,s-0.050541,s2.430923,s-17.705944
114_45,s1.642465,s2.948438,s40.007087
114_46,s1.966340,s0.868289,s319.327189
114_47,s2.786154,s-0.472687,s212.342956
114_48,s-0.748812,s-2.913587,s228.122636
114_49,s-2.779439,s1.112003,s38.658179
114_50,s2.208560,s-2.531787,s127.895448
114_51,s2.153247,s2.986394,s265.138299
114_52,s2.694991,s0.826265,s281.138402
114_53,s-1.429254,s-2.803646,s139.536152
114_54,s2.944676,s-0.040183,s319.596106
114_55,s2.768259,s-2.491556,s181.941666
114_56,s-3.243800,s-0.454580,s106.422413
114_57,s-2.580827,s3.050967,s329.169633
114_58,s0.206928,s-3.627275,s194.938527
114_59,s2.947817,s1.631164,s254.125339
114_60,s-1.036026,s-3.458126,s168.843760
114_61,s0.774168,s-3.722861,s283.357857
114_62,s2.914168,s-1.409496,s252.974347
114_63,s-3.074354,s-1.481606,s147.617454
114_64,s-0.425665,s3.912487,s285.979957
114_65,s-2.935298,s-2.887256,s271.707948
114_66,s-0.739918,s3.657328,s204.291093
114_67,s3.685263,s0.580693,s345.052009
114_68,s-3.384663,s0.664702,s148.219605
114_69,s-3.274146,s3.071816,s312.914878
114_70,s-4.427081,s0.679022,s157.709111
114_71,s1.984909,s-4.066972,s190.825871
114_72,s2.252795,s3.550913,s376.570959
114_73,s-0.346060,s-3.670955,s134.417731
114_74,s3.764750,s-1.181461,s222.313935
114_75,s3.426368,s-0.464931,s349.678605
114_76,s-3.852117,s-1.024596,s110.399913
114_77,s1.037212,s3.727452,s355.653510
114_78,s2.218916,s-3.557269,s266.332413
114_79,s2.565136,s2.317649,s190.991629
114_80,s3.099496,s-2.060541,s301.652158
114_81,s-1.748642,s-3.654244,s208.934255
114_82,s-1.296476,s3.899033,s26.654351
114_83,s-2.422094,s3.847183,s32.726750
114_84,s4.082972,s1.670091,s230.355007
114_85,s-2.336516,s-3.426107,s153.963981
114_86,s-3.768791,s2.883768,s105.864319
114_87,s-3.872686,s-1.689388,s81.976266
114_88,s3.880371,s-0.026784,s282.944638
114_89,s2.922094,s4.058758,s309.919667
114_90,s-3.815510,s1.170994,s338.364445
114_91,s0.715844,s-4.290674,s282.418926
114_92,s-4.224010,s-0.672752,s69.939979
114_93,s3.478656,s2.295444,s317.511483
114_94,s4.155333,s-0.746815,s282.039746
114_95,s-1.004727,s-4.468627,s212.741109
114_96,s0.683673,s4.427489,s73.131864
114_97,s-4.301557,s-1.999702,s138.557902
114_98,s-1.965015,s4.027201,s349.509424
114_99,s-2.218351,s-4.444150,s90.674857
114_100,s3.872490,s-2.250182,s307.274734
114_101,s4.324215,s1.076660,s193.192711
114_102,s3.197592,s3.239221,s170.460771
114_103,s-0.740958,s4.159305,s53.306706
114_104,s3.623829,s-2.684571,s231.073358
114_105,s-3.584103,s-3.213548,s105.390899
114_106,s1.728766,s4.589408,s173.720869
114_107,s0.067581,s-4.244227,s152.008793
114_108,s-3.714991,s3.735302,s8.497363
114_109,s4.650393,s-1.606314,s339.155720
114_110,s0.487017,s-4.678716,s232.978482
114_111,s3.557255,s-3.267237,s253.565887
114_112,s-4.198180,s1.715072,s120.990234
114_113,s4.851118,s0.325647,s330.093962
115_0,s-0.245873,s-0.028353,s324.251702
115_1,s-0.237579,s-0.866642,s19.041900
115_2,s0.164948,s-0.648691,s258.989809
115_3,s-0.332889,s0.548591,s-7.526177
115_4,s0.455714,s0.069403,s273.869296
115_5,s1.373409,s0.815500,s128.324526
115_6,s-0.900307,s-0.374576,s4.496736
115_7,s1.215762,s-0.916484,s214.631907
115_8,s-1.321725,s-0.842646,s94.288524
115_9,s0.940904,s-1.379059,s125.940469
115_10,s0.072643,s1.315585,s244.743024
115_11,s-1.231813,s0.601770,s-6.174039
115_12,s1.651880,s-0.053515,s355.496073
115_13,s1.226419,s1.409663,s57.179691
115_14,s-1.820405,s0.412067,s100.544934
115_15,s-1.242122,s1.871647,s105.849249
115_16,s-0.489370,s2.305641,s89.924272
115_17,s0.158805,s-1.440587,s162.513737
115_18,s-2.421908,s-0.147061,s227.105328
115_19,s1.360091,s-0.493926,s72.297215
115_20,s-2.238566,s1.422889,s1.347150
115_21,s-0.621736,s1.353012,s23.603476
115_22,s-0.542260,s-1.164230,s109.885187
115_23,s2.199729,s0.034399,s323.735152
115_24,s1.606288,s1.617039,s279.720454
115_25,s-0.572672,s-1.719450,s189.727372
115_26,s2.006702,s-0.315285,s202.825716
115_27,s1.315499,s-1.658033,s181.759950
115_28,s-1.014204,s3.081122,s60.423714
115_29,s-1.978596,s-2.180996,s57.357664
115_30,s1.062683,s2.151694,s75.911889
115_31,s0.492496,s-2.298213,s109.471847
115_32,s1.566359,s2.309229,s36.940585
115_33,s2.025454,s-1.970661,s248.791831
115_34,s0.578979,s-2.935778,s132.536804
115_35,s-1.305734,s-1.890911,s195.604895
115_36,s-2.837468,s0.472402,s186.253620
115_37,s-1.936896,s-1.438688,s39.746470
115_38,s-2.961901,s1.914837,s27.197103
115_39,s1.960507,s-1.248202,s233.077722
115_40,s-1.805553,s2.125454,s32.075221
115_41,s0.666322,s2.742461,s0.365304
115_42,s-3.028948,s-2.197893,s119.531246
115_43,s-2.904276,s-1.031270,s99.005803
115_44,s-0.050541,s2.430923,s-17.705944
115_45,s1.642465,s2.948438,s40.007087
115_46,s1.966340,s0.868289,s319.327189
115_47,s2.786154,s-0.472687,s212.342956
115_48,s-0.748812,s-2.913587,s228.122636
115_49,s-2.779439,s1.112003,s38.658179
115_50,s2.208560,s-2.531787,s127.895448
115_51,s2.153247,s2.986394,s265.138299
115_52,s2.694991,s0.826265,s281.138402
115_53,s-1.429254,s-2.803646,s139.536152
115_54,s2.944676,s-0.040183,s319.596106
115_55,s2.768259,s-2.491556,s181.941666
115_56,s-3.243800,s-0.454580,s106.422413
115_57,s-2.580827,s3.050967,s329.169633
115_58,s0.206928,s-3.627275,s194.938527
115_59,s2.947817,s1.631164,s254.125339
115_60,s-1.036026,s-3.458126,s168.843760
115_61,s0.774168,s-3.722861,s283.357857
115_62,s2.914168,s-1.409496,s252.974347
115_63,s-3.074354,s-1.481606,s147.617454
115_64,s-0.425665,s3.912487,s285.979957
115_65,s-2.935298,s-2.887256,s271.707948
115_66,s-0.739918,s3.657328,s204.291093
115_67,s3.685263,s0.580693,s345.052009
115_68,s-3.384663,s0.664702,s148.219605
115_69,s-3.274146,s3.071816,s312.914878
115_70,s-4.427081,s0.679022,s157.709111
115_71,s1.984909,s-4.066972,s190.825871
115_72,s2.252795,s3.550913,s376.570959
115_73,s-0.346060,s-3.670955,s134.417731
115_74,s3.764750,s-1.181461,s222.313935
115_75,s3.426368,s-0.464931,s349.678605
115_76,s-3.852117,s-1.024596,s110.399913
115_77,s1.037212,s3.727452,s355.653510
115_78,s2.218916,s-3.557269,s266.332413
115_79,s2.565136,s2.317649,s190.991629
115_80,s3.099496,s-2.060541,s301.652158
115_81,s-1.748642,s-3.654244,s208.934255
115_82,s-1.296476,s3.899033,s26.654351
115_83,s-2.422094,s3.847183,s32.726750
115_84,s4.082972,s1.670091,s230.355007
115_85,s-2.336516,s-3.426107,s153.963981
115_86,s-3.768791,s2.883768,s105.864319
115_87,s-3.872686,s-1.689388,s81.976266
115_88,s3.880371,s-0.026784,s282.944638
115_89,s2.922094,s4.058758,s309.919667
115_90,s-3.815510,s1.170994,s338.364445
115_91,s0.715844,s-4.290674,s282.418926
115_92,s-4.224010,s-0.672752,s69.939979
115_93,s3.478656,s2.295444,s317.511483
115_94,s4.155333,s-0.746815,s282.039746
115_95,s-1.004727,s-4.468627,s212.741109
115_96,s0.683673,s4.427489,s73.131864
115_97,s-4.301557,s-1.999702,s138.557902
115_98,s-1.965015,s4.027201,s349.509424
115_99,s-2.218351,s-4.444150,s90.674857
115_100,s3.872490,s-2.250182,s307.274734
115_101,s4.324215,s1.076660,s193.192711
115_102,s3.197592,s3.239221,s170.460771
115_103,s-0.740958,s4.159305,s53.306706
115_104,s3.623829,s-2.684571,s231.073358
115_105,s-3.584103,s-3.213548,s105.390899
115_106,s1.728766,s4.589408,s173.720869
115_107,s0.067581,s-4.244227,s152.008793
115_108,s-3.714991,s3.735302,s8.497363
115_109,s4.650393,s-1.606314,s339.155720
115_110,s0.487017,s-4.678716,s232.978482
115_111,s3.557255,s-3.267237,s253.565887
115_112,s-4.198180,s1.715072,s120.990234
115_113,s4.851118,s0.325647,s330.093962
115_114,s4.068148,s2.037810,s339.054416
116_0,s-0.245873,s-0.028353,s324.251702
116_1,s-0.237579,s-0.866642,s19.041900
116_2,s0.164948,s-0.648691,s258.989809
116_3,s-0.369382,s0.511812,s-2.473917
116_4,s0.455714,s0.069403,s273.869296
116_5,s1.303877,s0.813945,s128.691610
116_6,s-0.869606,s-0.431054,s1.287242
116_7,s1.257922,s-0.974127,s214.536479
116_8,s-1.240836,s-0.808426,s92.900312
116_9,s0.779343,s-1.427129,s123.543448
116_10,s0.083104,s1.337940,s249.416407
116_11,s-1.231831,s0.487038,s-6.988068
116_12,s1.651880,s-0.053515,s355.496073
116_13,s1.247473,s1.493786,s58.445792
116_14,s-1.778084,s0.456402,s101.385764
116_15,s-1.174907,s1.800120,s111.577045
116_16,s-0.485740,s2.322216,s93.010215
116_17,s-0.030251,s-1.305561,s171.575015
116_18,s-2.420163,s-0.197934,s241.548914
116_19,s1.360091,s-0.493926,s72.297215
116_20,s-2.263042,s1.449115,s-10.063835
116_21,s-0.586900,s1.327415,s24.560367
116_22,s-0.542260,s-1.164230,s109.885187
116_23,s2.199729,s0.034399,s323.735152
116_24,s1.706160,s1.493837,s283.945589
116_25,s-0.572672,s-1.719450,s189.727372
116_26,s2.080863,s-0.381322,s203.466560
116_27,s1.315499,s-1.658033,s181.759950
116_28,s-1.145917,s3.016765,s60.186519
116_29,s-1.881150,s-2.036618,s70.602573
116_30,s1.062683,s2.151694,s75.911889
116_31,s0.585490,s-2.294765,s108.647219
116_32,s1.566359,s2.309229,s36.940585
116_33,s2.025454,s-1.970661,s248.791831
116_34,s0.645517,s-3.041880,s128.609845
116_35,s-1.276181,s-2.033018,s188.377347
116_36,s-2.837468,s0.472402,s186.253620
116_37,s-1.937384,s-1.395945,s36.762695
116_38,s-2.961901,s1.914837,s27.197103
116_39,s1.960507,s-1.248202,s233.077722
116_40,s-1.727002,s2.115576,s26.806516
116_41,s0.637780,s2.796406,s1.178685
116_42,s-2.930003,s-2.153098,s122.671008
116_43,s-2.904276,s-1.031270,s99.005803
116_44,s-0.142752,s2.420058,s-15.790430
116_45,s1.642465,s2.948438,s40.007087
116_46,s1.966340,s0.868289,s319.327189
116_47,s2.821569,s-0.455895,s219.978354
116_48,s-0.555996,s-2.936506,s223.502083
116_49,s-2.779439,s1.112003,s38.658179
116_50,s2.208560,s-2.531787,s127.895448
116_51,s2.090128,s3.003757,s267.411169
116_52,s2.660779,s0.772461,s280.490089
116_53,s-1.429254,s-2.803646,s139.536152
116_54,s2.944676,s-0.040183,s319.596106
116_55,s2.875358,s-2.437510,s172.548160
116_56,s-3.243800,s-0.454580,s106.422413
116_57,s-2.452880,s2.935376,s325.112912
116_58,s0.200212,s-3.709765,s196.894399
116_59,s3.128028,s1.785102,s248.317239
116_60,s-1.036026,s-3.458126,s168.843760
116_61,s0.774168,s-3.722861,s283.357857
116_62,s2.906191,s-1.386636,s257.461367
116_63,s-3.074354,s-1.481606,s147.617454
116_64,s-0.401107,s3.893729,s283.501707
116_65,s-2.928398,s-2.840683,s283.896291
116_66,s-0.739918,s3.657328,s204.291093
116_67,s3.724150,s0.594127,s358.408112
116_68,s-3.384663,s0.664702,s148.219605
116_69,s-3.287519,s3.067381,s317.188355
116_70,s-4.611878,s0.540976,s152.968094
116_71,s1.978784,s-4.213074,s185.839936
116_72,s2.253960,s3.499693,s375.267688
116_73,s-0.273344,s-3.721602,s129.552961
116_74,s3.698558,s-1.108167,s212.808109
116_75,s3.426368,s-0.464931,s349.678605
116_76,s-3.852117,s-1.024596,s110.399913
116_77,s1.025935,s3.820181,s353.820231
116_78,s2.218916,s-3.557269,s266.332413
116_79,s2.607858,s2.309688,s189.262948
116_80,s3.099496,s-2.060541,s301.652158
116_81,s-1.713083,s-3.688832,s211.670559
116_82,s-1.296476,s3.899033,s26.654351
116_83,s-2.477063,s3.834796,s32.983422
116_84,s4.082972,s1.670091,s230.355007
116_85,s-2.248766,s-3.480852,s155.538064
116_86,s-3.785189,s2.842675,s102.662136
116_87,s-3.872686,s-1.689388,s81.976266
116_88,s3.900287,s-0.109270,s266.900131
116_89,s2.811244,s4.055375,s306.325632
116_90,s-3.679263,s1.404713,s339.962090
116_91,s0.715844,s-4.290674,s282.418926
116_92,s-4.224010,s-0.672752,s69.939979
116_93,s3.424947,s2.300811,s320.433288
116_94,s4.170936,s-0.781354,s287.153803
116_95,s-1.004727,s-4.468627,s212.741109
116_96,s0.505634,s4.426973,s80.321345
116_97,s-4.301557,s-1.999702,s138.557902
116_98,s-1.942163,s4.015826,s348.627787
116_99,s-2.178899,s-4.473398,s98.747779
116_100,s3.886093,s-2.157643,s307.730800
116_101,s4.324215,s1.076660,s193.192711
116_102,s3.197592,s3.239221,s170.460771
116_103,s-0.740958,s4.159305,s53.306706
116_104,s3.631335,s-2.650481,s228.126494
116_105,s-3.473885,s-3.202225,s106.432313
116_106,s1.662544,s4.790588,s164.665873
116_107,s0.019071,s-4.313227,s151.062315
116_108,s-3.544153,s3.562313,s14.786869
116_109,s4.650393,s-1.606314,s339.155720
116_110,s0.487017,s-4.678716,s232.978482
116_111,s3.557255,s-3.267237,s253.565887
116_112,s-4.103281,s1.702098,s117.529391
116_113,s4.890401,s0.258756,s333.805748
116_114,s4.068148,s2.037810,s339.054416
116_115,s-1.710992,s-4.532020,s229.242122
117_0,s-0.245873,s-0.028353,s324.251702
117_1,s-0.237579,s-0.866642,s19.041900
117_2,s0.287826,s-0.715291,s246.911341
117_3,s-0.369382,s0.511812,s-2.473917
117_4,s0.493341,s0.011603,s275.461656
117_5,s1.303877,s0.813945,s128.691610
117_6,s-0.869606,s-0.431054,s1.287242
117_7,s1.257922,s-0.974127,s214.536479
117_8,s-1.240836,s-0.808426,s92.900312
117_9,s0.779343,s-1.427129,s123.543448
117_10,s0.083104,s1.337940,s249.416407
117_11,s-1.231831,s0.487038,s-6.988068
117_12,s1.651880,s-0.053515,s355.496073
117_13,s1.196354,s1.397391,s68.982469
117_14,s-1.778084,s0.456402,s101.385764
117_15,s-1.174907,s1.800120,s111.577045
117_16,s-0.485740,s2.322216,s93.010215
117_17,s-0.030251,s-1.305561,s171.575015
117_18,s-2.420163,s-0.197934,s241.548914
117_19,s1.360091,s-0.493926,s72.297215
117_20,s-2.206872,s1.390634,s-4.925903
117_21,s-0.586900,s1.327415,s24.560367
117_22,s-0.542260,s-1.164230,s109.885187
117_23,s2.199729,s0.034399,s323.735152
117_24,s1.706160,s1.493837,s283.945589
117_25,s-0.572672,s-1.719450,s189.727372
117_26,s2.080863,s-0.381322,s203.466560
117_27,s1.396128,s-1.761259,s170.019176
117_28,s-1.203445,s3.045961,s53.625173
117_29,s-1.881150,s-2.036618,s70.602573
117_30,s1.062683,s2.151694,s75.911889
117_31,s0.585490,s-2.294765,s108.647219
117_32,s1.566359,s2.309229,s36.940585
117_33,s2.025454,s-1.970661,s248.791831
117_34,s0.645517,s-3.041880,s128.609845
117_35,s-1.276181,s-2.033018,s188.377347
117_36,s-2.834774,s0.609485,s185.885414
117_37,s-1.937384,s-1.395945,s36.762695
117_38,s-2.961901,s1.914837,s27.197103
117_39,s1.960507,s-1.248202,s233.077722
117_40,s-1.727002,s2.115576,s26.806516
117_41,s0.637780,s2.796406,s1.178685
117_42,s-2.930003,s-2.153098,s122.671008
117_43,s-2.904276,s-1.031270,s99.005803
117_44,s-0.142752,s2.420058,s-15.790430
117_45,s1.743300,s2.942948,s50.073230
117_46,s2.042062,s0.788660,s322.791576
117_47,s2.821569,s-0.455895,s219.978354
117_48,s-0.555996,s-2.936506,s223.502083
117_49,s-2.779439,s1.112003,s38.658179
117_50,s2.247117,s-2.627270,s122.974688
117_51,s2.090128,s3.003757,s267.411169
117_52,s2.660779,s0.772461,s280.490089
117_53,s-1.429254,s-2.803646,s139.536152
117_54,s2.944676,s-0.040183,s319.596106
117_55,s2.875358,s-2.437510,s172.548160
117_56,s-3.243800,s-0.454580,s106.422413
117_57,s-2.452880,s2.935376,s325.112912
117_58,s0.200212,s-3.709765,s196.894399
117_59,s3.243295,s1.856049,s249.575677
117_60,s-1.036026,s-3.458126,s168.843760
117_61,s0.774168,s-3.722861,s283.357857
117_62,s2.906191,s-1.386636,s257.461367
117_63,s-3.139265,s-1.541500,s143.987455
117_64,s-0.401107,s3.893729,s283.501707
117_65,s-2.928398,s-2.840683,s283.896291
117_66,s-0.756268,s3.555694,s203.659302
117_67,s3.724150,s0.594127,s358.408112
117_68,s-3.384663,s0.664702,s148.219605
117_69,s-3.287519,s3.067381,s317.188355
117_70,s-4.611878,s0.540976,s152.968094
117_71,s1.978784,s-4.213074,s185.839936
117_72,s2.325775,s3.583367,s380.197511
117_73,s-0.273344,s-3.721602,s129.552961
117_74,s3.698558,s-1.108167,s212.808109
117_75,s3.426368,s-0.464931,s349.678605
117_76,s-3.852117,s-1.024596,s110.399913
117_77,s1.080360,s3.817993,s354.115163
117_78,s2.218916,s-3.557269,s266.332413
117_79,s2.606716,s2.296224,s183.460106
117_80,s3.099496,s-2.060541,s301.652158
117_81,s-1.713083,s-3.688832,s211.670559
117_82,s-1.296476,s3.899033,s26.654351
117_83,s-2.430809,s3.773145,s32.788318
117_84,s4.082972,s1.670091,s230.355007
117_85,s-2.248766,s-3.480852,s155.538064
117_86,s-3.785189,s2.842675,s102.662136
117_87,s-3.872686,s-1.689388,s81.976266
117_88,s3.900287,s-0.109270,s266.900131
117_89,s2.811244,s4.055375,s306.325632
117_90,s-3.679263,s1.404713,s339.962090
117_91,s0.715844,s-4.290674,s282.418926
117_92,s-4.224010,s-0.672752,s69.939979
117_93,s3.434660,s2.387565,s316.881615
117_94,s4.170936,s-0.781354,s287.153803
117_95,s-1.002143,s-4.404775,s207.159531
117_96,s0.505634,s4.426973,s80.321345
117_97,s-4.301557,s-1.999702,s138.557902
117_98,s-1.942163,s4.015826,s348.627787
117_99,s-2.178899,s-4.473398,s98.747779
117_100,s3.886093,s-2.157643,s307.730800
117_101,s4.324215,s1.076660,s193.192711
117_102,s3.197592,s3.239221,s170.460771
117_103,s-0.740958,s4.159305,s53.306706
117_104,s3.631335,s-2.650481,s228.126494
117_105,s-3.473885,s-3.202225,s106.432313
117_106,s1.772220,s4.755090,s176.571589
117_107,s0.019071,s-4.313227,s151.062315
117_108,s-3.544153,s3.562313,s14.786869
117_109,s4.650393,s-1.606314,s339.155720
117_110,s0.420254,s-4.686179,s237.116177
117_111,s3.557255,s-3.267237,s253.565887
117_112,s-4.103281,s1.702098,s117.529391
117_113,s4.890401,s0.258756,s333.805748
117_114,s4.068148,s2.037810,s339.054416
117_115,s-1.710992,s-4.532020,s229.242122
117_116,s0.670333,s4.904401,s294.336056
118_0,s-0.158887,s-0.063165,s316.247586
118_1,s-0.237579,s-0.866642,s19.041900
118_2,s0.407457,s-0.701550,s242.610836
118_3,s-0.369382,s0.511812,s-2.473917
118_4,s0.493341,s0.011603,s275.461656
118_5,s1.303877,s0.813945,s128.691610
118_6,s-0.896056,s-0.521764,s6.313959
118_7,s1.257922,s-0.974127,s214.536479
118_8,s-1.236467,s-0.667877,s101.380220
118_9,s0.816897,s-1.361447,s136.742610
118_10,s0.172835,s1.425685,s253.987428
118_11,s-1.191282,s0.558268,s-8.764177
118_12,s1.629933,s-0.070976,s357.043730
118_13,s1.217453,s1.361702,s63.871334
118_14,s-1.752857,s0.450489,s108.579803
118_15,s-1.174907,s1.800120,s111.577045
118_16,s-0.485740,s2.322216,s93.010215
118_17,s0.033308,s-1.317908,s174.482361
118_18,s-2.440877,s-0.262513,s247.100747
118_19,s1.377736,s-0.506549,s71.106446
118_20,s-2.173654,s1.343395,s-10.366777
118_21,s-0.698236,s1.311010,s15.576015
118_22,s-0.548255,s-1.095009,s105.263029
118_23,s2.199729,s0.034399,s323.735152
118_24,s1.758810,s1.460345,s278.449197
118_25,s-0.550911,s-1.703175,s188.472462
118_26,s2.093532,s-0.433374,s206.084278
118_27,s1.488517,s-2.003786,s178.968966
118_28,s-1.052293,s3.048715,s46.618208
118_29,s-1.873874,s-2.130436,s60.986639
118_30,s1.031031,s2.189040,s75.572191
118_31,s0.665685,s-2.167990,s105.927368
118_32,s1.566359,s2.309229,s36.940585
118_33,s1.954529,s-1.902892,s240.364014
118_34,s0.620167,s-3.010802,s123.338848
118_35,s-1.186654,s-1.839657,s179.532027
118_36,s-2.834774,s0.609485,s185.885414
118_37,s-2.166824,s-1.310867,s40.922709
118_38,s-2.944006,s1.968461,s23.269528
118_39,s1.960507,s-1.248202,s233.077722
118_40,s-1.663981,s2.144890,s28.924537
118_41,s0.685660,s2.718658,s6.979438
118_42,s-2.857584,s-2.152914,s120.537532
118_43,s-2.904276,s-1.031270,s99.005803
118_44,s-0.048917,s2.402275,s-20.298450
118_45,s1.743300,s2.942948,s50.073230
118_46,s1.939786,s0.818652,s324.599581
118_47,s2.821569,s-0.455895,s219.978354
118_48,s-0.564223,s-2.968875,s223.729886
118_49,s-2.753722,s1.047995,s39.040230
118_50,s2.307864,s-2.742950,s122.012658
118_51,s2.090128,s3.003757,s267.411169
118_52,s2.660779,s0.772461,s280.490089
118_53,s-1.429254,s-2.803646,s139.536152
118_54,s2.944676,s-0.040183,s319.596106
118_55,s2.772331,s-2.401408,s168.497851
118_56,s-3.243800,s-0.454580,s106.422413
118_57,s-2.453186,s2.830961,s336.774386
118_58,s0.200212,s-3.709765,s196.894399
118_59,s3.243295,s1.856049,s249.575677
118_60,s-1.036026,s-3.458126,s168.843760
118_61,s0.774168,s-3.722861,s283.357857
118_62,s2.906191,s-1.386636,s257.461367
118_63,s-3.178410,s-1.535353,s145.807494
118_64,s-0.401107,s3.893729,s283.501707
118_65,s-2.928398,s-2.840683,s283.896291
118_66,s-0.756268,s3.555694,s203.659302
118_67,s3.718791,s0.685046,s352.106326
118_68,s-3.304567,s0.592468,s145.621304
118_69,s-3.343396,s3.138547,s325.878187
118_70,s-4.543389,s0.450550,s143.396428
118_71,s1.977517,s-4.071637,s193.790172
118_72,s2.298484,s3.649194,s382.657003
118_73,s-0.271809,s-3.729893,s121.108271
118_74,s3.651377,s-0.905366,s208.415420
118_75,s3.426368,s-0.464931,s349.678605
118_76,s-3.852117,s-1.024596,s110.399913
118_77,s1.185375,s3.815845,s354.427881
118_78,s2.218627,s-3.680508,s253.552733
118_79,s2.628026,s2.375987,s176.171590
118_80,s3.099496,s-2.060541,s301.652158
118_81,s-1.674933,s-3.690471,s214.658157
118_82,s-1.296476,s3.899033,s26.654351
118_83,s-2.544522,s3.687376,s27.170806
118_84,s4.082972,s1.670091,s230.355007
118_85,s-2.358253,s-3.433505,s146.857010
118_86,s-3.765528,s2.728680,s105.290340
118_87,s-3.883225,s-1.690403,s82.832324
118_88,s3.884359,s0.106503,s268.052104
118_89,s2.979189,s3.893900,s302.911351
118_90,s-3.679263,s1.404713,s339.962090
118_91,s0.715844,s-4.290674,s282.418926
118_92,s-4.232508,s-0.647620,s81.367144
118_93,s3.476807,s2.379023,s312.713848
118_94,s4.136164,s-0.874644,s287.138746
118_95,s-0.931935,s-4.465668,s217.308190
118_96,s0.593411,s4.388680,s83.634166
118_97,s-4.486027,s-2.147099,s138.115624
118_98,s-1.934896,s4.146142,s347.831268
118_99,s-2.351077,s-4.482156,s105.466846
118_100,s3.886093,s-2.157643,s307.730800
118_101,s4.324215,s1.076660,s193.192711
118_102,s3.204761,s3.213979,s165.907632
118_103,s-0.719878,s4.107593,s48.818113
118_104,s3.631335,s-2.650481,s228.126494
118_105,s-3.419967,s-3.091942,s106.527197
118_106,s1.697576,s4.845398,s174.386027
118_107,s-0.010023,s-4.220791,s149.548918
118_108,s-3.544153,s3.562313,s14.786869
118_109,s4.643354,s-1.505708,s347.451420
118_110,s0.420254,s-4.686179,s237.116177
118_111,s3.538459,s-3.298473,s254.058977
118_112,s-4.151323,s1.682880,s119.468621
118_113,s4.942099,s0.194849,s342.560900
118_114,s4.068148,s2.037810,s339.054416
118_115,s-1.688824,s-4.544380,s240.328357
118_116,s0.594832,s4.822856,s293.576472
118_117,s4.381860,s-2.509149,s259.831524
119_0,s-0.158887,s-0.063165,s316.247586
119_1,s-0.237579,s-0.866642,s19.041900
119_2,s0.407457,s-0.701550,s242.610836
119_3,s-0.539124,s0.553897,s-8.903424
119_4,s0.493341,s0.011603,s275.461656
119_5,s1.303877,s0.813945,s128.691610
119_6,s-0.925765,s-0.421668,s14.337285
119_7,s1.257922,s-0.974127,s214.536479
119_8,s-1.236467,s-0.667877,s101.380220
119_9,s0.816897,s-1.361447,s136.742610
119_10,s0.172835,s1.425685,s253.987428
119_11,s-1.191282,s0.558268,s-8.764177
119_12,s1.629933,s-0.070976,s357.043730
119_13,s1.217453,s1.361702,s63.871334
119_14,s-1.752362,s0.583331,s119.453823
119_15,s-1.174907,s1.800120,s111.577045
119_16,s-0.485740,s2.322216,s93.010215
119_17,s0.033308,s-1.317908,s174.482361
119_18,s-2.440877,s-0.262513,s247.100747
119_19,s1.377736,s-0.506549,s71.106446
119_20,s-2.173654,s1.343395,s-10.366777
119_21,s-0.698236,s1.311010,s15.576015
119_22,s-0.548255,s-1.095009,s105.263029
119_23,s2.199729,s0.034399,s323.735152
119_24,s1.758810,s1.460345,s278.449197
119_25,s-0.466458,s-1.810900,s197.521236
119_26,s2.093532,s-0.433374,s206.084278
119_27,s1.497538,s-2.075849,s186.773259
119_28,s-1.052293,s3.048715,s46.618208
119_29,s-2.046144,s-2.170452,s63.059425
119_30,s1.031031,s2.189040,s75.572191
119_31,s0.665685,s-2.167990,s105.927368
119_32,s1.566359,s2.309229,s36.940585
119_33,s1.954529,s-1.902892,s240.364014
119_34,s0.620167,s-3.010802,s123.338848
119_35,s-1.186654,s-1.839657,s179.532027
119_36,s-2.834774,s0.609485,s185.885414
119_37,s-2.117984,s-1.311007,s36.748526
119_38,s-2.944006,s1.968461,s23.269528
119_39,s1.973709,s-1.257465,s242.539605
119_40,s-1.663981,s2.144890,s28.924537
119_41,s0.685660,s2.718658,s6.979438
119_42,s-2.818865,s-2.106325,s128.915390
119_43,s-2.904276,s-1.031270,s99.005803
119_44,s-0.048917,s2.402275,s-20.298450
119_45,s1.743300,s2.942948,s50.073230
119_46,s1.939786,s0.818652,s324.599581
119_47,s2.821569,s-0.455895,s219.978354
119_48,s-0.564223,s-2.968875,s223.729886
119_49,s-2.753722,s1.047995,s39.040230
119_50,s2.197663,s-2.769540,s113.968296
119_51,s2.090128,s3.003757,s267.411169
119_52,s2.660779,s0.772461,s280.490089
119_53,s-1.429254,s-2.803646,s139.536152
119_54,s2.944676,s-0.040183,s319.596106
119_55,s2.772331,s-2.401408,s168.497851
119_56,s-3.243800,s-0.454580,s106.422413
119_57,s-2.453186,s2.830961,s336.774386
119_58,s0.200212,s-3.709765,s196.894399
119_59,s3.243295,s1.856049,s249.575677
119_60,s-1.036026,s-3.458126,s168.843760
119_61,s0.774168,s-3.722861,s283.357857
119_62,s2.906191,s-1.386636,s257.461367
119_63,s-3.178410,s-1.535353,s145.807494
119_64,s-0.401107,s3.893729,s283.501707
119_65,s-2.928398,s-2.840683,s283.896291
119_66,s-0.756268,s3.555694,s203.659302
119_67,s3.718791,s0.685046,s352.106326
119_68,s-3.304567,s0.592468,s145.621304
119_69,s-3.343396,s3.138547,s325.878187
119_70,s-4.543389,s0.450550,s143.396428
119_71,s1.977517,s-4.071637,s193.790172
119_72,s2.298484,s3.649194,s382.657003
119_73,s-0.271809,s-3.729893,s121.108271
119_74,s3.651377,s-0.905366,s208.415420
119_75,s3.426368,s-0.464931,s349.678605
119_76,s-3.852117,s-1.024596,s110.399913
119_77,s0.923503,s3.586637,s348.190491
119_78,s2.212398,s-3.628962,s254.596571
119_79,s2.628026,s2.375987,s176.171590
119_80,s3.099496,s-2.060541,s301.652158
119_81,s-1.674933,s-3.690471,s214.658157
119_82,s-1.296476,s3.899033,s26.654351
119_83,s-2.544522,s3.687376,s27.170806
119_84,s4.082972,s1.670091,s230.355007
119_85,s-2.327564,s-3.577188,s134.339759
119_86,s-3.782541,s2.653880,s100.116092
119_87,s-3.985412,s-1.778464,s81.577200
119_88,s3.884359,s0.106503,s268.052104
119_89,s2.979189,s3.893900,s302.911351
119_90,s-3.679263,s1.404713,s339.962090
119_91,s0.715844,s-4.290674,s282.418926
119_92,s-4.232508,s-0.647620,s81.367144
119_93,s3.476807,s2.379023,s312.713848
119_94,s4.136164,s-0.874644,s287.138746
119_95,s-0.931935,s-4.465668,s217.308190
119_96,s0.593411,s4.388680,s83.634166
119_97,s-4.486027,s-2.147099,s138.115624
119_98,s-1.934896,s4.146142,s347.831268
119_99,s-2.351077,s-4.482156,s105.466846
119_100,s3.886093,s-2.157643,s307.730800
119_101,s4.324215,s1.076660,s193.192711
119_102,s3.204761,s3.213979,s165.907632
119_103,s-0.719878,s4.107593,s48.818113
119_104,s3.631335,s-2.650481,s228.126494
119_105,s-3.419967,s-3.091942,s106.527197
119_106,s1.697576,s4.845398,s174.386027
119_107,s-0.010023,s-4.220791,s149.548918
119_108,s-3.544153,s3.562313,s14.786869
119_109,s4.643354,s-1.505708,s347.451420
119_110,s0.420254,s-4.686179,s237.116177
119_111,s3.538459,s-3.298473,s254.058977
119_112,s-4.151323,s1.682880,s119.468621
119_113,s4.879536,s0.451424,s331.591743
119_114,s4.068148,s2.037810,s339.054416
119_115,s-1.688824,s-4.544380,s240.328357
119_116,s0.594832,s4.822856,s293.576472
119_117,s4.377721,s-2.611329,s270.221701
119_118,s-4.776558,s-0.896714,s170.940092
120_0,s-0.163755,s-0.051221,s318.954144
120_1,s-0.237579,s-0.866642,s19.041900
120_2,s0.407457,s-0.701550,s242.610836
120_3,s-0.419585,s0.515648,s2.457964
120_4,s0.390469,s-0.007906,s268.704814
120_5,s1.330919,s0.860824,s124.138946
120_6,s-0.884354,s-0.386179,s23.265489
120_7,s1.257922,s-0.974127,s214.536479
120_8,s-1.261079,s-0.716415,s96.744984
120_9,s0.955230,s-1.448798,s138.840380
120_10,s0.240294,s1.402654,s246.788177
120_11,s-1.191282,s0.558268,s-8.764177
120_12,s1.590753,s-0.177760,s350.301028
120_13,s1.217453,s1.361702,s63.871334
120_14,s-1.761842,s0.576317,s119.057410
120_15,s-1.174907,s1.800120,s111.577045
120_16,s-0.400839,s2.356410,s90.510348
120_17,s0.033308,s-1.317908,s174.482361
120_18,s-2.386314,s-0.239403,s241.423219
120_19,s1.377736,s-0.506549,s71.106446
120_20,s-2.130173,s1.288548,s3.128820
120_21,s-0.698236,s1.311010,s15.576015
120_22,s-0.548255,s-1.095009,s105.263029
120_23,s2.048296,s0.031874,s320.829365
120_24,s1.722244,s1.458880,s275.488246
120_25,s-0.466458,s-1.810900,s197.521236
120_26,s2.161671,s-0.528744,s205.056455
120_27,s1.476933,s-2.045943,s191.117693
120_28,s-1.087964,s3.026763,s46.198572
120_29,s-2.046144,s-2.170452,s63.059425
120_30,s0.892884,s2.119062,s71.749549
120_31,s0.814415,s-2.367993,s107.149668
120_32,s1.566359,s2.309229,s36.940585
120_33,s1.907019,s-1.935216,s238.615625
120_34,s0.620167,s-3.010802,s123.338848
120_35,s-1.089051,s-1.847941,s185.899215
120_36,s-2.905331,s0.579581,s186.631605
120_37,s-2.117984,s-1.311007,s36.748526
120_38,s-3.008867,s2.017160,s32.928246
120_39,s1.945041,s-1.165515,s247.415805
120_40,s-1.630772,s2.115678,s30.396090
120_41,s0.769980,s2.888654,s13.072747
120_42,s-2.818652,s-2.144337,s136.844711
120_43,s-2.904276,s-1.031270,s99.005803
120_44,s-0.019528,s2.593809,s-25.520028
120_45,s1.682749,s2.964918,s53.414180
120_46,s1.926444,s0.822050,s322.569349
120_47,s2.821569,s-0.455895,s219.978354
120_48,s-0.564223,s-2.968875,s223.729886
120_49,s-2.774789,s1.088329,s33.151199
120_50,s2.291130,s-2.640440,s117.250024
120_51,s2.090128,s3.003757,s267.411169
120_52,s2.660779,s0.772461,s280.490089
120_53,s-1.438639,s-2.755138,s143.545940
120_54,s2.944676,s-0.040183,s319.596106
120_55,s2.772331,s-2.401408,s168.497851
120_56,s-3.081625,s-0.391969,s99.671770
120_57,s-2.453186,s2.830961,s336.774386
120_58,s0.200212,s-3.709765,s196.894399
120_59,s3.081800,s2.017261,s251.752443
120_60,s-0.902453,s-3.396794,s162.781460
120_61,s0.798784,s-3.630994,s285.889748
120_62,s2.926052,s-1.396493,s261.622943
120_63,s-3.164605,s-1.550116,s144.700329
120_64,s-0.469633,s3.882783,s286.512562
120_65,s-2.930610,s-3.090123,s282.823598
120_66,s-0.756268,s3.555694,s203.659302
120_67,s3.718791,s0.685046,s352.106326
120_68,s-3.395463,s0.521068,s149.260568
120_69,s-3.434347,s2.941271,s323.752512
120_70,s-4.476167,s0.354907,s141.561122
120_71,s2.010093,s-4.314001,s192.768052
120_72,s2.307141,s3.589497,s393.580704
120_73,s-0.271809,s-3.729893,s121.108271
120_74,s3.651377,s-0.905366,s208.415420
120_75,s3.426368,s-0.464931,s349.678605
120_76,s-3.852117,s-1.024596,s110.399913
120_77,s0.825129,s3.813690,s333.425300
120_78,s2.212398,s-3.628962,s254.596571
120_79,s2.692198,s2.462597,s174.620318
120_80,s3.099496,s-2.060541,s301.652158
120_81,s-1.674933,s-3.690471,s214.658157
120_82,s-1.296476,s3.899033,s26.654351
120_83,s-2.533689,s3.642454,s28.955480
120_84,s4.082972,s1.670091,s230.355007
120_85,s-2.327564,s-3.577188,s134.339759
120_86,s-3.877142,s2.433004,s86.314947
120_87,s-4.028801,s-1.691999,s95.613625
120_88,s3.854858,s0.155989,s273.150855
120_89,s2.979189,s3.893900,s302.911351
120_90,s-3.655036,s1.500224,s340.791360
120_91,s0.812727,s-4.218364,s287.403372
120_92,s-4.232508,s-0.647620,s81.367144
120_93,s3.476807,s2.379023,s312.713848
120_94,s4.172992,s-0.761690,s285.415001
120_95,s-0.931935,s-4.465668,s217.308190
120_96,s0.593411,s4.388680,s83.634166
120_97,s-4.297965,s-2.170371,s135.813332
120_98,s-2.014688,s4.180290,s351.717027
120_99,s-2.319449,s-4.582371,s110.264813
120_100,s3.886093,s-2.157643,s307.730800
120_101,s4.324215,s1.076660,s193.192711
120_102,s3.178855,s3.357509,s164.137495
120_103,s-0.719878,s4.107593,s48.818113
120_104,s3.661459,s-2.607368,s226.337054
120_105,s-3.568295,s-2.904486,s113.406691
120_106,s1.657103,s4.879676,s175.222741
120_107,s0.004829,s-4.245601,s154.033502
120_108,s-3.388726,s3.689648,s9.861572
120_109,s4.643354,s-1.505708,s347.451420
120_110,s0.418334,s-4.782762,s244.611696
120_111,s3.538459,s-3.298473,s254.058977
120_112,s-4.276147,s1.801254,s127.527667
120_113,s4.879352,s0.327294,s342.875570
120_114,s4.068148,s2.037810,s339.054416
120_115,s-1.688824,s-4.544380,s240.328357
120_116,s0.661919,s4.843445,s288.791769
120_117,s4.388240,s-2.682597,s269.379540
120_118,s-4.740946,s-0.951586,s173.235456
120_119,s2.625655,s4.191660,s26.833237
121_0,s-0.163755,s-0.051221,s318.954144
121_1,s-0.237579,s-0.866642,s19.041900
121_2,s0.407457,s-0.701550,s242.610836
121_3,s-0.419585,s0.515648,s2.457964
121_4,s0.390469,s-0.007906,s268.704814
121_5,s1.330919,s0.860824,s124.138946
121_6,s-0.884354,s-0.386179,s23.265489
121_7,s1.257922,s-0.974127,s214.536479
121_8,s-1.261079,s-0.716415,s96.744984
121_9,s0.955230,s-1.448798,s138.840380
121_10,s0.240294,s1.402654,s246.788177
121_11,s-1.191282,s0.558268,s-8.764177
121_12,s1.590753,s-0.177760,s350.301028
121_13,s1.217453,s1.361702,s63.871334
121_14,s-1.761842,s0.576317,s119.057410
121_15,s-1.174907,s1.800120,s111.577045
121_16,s-0.400839,s2.356410,s90.510348
121_17,s0.033308,s-1.317908,s174.482361
121_18,s-2.386314,s-0.239403,s241.423219
121_19,s1.377736,s-0.506549,s71.106446
121_20,s-2.130173,s1.288548,s3.128820
121_21,s-0.698236,s1.311010,s15.576015
121_22,s-0.548255,s-1.095009,s105.263029
121_23,s2.048296,s0.031874,s320.829365
121_24,s1.722244,s1.458880,s275.488246
121_25,s-0.466458,s-1.810900,s197.521236
121_26,s2.161671,s-0.528744,s205.056455
121_27,s1.476933,s-2.045943,s191.117693
121_28,s-1.087964,s3.026763,s46.198572
121_29,s-2.046144,s-2.170452,s63.059425
121_30,s0.892884,s2.119062,s71.749549
121_31,s0.814415,s-2.367993,s107.149668
121_32,s1.566359,s2.309229,s36.940585
121_33,s1.907019,s-1.935216,s238.615625
121_34,s0.620167,s-3.010802,s123.338848
121_35,s-1.089051,s-1.847941,s185.899215
121_36,s-2.905331,s0.579581,s186.631605
121_37,s-2.117984,s-1.311007,s36.748526
121_38,s-3.008867,s2.017160,s32.928246
121_39,s1.945041,s-1.165515,s247.415805
121_40,s-1.630772,s2.115678,s30.396090
121_41,s0.769980,s2.888654,s13.072747
121_42,s-2.818652,s-2.144337,s136.844711
121_43,s-2.904276,s-1.031270,s99.005803
121_44,s-0.019528,s2.593809,s-25.520028
121_45,s1.682749,s2.964918,s53.414180
121_46,s1.926444,s0.822050,s322.569349
121_47,s2.821569,s-0.455895,s219.978354
121_48,s-0.564223,s-2.968875,s223.729886
121_49,s-2.774789,s1.088329,s33.151199
121_50,s2.291130,s-2.640440,s117.250024
121_51,s2.090128,s3.003757,s267.411169
121_52,s2.660779,s0.772461,s280.490089
121_53,s-1.438639,s-2.755138,s143.545940
121_54,s2.944676,s-0.040183,s319.596106
121_55,s2.772331,s-2.401408,s168.497851
121_56,s-3.081625,s-0.391969,s99.671770
121_57,s-2.453186,s2.830961,s336.774386
121_58,s0.200212,s-3.709765,s196.894399
121_59,s3.081800,s2.017261,s251.752443
121_60,s-0.902453,s-3.396794,s162.781460
121_61,s0.798784,s-3.630994,s285.889748
121_62,s2.926052,s-1.396493,s261.622943
121_63,s-3.164605,s-1.550116,s144.700329
121_64,s-0.469633,s3.882783,s286.512562
121_65,s-2.930610,s-3.090123,s282.823598
121_66,s-0.756268,s3.555694,s203.659302
121_67,s3.718791,s0.685046,s352.106326
121_68,s-3.395463,s0.521068,s149.260568
121_69,s-3.434347,s2.941271,s323.752512
121_70,s-4.476167,s0.354907,s141.561122
121_71,s2.010093,s-4.314001,s192.768052
121_72,s2.307141,s3.589497,s393.580704
121_73,s-0.271809,s-3.729893,s121.108271
121_74,s3.651377,s-0.905366,s208.415420
121_75,s3.426368,s-0.464931,s349.678605
121_76,s-3.852117,s-1.024596,s110.399913
121_77,s0.825129,s3.813690,s333.425300
121_78,s2.212398,s-3.628962,s254.596571
121_79,s2.692198,s2.462597,s174.620318
121_80,s3.099496,s-2.060541,s301.652158
121_81,s-1.674933,s-3.690471,s214.658157
121_82,s-1.296476,s3.899033,s26.654351
121_83,s-2.533689,s3.642454,s28.955480
121_84,s4.082972,s1.670091,s230.355007
121_85,s-2.327564,s-3.577188,s134.339759
121_86,s-3.877142,s2.433004,s86.314947
121_87,s-4.028801,s-1.691999,s95.613625
121_88,s3.854858,s0.155989,s273.150855
121_89,s2.979189,s3.893900,s302.911351
121_90,s-3.655036,s1.500224,s340.791360
121_91,s0.812727,s-4.218364,s287.403372
121_92,s-4.232508,s-0.647620,s81.367144
121_93,s3.476807,s2.379023,s312.713848
121_94,s4.172992,s-0.761690,s285.415001
121_95,s-0.931935,s-4.465668,s217.308190
121_96,s0.593411,s4.388680,s83.634166
121_97,s-4.297965,s-2.170371,s135.813332
121_98,s-2.014688,s4.180290,s351.717027
121_99,s-2.319449,s-4.582371,s110.264813
121_100,s3.886093,s-2.157643,s307.730800
121_101,s4.324215,s1.076660,s193.192711
121_102,s3.178855,s3.357509,s164.137495
121_103,s-0.719878,s4.107593,s48.818113
121_104,s3.661459,s-2.607368,s226.337054
121_105,s-3.568295,s-2.904486,s113.406691
121_106,s1.657103,s4.879676,s175.222741
121_107,s0.004829,s-4.245601,s154.033502
121_108,s-3.388726,s3.689648,s9.861572
121_109,s4.643354,s-1.505708,s347.451420
121_110,s0.418334,s-4.782762,s244.611696
121_111,s3.538459,s-3.298473,s254.058977
121_112,s-4.276147,s1.801254,s127.527667
121_113,s4.879352,s0.327294,s342.875570
121_114,s4.068148,s2.037810,s339.054416
121_115,s-1.688824,s-4.544380,s240.328357
121_116,s0.661919,s4.843445,s288.791769
121_117,s4.388240,s-2.682597,s269.379540
121_118,s-4.740946,s-0.951586,s173.235456
121_119,s2.625655,s4.191660,s26.833237
121_120,s3.066451,s-4.024982,s203.075702
122_0,s-0.163755,s-0.051221,s318.954144
122_1,s-0.237579,s-0.866642,s19.041900
122_2,s0.407457,s-0.701550,s242.610836
122_3,s-0.419585,s0.515648,s2.457964
122_4,s0.390469,s-0.007906,s268.704814
122_5,s1.330919,s0.860824,s124.138946
122_6,s-0.884354,s-0.386179,s23.265489
122_7,s1.257922,s-0.974127,s214.536479
122_8,s-1.261079,s-0.716415,s96.744984
122_9,s0.955230,s-1.448798,s138.840380
122_10,s0.240294,s1.402654,s246.788177
122_11,s-1.191282,s0.558268,s-8.764177
122_12,s1.590753,s-0.177760,s350.301028
122_13,s1.217453,s1.361702,s63.871334
122_14,s-1.761842,s0.576317,s119.057410
122_15,s-1.174907,s1.800120,s111.577045
122_16,s-0.400839,s2.356410,s90.510348
122_17,s0.033308,s-1.317908,s174.482361
122_18,s-2.386314,s-0.239403,s241.423219
122_19,s1.377736,s-0.506549,s71.106446
122_20,s-2.130173,s1.288548,s3.128820
122_21,s-0.698236,s1.311010,s15.576015
122_22,s-0.548255,s-1.095009,s105.263029
122_23,s2.048296,s0.031874,s320.829365
122_24,s1.722244,s1.458880,s275.488246
122_25,s-0.466458,s-1.810900,s197.521236
122_26,s2.161671,s-0.528744,s205.056455
122_27,s1.476933,s-2.045943,s191.117693
122_28,s-1.087964,s3.026763,s46.198572
122_29,s-2.046144,s-2.170452,s63.059425
122_30,s0.892884,s2.119062,s71.749549
122_31,s0.814415,s-2.367993,s107.149668
122_32,s1.566359,s2.309229,s36.940585
122_33,s1.907019,s-1.935216,s238.615625
122_34,s0.620167,s-3.010802,s123.338848
122_35,s-1.089051,s-1.847941,s185.899215
122_36,s-2.905331,s0.579581,s186.631605
122_37,s-2.117984,s-1.311007,s36.748526
122_38,s-3.008867,s2.017160,s32.928246
122_39,s1.945041,s-1.165515,s247.415805
122_40,s-1.630772,s2.115678,s30.396090
122_41,s0.769980,s2.888654,s13.072747
122_42,s-2.818652,s-2.144337,s136.844711
122_43,s-2.904276,s-1.031270,s99.005803
122_44,s-0.019528,s2.593809,s-25.520028
122_45,s1.682749,s2.964918,s53.414180
122_46,s1.926444,s0.822050,s322.569349
122_47,s2.821569,s-0.455895,s219.978354
122_48,s-0.564223,s-2.968875,s223.729886
122_49,s-2.774789,s1.088329,s33.151199
122_50,s2.291130,s-2.640440,s117.250024
122_51,s2.090128,s3.003757,s267.411169
122_52,s2.660779,s0.772461,s280.490089
122_53,s-1.438639,s-2.755138,s143.545940
122_54,s2.944676,s-0.040183,s319.596106
122_55,s2.772331,s-2.401408,s168.497851
122_56,s-3.081625,s-0.391969,s99.671770
122_57,s-2.453186,s2.830961,s336.774386
122_58,s0.200212,s-3.709765,s196.894399
122_59,s3.081800,s2.017261,s251.752443
122_60,s-0.902453,s-3.396794,s162.781460
122_61,s0.798784,s-3.630994,s285.889748
122_62,s2.926052,s-1.396493,s261.622943
122_63,s-3.164605,s-1.550116,s144.700329
122_64,s-0.469633,s3.882783,s286.512562
122_65,s-2.930610,s-3.090123,s282.823598
122_66,s-0.756268,s3.555694,s203.659302
122_67,s3.718791,s0.685046,s352.106326
122_68,s-3.395463,s0.521068,s149.260568
122_69,s-3.434347,s2.941271,s323.752512
122_70,s-4.476167,s0.354907,s141.561122
122_71,s2.010093,s-4.314001,s192.768052
122_72,s2.307141,s3.589497,s393.580704
122_73,s-0.271809,s-3.729893,s121.108271
122_74,s3.651377,s-0.905366,s208.415420
122_75,s3.426368,s-0.464931,s349.678605
122_76,s-3.852117,s-1.024596,s110.399913
122_77,s0.825129,s3.813690,s333.425300
122_78,s2.212398,s-3.628962,s254.596571
122_79,s2.692198,s2.462597,s174.620318
122_80,s3.099496,s-2.060541,s301.652158
122_81,s-1.674933,s-3.690471,s214.658157
122_82,s-1.296476,s3.899033,s26.654351
122_83,s-2.533689,s3.642454,s28.955480
122_84,s4.082972,s1.670091,s230.355007
122_85,s-2.327564,s-3.577188,s134.339759
122_86,s-3.877142,s2.433004,s86.314947
122_87,s-4.028801,s-1.691999,s95.613625
122_88,s3.854858,s0.155989,s273.150855
122_89,s2.979189,s3.893900,s302.911351
122_90,s-3.655036,s1.500224,s340.791360
122_91,s0.812727,s-4.218364,s287.403372
122_92,s-4.232508,s-0.647620,s81.367144
122_93,s3.476807,s2.379023,s312.713848
122_94,s4.172992,s-0.761690,s285.415001
122_95,s-0.931935,s-4.465668,s217.308190
122_96,s0.593411,s4.388680,s83.634166
122_97,s-4.297965,s-2.170371,s135.813332
122_98,s-2.014688,s4.180290,s351.717027
122_99,s-2.319449,s-4.582371,s110.264813
122_100,s3.886093,s-2.157643,s307.730800
122_101,s4.324215,s1.076660,s193.192711
122_102,s3.178855,s3.357509,s164.137495
122_103,s-0.719878,s4.107593,s48.818113
122_104,s3.661459,s-2.607368,s226.337054
122_105,s-3.568295,s-2.904486,s113.406691
122_106,s1.657103,s4.879676,s175.222741
122_107,s0.004829,s-4.245601,s154.033502
122_108,s-3.388726,s3.689648,s9.861572
122_109,s4.643354,s-1.505708,s347.451420
122_110,s0.418334,s-4.782762,s244.611696
122_111,s3.538459,s-3.298473,s254.058977
122_112,s-4.276147,s1.801254,s127.527667
122_113,s4.879352,s0.327294,s342.875570
122_114,s4.068148,s2.037810,s339.054416
122_115,s-1.688824,s-4.544380,s240.328357
122_116,s0.661919,s4.843445,s288.791769
122_117,s4.388240,s-2.682597,s269.379540
122_118,s-4.740946,s-0.951586,s173.235456
122_119,s2.625655,s4.191660,s26.833237
122_120,s3.066451,s-4.024982,s203.075702
122_121,s-4.794142,s0.911374,s155.422002
123_0,s-0.163755,s-0.051221,s318.954144
123_1,s-0.237579,s-0.866642,s19.041900
123_2,s0.407457,s-0.701550,s242.610836
123_3,s-0.419585,s0.515648,s2.457964
123_4,s0.390469,s-0.007906,s268.704814
123_5,s1.330919,s0.860824,s124.138946
123_6,s-0.884354,s-0.386179,s23.265489
123_7,s1.257922,s-0.974127,s214.536479
123_8,s-1.261079,s-0.716415,s96.744984
123_9,s0.955230,s-1.448798,s138.840380
123_10,s0.240294,s1.402654,s246.788177
123_11,s-1.191282,s0.558268,s-8.764177
123_12,s1.590753,s-0.177760,s350.301028
123_13,s1.217453,s1.361702,s63.871334
123_14,s-1.761842,s0.576317,s119.057410
123_15,s-1.174907,s1.800120,s111.577045
123_16,s-0.400839,s2.356410,s90.510348
123_17,s0.033308,s-1.317908,s174.482361
123_18,s-2.386314,s-0.239403,s241.423219
123_19,s1.377736,s-0.506549,s71.106446
123_20,s-2.130173,s1.288548,s3.128820
123_21,s-0.698236,s1.311010,s15.576015
123_22,s-0.548255,s-1.095009,s105.263029
123_23,s2.048296,s0.031874,s320.829365
123_24,s1.722244,s1.458880,s275.488246
123_25,s-0.466458,s-1.810900,s197.521236
123_26,s2.161671,s-0.528744,s205.056455
123_27,s1.476933,s-2.045943,s191.117693
123_28,s-1.087964,s3.026763,s46.198572
123_29,s-2.046144,s-2.170452,s63.059425
123_30,s0.892884,s2.119062,s71.749549
123_31,s0.814415,s-2.367993,s107.149668
123_32,s1.566359,s2.309229,s36.940585
123_33,s1.907019,s-1.935216,s238.615625
123_34,s0.620167,s-3.010802,s123.338848
123_35,s-1.089051,s-1.847941,s185.899215
123_36,s-2.905331,s0.579581,s186.631605
123_37,s-2.117984,s-1.311007,s36.748526
123_38,s-3.008867,s2.017160,s32.928246
123_39,s1.945041,s-1.165515,s247.415805
123_40,s-1.630772,s2.115678,s30.396090
123_41,s0.769980,s2.888654,s13.072747
123_42,s-2.818652,s-2.144337,s136.844711
123_43,s-2.904276,s-1.031270,s99.005803
123_44,s-0.019528,s2.593809,s-25.520028
123_45,s1.682749,s2.964918,s53.414180
123_46,s1.926444,s0.822050,s322.569349
123_47,s2.821569,s-0.455895,s219.978354
123_48,s-0.564223,s-2.968875,s223.729886
123_49,s-2.774789,s1.088329,s33.151199
123_50,s2.291130,s-2.640440,s117.250024
123_51,s2.090128,s3.003757,s267.411169
123_52,s2.660779,s0.772461,s280.490089
123_53,s-1.438639,s-2.755138,s143.545940
123_54,s2.944676,s-0.040183,s319.596106
123_55,s2.772331,s-2.401408,s168.497851
123_56,s-3.081625,s-0.391969,s99.671770
123_57,s-2.453186,s2.830961,s336.774386
123_58,s0.200212,s-3.709765,s196.894399
123_59,s3.081800,s2.017261,s251.752443
123_60,s-0.902453,s-3.396794,s162.781460
123_61,s0.798784,s-3.630994,s285.889748
123_62,s2.926052,s-1.396493,s261.622943
123_63,s-3.164605,s-1.550116,s144.700329
123_64,s-0.469633,s3.882783,s286.512562
123_65,s-2.930610,s-3.090123,s282.823598
123_66,s-0.756268,s3.555694,s203.659302
123_67,s3.718791,s0.685046,s352.106326
123_68,s-3.395463,s0.521068,s149.260568
123_69,s-3.434347,s2.941271,s323.752512
123_70,s-4.476167,s0.354907,s141.561122
123_71,s2.010093,s-4.314001,s192.768052
123_72,s2.307141,s3.589497,s393.580704
123_73,s-0.271809,s-3.729893,s121.108271
123_74,s3.651377,s-0.905366,s208.415420
123_75,s3.426368,s-0.464931,s349.678605
123_76,s-3.852117,s-1.024596,s110.399913
123_77,s0.825129,s3.813690,s333.425300
123_78,s2.212398,s-3.628962,s254.596571
123_79,s2.692198,s2.462597,s174.620318
123_80,s3.099496,s-2.060541,s301.652158
123_81,s-1.674933,s-3.690471,s214.658157
123_82,s-1.296476,s3.899033,s26.654351
123_83,s-2.533689,s3.642454,s28.955480
123_84,s4.082972,s1.670091,s230.355007
123_85,s-2.327564,s-3.577188,s134.339759
123_86,s-3.877142,s2.433004,s86.314947
123_87,s-4.028801,s-1.691999,s95.613625
123_88,s3.854858,s0.155989,s273.150855
123_89,s2.979189,s3.893900,s302.911351
123_90,s-3.655036,s1.500224,s340.791360
123_91,s0.812727,s-4.218364,s287.403372
123_92,s-4.232508,s-0.647620,s81.367144
123_93,s3.476807,s2.379023,s312.713848
123_94,s4.172992,s-0.761690,s285.415001
123_95,s-0.931935,s-4.465668,s217.308190
123_96,s0.593411,s4.388680,s83.634166
123_97,s-4.297965,s-2.170371,s135.813332
123_98,s-2.014688,s4.180290,s351.717027
123_99,s-2.319449,s-4.582371,s110.264813
123_100,s3.886093,s-2.157643,s307.730800
123_101,s4.324215,s1.076660,s193.192711
123_102,s3.178855,s3.357509,s164.137495
123_103,s-0.719878,s4.107593,s48.818113
123_104,s3.661459,s-2.607368,s226.337054
123_105,s-3.568295,s-2.904486,s113.406691
123_106,s1.657103,s4.879676,s175.222741
123_107,s0.004829,s-4.245601,s154.033502
123_108,s-3.388726,s3.689648,s9.861572
123_109,s4.643354,s-1.505708,s347.451420
123_110,s0.418334,s-4.782762,s244.611696
123_111,s3.538459,s-3.298473,s254.058977
123_112,s-4.276147,s1.801254,s127.527667
123_113,s4.879352,s0.327294,s342.875570
123_114,s4.068148,s2.037810,s339.054416
123_115,s-1.688824,s-4.544380,s240.328357
123_116,s0.661919,s4.843445,s288.791769
123_117,s4.388240,s-2.682597,s269.379540
123_118,s-4.740946,s-0.951586,s173.235456
123_119,s2.625655,s4.191660,s26.833237
123_120,s3.066451,s-4.024982,s203.075702
123_121,s-4.794142,s0.911374,s155.422002
123_122,s3.701088,s3.376692,s280.605718
124_0,s-0.163755,s-0.051221,s318.954144
124_1,s-0.237579,s-0.866642,s19.041900
124_2,s0.407457,s-0.701550,s242.610836
124_3,s-0.419585,s0.515648,s2.457964
124_4,s0.390469,s-0.007906,s268.704814
124_5,s1.330919,s0.860824,s124.138946
124_6,s-0.884354,s-0.386179,s23.265489
124_7,s1.257922,s-0.974127,s214.536479
124_8,s-1.261079,s-0.716415,s96.744984
124_9,s0.955230,s-1.448798,s138.840380
124_10,s0.240294,s1.402654,s246.788177
124_11,s-1.191282,s0.558268,s-8.764177
124_12,s1.590753,s-0.177760,s350.301028
124_13,s1.217453,s1.361702,s63.871334
124_14,s-1.761842,s0.576317,s119.057410
124_15,s-1.174907,s1.800120,s111.577045
124_16,s-0.400839,s2.356410,s90.510348
124_17,s0.033308,s-1.317908,s174.482361
124_18,s-2.386314,s-0.239403,s241.423219
124_19,s1.377736,s-0.506549,s71.106446
124_20,s-2.130173,s1.288548,s3.128820
124_21,s-0.698236,s1.311010,s15.576015
124_22,s-0.548255,s-1.095009,s105.263029
124_23,s2.048296,s0.031874,s320.829365
124_24,s1.722244,s1.458880,s275.488246
124_25,s-0.466458,s-1.810900,s197.521236
124_26,s2.161671,s-0.528744,s205.056455
124_27,s1.476933,s-2.045943,s191.117693
124_28,s-1.087964,s3.026763,s46.198572
124_29,s-2.046144,s-2.170452,s63.059425
124_30,s0.892884,s2.119062,s71.749549
124_31,s0.814415,s-2.367993,s107.149668
124_32,s1.566359,s2.309229,s36.940585
124_33,s1.907019,s-1.935216,s238.615625
124_34,s0.620167,s-3.010802,s123.338848
124_35,s-1.089051,s-1.847941,s185.899215
124_36,s-2.905331,s0.579581,s186.631605
124_37,s-2.117984,s-1.311007,s36.748526
124_38,s-3.008867,s2.017160,s32.928246
124_39,s1.945041,s-1.165515,s247.415805
124_40,s-1.630772,s2.115678,s30.396090
124_41,s0.769980,s2.888654,s13.072747
124_42,s-2.818652,s-2.144337,s136.844711
124_43,s-2.904276,s-1.031270,s99.005803
124_44,s-0.019528,s2.593809,s-25.520028
124_45,s1.682749,s2.964918,s53.414180
124_46,s1.926444,s0.822050,s322.569349
124_47,s2.821569,s-0.455895,s219.978354
124_48,s-0.564223,s-2.968875,s223.729886
124_49,s-2.774789,s1.088329,s33.151199
124_50,s2.291130,s-2.640440,s117.250024
124_51,s2.090128,s3.003757,s267.411169
124_52,s2.660779,s0.772461,s280.490089
124_53,s-1.438639,s-2.755138,s143.545940
124_54,s2.944676,s-0.040183,s319.596106
124_55,s2.772331,s-2.401408,s168.497851
124_56,s-3.081625,s-0.391969,s99.671770
124_57,s-2.453186,s2.830961,s336.774386
124_58,s0.200212,s-3.709765,s196.894399
124_59,s3.081800,s2.017261,s251.752443
124_60,s-0.902453,s-3.396794,s162.781460
124_61,s0.798784,s-3.630994,s285.889748
124_62,s2.926052,s-1.396493,s261.622943
124_63,s-3.164605,s-1.550116,s144.700329
124_64,s-0.469633,s3.882783,s286.512562
124_65,s-2.930610,s-3.090123,s282.823598
124_66,s-0.756268,s3.555694,s203.659302
124_67,s3.718791,s0.685046,s352.106326
124_68,s-3.395463,s0.521068,s149.260568
124_69,s-3.434347,s2.941271,s323.752512
124_70,s-4.476167,s0.354907,s141.561122
124_71,s2.010093,s-4.314001,s192.768052
124_72,s2.307141,s3.589497,s393.580704
124_73,s-0.271809,s-3.729893,s121.108271
124_74,s3.651377,s-0.905366,s208.415420
124_75,s3.426368,s-0.464931,s349.678605
124_76,s-3.852117,s-1.024596,s110.399913
124_77,s0.825129,s3.813690,s333.425300
124_78,s2.212398,s-3.628962,s254.596571
124_79,s2.692198,s2.462597,s174.620318
124_80,s3.099496,s-2.060541,s301.652158
124_81,s-1.674933,s-3.690471,s214.658157
124_82,s-1.296476,s3.899033,s26.654351
124_83,s-2.533689,s3.642454,s28.955480
124_84,s4.082972,s1.670091,s230.355007
124_85,s-2.327564,s-3.577188,s134.339759
124_86,s-3.877142,s2.433004,s86.314947
124_87,s-4.028801,s-1.691999,s95.613625
124_88,s3.854858,s0.155989,s273.150855
124_89,s2.979189,s3.893900,s302.911351
124_90,s-3.655036,s1.500224,s340.791360
124_91,s0.812727,s-4.218364,s287.403372
124_92,s-4.232508,s-0.647620,s81.367144
124_93,s3.476807,s2.379023,s312.713848
124_94,s4.172992,s-0.761690,s285.415001
124_95,s-0.931935,s-4.465668,s217.308190
124_96,s0.593411,s4.388680,s83.634166
124_97,s-4.297965,s-2.170371,s135.813332
124_98,s-2.014688,s4.180290,s351.717027
124_99,s-2.319449,s-4.582371,s110.264813
124_100,s3.886093,s-2.157643,s307.730800
124_101,s4.324215,s1.076660,s193.192711
124_102,s3.178855,s3.357509,s164.137495
124_103,s-0.719878,s4.107593,s48.818113
124_104,s3.661459,s-2.607368,s226.337054
124_105,s-3.568295,s-2.904486,s113.406691
124_106,s1.657103,s4.879676,s175.222741
124_107,s0.004829,s-4.245601,s154.033502
124_108,s-3.388726,s3.689648,s9.861572
124_109,s4.643354,s-1.505708,s347.451420
124_110,s0.418334,s-4.782762,s244.611696
124_111,s3.538459,s-3.298473,s254.058977
124_112,s-4.276147,s1.801254,s127.527667
124_113,s4.879352,s0.327294,s342.875570
124_114,s4.068148,s2.037810,s339.054416
124_115,s-1.688824,s-4.544380,s240.328357
124_116,s0.661919,s4.843445,s288.791769
124_117,s4.388240,s-2.682597,s269.379540
124_118,s-4.740946,s-0.951586,s173.235456
124_119,s2.625655,s4.191660,s26.833237
124_120,s3.066451,s-4.024982,s203.075702
124_121,s-4.794142,s0.911374,s155.422002
124_122,s3.701088,s3.376692,s280.605718
124_123,s-3.009058,s-3.466074,s166.502935
125_0,s-0.163755,s-0.051221,s318.954144
125_1,s-0.237579,s-0.866642,s19.041900
125_2,s0.407457,s-0.701550,s242.610836
125_3,s-0.419585,s0.515648,s2.457964
125_4,s0.390469,s-0.007906,s268.704814
125_5,s1.330919,s0.860824,s124.138946
125_6,s-0.884354,s-0.386179,s23.265489
125_7,s1.257922,s-0.974127,s214.536479
125_8,s-1.261079,s-0.716415,s96.744984
125_9,s0.955230,s-1.448798,s138.840380
125_10,s0.240294,s1.402654,s246.788177
125_11,s-1.191282,s0.558268,s-8.764177
125_12,s1.590753,s-0.177760,s350.301028
125_13,s1.217453,s1.361702,s63.871334
125_14,s-1.761842,s0.576317,s119.057410
125_15,s-1.174907,s1.800120,s111.577045
125_16,s-0.400839,s2.356410,s90.510348
125_17,s0.033308,s-1.317908,s174.482361
125_18,s-2.386314,s-0.239403,s241.423219
125_19,s1.377736,s-0.506549,s71.106446
125_20,s-2.130173,s1.288548,s3.128820
125_21,s-0.698236,s1.311010,s15.576015
125_22,s-0.548255,s-1.095009,s105.263029
125_23,s2.048296,s0.031874,s320.829365
125_24,s1.722244,s1.458880,s275.488246
125_25,s-0.466458,s-1.810900,s197.521236
125_26,s2.161671,s-0.528744,s205.056455
125_27,s1.476933,s-2.045943,s191.117693
125_28,s-1.087964,s3.026763,s46.198572
125_29,s-2.046144,s-2.170452,s63.059425
125_30,s0.892884,s2.119062,s71.749549
125_31,s0.814415,s-2.367993,s107.149668
125_32,s1.566359,s2.309229,s36.940585
125_33,s1.907019,s-1.935216,s238.615625
125_34,s0.620167,s-3.010802,s123.338848
125_35,s-1.089051,s-1.847941,s185.899215
125_36,s-2.905331,s0.579581,s186.631605
125_37,s-2.117984,s-1.311007,s36.748526
125_38,s-3.008867,s2.017160,s32.928246
125_39,s1.945041,s-1.165515,s247.415805
125_40,s-1.630772,s2.115678,s30.396090
125_41,s0.769980,s2.888654,s13.072747
125_42,s-2.818652,s-2.144337,s136.844711
125_43,s-2.904276,s-1.031270,s99.005803
125_44,s-0.019528,s2.593809,s-25.520028
125_45,s1.682749,s2.964918,s53.414180
125_46,s1.926444,s0.822050,s322.569349
125_47,s2.821569,s-0.455895,s219.978354
125_48,s-0.564223,s-2.968875,s223.729886
125_49,s-2.774789,s1.088329,s33.151199
125_50,s2.291130,s-2.640440,s117.250024
125_51,s2.090128,s3.003757,s267.411169
125_52,s2.660779,s0.772461,s280.490089
125_53,s-1.438639,s-2.755138,s143.545940
125_54,s2.944676,s-0.040183,s319.596106
125_55,s2.772331,s-2.401408,s168.497851
125_56,s-3.081625,s-0.391969,s99.671770
125_57,s-2.453186,s2.830961,s336.774386
125_58,s0.200212,s-3.709765,s196.894399
125_59,s3.081800,s2.017261,s251.752443
125_60,s-0.902453,s-3.396794,s162.781460
125_61,s0.798784,s-3.630994,s285.889748
125_62,s2.926052,s-1.396493,s261.622943
125_63,s-3.164605,s-1.550116,s144.700329
125_64,s-0.469633,s3.882783,s286.512562
125_65,s-2.930610,s-3.090123,s282.823598
125_66,s-0.756268,s3.555694,s203.659302
125_67,s3.718791,s0.685046,s352.106326
125_68,s-3.395463,s0.521068,s149.260568
125_69,s-3.434347,s2.941271,s323.752512
125_70,s-4.476167,s0.354907,s141.561122
125_71,s2.010093,s-4.314001,s192.768052
125_72,s2.307141,s3.589497,s393.580704
125_73,s-0.271809,s-3.729893,s121.108271
125_74,s3.651377,s-0.905366,s208.415420
125_75,s3.426368,s-0.464931,s349.678605
125_76,s-3.852117,s-1.024596,s110.399913
125_77,s0.825129,s3.813690,s333.425300
125_78,s2.212398,s-3.628962,s254.596571
125_79,s2.692198,s2.462597,s174.620318
125_80,s3.099496,s-2.060541,s301.652158
125_81,s-1.674933,s-3.690471,s214.658157
125_82,s-1.296476,s3.899033,s26.654351
125_83,s-2.533689,s3.642454,s28.955480
125_84,s4.082972,s1.670091,s230.355007
125_85,s-2.327564,s-3.577188,s134.339759
125_86,s-3.877142,s2.433004,s86.314947
125_87,s-4.028801,s-1.691999,s95.613625
125_88,s3.854858,s0.155989,s273.150855
125_89,s2.979189,s3.893900,s302.911351
125_90,s-3.655036,s1.500224,s340.791360
125_91,s0.812727,s-4.218364,s287.403372
125_92,s-4.232508,s-0.647620,s81.367144
125_93,s3.476807,s2.379023,s312.713848
125_94,s4.172992,s-0.761690,s285.415001
125_95,s-0.931935,s-4.465668,s217.308190
125_96,s0.593411,s4.388680,s83.634166
125_97,s-4.297965,s-2.170371,s135.813332
125_98,s-2.014688,s4.180290,s351.717027
125_99,s-2.319449,s-4.582371,s110.264813
125_100,s3.886093,s-2.157643,s307.730800
125_101,s4.324215,s1.076660,s193.192711
125_102,s3.178855,s3.357509,s164.137495
125_103,s-0.719878,s4.107593,s48.818113
125_104,s3.661459,s-2.607368,s226.337054
125_105,s-3.568295,s-2.904486,s113.406691
125_106,s1.657103,s4.879676,s175.222741
125_107,s0.004829,s-4.245601,s154.033502
125_108,s-3.388726,s3.689648,s9.861572
125_109,s4.643354,s-1.505708,s347.451420
125_110,s0.418334,s-4.782762,s244.611696
125_111,s3.538459,s-3.298473,s254.058977
125_112,s-4.276147,s1.801254,s127.527667
125_113,s4.879352,s0.327294,s342.875570
125_114,s4.068148,s2.037810,s339.054416
125_115,s-1.688824,s-4.544380,s240.328357
125_116,s0.661919,s4.843445,s288.791769
125_117,s4.388240,s-2.682597,s269.379540
125_118,s-4.740946,s-0.951586,s173.235456
125_119,s2.625655,s4.191660,s26.833237
125_120,s3.066451,s-4.024982,s203.075702
125_121,s-4.794142,s0.911374,s155.422002
125_122,s3.701088,s3.376692,s280.605718
125_123,s-3.009058,s-3.466074,s166.502935
125_124,s-0.125717,s4.708322,s62.783355
126_0,s-0.163755,s-0.051221,s318.954144
126_1,s-0.237579,s-0.866642,s19.041900
126_2,s0.407457,s-0.701550,s242.610836
126_3,s-0.419585,s0.515648,s2.457964
126_4,s0.390469,s-0.007906,s268.704814
126_5,s1.330919,s0.860824,s124.138946
126_6,s-0.884354,s-0.386179,s23.265489
126_7,s1.257922,s-0.974127,s214.536479
126_8,s-1.261079,s-0.716415,s96.744984
126_9,s0.955230,s-1.448798,s138.840380
126_10,s0.240294,s1.402654,s246.788177
126_11,s-1.191282,s0.558268,s-8.764177
126_12,s1.590753,s-0.177760,s350.301028
126_13,s1.217453,s1.361702,s63.871334
126_14,s-1.761842,s0.576317,s119.057410
126_15,s-1.174907,s1.800120,s111.577045
126_16,s-0.400839,s2.356410,s90.510348
126_17,s0.033308,s-1.317908,s174.482361
126_18,s-2.386314,s-0.239403,s241.423219
126_19,s1.377736,s-0.506549,s71.106446
126_20,s-2.130173,s1.288548,s3.128820
126_21,s-0.698236,s1.311010,s15.576015
126_22,s-0.548255,s-1.095009,s105.263029
126_23,s2.048296,s0.031874,s320.829365
126_24,s1.722244,s1.458880,s275.488246
126_25,s-0.466458,s-1.810900,s197.521236
126_26,s2.161671,s-0.528744,s205.056455
126_27,s1.476933,s-2.045943,s191.117693
126_28,s-1.087964,s3.026763,s46.198572
126_29,s-2.046144,s-2.170452,s63.059425
126_30,s0.892884,s2.119062,s71.749549
126_31,s0.814415,s-2.367993,s107.149668
126_32,s1.566359,s2.309229,s36.940585
126_33,s1.907019,s-1.935216,s238.615625
126_34,s0.620167,s-3.010802,s123.338848
126_35,s-1.089051,s-1.847941,s185.899215
126_36,s-2.905331,s0.579581,s186.631605
126_37,s-2.117984,s-1.311007,s36.748526
126_38,s-3.008867,s2.017160,s32.928246
126_39,s1.945041,s-1.165515,s247.415805
126_40,s-1.630772,s2.115678,s30.396090
126_41,s0.769980,s2.888654,s13.072747
126_42,s-2.818652,s-2.144337,s136.844711
126_43,s-2.904276,s-1.031270,s99.005803
126_44,s-0.019528,s2.593809,s-25.520028
126_45,s1.682749,s2.964918,s53.414180
126_46,s1.926444,s0.822050,s322.569349
126_47,s2.821569,s-0.455895,s219.978354
126_48,s-0.564223,s-2.968875,s223.729886
126_49,s-2.774789,s1.088329,s33.151199
126_50,s2.291130,s-2.640440,s117.250024
126_51,s2.090128,s3.003757,s267.411169
126_52,s2.660779,s0.772461,s280.490089
126_53,s-1.438639,s-2.755138,s143.545940
126_54,s2.944676,s-0.040183,s319.596106
126_55,s2.772331,s-2.401408,s168.497851
126_56,s-3.081625,s-0.391969,s99.671770
126_57,s-2.453186,s2.830961,s336.774386
126_58,s0.200212,s-3.709765,s196.894399
126_59,s3.081800,s2.017261,s251.752443
126_60,s-0.902453,s-3.396794,s162.781460
126_61,s0.798784,s-3.630994,s285.889748
126_62,s2.926052,s-1.396493,s261.622943
126_63,s-3.164605,s-1.550116,s144.700329
126_64,s-0.469633,s3.882783,s286.512562
126_65,s-2.930610,s-3.090123,s282.823598
126_66,s-0.756268,s3.555694,s203.659302
126_67,s3.718791,s0.685046,s352.106326
126_68,s-3.395463,s0.521068,s149.260568
126_69,s-3.434347,s2.941271,s323.752512
126_70,s-4.476167,s0.354907,s141.561122
126_71,s2.010093,s-4.314001,s192.768052
126_72,s2.307141,s3.589497,s393.580704
126_73,s-0.271809,s-3.729893,s121.108271
126_74,s3.651377,s-0.905366,s208.415420
126_75,s3.426368,s-0.464931,s349.678605
126_76,s-3.852117,s-1.024596,s110.399913
126_77,s0.825129,s3.813690,s333.425300
126_78,s2.212398,s-3.628962,s254.596571
126_79,s2.692198,s2.462597,s174.620318
126_80,s3.099496,s-2.060541,s301.652158
126_81,s-1.674933,s-3.690471,s214.658157
126_82,s-1.296476,s3.899033,s26.654351
126_83,s-2.533689,s3.642454,s28.955480
126_84,s4.082972,s1.670091,s230.355007
126_85,s-2.327564,s-3.577188,s134.339759
126_86,s-3.877142,s2.433004,s86.314947
126_87,s-4.028801,s-1.691999,s95.613625
126_88,s3.854858,s0.155989,s273.150855
126_89,s2.979189,s3.893900,s302.911351
126_90,s-3.655036,s1.500224,s340.791360
126_91,s0.812727,s-4.218364,s287.403372
126_92,s-4.232508,s-0.647620,s81.367144
126_93,s3.476807,s2.379023,s312.713848
126_94,s4.172992,s-0.761690,s285.415001
126_95,s-0.931935,s-4.465668,s217.308190
126_96,s0.593411,s4.388680,s83.634166
126_97,s-4.297965,s-2.170371,s135.813332
126_98,s-2.014688,s4.180290,s351.717027
126_99,s-2.319449,s-4.582371,s110.264813
126_100,s3.886093,s-2.157643,s307.730800
126_101,s4.324215,s1.076660,s193.192711
126_102,s3.178855,s3.357509,s164.137495
126_103,s-0.719878,s4.107593,s48.818113
126_104,s3.661459,s-2.607368,s226.337054
126_105,s-3.568295,s-2.904486,s113.406691
126_106,s1.657103,s4.879676,s175.222741
126_107,s0.004829,s-4.245601,s154.033502
126_108,s-3.388726,s3.689648,s9.861572
126_109,s4.643354,s-1.505708,s347.451420
126_110,s0.418334,s-4.782762,s244.611696
126_111,s3.538459,s-3.298473,s254.058977
126_112,s-4.276147,s1.801254,s127.527667
126_113,s4.879352,s0.327294,s342.875570
126_114,s4.068148,s2.037810,s339.054416
126_115,s-1.688824,s-4.544380,s240.328357
126_116,s0.661919,s4.843445,s288.791769
126_117,s4.388240,s-2.682597,s269.379540
126_118,s-4.740946,s-0.951586,s173.235456
126_119,s2.625655,s4.191660,s26.833237
126_120,s3.066451,s-4.024982,s203.075702
126_121,s-4.794142,s0.911374,s155.422002
126_122,s3.701088,s3.376692,s280.605718
126_123,s-3.009058,s-3.466074,s166.502935
126_124,s-0.125717,s4.708322,s62.783355
126_125,s-3.796237,s-3.390677,s179.095583
127_0,s-0.163755,s-0.051221,s318.954144
127_1,s-0.237579,s-0.866642,s19.041900
127_2,s0.407457,s-0.701550,s242.610836
127_3,s-0.419585,s0.515648,s2.457964
127_4,s0.390469,s-0.007906,s268.704814
127_5,s1.330919,s0.860824,s124.138946
127_6,s-0.884354,s-0.386179,s23.265489
127_7,s1.257922,s-0.974127,s214.536479
127_8,s-1.261079,s-0.716415,s96.744984
127_9,s0.955230,s-1.448798,s138.840380
127_10,s0.240294,s1.402654,s246.788177
127_11,s-1.191282,s0.558268,s-8.764177
127_12,s1.590753,s-0.177760,s350.301028
127_13,s1.217453,s1.361702,s63.871334
127_14,s-1.761842,s0.576317,s119.057410
127_15,s-1.174907,s1.800120,s111.577045
127_16,s-0.400839,s2.356410,s90.510348
127_17,s0.033308,s-1.317908,s174.482361
127_18,s-2.386314,s-0.239403,s241.423219
127_19,s1.377736,s-0.506549,s71.106446
127_20,s-2.130173,s1.288548,s3.128820
127_21,s-0.698236,s1.311010,s15.576015
127_22,s-0.548255,s-1.095009,s105.263029
127_23,s2.048296,s0.031874,s320.829365
127_24,s1.722244,s1.458880,s275.488246
127_25,s-0.466458,s-1.810900,s197.521236
127_26,s2.161671,s-0.528744,s205.056455
127_27,s1.476933,s-2.045943,s191.117693
127_28,s-1.087964,s3.026763,s46.198572
127_29,s-2.046144,s-2.170452,s63.059425
127_30,s0.892884,s2.119062,s71.749549
127_31,s0.814415,s-2.367993,s107.149668
127_32,s1.566359,s2.309229,s36.940585
127_33,s1.907019,s-1.935216,s238.615625
127_34,s0.620167,s-3.010802,s123.338848
127_35,s-1.089051,s-1.847941,s185.899215
127_36,s-2.905331,s0.579581,s186.631605
127_37,s-2.117984,s-1.311007,s36.748526
127_38,s-3.008867,s2.017160,s32.928246
127_39,s1.945041,s-1.165515,s247.415805
127_40,s-1.630772,s2.115678,s30.396090
127_41,s0.769980,s2.888654,s13.072747
127_42,s-2.818652,s-2.144337,s136.844711
127_43,s-2.904276,s-1.031270,s99.005803
127_44,s-0.019528,s2.593809,s-25.520028
127_45,s1.682749,s2.964918,s53.414180
127_46,s1.926444,s0.822050,s322.569349
127_47,s2.821569,s-0.455895,s219.978354
127_48,s-0.564223,s-2.968875,s223.729886
127_49,s-2.774789,s1.088329,s33.151199
127_50,s2.291130,s-2.640440,s117.250024
127_51,s2.090128,s3.003757,s267.411169
127_52,s2.660779,s0.772461,s280.490089
127_53,s-1.438639,s-2.755138,s143.545940
127_54,s2.944676,s-0.040183,s319.596106
127_55,s2.772331,s-2.401408,s168.497851
127_56,s-3.081625,s-0.391969,s99.671770
127_57,s-2.453186,s2.830961,s336.774386
127_58,s0.200212,s-3.709765,s196.894399
127_59,s3.081800,s2.017261,s251.752443
127_60,s-0.902453,s-3.396794,s162.781460
127_61,s0.798784,s-3.630994,s285.889748
127_62,s2.926052,s-1.396493,s261.622943
127_63,s-3.164605,s-1.550116,s144.700329
127_64,s-0.469633,s3.882783,s286.512562
127_65,s-2.930610,s-3.090123,s282.823598
127_66,s-0.756268,s3.555694,s203.659302
127_67,s3.718791,s0.685046,s352.106326
127_68,s-3.395463,s0.521068,s149.260568
127_69,s-3.434347,s2.941271,s323.752512
127_70,s-4.476167,s0.354907,s141.561122
127_71,s2.010093,s-4.314001,s192.768052
127_72,s2.307141,s3.589497,s393.580704
127_73,s-0.271809,s-3.729893,s121.108271
127_74,s3.651377,s-0.905366,s208.415420
127_75,s3.426368,s-0.464931,s349.678605
127_76,s-3.852117,s-1.024596,s110.399913
127_77,s0.825129,s3.813690,s333.425300
127_78,s2.212398,s-3.628962,s254.596571
127_79,s2.692198,s2.462597,s174.620318
127_80,s3.099496,s-2.060541,s301.652158
127_81,s-1.674933,s-3.690471,s214.658157
127_82,s-1.296476,s3.899033,s26.654351
127_83,s-2.533689,s3.642454,s28.955480
127_84,s4.082972,s1.670091,s230.355007
127_85,s-2.327564,s-3.577188,s134.339759
127_86,s-3.877142,s2.433004,s86.314947
127_87,s-4.028801,s-1.691999,s95.613625
127_88,s3.854858,s0.155989,s273.150855
127_89,s2.979189,s3.893900,s302.911351
127_90,s-3.655036,s1.500224,s340.791360
127_91,s0.812727,s-4.218364,s287.403372
127_92,s-4.232508,s-0.647620,s81.367144
127_93,s3.476807,s2.379023,s312.713848
127_94,s4.172992,s-0.761690,s285.415001
127_95,s-0.931935,s-4.465668,s217.308190
127_96,s0.593411,s4.388680,s83.634166
127_97,s-4.297965,s-2.170371,s135.813332
127_98,s-2.014688,s4.180290,s351.717027
127_99,s-2.319449,s-4.582371,s110.264813
127_100,s3.886093,s-2.157643,s307.730800
127_101,s4.324215,s1.076660,s193.192711
127_102,s3.178855,s3.357509,s164.137495
127_103,s-0.719878,s4.107593,s48.818113
127_104,s3.661459,s-2.607368,s226.337054
127_105,s-3.568295,s-2.904486,s113.406691
127_106,s1.657103,s4.879676,s175.222741
127_107,s0.004829,s-4.245601,s154.033502
127_108,s-3.388726,s3.689648,s9.861572
127_109,s4.643354,s-1.505708,s347.451420
127_110,s0.418334,s-4.782762,s244.611696
127_111,s3.538459,s-3.298473,s254.058977
127_112,s-4.276147,s1.801254,s127.527667
127_113,s4.879352,s0.327294,s342.875570
127_114,s4.068148,s2.037810,s339.054416
127_115,s-1.688824,s-4.544380,s240.328357
127_116,s0.661919,s4.843445,s288.791769
127_117,s4.388240,s-2.682597,s269.379540
127_118,s-4.740946,s-0.951586,s173.235456
127_119,s2.625655,s4.191660,s26.833237
127_120,s3.066451,s-4.024982,s203.075702
127_121,s-4.794142,s0.911374,s155.422002
127_122,s3.701088,s3.376692,s280.605718
127_123,s-3.009058,s-3.466074,s166.502935
127_124,s-0.125717,s4.708322,s62.783355
127_125,s-3.796237,s-3.390677,s179.095583
127_126,s-5.053084,s1.460800,s133.419085
128_0,s-0.163755,s-0.051221,s318.954144
128_1,s-0.237579,s-0.866642,s19.041900
128_2,s0.407457,s-0.701550,s242.610836
128_3,s-0.419585,s0.515648,s2.457964
128_4,s0.390469,s-0.007906,s268.704814
128_5,s1.330919,s0.860824,s124.138946
128_6,s-0.884354,s-0.386179,s23.265489
128_7,s1.257922,s-0.974127,s214.536479
128_8,s-1.261079,s-0.716415,s96.744984
128_9,s0.955230,s-1.448798,s138.840380
128_10,s0.240294,s1.402654,s246.788177
128_11,s-1.191282,s0.558268,s-8.764177
128_12,s1.590753,s-0.177760,s350.301028
128_13,s1.217453,s1.361702,s63.871334
128_14,s-1.761842,s0.576317,s119.057410
128_15,s-1.174907,s1.800120,s111.577045
128_16,s-0.400839,s2.356410,s90.510348
128_17,s0.033308,s-1.317908,s174.482361
128_18,s-2.386314,s-0.239403,s241.423219
128_19,s1.377736,s-0.506549,s71.106446
128_20,s-2.130173,s1.288548,s3.128820
128_21,s-0.698236,s1.311010,s15.576015
128_22,s-0.548255,s-1.095009,s105.263029
128_23,s2.048296,s0.031874,s320.829365
128_24,s1.722244,s1.458880,s275.488246
128_25,s-0.466458,s-1.810900,s197.521236
128_26,s2.161671,s-0.528744,s205.056455
128_27,s1.476933,s-2.045943,s191.117693
128_28,s-1.087964,s3.026763,s46.198572
128_29,s-2.046144,s-2.170452,s63.059425
128_30,s0.892884,s2.119062,s71.749549
128_31,s0.814415,s-2.367993,s107.149668
128_32,s1.566359,s2.309229,s36.940585
128_33,s1.907019,s-1.935216,s238.615625
128_34,s0.620167,s-3.010802,s123.338848
128_35,s-1.089051,s-1.847941,s185.899215
128_36,s-2.905331,s0.579581,s186.631605
128_37,s-2.117984,s-1.311007,s36.748526
128_38,s-3.008867,s2.017160,s32.928246
128_39,s1.945041,s-1.165515,s247.415805
128_40,s-1.630772,s2.115678,s30.396090
128_41,s0.769980,s2.888654,s13.072747
128_42,s-2.818652,s-2.144337,s136.844711
128_43,s-2.904276,s-1.031270,s99.005803
128_44,s-0.019528,s2.593809,s-25.520028
128_45,s1.682749,s2.964918,s53.414180
128_46,s1.926444,s0.822050,s322.569349
128_47,s2.821569,s-0.455895,s219.978354
128_48,s-0.564223,s-2.968875,s223.729886
128_49,s-2.774789,s1.088329,s33.151199
128_50,s2.291130,s-2.640440,s117.250024
128_51,s2.090128,s3.003757,s267.411169
128_52,s2.660779,s0.772461,s280.490089
128_53,s-1.438639,s-2.755138,s143.545940
128_54,s2.944676,s-0.040183,s319.596106
128_55,s2.772331,s-2.401408,s168.497851
128_56,s-3.081625,s-0.391969,s99.671770
128_57,s-2.453186,s2.830961,s336.774386
128_58,s0.200212,s-3.709765,s196.894399
128_59,s3.081800,s2.017261,s251.752443
128_60,s-0.902453,s-3.396794,s162.781460
128_61,s0.798784,s-3.630994,s285.889748
128_62,s2.926052,s-1.396493,s261.622943
128_63,s-3.164605,s-1.550116,s144.700329
128_64,s-0.469633,s3.882783,s286.512562
128_65,s-2.930610,s-3.090123,s282.823598
128_66,s-0.756268,s3.555694,s203.659302
128_67,s3.718791,s0.685046,s352.106326
128_68,s-3.395463,s0.521068,s149.260568
128_69,s-3.434347,s2.941271,s323.752512
128_70,s-4.476167,s0.354907,s141.561122
128_71,s2.010093,s-4.314001,s192.768052
128_72,s2.307141,s3.589497,s393.580704
128_73,s-0.271809,s-3.729893,s121.108271
128_74,s3.651377,s-0.905366,s208.415420
128_75,s3.426368,s-0.464931,s349.678605
128_76,s-3.852117,s-1.024596,s110.399913
128_77,s0.825129,s3.813690,s333.425300
128_78,s2.212398,s-3.628962,s254.596571
128_79,s2.692198,s2.462597,s174.620318
128_80,s3.099496,s-2.060541,s301.652158
128_81,s-1.674933,s-3.690471,s214.658157
128_82,s-1.296476,s3.899033,s26.654351
128_83,s-2.533689,s3.642454,s28.955480
128_84,s4.082972,s1.670091,s230.355007
128_85,s-2.327564,s-3.577188,s134.339759
128_86,s-3.877142,s2.433004,s86.314947
128_87,s-4.028801,s-1.691999,s95.613625
128_88,s3.854858,s0.155989,s273.150855
128_89,s2.979189,s3.893900,s302.911351
128_90,s-3.655036,s1.500224,s340.791360
128_91,s0.812727,s-4.218364,s287.403372
128_92,s-4.232508,s-0.647620,s81.367144
128_93,s3.476807,s2.379023,s312.713848
128_94,s4.172992,s-0.761690,s285.415001
128_95,s-0.931935,s-4.465668,s217.308190
128_96,s0.593411,s4.388680,s83.634166
128_97,s-4.297965,s-2.170371,s135.813332
128_98,s-2.014688,s4.180290,s351.717027
128_99,s-2.319449,s-4.582371,s110.264813
128_100,s3.886093,s-2.157643,s307.730800
128_101,s4.324215,s1.076660,s193.192711
128_102,s3.178855,s3.357509,s164.137495
128_103,s-0.719878,s4.107593,s48.818113
128_104,s3.661459,s-2.607368,s226.337054
128_105,s-3.568295,s-2.904486,s113.406691
128_106,s1.657103,s4.879676,s175.222741
128_107,s0.004829,s-4.245601,s154.033502
128_108,s-3.388726,s3.689648,s9.861572
128_109,s4.643354,s-1.505708,s347.451420
128_110,s0.418334,s-4.782762,s244.611696
128_111,s3.538459,s-3.298473,s254.058977
128_112,s-4.276147,s1.801254,s127.527667
128_113,s4.879352,s0.327294,s342.875570
128_114,s4.068148,s2.037810,s339.054416
128_115,s-1.688824,s-4.544380,s240.328357
128_116,s0.661919,s4.843445,s288.791769
128_117,s4.388240,s-2.682597,s269.379540
128_118,s-4.740946,s-0.951586,s173.235456
128_119,s2.625655,s4.191660,s26.833237
128_120,s3.066451,s-4.024982,s203.075702
128_121,s-4.794142,s0.911374,s155.422002
128_122,s3.701088,s3.376692,s280.605718
128_123,s-3.009058,s-3.466074,s166.502935
128_124,s-0.125717,s4.708322,s62.783355
128_125,s-3.796237,s-3.390677,s179.095583
128_126,s-5.053084,s1.460800,s133.419085
128_127,s4.927764,s1.496543,s30.751374
129_0,s-0.163755,s-0.051221,s318.954144
129_1,s-0.237579,s-0.866642,s19.041900
129_2,s0.407457,s-0.701550,s242.610836
129_3,s-0.419585,s0.515648,s2.457964
129_4,s0.390469,s-0.007906,s268.704814
129_5,s1.330919,s0.860824,s124.138946
129_6,s-0.884354,s-0.386179,s23.265489
129_7,s1.257922,s-0.974127,s214.536479
129_8,s-1.261079,s-0.716415,s96.744984
129_9,s0.955230,s-1.448798,s138.840380
129_10,s0.240294,s1.402654,s246.788177
129_11,s-1.191282,s0.558268,s-8.764177
129_12,s1.590753,s-0.177760,s350.301028
129_13,s1.217453,s1.361702,s63.871334
129_14,s-1.761842,s0.576317,s119.057410
129_15,s-1.174907,s1.800120,s111.577045
129_16,s-0.400839,s2.356410,s90.510348
129_17,s0.033308,s-1.317908,s174.482361
129_18,s-2.386314,s-0.239403,s241.423219
129_19,s1.377736,s-0.506549,s71.106446
129_20,s-2.130173,s1.288548,s3.128820
129_21,s-0.698236,s1.311010,s15.576015
129_22,s-0.548255,s-1.095009,s105.263029
129_23,s2.048296,s0.031874,s320.829365
129_24,s1.722244,s1.458880,s275.488246
129_25,s-0.466458,s-1.810900,s197.521236
129_26,s2.161671,s-0.528744,s205.056455
129_27,s1.476933,s-2.045943,s191.117693
129_28,s-1.087964,s3.026763,s46.198572
129_29,s-2.046144,s-2.170452,s63.059425
129_30,s0.892884,s2.119062,s71.749549
129_31,s0.814415,s-2.367993,s107.149668
129_32,s1.566359,s2.309229,s36.940585
129_33,s1.907019,s-1.935216,s238.615625
129_34,s0.620167,s-3.010802,s123.338848
129_35,s-1.089051,s-1.847941,s185.899215
129_36,s-2.905331,s0.579581,s186.631605
129_37,s-2.117984,s-1.311007,s36.748526
129_38,s-3.008867,s2.017160,s32.928246
129_39,s1.945041,s-1.165515,s247.415805
129_40,s-1.630772,s2.115678,s30.396090
129_41,s0.769980,s2.888654,s13.072747
129_42,s-2.818652,s-2.144337,s136.844711
129_43,s-2.904276,s-1.031270,s99.005803
129_44,s-0.019528,s2.593809,s-25.520028
129_45,s1.682749,s2.964918,s53.414180
129_46,s1.926444,s0.822050,s322.569349
129_47,s2.821569,s-0.455895,s219.978354
129_48,s-0.564223,s-2.968875,s223.729886
129_49,s-2.774789,s1.088329,s33.151199
129_50,s2.291130,s-2.640440,s117.250024
129_51,s2.090128,s3.003757,s267.411169
129_52,s2.660779,s0.772461,s280.490089
129_53,s-1.438639,s-2.755138,s143.545940
129_54,s2.944676,s-0.040183,s319.596106
129_55,s2.772331,s-2.401408,s168.497851
129_56,s-3.081625,s-0.391969,s99.671770
129_57,s-2.453186,s2.830961,s336.774386
129_58,s0.200212,s-3.709765,s196.894399
129_59,s3.081800,s2.017261,s251.752443
129_60,s-0.902453,s-3.396794,s162.781460
129_61,s0.798784,s-3.630994,s285.889748
129_62,s2.926052,s-1.396493,s261.622943
129_63,s-3.164605,s-1.550116,s144.700329
129_64,s-0.469633,s3.882783,s286.512562
129_65,s-2.930610,s-3.090123,s282.823598
129_66,s-0.756268,s3.555694,s203.659302
129_67,s3.718791,s0.685046,s352.106326
129_68,s-3.395463,s0.521068,s149.260568
129_69,s-3.434347,s2.941271,s323.752512
129_70,s-4.476167,s0.354907,s141.561122
129_71,s2.010093,s-4.314001,s192.768052
129_72,s2.307141,s3.589497,s393.580704
129_73,s-0.271809,s-3.729893,s121.108271
129_74,s3.651377,s-0.905366,s208.415420
129_75,s3.426368,s-0.464931,s349.678605
129_76,s-3.852117,s-1.024596,s110.399913
129_77,s0.825129,s3.813690,s333.425300
129_78,s2.212398,s-3.628962,s254.596571
129_79,s2.692198,s2.462597,s174.620318
129_80,s3.099496,s-2.060541,s301.652158
129_81,s-1.674933,s-3.690471,s214.658157
129_82,s-1.296476,s3.899033,s26.654351
129_83,s-2.533689,s3.642454,s28.955480
129_84,s4.082972,s1.670091,s230.355007
129_85,s-2.327564,s-3.577188,s134.339759
129_86,s-3.877142,s2.433004,s86.314947
129_87,s-4.028801,s-1.691999,s95.613625
129_88,s3.854858,s0.155989,s273.150855
129_89,s2.979189,s3.893900,s302.911351
129_90,s-3.655036,s1.500224,s340.791360
129_91,s0.812727,s-4.218364,s287.403372
129_92,s-4.232508,s-0.647620,s81.367144
129_93,s3.476807,s2.379023,s312.713848
129_94,s4.172992,s-0.761690,s285.415001
129_95,s-0.931935,s-4.465668,s217.308190
129_96,s0.593411,s4.388680,s83.634166
129_97,s-4.297965,s-2.170371,s135.813332
129_98,s-2.014688,s4.180290,s351.717027
129_99,s-2.319449,s-4.582371,s110.264813
129_100,s3.886093,s-2.157643,s307.730800
129_101,s4.324215,s1.076660,s193.192711
129_102,s3.178855,s3.357509,s164.137495
129_103,s-0.719878,s4.107593,s48.818113
129_104,s3.661459,s-2.607368,s226.337054
129_105,s-3.568295,s-2.904486,s113.406691
129_106,s1.657103,s4.879676,s175.222741
129_107,s0.004829,s-4.245601,s154.033502
129_108,s-3.388726,s3.689648,s9.861572
129_109,s4.643354,s-1.505708,s347.451420
129_110,s0.418334,s-4.782762,s244.611696
129_111,s3.538459,s-3.298473,s254.058977
129_112,s-4.276147,s1.801254,s127.527667
129_113,s4.879352,s0.327294,s342.875570
129_114,s4.068148,s2.037810,s339.054416
129_115,s-1.688824,s-4.544380,s240.328357
129_116,s0.661919,s4.843445,s288.791769
129_117,s4.388240,s-2.682597,s269.379540
129_118,s-4.740946,s-0.951586,s173.235456
129_119,s2.625655,s4.191660,s26.833237
129_120,s3.066451,s-4.024982,s203.075702
129_121,s-4.794142,s0.911374,s155.422002
129_122,s3.701088,s3.376692,s280.605718
129_123,s-3.009058,s-3.466074,s166.502935
129_124,s-0.125717,s4.708322,s62.783355
129_125,s-3.796237,s-3.390677,s179.095583
129_126,s-5.053084,s1.460800,s133.419085
129_127,s4.927764,s1.496543,s30.751374
129_128,s4.918479,s-0.122313,s199.491405
130_0,s-0.163755,s-0.051221,s318.954144
130_1,s-0.237579,s-0.866642,s19.041900
130_2,s0.407457,s-0.701550,s242.610836
130_3,s-0.419585,s0.515648,s2.457964
130_4,s0.390469,s-0.007906,s268.704814
130_5,s1.330919,s0.860824,s124.138946
130_6,s-0.884354,s-0.386179,s23.265489
130_7,s1.257922,s-0.974127,s214.536479
130_8,s-1.261079,s-0.716415,s96.744984
130_9,s0.955230,s-1.448798,s138.840380
130_10,s0.240294,s1.402654,s246.788177
130_11,s-1.191282,s0.558268,s-8.764177
130_12,s1.590753,s-0.177760,s350.301028
130_13,s1.217453,s1.361702,s63.871334
130_14,s-1.761842,s0.576317,s119.057410
130_15,s-1.174907,s1.800120,s111.577045
130_16,s-0.400839,s2.356410,s90.510348
130_17,s0.033308,s-1.317908,s174.482361
130_18,s-2.386314,s-0.239403,s241.423219
130_19,s1.377736,s-0.506549,s71.106446
130_20,s-2.130173,s1.288548,s3.128820
130_21,s-0.698236,s1.311010,s15.576015
130_22,s-0.548255,s-1.095009,s105.263029
130_23,s2.048296,s0.031874,s320.829365
130_24,s1.722244,s1.458880,s275.488246
130_25,s-0.466458,s-1.810900,s197.521236
130_26,s2.161671,s-0.528744,s205.056455
130_27,s1.476933,s-2.045943,s191.117693
130_28,s-1.087964,s3.026763,s46.198572
130_29,s-2.046144,s-2.170452,s63.059425
130_30,s0.892884,s2.119062,s71.749549
130_31,s0.814415,s-2.367993,s107.149668
130_32,s1.566359,s2.309229,s36.940585
130_33,s1.907019,s-1.935216,s238.615625
130_34,s0.620167,s-3.010802,s123.338848
130_35,s-1.089051,s-1.847941,s185.899215
130_36,s-2.905331,s0.579581,s186.631605
130_37,s-2.117984,s-1.311007,s36.748526
130_38,s-3.008867,s2.017160,s32.928246
130_39,s1.945041,s-1.165515,s247.415805
130_40,s-1.630772,s2.115678,s30.396090
130_41,s0.769980,s2.888654,s13.072747
130_42,s-2.818652,s-2.144337,s136.844711
130_43,s-2.904276,s-1.031270,s99.005803
130_44,s-0.019528,s2.593809,s-25.520028
130_45,s1.682749,s2.964918,s53.414180
130_46,s1.926444,s0.822050,s322.569349
130_47,s2.821569,s-0.455895,s219.978354
130_48,s-0.564223,s-2.968875,s223.729886
130_49,s-2.774789,s1.088329,s33.151199
130_50,s2.291130,s-2.640440,s117.250024
130_51,s2.090128,s3.003757,s267.411169
130_52,s2.660779,s0.772461,s280.490089
130_53,s-1.438639,s-2.755138,s143.545940
130_54,s2.944676,s-0.040183,s319.596106
130_55,s2.772331,s-2.401408,s168.497851
130_56,s-3.081625,s-0.391969,s99.671770
130_57,s-2.453186,s2.830961,s336.774386
130_58,s0.200212,s-3.709765,s196.894399
130_59,s3.081800,s2.017261,s251.752443
130_60,s-0.902453,s-3.396794,s162.781460
130_61,s0.798784,s-3.630994,s285.889748
130_62,s2.926052,s-1.396493,s261.622943
130_63,s-3.164605,s-1.550116,s144.700329
130_64,s-0.469633,s3.882783,s286.512562
130_65,s-2.930610,s-3.090123,s282.823598
130_66,s-0.756268,s3.555694,s203.659302
130_67,s3.718791,s0.685046,s352.106326
130_68,s-3.395463,s0.521068,s149.260568
130_69,s-3.434347,s2.941271,s323.752512
130_70,s-4.476167,s0.354907,s141.561122
130_71,s2.010093,s-4.314001,s192.768052
130_72,s2.307141,s3.589497,s393.580704
130_73,s-0.271809,s-3.729893,s121.108271
130_74,s3.651377,s-0.905366,s208.415420
130_75,s3.426368,s-0.464931,s349.678605
130_76,s-3.852117,s-1.024596,s110.399913
130_77,s0.825129,s3.813690,s333.425300
130_78,s2.212398,s-3.628962,s254.596571
130_79,s2.692198,s2.462597,s174.620318
130_80,s3.099496,s-2.060541,s301.652158
130_81,s-1.674933,s-3.690471,s214.658157
130_82,s-1.296476,s3.899033,s26.654351
130_83,s-2.533689,s3.642454,s28.955480
130_84,s4.082972,s1.670091,s230.355007
130_85,s-2.327564,s-3.577188,s134.339759
130_86,s-3.877142,s2.433004,s86.314947
130_87,s-4.028801,s-1.691999,s95.613625
130_88,s3.854858,s0.155989,s273.150855
130_89,s2.979189,s3.893900,s302.911351
130_90,s-3.655036,s1.500224,s340.791360
130_91,s0.812727,s-4.218364,s287.403372
130_92,s-4.232508,s-0.647620,s81.367144
130_93,s3.476807,s2.379023,s312.713848
130_94,s4.172992,s-0.761690,s285.415001
130_95,s-0.931935,s-4.465668,s217.308190
130_96,s0.593411,s4.388680,s83.634166
130_97,s-4.297965,s-2.170371,s135.813332
130_98,s-2.014688,s4.180290,s351.717027
130_99,s-2.319449,s-4.582371,s110.264813
130_100,s3.886093,s-2.157643,s307.730800
130_101,s4.324215,s1.076660,s193.192711
130_102,s3.178855,s3.357509,s164.137495
130_103,s-0.719878,s4.107593,s48.818113
130_104,s3.661459,s-2.607368,s226.337054
130_105,s-3.568295,s-2.904486,s113.406691
130_106,s1.657103,s4.879676,s175.222741
130_107,s0.004829,s-4.245601,s154.033502
130_108,s-3.388726,s3.689648,s9.861572
130_109,s4.643354,s-1.505708,s347.451420
130_110,s0.418334,s-4.782762,s244.611696
130_111,s3.538459,s-3.298473,s254.058977
130_112,s-4.276147,s1.801254,s127.527667
130_113,s4.879352,s0.327294,s342.875570
130_114,s4.068148,s2.037810,s339.054416
130_115,s-1.688824,s-4.544380,s240.328357
130_116,s0.661919,s4.843445,s288.791769
130_117,s4.388240,s-2.682597,s269.379540
130_118,s-4.740946,s-0.951586,s173.235456
130_119,s2.625655,s4.191660,s26.833237
130_120,s3.066451,s-4.024982,s203.075702
130_121,s-4.794142,s0.911374,s155.422002
130_122,s3.701088,s3.376692,s280.605718
130_123,s-3.009058,s-3.466074,s166.502935
130_124,s-0.125717,s4.708322,s62.783355
130_125,s-3.796237,s-3.390677,s179.095583
130_126,s-5.053084,s1.460800,s133.419085
130_127,s4.927764,s1.496543,s30.751374
130_128,s4.918479,s-0.122313,s199.491405
130_129,s-3.002141,s4.452421,s0.786680
131_0,s-0.163755,s-0.051221,s318.954144
131_1,s-0.237579,s-0.866642,s19.041900
131_2,s0.407457,s-0.701550,s242.610836
131_3,s-0.419585,s0.515648,s2.457964
131_4,s0.390469,s-0.007906,s268.704814
131_5,s1.330919,s0.860824,s124.138946
131_6,s-0.884354,s-0.386179,s23.265489
131_7,s1.257922,s-0.974127,s214.536479
131_8,s-1.261079,s-0.716415,s96.744984
131_9,s0.955230,s-1.448798,s138.840380
131_10,s0.240294,s1.402654,s246.788177
131_11,s-1.191282,s0.558268,s-8.764177
131_12,s1.590753,s-0.177760,s350.301028
131_13,s1.217453,s1.361702,s63.871334
131_14,s-1.761842,s0.576317,s119.057410
131_15,s-1.174907,s1.800120,s111.577045
131_16,s-0.400839,s2.356410,s90.510348
131_17,s0.033308,s-1.317908,s174.482361
131_18,s-2.386314,s-0.239403,s241.423219
131_19,s1.377736,s-0.506549,s71.106446
131_20,s-2.130173,s1.288548,s3.128820
131_21,s-0.698236,s1.311010,s15.576015
131_22,s-0.548255,s-1.095009,s105.263029
131_23,s2.048296,s0.031874,s320.829365
131_24,s1.722244,s1.458880,s275.488246
131_25,s-0.466458,s-1.810900,s197.521236
131_26,s2.161671,s-0.528744,s205.056455
131_27,s1.476933,s-2.045943,s191.117693
131_28,s-1.087964,s3.026763,s46.198572
131_29,s-2.046144,s-2.170452,s63.059425
131_30,s0.892884,s2.119062,s71.749549
131_31,s0.814415,s-2.367993,s107.149668
131_32,s1.566359,s2.309229,s36.940585
131_33,s1.907019,s-1.935216,s238.615625
131_34,s0.620167,s-3.010802,s123.338848
131_35,s-1.089051,s-1.847941,s185.899215
131_36,s-2.905331,s0.579581,s186.631605
131_37,s-2.117984,s-1.311007,s36.748526
131_38,s-3.008867,s2.017160,s32.928246
131_39,s1.945041,s-1.165515,s247.415805
131_40,s-1.630772,s2.115678,s30.396090
131_41,s0.769980,s2.888654,s13.072747
131_42,s-2.818652,s-2.144337,s136.844711
131_43,s-2.904276,s-1.031270,s99.005803
131_44,s-0.019528,s2.593809,s-25.520028
131_45,s1.682749,s2.964918,s53.414180
131_46,s1.926444,s0.822050,s322.569349
131_47,s2.821569,s-0.455895,s219.978354
131_48,s-0.564223,s-2.968875,s223.729886
131_49,s-2.774789,s1.088329,s33.151199
131_50,s2.291130,s-2.640440,s117.250024
131_51,s2.090128,s3.003757,s267.411169
131_52,s2.660779,s0.772461,s280.490089
131_53,s-1.438639,s-2.755138,s143.545940
131_54,s2.944676,s-0.040183,s319.596106
131_55,s2.772331,s-2.401408,s168.497851
131_56,s-3.081625,s-0.391969,s99.671770
131_57,s-2.453186,s2.830961,s336.774386
131_58,s0.200212,s-3.709765,s196.894399
131_59,s3.081800,s2.017261,s251.752443
131_60,s-0.902453,s-3.396794,s162.781460
131_61,s0.798784,s-3.630994,s285.889748
131_62,s2.926052,s-1.396493,s261.622943
131_63,s-3.164605,s-1.550116,s144.700329
131_64,s-0.469633,s3.882783,s286.512562
131_65,s-2.930610,s-3.090123,s282.823598
131_66,s-0.756268,s3.555694,s203.659302
131_67,s3.718791,s0.685046,s352.106326
131_68,s-3.395463,s0.521068,s149.260568
131_69,s-3.434347,s2.941271,s323.752512
131_70,s-4.476167,s0.354907,s141.561122
131_71,s2.010093,s-4.314001,s192.768052
131_72,s2.307141,s3.589497,s393.580704
131_73,s-0.271809,s-3.729893,s121.108271
131_74,s3.651377,s-0.905366,s208.415420
131_75,s3.426368,s-0.464931,s349.678605
131_76,s-3.852117,s-1.024596,s110.399913
131_77,s0.825129,s3.813690,s333.425300
131_78,s2.212398,s-3.628962,s254.596571
131_79,s2.692198,s2.462597,s174.620318
131_80,s3.099496,s-2.060541,s301.652158
131_81,s-1.674933,s-3.690471,s214.658157
131_82,s-1.296476,s3.899033,s26.654351
131_83,s-2.533689,s3.642454,s28.955480
131_84,s4.082972,s1.670091,s230.355007
131_85,s-2.327564,s-3.577188,s134.339759
131_86,s-3.877142,s2.433004,s86.314947
131_87,s-4.028801,s-1.691999,s95.613625
131_88,s3.854858,s0.155989,s273.150855
131_89,s2.979189,s3.893900,s302.911351
131_90,s-3.655036,s1.500224,s340.791360
131_91,s0.812727,s-4.218364,s287.403372
131_92,s-4.232508,s-0.647620,s81.367144
131_93,s3.476807,s2.379023,s312.713848
131_94,s4.172992,s-0.761690,s285.415001
131_95,s-0.931935,s-4.465668,s217.308190
131_96,s0.593411,s4.388680,s83.634166
131_97,s-4.297965,s-2.170371,s135.813332
131_98,s-2.014688,s4.180290,s351.717027
131_99,s-2.319449,s-4.582371,s110.264813
131_100,s3.886093,s-2.157643,s307.730800
131_101,s4.324215,s1.076660,s193.192711
131_102,s3.178855,s3.357509,s164.137495
131_103,s-0.719878,s4.107593,s48.818113
131_104,s3.661459,s-2.607368,s226.337054
131_105,s-3.568295,s-2.904486,s113.406691
131_106,s1.657103,s4.879676,s175.222741
131_107,s0.004829,s-4.245601,s154.033502
131_108,s-3.388726,s3.689648,s9.861572
131_109,s4.643354,s-1.505708,s347.451420
131_110,s0.418334,s-4.782762,s244.611696
131_111,s3.538459,s-3.298473,s254.058977
131_112,s-4.276147,s1.801254,s127.527667
131_113,s4.879352,s0.327294,s342.875570
131_114,s4.068148,s2.037810,s339.054416
131_115,s-1.688824,s-4.544380,s240.328357
131_116,s0.661919,s4.843445,s288.791769
131_117,s4.388240,s-2.682597,s269.379540
131_118,s-4.740946,s-0.951586,s173.235456
131_119,s2.625655,s4.191660,s26.833237
131_120,s3.066451,s-4.024982,s203.075702
131_121,s-4.794142,s0.911374,s155.422002
131_122,s3.701088,s3.376692,s280.605718
131_123,s-3.009058,s-3.466074,s166.502935
131_124,s-0.125717,s4.708322,s62.783355
131_125,s-3.796237,s-3.390677,s179.095583
131_126,s-5.053084,s1.460800,s133.419085
131_127,s4.927764,s1.496543,s30.751374
131_128,s4.918479,s-0.122313,s199.491405
131_129,s-3.002141,s4.452421,s0.786680
131_130,s-1.072828,s4.914259,s34.548447
132_0,s-0.163755,s-0.051221,s318.954144
132_1,s-0.237579,s-0.866642,s19.041900
132_2,s0.407457,s-0.701550,s242.610836
132_3,s-0.419585,s0.515648,s2.457964
132_4,s0.390469,s-0.007906,s268.704814
132_5,s1.330919,s0.860824,s124.138946
132_6,s-0.884354,s-0.386179,s23.265489
132_7,s1.257922,s-0.974127,s214.536479
132_8,s-1.261079,s-0.716415,s96.744984
132_9,s0.955230,s-1.448798,s138.840380
132_10,s0.240294,s1.402654,s246.788177
132_11,s-1.191282,s0.558268,s-8.764177
132_12,s1.590753,s-0.177760,s350.301028
132_13,s1.217453,s1.361702,s63.871334
132_14,s-1.761842,s0.576317,s119.057410
132_15,s-1.174907,s1.800120,s111.577045
132_16,s-0.400839,s2.356410,s90.510348
132_17,s0.033308,s-1.317908,s174.482361
132_18,s-2.386314,s-0.239403,s241.423219
132_19,s1.377736,s-0.506549,s71.106446
132_20,s-2.130173,s1.288548,s3.128820
132_21,s-0.698236,s1.311010,s15.576015
132_22,s-0.548255,s-1.095009,s105.263029
132_23,s2.048296,s0.031874,s320.829365
132_24,s1.722244,s1.458880,s275.488246
132_25,s-0.466458,s-1.810900,s197.521236
132_26,s2.161671,s-0.528744,s205.056455
132_27,s1.476933,s-2.045943,s191.117693
132_28,s-1.087964,s3.026763,s46.198572
132_29,s-2.046144,s-2.170452,s63.059425
132_30,s0.892884,s2.119062,s71.749549
132_31,s0.814415,s-2.367993,s107.149668
132_32,s1.566359,s2.309229,s36.940585
132_33,s1.907019,s-1.935216,s238.615625
132_34,s0.620167,s-3.010802,s123.338848
132_35,s-1.089051,s-1.847941,s185.899215
132_36,s-2.905331,s0.579581,s186.631605
132_37,s-2.117984,s-1.311007,s36.748526
132_38,s-3.008867,s2.017160,s32.928246
132_39,s1.945041,s-1.165515,s247.415805
132_40,s-1.630772,s2.115678,s30.396090
132_41,s0.769980,s2.888654,s13.072747
132_42,s-2.818652,s-2.144337,s136.844711
132_43,s-2.904276,s-1.031270,s99.005803
132_44,s-0.019528,s2.593809,s-25.520028
132_45,s1.682749,s2.964918,s53.414180
132_46,s1.926444,s0.822050,s322.569349
132_47,s2.821569,s-0.455895,s219.978354
132_48,s-0.564223,s-2.968875,s223.729886
132_49,s-2.774789,s1.088329,s33.151199
132_50,s2.291130,s-2.640440,s117.250024
132_51,s2.090128,s3.003757,s267.411169
132_52,s2.660779,s0.772461,s280.490089
132_53,s-1.438639,s-2.755138,s143.545940
132_54,s2.944676,s-0.040183,s319.596106
132_55,s2.772331,s-2.401408,s168.497851
132_56,s-3.081625,s-0.391969,s99.671770
132_57,s-2.453186,s2.830961,s336.774386
132_58,s0.200212,s-3.709765,s196.894399
132_59,s3.081800,s2.017261,s251.752443
132_60,s-0.902453,s-3.396794,s162.781460
132_61,s0.798784,s-3.630994,s285.889748
132_62,s2.926052,s-1.396493,s261.622943
132_63,s-3.164605,s-1.550116,s144.700329
132_64,s-0.469633,s3.882783,s286.512562
132_65,s-2.930610,s-3.090123,s282.823598
132_66,s-0.756268,s3.555694,s203.659302
132_67,s3.718791,s0.685046,s352.106326
132_68,s-3.395463,s0.521068,s149.260568
132_69,s-3.434347,s2.941271,s323.752512
132_70,s-4.476167,s0.354907,s141.561122
132_71,s2.010093,s-4.314001,s192.768052
132_72,s2.307141,s3.589497,s393.580704
132_73,s-0.271809,s-3.729893,s121.108271
132_74,s3.651377,s-0.905366,s208.415420
132_75,s3.426368,s-0.464931,s349.678605
132_76,s-3.852117,s-1.024596,s110.399913
132_77,s0.825129,s3.813690,s333.425300
132_78,s2.212398,s-3.628962,s254.596571
132_79,s2.692198,s2.462597,s174.620318
132_80,s3.099496,s-2.060541,s301.652158
132_81,s-1.674933,s-3.690471,s214.658157
132_82,s-1.296476,s3.899033,s26.654351
132_83,s-2.533689,s3.642454,s28.955480
132_84,s4.082972,s1.670091,s230.355007
132_85,s-2.327564,s-3.577188,s134.339759
132_86,s-3.877142,s2.433004,s86.314947
132_87,s-4.028801,s-1.691999,s95.613625
132_88,s3.854858,s0.155989,s273.150855
132_89,s2.979189,s3.893900,s302.911351
132_90,s-3.655036,s1.500224,s340.791360
132_91,s0.812727,s-4.218364,s287.403372
132_92,s-4.232508,s-0.647620,s81.367144
132_93,s3.476807,s2.379023,s312.713848
132_94,s4.172992,s-0.761690,s285.415001
132_95,s-0.931935,s-4.465668,s217.308190
132_96,s0.593411,s4.388680,s83.634166
132_97,s-4.297965,s-2.170371,s135.813332
132_98,s-2.014688,s4.180290,s351.717027
132_99,s-2.319449,s-4.582371,s110.264813
132_100,s3.886093,s-2.157643,s307.730800
132_101,s4.324215,s1.076660,s193.192711
132_102,s3.178855,s3.357509,s164.137495
132_103,s-0.719878,s4.107593,s48.818113
132_104,s3.661459,s-2.607368,s226.337054
132_105,s-3.568295,s-2.904486,s113.406691
132_106,s1.657103,s4.879676,s175.222741
132_107,s0.004829,s-4.245601,s154.033502
132_108,s-3.388726,s3.689648,s9.861572
132_109,s4.643354,s-1.505708,s347.451420
132_110,s0.418334,s-4.782762,s244.611696
132_111,s3.538459,s-3.298473,s254.058977
132_112,s-4.276147,s1.801254,s127.527667
132_113,s4.879352,s0.327294,s342.875570
132_114,s4.068148,s2.037810,s339.054416
132_115,s-1.688824,s-4.544380,s240.328357
132_116,s0.661919,s4.843445,s288.791769
132_117,s4.388240,s-2.682597,s269.379540
132_118,s-4.740946,s-0.951586,s173.235456
132_119,s2.625655,s4.191660,s26.833237
132_120,s3.066451,s-4.024982,s203.075702
132_121,s-4.794142,s0.911374,s155.422002
132_122,s3.701088,s3.376692,s280.605718
132_123,s-3.009058,s-3.466074,s166.502935
132_124,s-0.125717,s4.708322,s62.783355
132_125,s-3.796237,s-3.390677,s179.095583
132_126,s-5.053084,s1.460800,s133.419085
132_127,s4.927764,s1.496543,s30.751374
132_128,s4.918479,s-0.122313,s199.491405
132_129,s-3.002141,s4.452421,s0.786680
132_130,s-1.072828,s4.914259,s34.548447
132_131,s4.593050,s-1.975827,s230.824388
133_0,s-0.163755,s-0.051221,s318.954144
133_1,s-0.237579,s-0.866642,s19.041900
133_2,s0.407457,s-0.701550,s242.610836
133_3,s-0.419585,s0.515648,s2.457964
133_4,s0.390469,s-0.007906,s268.704814
133_5,s1.330919,s0.860824,s124.138946
133_6,s-0.884354,s-0.386179,s23.265489
133_7,s1.257922,s-0.974127,s214.536479
133_8,s-1.261079,s-0.716415,s96.744984
133_9,s0.955230,s-1.448798,s138.840380
133_10,s0.240294,s1.402654,s246.788177
133_11,s-1.191282,s0.558268,s-8.764177
133_12,s1.590753,s-0.177760,s350.301028
133_13,s1.217453,s1.361702,s63.871334
133_14,s-1.761842,s0.576317,s119.057410
133_15,s-1.174907,s1.800120,s111.577045
133_16,s-0.400839,s2.356410,s90.510348
133_17,s0.033308,s-1.317908,s174.482361
133_18,s-2.386314,s-0.239403,s241.423219
133_19,s1.377736,s-0.506549,s71.106446
133_20,s-2.130173,s1.288548,s3.128820
133_21,s-0.698236,s1.311010,s15.576015
133_22,s-0.548255,s-1.095009,s105.263029
133_23,s2.048296,s0.031874,s320.829365
133_24,s1.722244,s1.458880,s275.488246
133_25,s-0.466458,s-1.810900,s197.521236
133_26,s2.161671,s-0.528744,s205.056455
133_27,s1.476933,s-2.045943,s191.117693
133_28,s-1.087964,s3.026763,s46.198572
133_29,s-2.046144,s-2.170452,s63.059425
133_30,s0.892884,s2.119062,s71.749549
133_31,s0.814415,s-2.367993,s107.149668
133_32,s1.566359,s2.309229,s36.940585
133_33,s1.907019,s-1.935216,s238.615625
133_34,s0.620167,s-3.010802,s123.338848
133_35,s-1.089051,s-1.847941,s185.899215
133_36,s-2.905331,s0.579581,s186.631605
133_37,s-2.117984,s-1.311007,s36.748526
133_38,s-3.008867,s2.017160,s32.928246
133_39,s1.945041,s-1.165515,s247.415805
133_40,s-1.630772,s2.115678,s30.396090
133_41,s0.769980,s2.888654,s13.072747
133_42,s-2.818652,s-2.144337,s136.844711
133_43,s-2.904276,s-1.031270,s99.005803
133_44,s-0.019528,s2.593809,s-25.520028
133_45,s1.682749,s2.964918,s53.414180
133_46,s1.926444,s0.822050,s322.569349
133_47,s2.821569,s-0.455895,s219.978354
133_48,s-0.564223,s-2.968875,s223.729886
133_49,s-2.774789,s1.088329,s33.151199
133_50,s2.291130,s-2.640440,s117.250024
133_51,s2.090128,s3.003757,s267.411169
133_52,s2.660779,s0.772461,s280.490089
133_53,s-1.438639,s-2.755138,s143.545940
133_54,s2.944676,s-0.040183,s319.596106
133_55,s2.772331,s-2.401408,s168.497851
133_56,s-3.081625,s-0.391969,s99.671770
133_57,s-2.453186,s2.830961,s336.774386
133_58,s0.200212,s-3.709765,s196.894399
133_59,s3.081800,s2.017261,s251.752443
133_60,s-0.902453,s-3.396794,s162.781460
133_61,s0.798784,s-3.630994,s285.889748
133_62,s2.926052,s-1.396493,s261.622943
133_63,s-3.164605,s-1.550116,s144.700329
133_64,s-0.469633,s3.882783,s286.512562
133_65,s-2.930610,s-3.090123,s282.823598
133_66,s-0.756268,s3.555694,s203.659302
133_67,s3.718791,s0.685046,s352.106326
133_68,s-3.395463,s0.521068,s149.260568
133_69,s-3.434347,s2.941271,s323.752512
133_70,s-4.476167,s0.354907,s141.561122
133_71,s2.010093,s-4.314001,s192.768052
133_72,s2.307141,s3.589497,s393.580704
133_73,s-0.271809,s-3.729893,s121.108271
133_74,s3.651377,s-0.905366,s208.415420
133_75,s3.426368,s-0.464931,s349.678605
133_76,s-3.852117,s-1.024596,s110.399913
133_77,s0.825129,s3.813690,s333.425300
133_78,s2.212398,s-3.628962,s254.596571
133_79,s2.692198,s2.462597,s174.620318
133_80,s3.099496,s-2.060541,s301.652158
133_81,s-1.674933,s-3.690471,s214.658157
133_82,s-1.296476,s3.899033,s26.654351
133_83,s-2.533689,s3.642454,s28.955480
133_84,s4.082972,s1.670091,s230.355007
133_85,s-2.327564,s-3.577188,s134.339759
133_86,s-3.877142,s2.433004,s86.314947
133_87,s-4.028801,s-1.691999,s95.613625
133_88,s3.854858,s0.155989,s273.150855
133_89,s2.979189,s3.893900,s302.911351
133_90,s-3.655036,s1.500224,s340.791360
133_91,s0.812727,s-4.218364,s287.403372
133_92,s-4.232508,s-0.647620,s81.367144
133_93,s3.476807,s2.379023,s312.713848
133_94,s4.172992,s-0.761690,s285.415001
133_95,s-0.931935,s-4.465668,s217.308190
133_96,s0.593411,s4.388680,s83.634166
133_97,s-4.297965,s-2.170371,s135.813332
133_98,s-2.014688,s4.180290,s351.717027
133_99,s-2.319449,s-4.582371,s110.264813
133_100,s3.886093,s-2.157643,s307.730800
133_101,s4.324215,s1.076660,s193.192711
133_102,s3.178855,s3.357509,s164.137495
133_103,s-0.719878,s4.107593,s48.818113
133_104,s3.661459,s-2.607368,s226.337054
133_105,s-3.568295,s-2.904486,s113.406691
133_106,s1.657103,s4.879676,s175.222741
133_107,s0.004829,s-4.245601,s154.033502
133_108,s-3.388726,s3.689648,s9.861572
133_109,s4.643354,s-1.505708,s347.451420
133_110,s0.418334,s-4.782762,s244.611696
133_111,s3.538459,s-3.298473,s254.058977
133_112,s-4.276147,s1.801254,s127.527667
133_113,s4.879352,s0.327294,s342.875570
133_114,s4.068148,s2.037810,s339.054416
133_115,s-1.688824,s-4.544380,s240.328357
133_116,s0.661919,s4.843445,s288.791769
133_117,s4.388240,s-2.682597,s269.379540
133_118,s-4.740946,s-0.951586,s173.235456
133_119,s2.625655,s4.191660,s26.833237
133_120,s3.066451,s-4.024982,s203.075702
133_121,s-4.794142,s0.911374,s155.422002
133_122,s3.701088,s3.376692,s280.605718
133_123,s-3.009058,s-3.466074,s166.502935
133_124,s-0.125717,s4.708322,s62.783355
133_125,s-3.796237,s-3.390677,s179.095583
133_126,s-5.053084,s1.460800,s133.419085
133_127,s4.927764,s1.496543,s30.751374
133_128,s4.918479,s-0.122313,s199.491405
133_129,s-3.002141,s4.452421,s0.786680
133_130,s-1.072828,s4.914259,s34.548447
133_131,s4.593050,s-1.975827,s230.824388
133_132,s-0.453145,s5.240445,s309.900252
134_0,s-0.163755,s-0.051221,s318.954144
134_1,s-0.237579,s-0.866642,s19.041900
134_2,s0.407457,s-0.701550,s242.610836
134_3,s-0.419585,s0.515648,s2.457964
134_4,s0.390469,s-0.007906,s268.704814
134_5,s1.330919,s0.860824,s124.138946
134_6,s-0.884354,s-0.386179,s23.265489
134_7,s1.257922,s-0.974127,s214.536479
134_8,s-1.261079,s-0.716415,s96.744984
134_9,s0.955230,s-1.448798,s138.840380
134_10,s0.240294,s1.402654,s246.788177
134_11,s-1.191282,s0.558268,s-8.764177
134_12,s1.590753,s-0.177760,s350.301028
134_13,s1.217453,s1.361702,s63.871334
134_14,s-1.761842,s0.576317,s119.057410
134_15,s-1.174907,s1.800120,s111.577045
134_16,s-0.400839,s2.356410,s90.510348
134_17,s0.033308,s-1.317908,s174.482361
134_18,s-2.386314,s-0.239403,s241.423219
134_19,s1.377736,s-0.506549,s71.106446
134_20,s-2.130173,s1.288548,s3.128820
134_21,s-0.698236,s1.311010,s15.576015
134_22,s-0.548255,s-1.095009,s105.263029
134_23,s2.048296,s0.031874,s320.829365
134_24,s1.722244,s1.458880,s275.488246
134_25,s-0.466458,s-1.810900,s197.521236
134_26,s2.161671,s-0.528744,s205.056455
134_27,s1.476933,s-2.045943,s191.117693
134_28,s-1.087964,s3.026763,s46.198572
134_29,s-2.046144,s-2.170452,s63.059425
134_30,s0.892884,s2.119062,s71.749549
134_31,s0.814415,s-2.367993,s107.149668
134_32,s1.566359,s2.309229,s36.940585
134_33,s1.907019,s-1.935216,s238.615625
134_34,s0.620167,s-3.010802,s123.338848
134_35,s-1.089051,s-1.847941,s185.899215
134_36,s-2.905331,s0.579581,s186.631605
134_37,s-2.117984,s-1.311007,s36.748526
134_38,s-3.008867,s2.017160,s32.928246
134_39,s1.945041,s-1.165515,s247.415805
134_40,s-1.630772,s2.115678,s30.396090
134_41,s0.769980,s2.888654,s13.072747
134_42,s-2.818652,s-2.144337,s136.844711
134_43,s-2.904276,s-1.031270,s99.005803
134_44,s-0.019528,s2.593809,s-25.520028
134_45,s1.682749,s2.964918,s53.414180
134_46,s1.926444,s0.822050,s322.569349
134_47,s2.821569,s-0.455895,s219.978354
134_48,s-0.564223,s-2.968875,s223.729886
134_49,s-2.774789,s1.088329,s33.151199
134_50,s2.291130,s-2.640440,s117.250024
134_51,s2.090128,s3.003757,s267.411169
134_52,s2.660779,s0.772461,s280.490089
134_53,s-1.438639,s-2.755138,s143.545940
134_54,s2.944676,s-0.040183,s319.596106
134_55,s2.772331,s-2.401408,s168.497851
134_56,s-3.081625,s-0.391969,s99.671770
134_57,s-2.453186,s2.830961,s336.774386
134_58,s0.200212,s-3.709765,s196.894399
134_59,s3.081800,s2.017261,s251.752443
134_60,s-0.902453,s-3.396794,s162.781460
134_61,s0.798784,s-3.630994,s285.889748
134_62,s2.926052,s-1.396493,s261.622943
134_63,s-3.164605,s-1.550116,s144.700329
134_64,s-0.469633,s3.882783,s286.512562
134_65,s-2.930610,s-3.090123,s282.823598
134_66,s-0.756268,s3.555694,s203.659302
134_67,s3.718791,s0.685046,s352.106326
134_68,s-3.395463,s0.521068,s149.260568
134_69,s-3.434347,s2.941271,s323.752512
134_70,s-4.476167,s0.354907,s141.561122
134_71,s2.010093,s-4.314001,s192.768052
134_72,s2.307141,s3.589497,s393.580704
134_73,s-0.271809,s-3.729893,s121.108271
134_74,s3.651377,s-0.905366,s208.415420
134_75,s3.426368,s-0.464931,s349.678605
134_76,s-3.852117,s-1.024596,s110.399913
134_77,s0.825129,s3.813690,s333.425300
134_78,s2.212398,s-3.628962,s254.596571
134_79,s2.692198,s2.462597,s174.620318
134_80,s3.099496,s-2.060541,s301.652158
134_81,s-1.674933,s-3.690471,s214.658157
134_82,s-1.296476,s3.899033,s26.654351
134_83,s-2.533689,s3.642454,s28.955480
134_84,s4.082972,s1.670091,s230.355007
134_85,s-2.327564,s-3.577188,s134.339759
134_86,s-3.877142,s2.433004,s86.314947
134_87,s-4.028801,s-1.691999,s95.613625
134_88,s3.854858,s0.155989,s273.150855
134_89,s2.979189,s3.893900,s302.911351
134_90,s-3.655036,s1.500224,s340.791360
134_91,s0.812727,s-4.218364,s287.403372
134_92,s-4.232508,s-0.647620,s81.367144
134_93,s3.476807,s2.379023,s312.713848
134_94,s4.172992,s-0.761690,s285.415001
134_95,s-0.931935,s-4.465668,s217.308190
134_96,s0.593411,s4.388680,s83.634166
134_97,s-4.297965,s-2.170371,s135.813332
134_98,s-2.014688,s4.180290,s351.717027
134_99,s-2.319449,s-4.582371,s110.264813
134_100,s3.886093,s-2.157643,s307.730800
134_101,s4.324215,s1.076660,s193.192711
134_102,s3.178855,s3.357509,s164.137495
134_103,s-0.719878,s4.107593,s48.818113
134_104,s3.661459,s-2.607368,s226.337054
134_105,s-3.568295,s-2.904486,s113.406691
134_106,s1.657103,s4.879676,s175.222741
134_107,s0.004829,s-4.245601,s154.033502
134_108,s-3.388726,s3.689648,s9.861572
134_109,s4.643354,s-1.505708,s347.451420
134_110,s0.418334,s-4.782762,s244.611696
134_111,s3.538459,s-3.298473,s254.058977
134_112,s-4.276147,s1.801254,s127.527667
134_113,s4.879352,s0.327294,s342.875570
134_114,s4.068148,s2.037810,s339.054416
134_115,s-1.688824,s-4.544380,s240.328357
134_116,s0.661919,s4.843445,s288.791769
134_117,s4.388240,s-2.682597,s269.379540
134_118,s-4.740946,s-0.951586,s173.235456
134_119,s2.625655,s4.191660,s26.833237
134_120,s3.066451,s-4.024982,s203.075702
134_121,s-4.794142,s0.911374,s155.422002
134_122,s3.701088,s3.376692,s280.605718
134_123,s-3.009058,s-3.466074,s166.502935
134_124,s-0.125717,s4.708322,s62.783355
134_125,s-3.796237,s-3.390677,s179.095583
134_126,s-5.053084,s1.460800,s133.419085
134_127,s4.927764,s1.496543,s30.751374
134_128,s4.918479,s-0.122313,s199.491405
134_129,s-3.002141,s4.452421,s0.786680
134_130,s-1.072828,s4.914259,s34.548447
134_131,s4.593050,s-1.975827,s230.824388
134_132,s-0.453145,s5.240445,s309.900252
134_133,s-4.113979,s2.841685,s29.067134
135_0,s-0.163755,s-0.051221,s318.954144
135_1,s-0.237579,s-0.866642,s19.041900
135_2,s0.407457,s-0.701550,s242.610836
135_3,s-0.419585,s0.515648,s2.457964
135_4,s0.390469,s-0.007906,s268.704814
135_5,s1.330919,s0.860824,s124.138946
135_6,s-0.884354,s-0.386179,s23.265489
135_7,s1.257922,s-0.974127,s214.536479
135_8,s-1.261079,s-0.716415,s96.744984
135_9,s0.955230,s-1.448798,s138.840380
135_10,s0.240294,s1.402654,s246.788177
135_11,s-1.191282,s0.558268,s-8.764177
135_12,s1.590753,s-0.177760,s350.301028
135_13,s1.217453,s1.361702,s63.871334
135_14,s-1.761842,s0.576317,s119.057410
135_15,s-1.174907,s1.800120,s111.577045
135_16,s-0.400839,s2.356410,s90.510348
135_17,s0.033308,s-1.317908,s174.482361
135_18,s-2.386314,s-0.239403,s241.423219
135_19,s1.377736,s-0.506549,s71.106446
135_20,s-2.130173,s1.288548,s3.128820
135_21,s-0.698236,s1.311010,s15.576015
135_22,s-0.548255,s-1.095009,s105.263029
135_23,s2.048296,s0.031874,s320.829365
135_24,s1.722244,s1.458880,s275.488246
135_25,s-0.466458,s-1.810900,s197.521236
135_26,s2.161671,s-0.528744,s205.056455
135_27,s1.476933,s-2.045943,s191.117693
135_28,s-1.087964,s3.026763,s46.198572
135_29,s-2.046144,s-2.170452,s63.059425
135_30,s0.892884,s2.119062,s71.749549
135_31,s0.814415,s-2.367993,s107.149668
135_32,s1.566359,s2.309229,s36.940585
135_33,s1.907019,s-1.935216,s238.615625
135_34,s0.620167,s-3.010802,s123.338848
135_35,s-1.089051,s-1.847941,s185.899215
135_36,s-2.905331,s0.579581,s186.631605
135_37,s-2.117984,s-1.311007,s36.748526
135_38,s-3.008867,s2.017160,s32.928246
135_39,s1.945041,s-1.165515,s247.415805
135_40,s-1.630772,s2.115678,s30.396090
135_41,s0.769980,s2.888654,s13.072747
135_42,s-2.818652,s-2.144337,s136.844711
135_43,s-2.904276,s-1.031270,s99.005803
135_44,s-0.019528,s2.593809,s-25.520028
135_45,s1.558675,s3.075573,s60.488363
135_46,s1.926444,s0.822050,s322.569349
135_47,s2.821569,s-0.455895,s219.978354
135_48,s-0.564223,s-2.968875,s223.729886
135_49,s-2.783178,s1.078566,s40.282210
135_50,s2.291130,s-2.640440,s117.250024
135_51,s2.090128,s3.003757,s267.411169
135_52,s2.660779,s0.772461,s280.490089
135_53,s-1.438639,s-2.755138,s143.545940
135_54,s2.944676,s-0.040183,s319.596106
135_55,s2.772331,s-2.401408,s168.497851
135_56,s-3.081625,s-0.391969,s99.671770
135_57,s-2.453186,s2.830961,s336.774386
135_58,s0.200212,s-3.709765,s196.894399
135_59,s3.081800,s2.017261,s251.752443
135_60,s-0.902453,s-3.396794,s162.781460
135_61,s0.798784,s-3.630994,s285.889748
135_62,s2.929198,s-1.385029,s274.360358
135_63,s-3.164605,s-1.550116,s144.700329
135_64,s-0.469633,s3.882783,s286.512562
135_65,s-2.930610,s-3.090123,s282.823598
135_66,s-0.756268,s3.555694,s203.659302
135_67,s3.718791,s0.685046,s352.106326
135_68,s-3.395463,s0.521068,s149.260568
135_69,s-3.434347,s2.941271,s323.752512
135_70,s-4.476167,s0.354907,s141.561122
135_71,s2.010093,s-4.314001,s192.768052
135_72,s2.307141,s3.589497,s393.580704
135_73,s-0.271809,s-3.729893,s121.108271
135_74,s3.651377,s-0.905366,s208.415420
135_75,s3.426368,s-0.464931,s349.678605
135_76,s-3.852117,s-1.024596,s110.399913
135_77,s0.825129,s3.813690,s333.425300
135_78,s2.212398,s-3.628962,s254.596571
135_79,s2.692198,s2.462597,s174.620318
135_80,s3.099496,s-2.060541,s301.652158
135_81,s-1.674933,s-3.690471,s214.658157
135_82,s-1.296476,s3.899033,s26.654351
135_83,s-2.533689,s3.642454,s28.955480
135_84,s4.082972,s1.670091,s230.355007
135_85,s-2.327564,s-3.577188,s134.339759
135_86,s-3.877142,s2.433004,s86.314947
135_87,s-4.028801,s-1.691999,s95.613625
135_88,s3.854858,s0.155989,s273.150855
135_89,s2.979189,s3.893900,s302.911351
135_90,s-3.655036,s1.500224,s340.791360
135_91,s0.812727,s-4.218364,s287.403372
135_92,s-4.232508,s-0.647620,s81.367144
135_93,s3.476807,s2.379023,s312.713848
135_94,s4.172992,s-0.761690,s285.415001
135_95,s-0.931935,s-4.465668,s217.308190
135_96,s0.593411,s4.388680,s83.634166
135_97,s-4.297965,s-2.170371,s135.813332
135_98,s-2.014688,s4.180290,s351.717027
135_99,s-2.319449,s-4.582371,s110.264813
135_100,s3.886093,s-2.157643,s307.730800
135_101,s4.324215,s1.076660,s193.192711
135_102,s3.178855,s3.357509,s164.137495
135_103,s-0.719878,s4.107593,s48.818113
135_104,s3.661459,s-2.607368,s226.337054
135_105,s-3.568295,s-2.904486,s113.406691
135_106,s1.657103,s4.879676,s175.222741
135_107,s0.004829,s-4.245601,s154.033502
135_108,s-3.388726,s3.689648,s9.861572
135_109,s4.643354,s-1.505708,s347.451420
135_110,s0.418334,s-4.782762,s244.611696
135_111,s3.538459,s-3.298473,s254.058977
135_112,s-4.276147,s1.801254,s127.527667
135_113,s4.879352,s0.327294,s342.875570
135_114,s4.068148,s2.037810,s339.054416
135_115,s-1.688824,s-4.544380,s240.328357
135_116,s0.661919,s4.843445,s288.791769
135_117,s4.388240,s-2.682597,s269.379540
135_118,s-4.740946,s-0.951586,s173.235456
135_119,s2.625655,s4.191660,s26.833237
135_120,s3.066451,s-4.024982,s203.075702
135_121,s-4.794142,s0.911374,s155.422002
135_122,s3.701088,s3.376692,s280.605718
135_123,s-3.009058,s-3.466074,s166.502935
135_124,s-0.125717,s4.708322,s62.783355
135_125,s-3.905202,s-3.606645,s172.347050
135_126,s-5.112602,s1.449872,s139.444932
135_127,s4.927764,s1.496543,s30.751374
135_128,s4.918479,s-0.122313,s199.491405
135_129,s-3.002141,s4.452421,s0.786680
135_130,s-1.072828,s4.914259,s34.548447
135_131,s4.593050,s-1.975827,s230.824388
135_132,s-0.453145,s5.240445,s309.900252
135_133,s-4.113979,s2.841685,s29.067134
135_134,s-4.702798,s2.049535,s46.143298
136_0,s-0.163755,s-0.051221,s318.954144
136_1,s-0.237579,s-0.866642,s19.041900
136_2,s0.407457,s-0.701550,s242.610836
136_3,s-0.419585,s0.515648,s2.457964
136_4,s0.390469,s-0.007906,s268.704814
136_5,s1.330919,s0.860824,s124.138946
136_6,s-0.884354,s-0.386179,s23.265489
136_7,s1.257922,s-0.974127,s214.536479
136_8,s-1.261079,s-0.716415,s96.744984
136_9,s0.955230,s-1.448798,s138.840380
136_10,s0.240294,s1.402654,s246.788177
136_11,s-1.191282,s0.558268,s-8.764177
136_12,s1.590753,s-0.177760,s350.301028
136_13,s1.217453,s1.361702,s63.871334
136_14,s-1.761842,s0.576317,s119.057410
136_15,s-1.174907,s1.800120,s111.577045
136_16,s-0.400839,s2.356410,s90.510348
136_17,s0.033308,s-1.317908,s174.482361
136_18,s-2.386314,s-0.239403,s241.423219
136_19,s1.377736,s-0.506549,s71.106446
136_20,s-2.130173,s1.288548,s3.128820
136_21,s-0.698236,s1.311010,s15.576015
136_22,s-0.548255,s-1.095009,s105.263029
136_23,s2.048296,s0.031874,s320.829365
136_24,s1.722244,s1.458880,s275.488246
136_25,s-0.466458,s-1.810900,s197.521236
136_26,s2.161671,s-0.528744,s205.056455
136_27,s1.476933,s-2.045943,s191.117693
136_28,s-1.087964,s3.026763,s46.198572
136_29,s-2.046144,s-2.170452,s63.059425
136_30,s0.892884,s2.119062,s71.749549
136_31,s0.814415,s-2.367993,s107.149668
136_32,s1.566359,s2.309229,s36.940585
136_33,s1.907019,s-1.935216,s238.615625
136_34,s0.620167,s-3.010802,s123.338848
136_35,s-1.089051,s-1.847941,s185.899215
136_36,s-2.905331,s0.579581,s186.631605
136_37,s-2.117984,s-1.311007,s36.748526
136_38,s-3.008867,s2.017160,s32.928246
136_39,s1.945041,s-1.165515,s247.415805
136_40,s-1.630772,s2.115678,s30.396090
136_41,s0.769980,s2.888654,s13.072747
136_42,s-2.818652,s-2.144337,s136.844711
136_43,s-2.904276,s-1.031270,s99.005803
136_44,s-0.019528,s2.593809,s-25.520028
136_45,s1.558675,s3.075573,s60.488363
136_46,s1.926444,s0.822050,s322.569349
136_47,s2.821569,s-0.455895,s219.978354
136_48,s-0.564223,s-2.968875,s223.729886
136_49,s-2.783178,s1.078566,s40.282210
136_50,s2.291130,s-2.640440,s117.250024
136_51,s2.090128,s3.003757,s267.411169
136_52,s2.660779,s0.772461,s280.490089
136_53,s-1.438639,s-2.755138,s143.545940
136_54,s2.944676,s-0.040183,s319.596106
136_55,s2.772331,s-2.401408,s168.497851
136_56,s-3.081625,s-0.391969,s99.671770
136_57,s-2.453186,s2.830961,s336.774386
136_58,s0.200212,s-3.709765,s196.894399
136_59,s3.081800,s2.017261,s251.752443
136_60,s-0.902453,s-3.396794,s162.781460
136_61,s0.798784,s-3.630994,s285.889748
136_62,s2.929198,s-1.385029,s274.360358
136_63,s-3.164605,s-1.550116,s144.700329
136_64,s-0.469633,s3.882783,s286.512562
136_65,s-2.930610,s-3.090123,s282.823598
136_66,s-0.756268,s3.555694,s203.659302
136_67,s3.718791,s0.685046,s352.106326
136_68,s-3.395463,s0.521068,s149.260568
136_69,s-3.434347,s2.941271,s323.752512
136_70,s-4.476167,s0.354907,s141.561122
136_71,s2.010093,s-4.314001,s192.768052
136_72,s2.307141,s3.589497,s393.580704
136_73,s-0.271809,s-3.729893,s121.108271
136_74,s3.651377,s-0.905366,s208.415420
136_75,s3.426368,s-0.464931,s349.678605
136_76,s-3.852117,s-1.024596,s110.399913
136_77,s0.825129,s3.813690,s333.425300
136_78,s2.212398,s-3.628962,s254.596571
136_79,s2.692198,s2.462597,s174.620318
136_80,s3.099496,s-2.060541,s301.652158
136_81,s-1.674933,s-3.690471,s214.658157
136_82,s-1.296476,s3.899033,s26.654351
136_83,s-2.533689,s3.642454,s28.955480
136_84,s4.082972,s1.670091,s230.355007
136_85,s-2.327564,s-3.577188,s134.339759
136_86,s-3.877142,s2.433004,s86.314947
136_87,s-4.028801,s-1.691999,s95.613625
136_88,s3.854858,s0.155989,s273.150855
136_89,s2.979189,s3.893900,s302.911351
136_90,s-3.655036,s1.500224,s340.791360
136_91,s0.812727,s-4.218364,s287.403372
136_92,s-4.232508,s-0.647620,s81.367144
136_93,s3.476807,s2.379023,s312.713848
136_94,s4.172992,s-0.761690,s285.415001
136_95,s-0.931935,s-4.465668,s217.308190
136_96,s0.593411,s4.388680,s83.634166
136_97,s-4.297965,s-2.170371,s135.813332
136_98,s-2.014688,s4.180290,s351.717027
136_99,s-2.319449,s-4.582371,s110.264813
136_100,s3.886093,s-2.157643,s307.730800
136_101,s4.324215,s1.076660,s193.192711
136_102,s3.178855,s3.357509,s164.137495
136_103,s-0.719878,s4.107593,s48.818113
136_104,s3.661459,s-2.607368,s226.337054
136_105,s-3.568295,s-2.904486,s113.406691
136_106,s1.657103,s4.879676,s175.222741
136_107,s0.004829,s-4.245601,s154.033502
136_108,s-3.388726,s3.689648,s9.861572
136_109,s4.643354,s-1.505708,s347.451420
136_110,s0.418334,s-4.782762,s244.611696
136_111,s3.538459,s-3.298473,s254.058977
136_112,s-4.276147,s1.801254,s127.527667
136_113,s4.879352,s0.327294,s342.875570
136_114,s4.068148,s2.037810,s339.054416
136_115,s-1.688824,s-4.544380,s240.328357
136_116,s0.661919,s4.843445,s288.791769
136_117,s4.388240,s-2.682597,s269.379540
136_118,s-4.740946,s-0.951586,s173.235456
136_119,s2.625655,s4.191660,s26.833237
136_120,s3.066451,s-4.024982,s203.075702
136_121,s-4.794142,s0.911374,s155.422002
136_122,s3.701088,s3.376692,s280.605718
136_123,s-3.009058,s-3.466074,s166.502935
136_124,s-0.125717,s4.708322,s62.783355
136_125,s-3.905202,s-3.606645,s172.347050
136_126,s-5.112602,s1.449872,s139.444932
136_127,s4.927764,s1.496543,s30.751374
136_128,s4.918479,s-0.122313,s199.491405
136_129,s-3.002141,s4.452421,s0.786680
136_130,s-1.072828,s4.914259,s34.548447
136_131,s4.593050,s-1.975827,s230.824388
136_132,s-0.453145,s5.240445,s309.900252
136_133,s-4.113979,s2.841685,s29.067134
136_134,s-4.702798,s2.049535,s46.143298
136_135,s1.510825,s-5.111390,s118.022685
137_0,s-0.163755,s-0.051221,s318.954144
137_1,s-0.237579,s-0.866642,s19.041900
137_2,s0.273731,s-0.672450,s256.977687
137_3,s-0.171917,s0.704803,s0.933740
137_4,s0.390469,s-0.007906,s268.704814
137_5,s1.375620,s0.785874,s118.791469
137_6,s-0.884354,s-0.386179,s23.265489
137_7,s1.215858,s-0.918090,s216.767940
137_8,s-1.227412,s-0.718135,s101.145658
137_9,s0.800081,s-1.322646,s132.252030
137_10,s0.310746,s1.448885,s243.124019
137_11,s-1.249169,s0.603469,s-17.201566
137_12,s1.597597,s-0.158977,s352.276998
137_13,s1.217453,s1.361702,s63.871334
137_14,s-1.860478,s0.535378,s120.319677
137_15,s-1.213837,s1.772587,s114.473805
137_16,s-0.400839,s2.356410,s90.510348
137_17,s0.079762,s-1.392015,s178.899638
137_18,s-2.386314,s-0.239403,s241.423219
137_19,s1.377736,s-0.506549,s71.106446
137_20,s-2.222830,s1.202167,s-5.257807
137_21,s-0.642234,s1.366673,s11.200059
137_22,s-0.548255,s-1.095009,s105.263029
137_23,s2.048296,s0.031874,s320.829365
137_24,s1.614055,s1.477051,s280.574330
137_25,s-0.403241,s-2.001930,s200.963127
137_26,s2.161671,s-0.528744,s205.056455
137_27,s1.476933,s-2.045943,s191.117693
137_28,s-1.087964,s3.026763,s46.198572
137_29,s-2.025842,s-1.991334,s63.448048
137_30,s1.022038,s2.234387,s77.576466
137_31,s0.812123,s-2.239167,s102.668268
137_32,s1.566359,s2.309229,s36.940585
137_33,s1.907019,s-1.935216,s238.615625
137_34,s0.638220,s-2.975615,s121.408673
137_35,s-1.022229,s-1.819836,s188.033369
137_36,s-2.830359,s0.592311,s188.475024
137_37,s-2.100145,s-1.161164,s42.496791
137_38,s-2.939390,s1.933910,s14.855516
137_39,s1.918145,s-1.304741,s235.720535
137_40,s-1.630772,s2.115678,s30.396090
137_41,s0.690425,s2.945005,s14.385721
137_42,s-2.770002,s-2.273340,s133.644356
137_43,s-2.904276,s-1.031270,s99.005803
137_44,s-0.019528,s2.593809,s-25.520028
137_45,s1.516998,s3.141136,s59.791771
137_46,s1.926444,s0.822050,s322.569349
137_47,s2.821569,s-0.455895,s219.978354
137_48,s-0.564223,s-2.968875,s223.729886
137_49,s-2.783178,s1.078566,s40.282210
137_50,s2.369423,s-2.768929,s117.743853
137_51,s2.059137,s2.953093,s272.149059
137_52,s2.569497,s0.808929,s282.664034
137_53,s-1.357417,s-2.653240,s129.297143
137_54,s2.825883,s0.029159,s318.583579
137_55,s2.761327,s-2.420634,s177.261128
137_56,s-3.081625,s-0.391969,s99.671770
137_57,s-2.413111,s2.822202,s332.104658
137_58,s0.198329,s-3.651386,s201.029338
137_59,s3.081800,s2.017261,s251.752443
137_60,s-0.957323,s-3.349334,s161.898936
137_61,s0.796736,s-3.629610,s284.107565
137_62,s2.861051,s-1.282129,s277.512029
137_63,s-3.164605,s-1.550116,s144.700329
137_64,s-0.469633,s3.882783,s286.512562
137_65,s-2.930610,s-3.090123,s282.823598
137_66,s-0.756268,s3.555694,s203.659302
137_67,s3.708768,s0.595725,s355.824867
137_68,s-3.395463,s0.521068,s149.260568
137_69,s-3.434347,s2.941271,s323.752512
137_70,s-4.476167,s0.354907,s141.561122
137_71,s2.112019,s-4.469610,s181.631967
137_72,s2.376456,s3.676999,s385.211678
137_73,s-0.271809,s-3.729893,s121.108271
137_74,s3.651377,s-0.905366,s208.415420
137_75,s3.426368,s-0.464931,s349.678605
137_76,s-3.852117,s-1.024596,s110.399913
137_77,s0.782817,s3.788546,s336.828276
137_78,s2.212398,s-3.628962,s254.596571
137_79,s2.710071,s2.480227,s181.563667
137_80,s3.106789,s-2.006366,s299.688424
137_81,s-1.682367,s-3.777886,s216.470820
137_82,s-1.296476,s3.899033,s26.654351
137_83,s-2.533689,s3.642454,s28.955480
137_84,s4.082972,s1.670091,s230.355007
137_85,s-2.323839,s-3.576106,s133.480165
137_86,s-3.613816,s2.421350,s85.070589
137_87,s-4.028801,s-1.691999,s95.613625
137_88,s3.854858,s0.155989,s273.150855
137_89,s2.979189,s3.893900,s302.911351
137_90,s-3.613807,s1.531515,s341.750662
137_91,s0.718941,s-4.320470,s296.966203
137_92,s-4.298401,s-0.643258,s76.865341
137_93,s3.490316,s2.327289,s309.068527
137_94,s4.172992,s-0.761690,s285.415001
137_95,s-0.931935,s-4.465668,s217.308190
137_96,s0.593411,s4.388680,s83.634166
137_97,s-4.229415,s-2.166331,s126.291316
137_98,s-2.014688,s4.180290,s351.717027
137_99,s-2.256190,s-4.733692,s111.171784
137_100,s3.874399,s-2.093134,s306.829618
137_101,s4.324215,s1.076660,s193.192711
137_102,s3.178855,s3.357509,s164.137495
137_103,s-0.719878,s4.107593,s48.818113
137_104,s3.468229,s-2.453479,s241.574761
137_105,s-3.574716,s-2.828884,s110.688685
137_106,s1.682451,s4.873901,s189.803987
137_107,s0.004829,s-4.245601,s154.033502
137_108,s-3.324182,s3.720416,s8.097990
137_109,s4.643354,s-1.505708,s347.451420
137_110,s0.418334,s-4.782762,s244.611696
137_111,s3.538459,s-3.298473,s254.058977
137_112,s-4.232306,s1.821251,s132.222587
137_113,s4.879352,s0.327294,s342.875570
137_114,s4.068148,s2.037810,s339.054416
137_115,s-1.688824,s-4.544380,s240.328357
137_116,s0.770101,s5.031651,s289.494979
137_117,s4.388240,s-2.682597,s269.379540
137_118,s-4.795303,s-1.037978,s169.262918
137_119,s2.660168,s4.205066,s9.023958
137_120,s3.066451,s-4.024982,s203.075702
137_121,s-4.794142,s0.911374,s155.422002
137_122,s3.712625,s3.314289,s276.210479
137_123,s-3.009058,s-3.466074,s166.502935
137_124,s-0.125717,s4.708322,s62.783355
137_125,s-3.940493,s-3.506960,s182.885814
137_126,s-5.112602,s1.449872,s139.444932
137_127,s4.919579,s1.537706,s24.258747
137_128,s4.918479,s-0.122313,s199.491405
137_129,s-3.002141,s4.452421,s0.786680
137_130,s-1.300258,s4.938374,s32.530910
137_131,s4.613269,s-1.979003,s221.368146
137_132,s-0.395218,s5.340764,s303.359235
137_133,s-4.160414,s2.797366,s24.294464
137_134,s-4.702798,s2.049535,s46.143298
137_135,s1.608229,s-5.032924,s117.163991
137_136,s3.783828,s3.880599,s0.307382
138_0,s-0.163755,s-0.051221,s318.954144
138_1,s-0.237579,s-0.866642,s19.041900
138_2,s0.273731,s-0.672450,s256.977687
138_3,s-0.171917,s0.704803,s0.933740
138_4,s0.390469,s-0.007906,s268.704814
138_5,s1.375620,s0.785874,s118.791469
138_6,s-0.884354,s-0.386179,s23.265489
138_7,s1.215858,s-0.918090,s216.767940
138_8,s-1.227412,s-0.718135,s101.145658
138_9,s0.800081,s-1.322646,s132.252030
138_10,s0.310746,s1.448885,s243.124019
138_11,s-1.249169,s0.603469,s-17.201566
138_12,s1.597597,s-0.158977,s352.276998
138_13,s1.217453,s1.361702,s63.871334
138_14,s-1.860478,s0.535378,s120.319677
138_15,s-1.213837,s1.772587,s114.473805
138_16,s-0.400839,s2.356410,s90.510348
138_17,s0.079762,s-1.392015,s178.899638
138_18,s-2.386314,s-0.239403,s241.423219
138_19,s1.377736,s-0.506549,s71.106446
138_20,s-2.222830,s1.202167,s-5.257807
138_21,s-0.642234,s1.366673,s11.200059
138_22,s-0.548255,s-1.095009,s105.263029
138_23,s2.048296,s0.031874,s320.829365
138_24,s1.614055,s1.477051,s280.574330
138_25,s-0.403241,s-2.001930,s200.963127
138_26,s2.161671,s-0.528744,s205.056455
138_27,s1.476933,s-2.045943,s191.117693
138_28,s-1.087964,s3.026763,s46.198572
138_29,s-2.025842,s-1.991334,s63.448048
138_30,s1.022038,s2.234387,s77.576466
138_31,s0.812123,s-2.239167,s102.668268
138_32,s1.566359,s2.309229,s36.940585
138_33,s1.907019,s-1.935216,s238.615625
138_34,s0.638220,s-2.975615,s121.408673
138_35,s-1.022229,s-1.819836,s188.033369
138_36,s-2.830359,s0.592311,s188.475024
138_37,s-2.100145,s-1.161164,s42.496791
138_38,s-2.939390,s1.933910,s14.855516
138_39,s1.918145,s-1.304741,s235.720535
138_40,s-1.630772,s2.115678,s30.396090
138_41,s0.690425,s2.945005,s14.385721
138_42,s-2.770002,s-2.273340,s133.644356
138_43,s-2.904276,s-1.031270,s99.005803
138_44,s-0.019528,s2.593809,s-25.520028
138_45,s1.516998,s3.141136,s59.791771
138_46,s1.926444,s0.822050,s322.569349
138_47,s2.821569,s-0.455895,s219.978354
138_48,s-0.564223,s-2.968875,s223.729886
138_49,s-2.783178,s1.078566,s40.282210
138_50,s2.369423,s-2.768929,s117.743853
138_51,s2.059137,s2.953093,s272.149059
138_52,s2.569497,s0.808929,s282.664034
138_53,s-1.357417,s-2.653240,s129.297143
138_54,s2.825883,s0.029159,s318.583579
138_55,s2.761327,s-2.420634,s177.261128
138_56,s-3.081625,s-0.391969,s99.671770
138_57,s-2.413111,s2.822202,s332.104658
138_58,s0.198329,s-3.651386,s201.029338
138_59,s3.081800,s2.017261,s251.752443
138_60,s-0.957323,s-3.349334,s161.898936
138_61,s0.796736,s-3.629610,s284.107565
138_62,s2.861051,s-1.282129,s277.512029
138_63,s-3.164605,s-1.550116,s144.700329
138_64,s-0.469633,s3.882783,s286.512562
138_65,s-2.930610,s-3.090123,s282.823598
138_66,s-0.756268,s3.555694,s203.659302
138_67,s3.708768,s0.595725,s355.824867
138_68,s-3.395463,s0.521068,s149.260568
138_69,s-3.434347,s2.941271,s323.752512
138_70,s-4.476167,s0.354907,s141.561122
138_71,s2.112019,s-4.469610,s181.631967
138_72,s2.376456,s3.676999,s385.211678
138_73,s-0.271809,s-3.729893,s121.108271
138_74,s3.651377,s-0.905366,s208.415420
138_75,s3.426368,s-0.464931,s349.678605
138_76,s-3.852117,s-1.024596,s110.399913
138_77,s0.782817,s3.788546,s336.828276
138_78,s2.212398,s-3.628962,s254.596571
138_79,s2.710071,s2.480227,s181.563667
138_80,s3.106789,s-2.006366,s299.688424
138_81,s-1.682367,s-3.777886,s216.470820
138_82,s-1.296476,s3.899033,s26.654351
138_83,s-2.533689,s3.642454,s28.955480
138_84,s4.082972,s1.670091,s230.355007
138_85,s-2.323839,s-3.576106,s133.480165
138_86,s-3.613816,s2.421350,s85.070589
138_87,s-4.028801,s-1.691999,s95.613625
138_88,s3.854858,s0.155989,s273.150855
138_89,s2.979189,s3.893900,s302.911351
138_90,s-3.613807,s1.531515,s341.750662
138_91,s0.718941,s-4.320470,s296.966203
138_92,s-4.298401,s-0.643258,s76.865341
138_93,s3.490316,s2.327289,s309.068527
138_94,s4.172992,s-0.761690,s285.415001
138_95,s-0.931935,s-4.465668,s217.308190
138_96,s0.593411,s4.388680,s83.634166
138_97,s-4.229415,s-2.166331,s126.291316
138_98,s-2.014688,s4.180290,s351.717027
138_99,s-2.256190,s-4.733692,s111.171784
138_100,s3.874399,s-2.093134,s306.829618
138_101,s4.324215,s1.076660,s193.192711
138_102,s3.178855,s3.357509,s164.137495
138_103,s-0.719878,s4.107593,s48.818113
138_104,s3.468229,s-2.453479,s241.574761
138_105,s-3.574716,s-2.828884,s110.688685
138_106,s1.682451,s4.873901,s189.803987
138_107,s0.004829,s-4.245601,s154.033502
138_108,s-3.324182,s3.720416,s8.097990
138_109,s4.643354,s-1.505708,s347.451420
138_110,s0.418334,s-4.782762,s244.611696
138_111,s3.538459,s-3.298473,s254.058977
138_112,s-4.232306,s1.821251,s132.222587
138_113,s4.879352,s0.327294,s342.875570
138_114,s4.068148,s2.037810,s339.054416
138_115,s-1.688824,s-4.544380,s240.328357
138_116,s0.770101,s5.031651,s289.494979
138_117,s4.388240,s-2.682597,s269.379540
138_118,s-4.795303,s-1.037978,s169.262918
138_119,s2.660168,s4.205066,s9.023958
138_120,s3.066451,s-4.024982,s203.075702
138_121,s-4.794142,s0.911374,s155.422002
138_122,s3.712625,s3.314289,s276.210479
138_123,s-3.009058,s-3.466074,s166.502935
138_124,s-0.125717,s4.708322,s62.783355
138_125,s-3.940493,s-3.506960,s182.885814
138_126,s-5.112602,s1.449872,s139.444932
138_127,s4.919579,s1.537706,s24.258747
138_128,s4.918479,s-0.122313,s199.491405
138_129,s-3.002141,s4.452421,s0.786680
138_130,s-1.300258,s4.938374,s32.530910
138_131,s4.613269,s-1.979003,s221.368146
138_132,s-0.395218,s5.340764,s303.359235
138_133,s-4.160414,s2.797366,s24.294464
138_134,s-4.702798,s2.049535,s46.143298
138_135,s1.608229,s-5.032924,s117.163991
138_136,s3.783828,s3.880599,s0.307382
138_137,s-0.582727,s-5.298050,s108.515007
139_0,s-0.206346,s0.085394,s319.115670
139_1,s-0.237579,s-0.866642,s19.041900
139_2,s0.273731,s-0.672450,s256.977687
139_3,s-0.171917,s0.704803,s0.933740
139_4,s0.390469,s-0.007906,s268.704814
139_5,s1.375620,s0.785874,s118.791469
139_6,s-0.875976,s-0.398056,s21.319194
139_7,s1.215858,s-0.918090,s216.767940
139_8,s-1.227412,s-0.718135,s101.145658
139_9,s0.885396,s-1.403297,s125.316964
139_10,s0.243359,s1.235177,s238.643317
139_11,s-1.334937,s0.597756,s-13.829920
139_12,s1.597597,s-0.158977,s352.276998
139_13,s1.217453,s1.361702,s63.871334
139_14,s-1.860478,s0.535378,s120.319677
139_15,s-1.213837,s1.772587,s114.473805
139_16,s-0.400839,s2.356410,s90.510348
139_17,s0.079762,s-1.392015,s178.899638
139_18,s-2.341430,s-0.188339,s236.613179
139_19,s1.366664,s-0.495097,s80.967672
139_20,s-2.222830,s1.202167,s-5.257807
139_21,s-0.642234,s1.366673,s11.200059
139_22,s-0.747925,s-1.101451,s113.060658
139_23,s2.048296,s0.031874,s320.829365
139_24,s1.622757,s1.420558,s285.507640
139_25,s-0.406869,s-1.973578,s197.245479
139_26,s2.251613,s-0.325146,s207.856980
139_27,s1.476933,s-2.045943,s191.117693
139_28,s-1.211131,s3.057454,s56.115259
139_29,s-2.053579,s-2.143179,s75.247480
139_30,s0.971852,s2.008664,s77.064305
139_31,s0.662136,s-2.427297,s101.524196
139_32,s1.615277,s2.241033,s33.957988
139_33,s2.005506,s-1.897860,s240.173093
139_34,s0.731474,s-3.006433,s121.449315
139_35,s-1.027705,s-1.769503,s190.700095
139_36,s-2.710792,s0.545976,s188.032496
139_37,s-2.154259,s-1.143822,s41.644300
139_38,s-3.005837,s1.783038,s6.831075
139_39,s1.943728,s-1.129697,s244.527552
139_40,s-1.714784,s2.156983,s30.741151
139_41,s0.713953,s2.708995,s16.591577
139_42,s-2.782004,s-2.320430,s136.494520
139_43,s-2.887100,s-1.036436,s101.885274
139_44,s0.041918,s2.701206,s-20.345699
139_45,s1.516998,s3.141136,s59.791771
139_46,s2.033922,s0.831466,s328.236051
139_47,s2.821569,s-0.455895,s219.978354
139_48,s-0.450677,s-3.035037,s222.184711
139_49,s-2.843621,s1.013718,s34.595419
139_50,s2.370292,s-2.794665,s115.731437
139_51,s2.027449,s2.947229,s273.653564
139_52,s2.733402,s0.823036,s281.375758
139_53,s-1.393201,s-2.828034,s120.857996
139_54,s2.825883,s0.029159,s318.583579
139_55,s2.948104,s-2.543882,s188.369154
139_56,s-3.094687,s-0.440137,s101.890899
139_57,s-2.413111,s2.822202,s332.104658
139_58,s0.198329,s-3.651386,s201.029338
139_59,s3.081800,s2.017261,s251.752443
139_60,s-0.864627,s-3.406975,s162.812681
139_61,s0.821535,s-3.644925,s280.722962
139_62,s2.848605,s-1.333678,s273.013474
139_63,s-3.165513,s-1.527242,s146.262705
139_64,s-0.469633,s3.882783,s286.512562
139_65,s-2.756039,s-3.138104,s275.653938
139_66,s-0.756268,s3.555694,s203.659302
139_67,s3.734406,s0.692635,s353.071485
139_68,s-3.395463,s0.521068,s149.260568
139_69,s-3.434347,s2.941271,s323.752512
139_70,s-4.476167,s0.354907,s141.561122
139_71,s2.035814,s-4.485060,s178.578688
139_72,s2.278093,s3.750254,s381.266298
139_73,s-0.271809,s-3.729893,s121.108271
139_74,s3.654233,s-0.998334,s213.032988
139_75,s3.426368,s-0.464931,s349.678605
139_76,s-3.852117,s-1.024596,s110.399913
139_77,s0.825127,s3.771137,s340.190388
139_78,s2.152600,s-3.586907,s262.108969
139_79,s2.661127,s2.342372,s187.871939
139_80,s3.106789,s-2.006366,s299.688424
139_81,s-1.667262,s-3.682624,s213.846555
139_82,s-1.296476,s3.899033,s26.654351
139_83,s-2.521794,s3.695104,s32.334917
139_84,s4.082972,s1.670091,s230.355007
139_85,s-2.354019,s-3.604924,s139.968584
139_86,s-3.613816,s2.421350,s85.070589
139_87,s-4.028801,s-1.691999,s95.613625
139_88,s3.854858,s0.155989,s273.150855
139_89,s2.972121,s3.918777,s301.499952
139_90,s-3.718316,s1.271875,s332.133742
139_91,s0.868697,s-4.266957,s299.094321
139_92,s-4.227084,s-0.585844,s92.763344
139_93,s3.490316,s2.327289,s309.068527
139_94,s4.172992,s-0.761690,s285.415001
139_95,s-0.811939,s-4.506254,s217.456530
139_96,s0.593411,s4.388680,s83.634166
139_97,s-4.229415,s-2.166331,s126.291316
139_98,s-2.029035,s4.289319,s353.595647
139_99,s-2.156963,s-4.636249,s114.411260
139_100,s3.874399,s-2.093134,s306.829618
139_101,s4.309666,s1.070704,s195.729285
139_102,s3.289651,s3.288612,s159.015049
139_103,s-0.719878,s4.107593,s48.818113
139_104,s3.468229,s-2.453479,s241.574761
139_105,s-3.551207,s-2.685370,s119.168698
139_106,s1.543377,s4.729213,s181.482058
139_107,s-0.106931,s-4.232526,s165.560508
139_108,s-3.381420,s3.647302,s-1.703548
139_109,s4.667995,s-1.626495,s353.412333
139_110,s0.418334,s-4.782762,s244.611696
139_111,s3.436624,s-3.484513,s244.605048
139_112,s-4.236736,s1.822454,s140.846748
139_113,s4.952329,s0.323744,s341.551146
139_114,s4.068148,s2.037810,s339.054416
139_115,s-1.675591,s-4.767880,s240.959430
139_116,s0.660669,s4.866271,s297.307940
139_117,s4.388240,s-2.682597,s269.379540
139_118,s-4.886972,s-1.081907,s164.538496
139_119,s2.660168,s4.205066,s9.023958
139_120,s3.235848,s-4.027601,s199.557496
139_121,s-4.794142,s0.911374,s155.422002
139_122,s3.712625,s3.314289,s276.210479
139_123,s-3.009058,s-3.466074,s166.502935
139_124,s-0.125717,s4.708322,s62.783355
139_125,s-3.974810,s-3.521760,s188.188023
139_126,s-4.983173,s1.628897,s141.368461
139_127,s4.919579,s1.537706,s24.258747
139_128,s4.918479,s-0.122313,s199.491405
139_129,s-3.019685,s4.720114,s-5.086041
139_130,s-1.324000,s4.941343,s30.104071
139_131,s4.613269,s-1.979003,s221.368146
139_132,s-0.239828,s5.291130,s301.584006
139_133,s-4.160414,s2.797366,s24.294464
139_134,s-4.721910,s2.129576,s38.371739
139_135,s1.694663,s-5.035466,s118.146477
139_136,s3.975636,s3.803526,s-11.583066
139_137,s-0.609015,s-5.325332,s104.721498
139_138,s5.225566,s-1.869748,s177.827217
140_0,s-0.206346,s0.085394,s319.115670
140_1,s-0.237579,s-0.866642,s19.041900
140_2,s0.273731,s-0.672450,s256.977687
140_3,s-0.171917,s0.704803,s0.933740
140_4,s0.390469,s-0.007906,s268.704814
140_5,s1.375620,s0.785874,s118.791469
140_6,s-0.867899,s-0.249596,s22.804469
140_7,s1.215858,s-0.918090,s216.767940
140_8,s-1.122565,s-0.740252,s104.087498
140_9,s0.948170,s-1.442421,s118.485218
140_10,s0.322476,s1.307926,s228.088552
140_11,s-1.334937,s0.597756,s-13.829920
140_12,s1.597597,s-0.158977,s352.276998
140_13,s1.217453,s1.361702,s63.871334
140_14,s-1.854158,s0.477739,s133.045949
140_15,s-1.213837,s1.772587,s114.473805
140_16,s-0.400839,s2.356410,s90.510348
140_17,s0.079762,s-1.392015,s178.899638
140_18,s-2.290623,s-0.235033,s240.571504
140_19,s1.366664,s-0.495097,s80.967672
140_20,s-2.222830,s1.202167,s-5.257807
140_21,s-0.716615,s1.382987,s10.396826
140_22,s-0.598218,s-1.107424,s106.818512
140_23,s2.048296,s0.031874,s320.829365
140_24,s1.662218,s1.501466,s287.791272
140_25,s-0.410673,s-1.906872,s192.370962
140_26,s2.251613,s-0.325146,s207.856980
140_27,s1.448223,s-2.046475,s191.704471
140_28,s-1.187027,s3.014053,s53.578731
140_29,s-2.053579,s-2.143179,s75.247480
140_30,s0.971852,s2.008664,s77.064305
140_31,s0.662136,s-2.427297,s101.524196
140_32,s1.597039,s2.155787,s60.475766
140_33,s2.005506,s-1.897860,s240.173093
140_34,s0.731474,s-3.006433,s121.449315
140_35,s-1.085927,s-1.752029,s179.482236
140_36,s-2.710792,s0.545976,s188.032496
140_37,s-2.154259,s-1.143822,s41.644300
140_38,s-2.963038,s1.782023,s11.978069
140_39,s1.943728,s-1.129697,s244.527552
140_40,s-1.793020,s2.184437,s28.781107
140_41,s0.713953,s2.708995,s16.591577
140_42,s-2.882215,s-2.204827,s141.732093
140_43,s-2.887100,s-1.036436,s101.885274
140_44,s0.046553,s2.852732,s-19.414592
140_45,s1.449176,s3.128472,s68.191286
140_46,s2.033922,s0.831466,s328.236051
140_47,s2.821569,s-0.455895,s219.978354
140_48,s-0.450677,s-3.035037,s222.184711
140_49,s-2.843621,s1.013718,s34.595419
140_50,s2.281875,s-2.711608,s120.173358
140_51,s1.822168,s2.921827,s268.724524
140_52,s2.753195,s1.084552,s271.447099
140_53,s-1.393201,s-2.828034,s120.857996
140_54,s2.881819,s0.120693,s327.762941
140_55,s2.948104,s-2.543882,s188.369154
140_56,s-3.062936,s-0.321876,s98.196999
140_57,s-2.500898,s2.912034,s329.408613
140_58,s0.198329,s-3.651386,s201.029338
140_59,s3.101233,s1.978837,s248.944121
140_60,s-0.843646,s-3.422960,s161.616675
140_61,s0.821535,s-3.644925,s280.722962
140_62,s2.848605,s-1.333678,s273.013474
140_63,s-3.216790,s-1.625604,s132.849982
140_64,s-0.469633,s3.882783,s286.512562
140_65,s-2.756039,s-3.138104,s275.653938
140_66,s-0.847965,s3.635184,s204.752101
140_67,s3.743249,s0.615161,s348.250350
140_68,s-3.558105,s0.620564,s166.236819
140_69,s-3.447716,s2.955594,s309.350560
140_70,s-4.476167,s0.354907,s141.561122
140_71,s2.063850,s-4.446518,s176.582511
140_72,s2.296922,s3.774609,s388.563235
140_73,s-0.271809,s-3.729893,s121.108271
140_74,s3.654233,s-0.998334,s213.032988
140_75,s3.426368,s-0.464931,s349.678605
140_76,s-3.852117,s-1.024596,s110.399913
140_77,s0.741555,s3.706547,s338.473539
140_78,s2.128574,s-3.621034,s265.324050
140_79,s2.575542,s2.270644,s187.489424
140_80,s3.106789,s-2.006366,s299.688424
140_81,s-1.714501,s-3.683325,s185.890932
140_82,s-1.357328,s3.817154,s7.599773
140_83,s-2.548208,s3.644482,s31.852785
140_84,s4.082972,s1.670091,s230.355007
140_85,s-2.351158,s-3.663711,s144.700492
140_86,s-3.613816,s2.421350,s85.070589
140_87,s-4.028801,s-1.691999,s95.613625
140_88,s3.860587,s0.118568,s270.509498
140_89,s2.991631,s3.736453,s311.670609
140_90,s-3.718316,s1.271875,s332.133742
140_91,s0.868697,s-4.266957,s299.094321
140_92,s-4.146960,s-0.478360,s98.869487
140_93,s3.490316,s2.327289,s309.068527
140_94,s4.170871,s-0.733229,s273.635490
140_95,s-0.811939,s-4.506254,s217.456530
140_96,s0.593411,s4.388680,s83.634166
140_97,s-4.171948,s-2.181733,s122.876251
140_98,s-2.029035,s4.289319,s353.595647
140_99,s-2.169354,s-4.737785,s108.410290
140_100,s3.874399,s-2.093134,s306.829618
140_101,s4.309666,s1.070704,s195.729285
140_102,s3.194653,s3.204758,s169.056388
140_103,s-0.719878,s4.107593,s48.818113
140_104,s3.468229,s-2.453479,s241.574761
140_105,s-3.551207,s-2.685370,s119.168698
140_106,s1.543377,s4.729213,s181.482058
140_107,s0.017163,s-4.239761,s159.246216
140_108,s-3.295746,s3.667724,s-9.710276
140_109,s4.667995,s-1.626495,s353.412333
140_110,s0.281901,s-4.688354,s236.302868
140_111,s3.436624,s-3.484513,s244.605048
140_112,s-4.172743,s2.006666,s140.786701
140_113,s5.082927,s0.399334,s354.237724
140_114,s4.068148,s2.037810,s339.054416
140_115,s-1.675591,s-4.767880,s240.959430
140_116,s0.660669,s4.866271,s297.307940
140_117,s4.300132,s-2.637951,s261.614943
140_118,s-4.912568,s-1.172774,s165.475054
140_119,s2.660168,s4.205066,s9.023958
140_120,s3.235848,s-4.027601,s199.557496
140_121,s-4.973839,s0.898617,s158.246896
140_122,s3.816577,s3.372430,s275.133905
140_123,s-3.115700,s-3.428111,s161.290054
140_124,s-0.306042,s4.753857,s51.985480
140_125,s-4.052013,s-3.452590,s179.929582
140_126,s-4.983173,s1.628897,s141.368461
140_127,s4.919579,s1.537706,s24.258747
140_128,s4.918479,s-0.122313,s199.491405
140_129,s-3.019685,s4.720114,s-5.086041
140_130,s-1.324000,s4.941343,s30.104071
140_131,s4.613269,s-1.979003,s221.368146
140_132,s-0.178678,s5.271918,s300.912215
140_133,s-4.160414,s2.797366,s24.294464
140_134,s-4.827686,s1.988262,s40.747762
140_135,s1.613225,s-5.047077,s119.721512
140_136,s4.037601,s3.846139,s-2.042941
140_137,s-0.609015,s-5.325332,s104.721498
140_138,s5.225566,s-1.869748,s177.827217
140_139,s3.960688,s-3.165098,s254.980212
141_0,s-0.206346,s0.085394,s319.115670
141_1,s-0.237579,s-0.866642,s19.041900
141_2,s0.273731,s-0.672450,s256.977687
141_3,s-0.171917,s0.704803,s0.933740
141_4,s0.390469,s-0.007906,s268.704814
141_5,s1.375620,s0.785874,s118.791469
141_6,s-0.867899,s-0.249596,s22.804469
141_7,s1.215858,s-0.918090,s216.767940
141_8,s-1.122565,s-0.740252,s104.087498
141_9,s0.948170,s-1.442421,s118.485218
141_10,s0.322476,s1.307926,s228.088552
141_11,s-1.334937,s0.597756,s-13.829920
141_12,s1.597597,s-0.158977,s352.276998
141_13,s1.217453,s1.361702,s63.871334
141_14,s-1.854158,s0.477739,s133.045949
141_15,s-1.213837,s1.772587,s114.473805
141_16,s-0.400839,s2.356410,s90.510348
141_17,s0.079762,s-1.392015,s178.899638
141_18,s-2.290623,s-0.235033,s240.571504
141_19,s1.366664,s-0.495097,s80.967672
141_20,s-2.222830,s1.202167,s-5.257807
141_21,s-0.716615,s1.382987,s10.396826
141_22,s-0.598218,s-1.107424,s106.818512
141_23,s2.048296,s0.031874,s320.829365
141_24,s1.662218,s1.501466,s287.791272
141_25,s-0.410673,s-1.906872,s192.370962
141_26,s2.251613,s-0.325146,s207.856980
141_27,s1.448223,s-2.046475,s191.704471
141_28,s-1.187027,s3.014053,s53.578731
141_29,s-2.053579,s-2.143179,s75.247480
141_30,s0.971852,s2.008664,s77.064305
141_31,s0.662136,s-2.427297,s101.524196
141_32,s1.597039,s2.155787,s60.475766
141_33,s2.005506,s-1.897860,s240.173093
141_34,s0.731474,s-3.006433,s121.449315
141_35,s-1.085927,s-1.752029,s179.482236
141_36,s-2.710792,s0.545976,s188.032496
141_37,s-2.154259,s-1.143822,s41.644300
141_38,s-2.963038,s1.782023,s11.978069
141_39,s1.943728,s-1.129697,s244.527552
141_40,s-1.793020,s2.184437,s28.781107
141_41,s0.713953,s2.708995,s16.591577
141_42,s-2.882215,s-2.204827,s141.732093
141_43,s-2.887100,s-1.036436,s101.885274
141_44,s0.046553,s2.852732,s-19.414592
141_45,s1.449176,s3.128472,s68.191286
141_46,s2.033922,s0.831466,s328.236051
141_47,s2.821569,s-0.455895,s219.978354
141_48,s-0.450677,s-3.035037,s222.184711
141_49,s-2.843621,s1.013718,s34.595419
141_50,s2.281875,s-2.711608,s120.173358
141_51,s1.822168,s2.921827,s268.724524
141_52,s2.753195,s1.084552,s271.447099
141_53,s-1.393201,s-2.828034,s120.857996
141_54,s2.881819,s0.120693,s327.762941
141_55,s2.948104,s-2.543882,s188.369154
141_56,s-3.062936,s-0.321876,s98.196999
141_57,s-2.500898,s2.912034,s329.408613
141_58,s0.198329,s-3.651386,s201.029338
141_59,s3.101233,s1.978837,s248.944121
141_60,s-0.843646,s-3.422960,s161.616675
141_61,s0.821535,s-3.644925,s280.722962
141_62,s2.848605,s-1.333678,s273.013474
141_63,s-3.216790,s-1.625604,s132.849982
141_64,s-0.469633,s3.882783,s286.512562
141_65,s-2.756039,s-3.138104,s275.653938
141_66,s-0.847965,s3.635184,s204.752101
141_67,s3.743249,s0.615161,s348.250350
141_68,s-3.558105,s0.620564,s166.236819
141_69,s-3.447716,s2.955594,s309.350560
141_70,s-4.476167,s0.354907,s141.561122
141_71,s2.063850,s-4.446518,s176.582511
141_72,s2.296922,s3.774609,s388.563235
141_73,s-0.271809,s-3.729893,s121.108271
141_74,s3.654233,s-0.998334,s213.032988
141_75,s3.426368,s-0.464931,s349.678605
141_76,s-3.852117,s-1.024596,s110.399913
141_77,s0.741555,s3.706547,s338.473539
141_78,s2.128574,s-3.621034,s265.324050
141_79,s2.575542,s2.270644,s187.489424
141_80,s3.106789,s-2.006366,s299.688424
141_81,s-1.714501,s-3.683325,s185.890932
141_82,s-1.357328,s3.817154,s7.599773
141_83,s-2.548208,s3.644482,s31.852785
141_84,s4.082972,s1.670091,s230.355007
141_85,s-2.351158,s-3.663711,s144.700492
141_86,s-3.613816,s2.421350,s85.070589
141_87,s-4.028801,s-1.691999,s95.613625
141_88,s3.860587,s0.118568,s270.509498
141_89,s2.991631,s3.736453,s311.670609
141_90,s-3.718316,s1.271875,s332.133742
141_91,s0.868697,s-4.266957,s299.094321
141_92,s-4.146960,s-0.478360,s98.869487
141_93,s3.490316,s2.327289,s309.068527
141_94,s4.170871,s-0.733229,s273.635490
141_95,s-0.811939,s-4.506254,s217.456530
141_96,s0.593411,s4.388680,s83.634166
141_97,s-4.171948,s-2.181733,s122.876251
141_98,s-2.029035,s4.289319,s353.595647
141_99,s-2.169354,s-4.737785,s108.410290
141_100,s3.874399,s-2.093134,s306.829618
141_101,s4.309666,s1.070704,s195.729285
141_102,s3.194653,s3.204758,s169.056388
141_103,s-0.719878,s4.107593,s48.818113
141_104,s3.468229,s-2.453479,s241.574761
141_105,s-3.551207,s-2.685370,s119.168698
141_106,s1.543377,s4.729213,s181.482058
141_107,s0.017163,s-4.239761,s159.246216
141_108,s-3.295746,s3.667724,s-9.710276
141_109,s4.667995,s-1.626495,s353.412333
141_110,s0.281901,s-4.688354,s236.302868
141_111,s3.436624,s-3.484513,s244.605048
141_112,s-4.172743,s2.006666,s140.786701
141_113,s5.082927,s0.399334,s354.237724
141_114,s4.068148,s2.037810,s339.054416
141_115,s-1.675591,s-4.767880,s240.959430
141_116,s0.660669,s4.866271,s297.307940
141_117,s4.300132,s-2.637951,s261.614943
141_118,s-4.912568,s-1.172774,s165.475054
141_119,s2.660168,s4.205066,s9.023958
141_120,s3.235848,s-4.027601,s199.557496
141_121,s-4.973839,s0.898617,s158.246896
141_122,s3.816577,s3.372430,s275.133905
141_123,s-3.115700,s-3.428111,s161.290054
141_124,s-0.306042,s4.753857,s51.985480
141_125,s-4.052013,s-3.452590,s179.929582
141_126,s-4.983173,s1.628897,s141.368461
141_127,s4.919579,s1.537706,s24.258747
141_128,s4.918479,s-0.122313,s199.491405
141_129,s-3.019685,s4.720114,s-5.086041
141_130,s-1.324000,s4.941343,s30.104071
141_131,s4.613269,s-1.979003,s221.368146
141_132,s-0.178678,s5.271918,s300.912215
141_133,s-4.160414,s2.797366,s24.294464
141_134,s-4.827686,s1.988262,s40.747762
141_135,s1.613225,s-5.047077,s119.721512
141_136,s4.037601,s3.846139,s-2.042941
141_137,s-0.609015,s-5.325332,s104.721498
141_138,s5.225566,s-1.869748,s177.827217
141_139,s3.960688,s-3.165098,s254.980212
141_140,s0.694499,s-5.304731,s139.921913
142_0,s-0.206346,s0.085394,s319.115670
142_1,s-0.237579,s-0.866642,s19.041900
142_2,s0.273731,s-0.672450,s256.977687
142_3,s-0.171917,s0.704803,s0.933740
142_4,s0.390469,s-0.007906,s268.704814
142_5,s1.375620,s0.785874,s118.791469
142_6,s-0.867899,s-0.249596,s22.804469
142_7,s1.215858,s-0.918090,s216.767940
142_8,s-1.122565,s-0.740252,s104.087498
142_9,s0.948170,s-1.442421,s118.485218
142_10,s0.322476,s1.307926,s228.088552
142_11,s-1.334937,s0.597756,s-13.829920
142_12,s1.597597,s-0.158977,s352.276998
142_13,s1.217453,s1.361702,s63.871334
142_14,s-1.854158,s0.477739,s133.045949
142_15,s-1.213837,s1.772587,s114.473805
142_16,s-0.400839,s2.356410,s90.510348
142_17,s0.079762,s-1.392015,s178.899638
142_18,s-2.290623,s-0.235033,s240.571504
142_19,s1.366664,s-0.495097,s80.967672
142_20,s-2.222830,s1.202167,s-5.257807
142_21,s-0.716615,s1.382987,s10.396826
142_22,s-0.598218,s-1.107424,s106.818512
142_23,s2.048296,s0.031874,s320.829365
142_24,s1.662218,s1.501466,s287.791272
142_25,s-0.410673,s-1.906872,s192.370962
142_26,s2.251613,s-0.325146,s207.856980
142_27,s1.448223,s-2.046475,s191.704471
142_28,s-1.187027,s3.014053,s53.578731
142_29,s-2.053579,s-2.143179,s75.247480
142_30,s0.971852,s2.008664,s77.064305
142_31,s0.662136,s-2.427297,s101.524196
142_32,s1.597039,s2.155787,s60.475766
142_33,s2.005506,s-1.897860,s240.173093
142_34,s0.731474,s-3.006433,s121.449315
142_35,s-1.085927,s-1.752029,s179.482236
142_36,s-2.710792,s0.545976,s188.032496
142_37,s-2.154259,s-1.143822,s41.644300
142_38,s-2.963038,s1.782023,s11.978069
142_39,s1.943728,s-1.129697,s244.527552
142_40,s-1.793020,s2.184437,s28.781107
142_41,s0.713953,s2.708995,s16.591577
142_42,s-2.882215,s-2.204827,s141.732093
142_43,s-2.887100,s-1.036436,s101.885274
142_44,s0.046553,s2.852732,s-19.414592
142_45,s1.449176,s3.128472,s68.191286
142_46,s2.033922,s0.831466,s328.236051
142_47,s2.821569,s-0.455895,s219.978354
142_48,s-0.450677,s-3.035037,s222.184711
142_49,s-2.843621,s1.013718,s34.595419
142_50,s2.281875,s-2.711608,s120.173358
142_51,s1.822168,s2.921827,s268.724524
142_52,s2.753195,s1.084552,s271.447099
142_53,s-1.393201,s-2.828034,s120.857996
142_54,s2.881819,s0.120693,s327.762941
142_55,s2.948104,s-2.543882,s188.369154
142_56,s-3.062936,s-0.321876,s98.196999
142_57,s-2.500898,s2.912034,s329.408613
142_58,s0.198329,s-3.651386,s201.029338
142_59,s3.101233,s1.978837,s248.944121
142_60,s-0.843646,s-3.422960,s161.616675
142_61,s0.821535,s-3.644925,s280.722962
142_62,s2.848605,s-1.333678,s273.013474
142_63,s-3.216790,s-1.625604,s132.849982
142_64,s-0.469633,s3.882783,s286.512562
142_65,s-2.756039,s-3.138104,s275.653938
142_66,s-0.847965,s3.635184,s204.752101
142_67,s3.743249,s0.615161,s348.250350
142_68,s-3.558105,s0.620564,s166.236819
142_69,s-3.447716,s2.955594,s309.350560
142_70,s-4.476167,s0.354907,s141.561122
142_71,s2.063850,s-4.446518,s176.582511
142_72,s2.296922,s3.774609,s388.563235
142_73,s-0.271809,s-3.729893,s121.108271
142_74,s3.654233,s-0.998334,s213.032988
142_75,s3.426368,s-0.464931,s349.678605
142_76,s-3.852117,s-1.024596,s110.399913
142_77,s0.741555,s3.706547,s338.473539
142_78,s2.128574,s-3.621034,s265.324050
142_79,s2.575542,s2.270644,s187.489424
142_80,s3.106789,s-2.006366,s299.688424
142_81,s-1.714501,s-3.683325,s185.890932
142_82,s-1.357328,s3.817154,s7.599773
142_83,s-2.548208,s3.644482,s31.852785
142_84,s4.082972,s1.670091,s230.355007
142_85,s-2.351158,s-3.663711,s144.700492
142_86,s-3.613816,s2.421350,s85.070589
142_87,s-4.028801,s-1.691999,s95.613625
142_88,s3.860587,s0.118568,s270.509498
142_89,s2.991631,s3.736453,s311.670609
142_90,s-3.718316,s1.271875,s332.133742
142_91,s0.868697,s-4.266957,s299.094321
142_92,s-4.146960,s-0.478360,s98.869487
142_93,s3.490316,s2.327289,s309.068527
142_94,s4.170871,s-0.733229,s273.635490
142_95,s-0.811939,s-4.506254,s217.456530
142_96,s0.593411,s4.388680,s83.634166
142_97,s-4.171948,s-2.181733,s122.876251
142_98,s-2.029035,s4.289319,s353.595647
142_99,s-2.169354,s-4.737785,s108.410290
142_100,s3.874399,s-2.093134,s306.829618
142_101,s4.309666,s1.070704,s195.729285
142_102,s3.194653,s3.204758,s169.056388
142_103,s-0.719878,s4.107593,s48.818113
142_104,s3.468229,s-2.453479,s241.574761
142_105,s-3.551207,s-2.685370,s119.168698
142_106,s1.543377,s4.729213,s181.482058
142_107,s0.017163,s-4.239761,s159.246216
142_108,s-3.295746,s3.667724,s-9.710276
142_109,s4.667995,s-1.626495,s353.412333
142_110,s0.281901,s-4.688354,s236.302868
142_111,s3.436624,s-3.484513,s244.605048
142_112,s-4.172743,s2.006666,s140.786701
142_113,s5.082927,s0.399334,s354.237724
142_114,s4.068148,s2.037810,s339.054416
142_115,s-1.675591,s-4.767880,s240.959430
142_116,s0.660669,s4.866271,s297.307940
142_117,s4.300132,s-2.637951,s261.614943
142_118,s-4.912568,s-1.172774,s165.475054
142_119,s2.660168,s4.205066,s9.023958
142_120,s3.235848,s-4.027601,s199.557496
142_121,s-4.973839,s0.898617,s158.246896
142_122,s3.816577,s3.372430,s275.133905
142_123,s-3.115700,s-3.428111,s161.290054
142_124,s-0.306042,s4.753857,s51.985480
142_125,s-4.052013,s-3.452590,s179.929582
142_126,s-4.983173,s1.628897,s141.368461
142_127,s4.919579,s1.537706,s24.258747
142_128,s4.918479,s-0.122313,s199.491405
142_129,s-3.019685,s4.720114,s-5.086041
142_130,s-1.324000,s4.941343,s30.104071
142_131,s4.613269,s-1.979003,s221.368146
142_132,s-0.178678,s5.271918,s300.912215
142_133,s-4.160414,s2.797366,s24.294464
142_134,s-4.827686,s1.988262,s40.747762
142_135,s1.613225,s-5.047077,s119.721512
142_136,s4.037601,s3.846139,s-2.042941
142_137,s-0.609015,s-5.325332,s104.721498
142_138,s5.225566,s-1.869748,s177.827217
142_139,s3.960688,s-3.165098,s254.980212
142_140,s0.694499,s-5.304731,s139.921913
142_141,s4.695353,s2.667144,s341.980722
143_0,s-0.171176,s0.057669,s305.867358
143_1,s-0.237579,s-0.866642,s19.041900
143_2,s0.273731,s-0.672450,s256.977687
143_3,s-0.171917,s0.704803,s0.933740
143_4,s0.390469,s-0.007906,s268.704814
143_5,s1.375620,s0.785874,s118.791469
143_6,s-0.868994,s-0.266230,s21.648426
143_7,s1.215858,s-0.918090,s216.767940
143_8,s-1.122565,s-0.740252,s104.087498
143_9,s0.948170,s-1.442421,s118.485218
143_10,s0.322476,s1.307926,s228.088552
143_11,s-1.299083,s0.645840,s-16.454757
143_12,s1.597597,s-0.158977,s352.276998
143_13,s1.217453,s1.361702,s63.871334
143_14,s-1.854158,s0.477739,s133.045949
143_15,s-1.213837,s1.772587,s114.473805
143_16,s-0.324012,s2.407129,s89.261107
143_17,s0.079762,s-1.392015,s178.899638
143_18,s-2.306421,s-0.340093,s241.913741
143_19,s1.366664,s-0.495097,s80.967672
143_20,s-2.222830,s1.202167,s-5.257807
143_21,s-0.716615,s1.382987,s10.396826
143_22,s-0.598218,s-1.107424,s106.818512
143_23,s2.048296,s0.031874,s320.829365
143_24,s1.662218,s1.501466,s287.791272
143_25,s-0.410673,s-1.906872,s192.370962
143_26,s2.251613,s-0.325146,s207.856980
143_27,s1.448223,s-2.046475,s191.704471
143_28,s-1.187027,s3.014053,s53.578731
143_29,s-2.053579,s-2.143179,s75.247480
143_30,s0.971852,s2.008664,s77.064305
143_31,s0.562863,s-2.398911,s111.736087
143_32,s1.575668,s2.237119,s58.547091
143_33,s2.005506,s-1.897860,s240.173093
143_34,s0.731474,s-3.006433,s121.449315
143_35,s-1.085927,s-1.752029,s179.482236
143_36,s-2.710792,s0.545976,s188.032496
143_37,s-2.154259,s-1.143822,s41.644300
143_38,s-2.919203,s1.894220,s11.581154
143_39,s1.943728,s-1.129697,s244.527552
143_40,s-1.793020,s2.184437,s28.781107
143_41,s0.691814,s2.691849,s19.956691
143_42,s-2.873839,s-2.331419,s144.852248
143_43,s-2.828901,s-1.050241,s97.434346
143_44,s0.046553,s2.852732,s-19.414592
143_45,s1.449176,s3.128472,s68.191286
143_46,s2.033922,s0.831466,s328.236051
143_47,s2.821569,s-0.455895,s219.978354
143_48,s-0.450677,s-3.035037,s222.184711
143_49,s-2.843621,s1.013718,s34.595419
143_50,s2.257626,s-2.801858,s134.327443
143_51,s1.863425,s2.769734,s264.695369
143_52,s2.568521,s0.915438,s276.614177
143_53,s-1.301419,s-2.818329,s123.478590
143_54,s2.881819,s0.120693,s327.762941
143_55,s2.948104,s-2.543882,s188.369154
143_56,s-3.137972,s-0.319817,s109.061041
143_57,s-2.500898,s2.912034,s329.408613
143_58,s0.198329,s-3.651386,s201.029338
143_59,s3.101233,s1.978837,s248.944121
143_60,s-1.059798,s-3.407747,s158.587896
143_61,s0.821535,s-3.644925,s280.722962
143_62,s2.848605,s-1.333678,s273.013474
143_63,s-3.328647,s-1.588768,s135.331818
143_64,s-0.469633,s3.882783,s286.512562
143_65,s-2.756039,s-3.138104,s275.653938
143_66,s-0.847965,s3.635184,s204.752101
143_67,s3.669427,s0.552828,s355.451410
143_68,s-3.558105,s0.620564,s166.236819
143_69,s-3.445856,s3.014068,s313.964205
143_70,s-4.476167,s0.354907,s141.561122
143_71,s2.063850,s-4.446518,s176.582511
143_72,s2.300543,s3.567963,s390.933563
143_73,s-0.271809,s-3.729893,s121.108271
143_74,s3.654233,s-0.998334,s213.032988
143_75,s3.426368,s-0.464931,s349.678605
143_76,s-3.852117,s-1.024596,s110.399913
143_77,s0.741555,s3.706547,s338.473539
143_78,s2.332471,s-3.829297,s261.703920
143_79,s2.647572,s2.245824,s180.668838
143_80,s3.118567,s-2.008264,s303.323700
143_81,s-1.714501,s-3.683325,s185.890932
143_82,s-1.317381,s3.849059,s20.520688
143_83,s-2.548208,s3.644482,s31.852785
143_84,s4.082972,s1.670091,s230.355007
143_85,s-2.351158,s-3.663711,s144.700492
143_86,s-3.613816,s2.421350,s85.070589
143_87,s-4.028801,s-1.691999,s95.613625
143_88,s3.860587,s0.118568,s270.509498
143_89,s2.791237,s3.710665,s321.056741
143_90,s-3.718316,s1.271875,s332.133742
143_91,s0.868697,s-4.266957,s299.094321
143_92,s-4.146960,s-0.478360,s98.869487
143_93,s3.490316,s2.327289,s309.068527
143_94,s4.170871,s-0.733229,s273.635490
143_95,s-0.811939,s-4.506254,s217.456530
143_96,s0.593411,s4.388680,s83.634166
143_97,s-4.171948,s-2.181733,s122.876251
143_98,s-2.046527,s4.279484,s350.970830
143_99,s-2.169354,s-4.737785,s108.410290
143_100,s3.874399,s-2.093134,s306.829618
143_101,s4.309666,s1.070704,s195.729285
143_102,s3.194653,s3.204758,s169.056388
143_103,s-0.719878,s4.107593,s48.818113
143_104,s3.468229,s-2.453479,s241.574761
143_105,s-3.537798,s-2.566154,s118.223453
143_106,s1.543377,s4.729213,s181.482058
143_107,s0.017163,s-4.239761,s159.246216
143_108,s-3.263615,s3.650759,s-10.682552
143_109,s4.667995,s-1.626495,s353.412333
143_110,s0.281901,s-4.688354,s236.302868
143_111,s3.436624,s-3.484513,s244.605048
143_112,s-4.029817,s2.074516,s146.141026
143_113,s5.082927,s0.399334,s354.237724
143_114,s4.068148,s2.037810,s339.054416
143_115,s-1.675591,s-4.767880,s240.959430
143_116,s0.660669,s4.866271,s297.307940
143_117,s4.296513,s-2.579988,s265.994404
143_118,s-4.912568,s-1.172774,s165.475054
143_119,s2.660168,s4.205066,s9.023958
143_120,s3.235848,s-4.027601,s199.557496
143_121,s-4.910020,s0.845724,s169.262583
143_122,s3.816577,s3.372430,s275.133905
143_123,s-3.115700,s-3.428111,s161.290054
143_124,s-0.306042,s4.753857,s51.985480
143_125,s-4.053869,s-3.514146,s178.742700
143_126,s-5.093228,s1.585915,s141.091320
143_127,s4.919579,s1.537706,s24.258747
143_128,s4.784966,s-0.263953,s215.508262
143_129,s-3.019685,s4.720114,s-5.086041
143_130,s-1.324000,s4.941343,s30.104071
143_131,s4.611520,s-2.022358,s223.373683
143_132,s-0.192245,s5.209568,s303.944994
143_133,s-4.052636,s2.824529,s29.539791
143_134,s-4.827686,s1.988262,s40.747762
143_135,s1.611529,s-5.020182,s118.474531
143_136,s4.037601,s3.846139,s-2.042941
143_137,s-0.643850,s-5.252083,s111.328120
143_138,s5.225566,s-1.869748,s177.827217
143_139,s3.960688,s-3.165098,s254.980212
143_140,s0.694499,s-5.304731,s139.921913
143_141,s4.695353,s2.667144,s341.980722
143_142,s-3.670925,s3.497028,s83.593478
144_0,s-0.171176,s0.057669,s305.867358
144_1,s-0.237579,s-0.866642,s19.041900
144_2,s0.273731,s-0.672450,s256.977687
144_3,s-0.171917,s0.704803,s0.933740
144_4,s0.390469,s-0.007906,s268.704814
144_5,s1.375620,s0.785874,s118.791469
144_6,s-0.868994,s-0.266230,s21.648426
144_7,s1.215858,s-0.918090,s216.767940
144_8,s-1.122565,s-0.740252,s104.087498
144_9,s0.948170,s-1.442421,s118.485218
144_10,s0.322476,s1.307926,s228.088552
144_11,s-1.299083,s0.645840,s-16.454757
144_12,s1.597597,s-0.158977,s352.276998
144_13,s1.217453,s1.361702,s63.871334
144_14,s-1.854158,s0.477739,s133.045949
144_15,s-1.213837,s1.772587,s114.473805
144_16,s-0.324012,s2.407129,s89.261107
144_17,s0.079762,s-1.392015,s178.899638
144_18,s-2.306421,s-0.340093,s241.913741
144_19,s1.366664,s-0.495097,s80.967672
144_20,s-2.222830,s1.202167,s-5.257807
144_21,s-0.716615,s1.382987,s10.396826
144_22,s-0.598218,s-1.107424,s106.818512
144_23,s2.048296,s0.031874,s320.829365
144_24,s1.662218,s1.501466,s287.791272
144_25,s-0.410673,s-1.906872,s192.370962
144_26,s2.251613,s-0.325146,s207.856980
144_27,s1.448223,s-2.046475,s191.704471
144_28,s-1.187027,s3.014053,s53.578731
144_29,s-2.053579,s-2.143179,s75.247480
144_30,s0.971852,s2.008664,s77.064305
144_31,s0.562863,s-2.398911,s111.736087
144_32,s1.575668,s2.237119,s58.547091
144_33,s2.005506,s-1.897860,s240.173093
144_34,s0.731474,s-3.006433,s121.449315
144_35,s-1.085927,s-1.752029,s179.482236
144_36,s-2.710792,s0.545976,s188.032496
144_37,s-2.154259,s-1.143822,s41.644300
144_38,s-2.919203,s1.894220,s11.581154
144_39,s1.943728,s-1.129697,s244.527552
144_40,s-1.793020,s2.184437,s28.781107
144_41,s0.691814,s2.691849,s19.956691
144_42,s-2.873839,s-2.331419,s144.852248
144_43,s-2.828901,s-1.050241,s97.434346
144_44,s0.046553,s2.852732,s-19.414592
144_45,s1.449176,s3.128472,s68.191286
144_46,s2.033922,s0.831466,s328.236051
144_47,s2.821569,s-0.455895,s219.978354
144_48,s-0.450677,s-3.035037,s222.184711
144_49,s-2.843621,s1.013718,s34.595419
144_50,s2.257626,s-2.801858,s134.327443
144_51,s1.863425,s2.769734,s264.695369
144_52,s2.568521,s0.915438,s276.614177
144_53,s-1.301419,s-2.818329,s123.478590
144_54,s2.881819,s0.120693,s327.762941
144_55,s2.948104,s-2.543882,s188.369154
144_56,s-3.137972,s-0.319817,s109.061041
144_57,s-2.500898,s2.912034,s329.408613
144_58,s0.198329,s-3.651386,s201.029338
144_59,s3.101233,s1.978837,s248.944121
144_60,s-1.059798,s-3.407747,s158.587896
144_61,s0.821535,s-3.644925,s280.722962
144_62,s2.848605,s-1.333678,s273.013474
144_63,s-3.328647,s-1.588768,s135.331818
144_64,s-0.469633,s3.882783,s286.512562
144_65,s-2.756039,s-3.138104,s275.653938
144_66,s-0.847965,s3.635184,s204.752101
144_67,s3.669427,s0.552828,s355.451410
144_68,s-3.558105,s0.620564,s166.236819
144_69,s-3.445856,s3.014068,s313.964205
144_70,s-4.476167,s0.354907,s141.561122
144_71,s2.063850,s-4.446518,s176.582511
144_72,s2.300543,s3.567963,s390.933563
144_73,s-0.271809,s-3.729893,s121.108271
144_74,s3.654233,s-0.998334,s213.032988
144_75,s3.426368,s-0.464931,s349.678605
144_76,s-3.852117,s-1.024596,s110.399913
144_77,s0.741555,s3.706547,s338.473539
144_78,s2.332471,s-3.829297,s261.703920
144_79,s2.647572,s2.245824,s180.668838
144_80,s3.118567,s-2.008264,s303.323700
144_81,s-1.714501,s-3.683325,s185.890932
144_82,s-1.317381,s3.849059,s20.520688
144_83,s-2.548208,s3.644482,s31.852785
144_84,s4.082972,s1.670091,s230.355007
144_85,s-2.351158,s-3.663711,s144.700492
144_86,s-3.613816,s2.421350,s85.070589
144_87,s-4.028801,s-1.691999,s95.613625
144_88,s3.860587,s0.118568,s270.509498
144_89,s2.791237,s3.710665,s321.056741
144_90,s-3.718316,s1.271875,s332.133742
144_91,s0.868697,s-4.266957,s299.094321
144_92,s-4.146960,s-0.478360,s98.869487
144_93,s3.490316,s2.327289,s309.068527
144_94,s4.170871,s-0.733229,s273.635490
144_95,s-0.811939,s-4.506254,s217.456530
144_96,s0.593411,s4.388680,s83.634166
144_97,s-4.171948,s-2.181733,s122.876251
144_98,s-2.046527,s4.279484,s350.970830
144_99,s-2.169354,s-4.737785,s108.410290
144_100,s3.874399,s-2.093134,s306.829618
144_101,s4.309666,s1.070704,s195.729285
144_102,s3.194653,s3.204758,s169.056388
144_103,s-0.719878,s4.107593,s48.818113
144_104,s3.468229,s-2.453479,s241.574761
144_105,s-3.537798,s-2.566154,s118.223453
144_106,s1.543377,s4.729213,s181.482058
144_107,s0.017163,s-4.239761,s159.246216
144_108,s-3.263615,s3.650759,s-10.682552
144_109,s4.667995,s-1.626495,s353.412333
144_110,s0.281901,s-4.688354,s236.302868
144_111,s3.436624,s-3.484513,s244.605048
144_112,s-4.029817,s2.074516,s146.141026
144_113,s5.082927,s0.399334,s354.237724
144_114,s4.068148,s2.037810,s339.054416
144_115,s-1.675591,s-4.767880,s240.959430
144_116,s0.660669,s4.866271,s297.307940
144_117,s4.296513,s-2.579988,s265.994404
144_118,s-4.912568,s-1.172774,s165.475054
144_119,s2.660168,s4.205066,s9.023958
144_120,s3.235848,s-4.027601,s199.557496
144_121,s-4.910020,s0.845724,s169.262583
144_122,s3.816577,s3.372430,s275.133905
144_123,s-3.115700,s-3.428111,s161.290054
144_124,s-0.306042,s4.753857,s51.985480
144_125,s-4.053869,s-3.514146,s178.742700
144_126,s-5.093228,s1.585915,s141.091320
144_127,s4.919579,s1.537706,s24.258747
144_128,s4.784966,s-0.263953,s215.508262
144_129,s-3.019685,s4.720114,s-5.086041
144_130,s-1.324000,s4.941343,s30.104071
144_131,s4.611520,s-2.022358,s223.373683
144_132,s-0.192245,s5.209568,s303.944994
144_133,s-4.052636,s2.824529,s29.539791
144_134,s-4.827686,s1.988262,s40.747762
144_135,s1.611529,s-5.020182,s118.474531
144_136,s4.037601,s3.846139,s-2.042941
144_137,s-0.643850,s-5.252083,s111.328120
144_138,s5.225566,s-1.869748,s177.827217
144_139,s3.960688,s-3.165098,s254.980212
144_140,s0.694499,s-5.304731,s139.921913
144_141,s4.695353,s2.667144,s341.980722
144_142,s-3.670925,s3.497028,s83.593478
144_143,s5.239002,s-0.102243,s318.948246
145_0,s-0.171176,s0.057669,s305.867358
145_1,s-0.237579,s-0.866642,s19.041900
145_2,s0.273731,s-0.672450,s256.977687
145_3,s-0.171917,s0.704803,s0.933740
145_4,s0.390469,s-0.007906,s268.704814
145_5,s1.375620,s0.785874,s118.791469
145_6,s-0.868994,s-0.266230,s21.648426
145_7,s1.215858,s-0.918090,s216.767940
145_8,s-1.122565,s-0.740252,s104.087498
145_9,s0.948170,s-1.442421,s118.485218
145_10,s0.322476,s1.307926,s228.088552
145_11,s-1.299083,s0.645840,s-16.454757
145_12,s1.597597,s-0.158977,s352.276998
145_13,s1.217453,s1.361702,s63.871334
145_14,s-1.854158,s0.477739,s133.045949
145_15,s-1.213837,s1.772587,s114.473805
145_16,s-0.324012,s2.407129,s89.261107
145_17,s0.079762,s-1.392015,s178.899638
145_18,s-2.306421,s-0.340093,s241.913741
145_19,s1.366664,s-0.495097,s80.967672
145_20,s-2.222830,s1.202167,s-5.257807
145_21,s-0.716615,s1.382987,s10.396826
145_22,s-0.598218,s-1.107424,s106.818512
145_23,s2.048296,s0.031874,s320.829365
145_24,s1.662218,s1.501466,s287.791272
145_25,s-0.410673,s-1.906872,s192.370962
145_26,s2.251613,s-0.325146,s207.856980
145_27,s1.448223,s-2.046475,s191.704471
145_28,s-1.187027,s3.014053,s53.578731
145_29,s-2.053579,s-2.143179,s75.247480
145_30,s0.971852,s2.008664,s77.064305
145_31,s0.562863,s-2.398911,s111.736087
145_32,s1.575668,s2.237119,s58.547091
145_33,s2.005506,s-1.897860,s240.173093
145_34,s0.731474,s-3.006433,s121.449315
145_35,s-1.085927,s-1.752029,s179.482236
145_36,s-2.710792,s0.545976,s188.032496
145_37,s-2.154259,s-1.143822,s41.644300
145_38,s-2.919203,s1.894220,s11.581154
145_39,s1.943728,s-1.129697,s244.527552
145_40,s-1.793020,s2.184437,s28.781107
145_41,s0.691814,s2.691849,s19.956691
145_42,s-2.873839,s-2.331419,s144.852248
145_43,s-2.828901,s-1.050241,s97.434346
145_44,s0.046553,s2.852732,s-19.414592
145_45,s1.449176,s3.128472,s68.191286
145_46,s2.033922,s0.831466,s328.236051
145_47,s2.821569,s-0.455895,s219.978354
145_48,s-0.450677,s-3.035037,s222.184711
145_49,s-2.843621,s1.013718,s34.595419
145_50,s2.257626,s-2.801858,s134.327443
145_51,s1.863425,s2.769734,s264.695369
145_52,s2.568521,s0.915438,s276.614177
145_53,s-1.301419,s-2.818329,s123.478590
145_54,s2.881819,s0.120693,s327.762941
145_55,s2.948104,s-2.543882,s188.369154
145_56,s-3.137972,s-0.319817,s109.061041
145_57,s-2.500898,s2.912034,s329.408613
145_58,s0.198329,s-3.651386,s201.029338
145_59,s3.101233,s1.978837,s248.944121
145_60,s-1.059798,s-3.407747,s158.587896
145_61,s0.821535,s-3.644925,s280.722962
145_62,s2.848605,s-1.333678,s273.013474
145_63,s-3.328647,s-1.588768,s135.331818
145_64,s-0.469633,s3.882783,s286.512562
145_65,s-2.756039,s-3.138104,s275.653938
145_66,s-0.847965,s3.635184,s204.752101
145_67,s3.669427,s0.552828,s355.451410
145_68,s-3.558105,s0.620564,s166.236819
145_69,s-3.445856,s3.014068,s313.964205
145_70,s-4.476167,s0.354907,s141.561122
145_71,s2.063850,s-4.446518,s176.582511
145_72,s2.300543,s3.567963,s390.933563
145_73,s-0.271809,s-3.729893,s121.108271
145_74,s3.654233,s-0.998334,s213.032988
145_75,s3.426368,s-0.464931,s349.678605
145_76,s-3.852117,s-1.024596,s110.399913
145_77,s0.741555,s3.706547,s338.473539
145_78,s2.332471,s-3.829297,s261.703920
145_79,s2.647572,s2.245824,s180.668838
145_80,s3.118567,s-2.008264,s303.323700
145_81,s-1.714501,s-3.683325,s185.890932
145_82,s-1.317381,s3.849059,s20.520688
145_83,s-2.548208,s3.644482,s31.852785
145_84,s4.082972,s1.670091,s230.355007
145_85,s-2.351158,s-3.663711,s144.700492
145_86,s-3.613816,s2.421350,s85.070589
145_87,s-4.028801,s-1.691999,s95.613625
145_88,s3.860587,s0.118568,s270.509498
145_89,s2.791237,s3.710665,s321.056741
145_90,s-3.718316,s1.271875,s332.133742
145_91,s0.868697,s-4.266957,s299.094321
145_92,s-4.146960,s-0.478360,s98.869487
145_93,s3.490316,s2.327289,s309.068527
145_94,s4.170871,s-0.733229,s273.635490
145_95,s-0.811939,s-4.506254,s217.456530
145_96,s0.593411,s4.388680,s83.634166
145_97,s-4.171948,s-2.181733,s122.876251
145_98,s-2.046527,s4.279484,s350.970830
145_99,s-2.169354,s-4.737785,s108.410290
145_100,s3.874399,s-2.093134,s306.829618
145_101,s4.309666,s1.070704,s195.729285
145_102,s3.194653,s3.204758,s169.056388
145_103,s-0.719878,s4.107593,s48.818113
145_104,s3.468229,s-2.453479,s241.574761
145_105,s-3.537798,s-2.566154,s118.223453
145_106,s1.543377,s4.729213,s181.482058
145_107,s0.017163,s-4.239761,s159.246216
145_108,s-3.263615,s3.650759,s-10.682552
145_109,s4.667995,s-1.626495,s353.412333
145_110,s0.281901,s-4.688354,s236.302868
145_111,s3.436624,s-3.484513,s244.605048
145_112,s-4.029817,s2.074516,s146.141026
145_113,s5.082927,s0.399334,s354.237724
145_114,s4.068148,s2.037810,s339.054416
145_115,s-1.675591,s-4.767880,s240.959430
145_116,s0.660669,s4.866271,s297.307940
145_117,s4.296513,s-2.579988,s265.994404
145_118,s-4.912568,s-1.172774,s165.475054
145_119,s2.660168,s4.205066,s9.023958
145_120,s3.235848,s-4.027601,s199.557496
145_121,s-4.910020,s0.845724,s169.262583
145_122,s3.816577,s3.372430,s275.133905
145_123,s-3.115700,s-3.428111,s161.290054
145_124,s-0.306042,s4.753857,s51.985480
145_125,s-4.053869,s-3.514146,s178.742700
145_126,s-5.093228,s1.585915,s141.091320
145_127,s4.919579,s1.537706,s24.258747
145_128,s4.784966,s-0.263953,s215.508262
145_129,s-3.019685,s4.720114,s-5.086041
145_130,s-1.324000,s4.941343,s30.104071
145_131,s4.611520,s-2.022358,s223.373683
145_132,s-0.192245,s5.209568,s303.944994
145_133,s-4.052636,s2.824529,s29.539791
145_134,s-4.827686,s1.988262,s40.747762
145_135,s1.611529,s-5.020182,s118.474531
145_136,s4.037601,s3.846139,s-2.042941
145_137,s-0.643850,s-5.252083,s111.328120
145_138,s5.225566,s-1.869748,s177.827217
145_139,s3.960688,s-3.165098,s254.980212
145_140,s0.694499,s-5.304731,s139.921913
145_141,s4.695353,s2.667144,s341.980722
145_142,s-3.670925,s3.497028,s83.593478
145_143,s5.239002,s-0.102243,s318.948246
145_144,s-2.649064,s-5.227051,s194.346739
146_0,s-0.152777,s0.060367,s308.498670
146_1,s-0.210618,s-0.784103,s17.794289
146_2,s0.338406,s-0.740522,s255.502365
146_3,s-0.329296,s0.747732,s-1.588193
146_4,s0.376960,s-0.082628,s268.186619
146_5,s1.375620,s0.785874,s118.791469
146_6,s-0.862373,s-0.336208,s13.221842
146_7,s1.250120,s-0.957070,s220.977237
146_8,s-1.220839,s-0.787456,s106.251500
146_9,s0.958109,s-1.492353,s120.621105
146_10,s0.265207,s1.325334,s225.435528
146_11,s-1.276682,s0.589131,s-12.418683
146_12,s1.597597,s-0.158977,s352.276998
146_13,s1.256778,s1.365468,s72.356195
146_14,s-1.854158,s0.477739,s133.045949
146_15,s-1.250027,s1.853982,s118.505557
146_16,s-0.423882,s2.336566,s91.796887
146_17,s0.079762,s-1.392015,s178.899638
146_18,s-2.306421,s-0.340093,s241.913741
146_19,s1.366664,s-0.495097,s80.967672
146_20,s-2.336482,s1.374745,s-8.236307
146_21,s-0.716615,s1.382987,s10.396826
146_22,s-0.598218,s-1.107424,s106.818512
146_23,s2.106740,s0.023301,s314.977758
146_24,s1.685936,s1.791897,s285.118585
146_25,s-0.514308,s-2.035930,s195.857352
146_26,s2.251613,s-0.325146,s207.856980
146_27,s1.448223,s-2.046475,s191.704471
146_28,s-1.115046,s2.797614,s54.872293
146_29,s-1.918356,s-2.248030,s76.977207
146_30,s0.971852,s2.008664,s77.064305
146_31,s0.687680,s-2.252514,s97.755483
146_32,s1.575668,s2.237119,s58.547091
146_33,s1.954270,s-1.936692,s244.279481
146_34,s0.731474,s-3.006433,s121.449315
146_35,s-1.076695,s-1.784507,s185.130291
146_36,s-2.705525,s0.480879,s185.431344
146_37,s-2.193306,s-1.173200,s41.381959
146_38,s-2.864930,s2.059480,s2.382036
146_39,s1.943728,s-1.129697,s244.527552
146_40,s-1.803771,s2.199083,s13.504320
146_41,s0.691814,s2.691849,s19.956691
146_42,s-2.876238,s-2.426975,s145.326266
146_43,s-2.763974,s-1.014922,s106.361439
146_44,s0.036376,s2.467575,s-18.982102
146_45,s1.338561,s3.184815,s67.580813
146_46,s2.069828,s0.826350,s328.679388
146_47,s2.821289,s-0.474358,s220.925166
146_48,s-0.450677,s-3.035037,s222.184711
146_49,s-2.843621,s1.013718,s34.595419
146_50,s2.232649,s-2.613041,s143.678679
146_51,s1.807890,s2.751346,s262.080667
146_52,s2.584639,s0.936723,s280.894873
146_53,s-1.226445,s-2.914305,s107.676887
146_54,s2.943397,s0.300558,s326.340462
146_55,s2.866670,s-2.491933,s196.688301
146_56,s-3.101267,s-0.433187,s112.527969
146_57,s-2.500898,s2.912034,s329.408613
146_58,s0.198329,s-3.651386,s201.029338
146_59,s3.101233,s1.978837,s248.944121
146_60,s-1.059798,s-3.407747,s158.587896
146_61,s0.841164,s-3.704244,s274.293390
146_62,s2.848605,s-1.333678,s273.013474
146_63,s-3.233659,s-1.688451,s132.444493
146_64,s-0.469633,s3.882783,s286.512562
146_65,s-2.755146,s-3.134975,s276.091067
146_66,s-0.843913,s3.596015,s210.535311
146_67,s3.669427,s0.552828,s355.451410
146_68,s-3.502509,s0.485474,s167.614439
146_69,s-3.445856,s3.014068,s313.964205
146_70,s-4.476167,s0.354907,s141.561122
146_71,s2.000708,s-4.492234,s176.589097
146_72,s2.300543,s3.567963,s390.933563
146_73,s-0.274021,s-3.715515,s113.970486
146_74,s3.654233,s-0.998334,s213.032988
146_75,s3.426368,s-0.464931,s349.678605
146_76,s-3.852117,s-1.024596,s110.399913
146_77,s0.741555,s3.706547,s338.473539
146_78,s2.290827,s-3.736415,s261.317257
146_79,s2.677456,s2.383113,s177.752927
146_80,s3.118567,s-2.008264,s303.323700
146_81,s-1.696622,s-3.575401,s184.611473
146_82,s-1.333345,s3.783570,s27.124337
146_83,s-2.606803,s3.587225,s30.755092
146_84,s4.082972,s1.670091,s230.355007
146_85,s-2.351158,s-3.663711,s144.700492
146_86,s-3.613816,s2.421350,s85.070589
146_87,s-4.099715,s-1.639015,s105.386579
146_88,s3.860587,s0.118568,s270.509498
146_89,s2.830431,s3.775004,s324.446486
146_90,s-3.659388,s1.279284,s341.135185
146_91,s0.805338,s-4.318571,s299.283735
146_92,s-4.210106,s-0.224020,s125.347856
146_93,s3.490316,s2.327289,s309.068527
146_94,s4.170871,s-0.733229,s273.635490
146_95,s-0.811939,s-4.506254,s217.456530
146_96,s0.593411,s4.388680,s83.634166
146_97,s-4.171948,s-2.181733,s122.876251
146_98,s-2.042558,s4.360680,s340.929809
146_99,s-2.196628,s-4.521292,s99.877346
146_100,s3.874399,s-2.093134,s306.829618
146_101,s4.309666,s1.070704,s195.729285
146_102,s3.194653,s3.204758,s169.056388
146_103,s-0.719878,s4.107593,s48.818113
146_104,s3.420024,s-2.443094,s247.688598
146_105,s-3.564881,s-2.682408,s114.709265
146_106,s1.515869,s4.707746,s202.464962
146_107,s0.017163,s-4.239761,s159.246216
146_108,s-3.263615,s3.650759,s-10.682552
146_109,s4.667995,s-1.626495,s353.412333
146_110,s0.281901,s-4.688354,s236.302868
146_111,s3.361728,s-3.456673,s250.317882
146_112,s-4.074942,s1.903759,s144.494343
146_113,s5.082927,s0.399334,s354.237724
146_114,s4.097230,s2.029672,s341.298611
146_115,s-1.686713,s-4.944774,s243.060209
146_116,s0.592775,s4.937557,s296.224165
146_117,s4.296513,s-2.579988,s265.994404
146_118,s-5.005535,s-1.189197,s169.038885
146_119,s2.660168,s4.205066,s9.023958
146_120,s3.265073,s-4.084046,s201.543942
146_121,s-4.910020,s0.845724,s169.262583
146_122,s3.816577,s3.372430,s275.133905
146_123,s-3.024757,s-3.489808,s162.548266
146_124,s-0.311641,s4.752212,s48.398383
146_125,s-4.110170,s-3.559615,s171.441448
146_126,s-5.093228,s1.585915,s141.091320
146_127,s4.906002,s1.656298,s28.327658
146_128,s4.784966,s-0.263953,s215.508262
146_129,s-2.890338,s4.662735,s-15.265223
146_130,s-1.324000,s4.941343,s30.104071
146_131,s4.611520,s-2.022358,s223.373683
146_132,s-0.131652,s5.181359,s304.199643
146_133,s-4.045520,s2.787902,s31.697238
146_134,s-4.827686,s1.988262,s40.747762
146_135,s1.606632,s-5.151733,s125.878437
146_136,s4.037601,s3.846139,s-2.042941
146_137,s-0.699644,s-5.552677,s118.941558
146_138,s5.324572,s-1.797522,s172.487979
146_139,s3.960688,s-3.165098,s254.980212
146_140,s0.644092,s-5.351883,s141.986059
146_141,s4.706217,s2.595846,s348.819671
146_142,s-3.670925,s3.497028,s83.593478
146_143,s5.239002,s-0.102243,s318.948246
146_144,s-2.568298,s-5.195618,s200.607501
146_145,s-3.628996,s-4.287777,s235.331344
147_0,s-0.152777,s0.060367,s308.498670
147_1,s-0.210618,s-0.784103,s17.794289
147_2,s0.338406,s-0.740522,s255.502365
147_3,s-0.329296,s0.747732,s-1.588193
147_4,s0.376960,s-0.082628,s268.186619
147_5,s1.375620,s0.785874,s118.791469
147_6,s-0.862373,s-0.336208,s13.221842
147_7,s1.250120,s-0.957070,s220.977237
147_8,s-1.220839,s-0.787456,s106.251500
147_9,s0.958109,s-1.492353,s120.621105
147_10,s0.265207,s1.325334,s225.435528
147_11,s-1.276682,s0.589131,s-12.418683
147_12,s1.597597,s-0.158977,s352.276998
147_13,s1.256778,s1.365468,s72.356195
147_14,s-1.854158,s0.477739,s133.045949
147_15,s-1.250027,s1.853982,s118.505557
147_16,s-0.423882,s2.336566,s91.796887
147_17,s0.079762,s-1.392015,s178.899638
147_18,s-2.306421,s-0.340093,s241.913741
147_19,s1.366664,s-0.495097,s80.967672
147_20,s-2.336482,s1.374745,s-8.236307
147_21,s-0.716615,s1.382987,s10.396826
147_22,s-0.598218,s-1.107424,s106.818512
147_23,s2.106740,s0.023301,s314.977758
147_24,s1.685936,s1.791897,s285.118585
147_25,s-0.514308,s-2.035930,s195.857352
147_26,s2.251613,s-0.325146,s207.856980
147_27,s1.448223,s-2.046475,s191.704471
147_28,s-1.115046,s2.797614,s54.872293
147_29,s-1.918356,s-2.248030,s76.977207
147_30,s0.971852,s2.008664,s77.064305
147_31,s0.687680,s-2.252514,s97.755483
147_32,s1.575668,s2.237119,s58.547091
147_33,s1.954270,s-1.936692,s244.279481
147_34,s0.731474,s-3.006433,s121.449315
147_35,s-1.076695,s-1.784507,s185.130291
147_36,s-2.705525,s0.480879,s185.431344
147_37,s-2.193306,s-1.173200,s41.381959
147_38,s-2.864930,s2.059480,s2.382036
147_39,s1.943728,s-1.129697,s244.527552
147_40,s-1.803771,s2.199083,s13.504320
147_41,s0.691814,s2.691849,s19.956691
147_42,s-2.876238,s-2.426975,s145.326266
147_43,s-2.763974,s-1.014922,s106.361439
147_44,s0.036376,s2.467575,s-18.982102
147_45,s1.338561,s3.184815,s67.580813
147_46,s2.069828,s0.826350,s328.679388
147_47,s2.821289,s-0.474358,s220.925166
147_48,s-0.450677,s-3.035037,s222.184711
147_49,s-2.843621,s1.013718,s34.595419
147_50,s2.232649,s-2.613041,s143.678679
147_51,s1.807890,s2.751346,s262.080667
147_52,s2.584639,s0.936723,s280.894873
147_53,s-1.226445,s-2.914305,s107.676887
147_54,s2.943397,s0.300558,s326.340462
147_55,s2.866670,s-2.491933,s196.688301
147_56,s-3.101267,s-0.433187,s112.527969
147_57,s-2.500898,s2.912034,s329.408613
147_58,s0.198329,s-3.651386,s201.029338
147_59,s3.101233,s1.978837,s248.944121
147_60,s-1.059798,s-3.407747,s158.587896
147_61,s0.841164,s-3.704244,s274.293390
147_62,s2.848605,s-1.333678,s273.013474
147_63,s-3.233659,s-1.688451,s132.444493
147_64,s-0.469633,s3.882783,s286.512562
147_65,s-2.755146,s-3.134975,s276.091067
147_66,s-0.843913,s3.596015,s210.535311
147_67,s3.669427,s0.552828,s355.451410
147_68,s-3.502509,s0.485474,s167.614439
147_69,s-3.445856,s3.014068,s313.964205
147_70,s-4.476167,s0.354907,s141.561122
147_71,s2.000708,s-4.492234,s176.589097
147_72,s2.300543,s3.567963,s390.933563
147_73,s-0.274021,s-3.715515,s113.970486
147_74,s3.654233,s-0.998334,s213.032988
147_75,s3.426368,s-0.464931,s349.678605
147_76,s-3.852117,s-1.024596,s110.399913
147_77,s0.741555,s3.706547,s338.473539
147_78,s2.290827,s-3.736415,s261.317257
147_79,s2.677456,s2.383113,s177.752927
147_80,s3.118567,s-2.008264,s303.323700
147_81,s-1.696622,s-3.575401,s184.611473
147_82,s-1.333345,s3.783570,s27.124337
147_83,s-2.606803,s3.587225,s30.755092
147_84,s4.082972,s1.670091,s230.355007
147_85,s-2.351158,s-3.663711,s144.700492
147_86,s-3.613816,s2.421350,s85.070589
147_87,s-4.099715,s-1.639015,s105.386579
147_88,s3.860587,s0.118568,s270.509498
147_89,s2.830431,s3.775004,s324.446486
147_90,s-3.659388,s1.279284,s341.135185
147_91,s0.805338,s-4.318571,s299.283735
147_92,s-4.210106,s-0.224020,s125.347856
147_93,s3.490316,s2.327289,s309.068527
147_94,s4.170871,s-0.733229,s273.635490
147_95,s-0.811939,s-4.506254,s217.456530
147_96,s0.593411,s4.388680,s83.634166
147_97,s-4.171948,s-2.181733,s122.876251
147_98,s-2.042558,s4.360680,s340.929809
147_99,s-2.196628,s-4.521292,s99.877346
147_100,s3.874399,s-2.093134,s306.829618
147_101,s4.309666,s1.070704,s195.729285
147_102,s3.194653,s3.204758,s169.056388
147_103,s-0.719878,s4.107593,s48.818113
147_104,s3.420024,s-2.443094,s247.688598
147_105,s-3.564881,s-2.682408,s114.709265
147_106,s1.515869,s4.707746,s202.464962
147_107,s0.017163,s-4.239761,s159.246216
147_108,s-3.263615,s3.650759,s-10.682552
147_109,s4.667995,s-1.626495,s353.412333
147_110,s0.281901,s-4.688354,s236.302868
147_111,s3.361728,s-3.456673,s250.317882
147_112,s-4.074942,s1.903759,s144.494343
147_113,s5.082927,s0.399334,s354.237724
147_114,s4.097230,s2.029672,s341.298611
147_115,s-1.686713,s-4.944774,s243.060209
147_116,s0.592775,s4.937557,s296.224165
147_117,s4.296513,s-2.579988,s265.994404
147_118,s-5.005535,s-1.189197,s169.038885
147_119,s2.660168,s4.205066,s9.023958
147_120,s3.265073,s-4.084046,s201.543942
147_121,s-4.910020,s0.845724,s169.262583
147_122,s3.816577,s3.372430,s275.133905
147_123,s-3.024757,s-3.489808,s162.548266
147_124,s-0.311641,s4.752212,s48.398383
147_125,s-4.110170,s-3.559615,s171.441448
147_126,s-5.093228,s1.585915,s141.091320
147_127,s4.906002,s1.656298,s28.327658
147_128,s4.784966,s-0.263953,s215.508262
147_129,s-2.890338,s4.662735,s-15.265223
147_130,s-1.324000,s4.941343,s30.104071
147_131,s4.611520,s-2.022358,s223.373683
147_132,s-0.131652,s5.181359,s304.199643
147_133,s-4.045520,s2.787902,s31.697238
147_134,s-4.827686,s1.988262,s40.747762
147_135,s1.606632,s-5.151733,s125.878437
147_136,s4.037601,s3.846139,s-2.042941
147_137,s-0.699644,s-5.552677,s118.941558
147_138,s5.324572,s-1.797522,s172.487979
147_139,s3.960688,s-3.165098,s254.980212
147_140,s0.644092,s-5.351883,s141.986059
147_141,s4.706217,s2.595846,s348.819671
147_142,s-3.670925,s3.497028,s83.593478
147_143,s5.239002,s-0.102243,s318.948246
147_144,s-2.568298,s-5.195618,s200.607501
147_145,s-3.628996,s-4.287777,s235.331344
147_146,s-4.622211,s-3.090108,s323.869731
148_0,s-0.152777,s0.060367,s308.498670
148_1,s-0.210618,s-0.784103,s17.794289
148_2,s0.338406,s-0.740522,s255.502365
148_3,s-0.329296,s0.747732,s-1.588193
148_4,s0.376960,s-0.082628,s268.186619
148_5,s1.375620,s0.785874,s118.791469
148_6,s-0.862373,s-0.336208,s13.221842
148_7,s1.250120,s-0.957070,s220.977237
148_8,s-1.220839,s-0.787456,s106.251500
148_9,s0.958109,s-1.492353,s120.621105
148_10,s0.265207,s1.325334,s225.435528
148_11,s-1.276682,s0.589131,s-12.418683
148_12,s1.597597,s-0.158977,s352.276998
148_13,s1.256778,s1.365468,s72.356195
148_14,s-1.854158,s0.477739,s133.045949
148_15,s-1.250027,s1.853982,s118.505557
148_16,s-0.423882,s2.336566,s91.796887
148_17,s0.079762,s-1.392015,s178.899638
148_18,s-2.306421,s-0.340093,s241.913741
148_19,s1.366664,s-0.495097,s80.967672
148_20,s-2.336482,s1.374745,s-8.236307
148_21,s-0.716615,s1.382987,s10.396826
148_22,s-0.598218,s-1.107424,s106.818512
148_23,s2.106740,s0.023301,s314.977758
148_24,s1.685936,s1.791897,s285.118585
148_25,s-0.514308,s-2.035930,s195.857352
148_26,s2.251613,s-0.325146,s207.856980
148_27,s1.448223,s-2.046475,s191.704471
148_28,s-1.115046,s2.797614,s54.872293
148_29,s-1.918356,s-2.248030,s76.977207
148_30,s0.971852,s2.008664,s77.064305
148_31,s0.687680,s-2.252514,s97.755483
148_32,s1.575668,s2.237119,s58.547091
148_33,s1.954270,s-1.936692,s244.279481
148_34,s0.731474,s-3.006433,s121.449315
148_35,s-1.076695,s-1.784507,s185.130291
148_36,s-2.705525,s0.480879,s185.431344
148_37,s-2.193306,s-1.173200,s41.381959
148_38,s-2.864930,s2.059480,s2.382036
148_39,s1.943728,s-1.129697,s244.527552
148_40,s-1.803771,s2.199083,s13.504320
148_41,s0.691814,s2.691849,s19.956691
148_42,s-2.876238,s-2.426975,s145.326266
148_43,s-2.763974,s-1.014922,s106.361439
148_44,s0.036376,s2.467575,s-18.982102
148_45,s1.338561,s3.184815,s67.580813
148_46,s2.069828,s0.826350,s328.679388
148_47,s2.821289,s-0.474358,s220.925166
148_48,s-0.450677,s-3.035037,s222.184711
148_49,s-2.843621,s1.013718,s34.595419
148_50,s2.232649,s-2.613041,s143.678679
148_51,s1.807890,s2.751346,s262.080667
148_52,s2.584639,s0.936723,s280.894873
148_53,s-1.226445,s-2.914305,s107.676887
148_54,s2.943397,s0.300558,s326.340462
148_55,s2.866670,s-2.491933,s196.688301
148_56,s-3.101267,s-0.433187,s112.527969
148_57,s-2.500898,s2.912034,s329.408613
148_58,s0.198329,s-3.651386,s201.029338
148_59,s3.101233,s1.978837,s248.944121
148_60,s-1.059798,s-3.407747,s158.587896
148_61,s0.841164,s-3.704244,s274.293390
148_62,s2.848605,s-1.333678,s273.013474
148_63,s-3.233659,s-1.688451,s132.444493
148_64,s-0.469633,s3.882783,s286.512562
148_65,s-2.755146,s-3.134975,s276.091067
148_66,s-0.843913,s3.596015,s210.535311
148_67,s3.669427,s0.552828,s355.451410
148_68,s-3.502509,s0.485474,s167.614439
148_69,s-3.445856,s3.014068,s313.964205
148_70,s-4.476167,s0.354907,s141.561122
148_71,s2.000708,s-4.492234,s176.589097
148_72,s2.300543,s3.567963,s390.933563
148_73,s-0.274021,s-3.715515,s113.970486
148_74,s3.654233,s-0.998334,s213.032988
148_75,s3.426368,s-0.464931,s349.678605
148_76,s-3.852117,s-1.024596,s110.399913
148_77,s0.741555,s3.706547,s338.473539
148_78,s2.290827,s-3.736415,s261.317257
148_79,s2.677456,s2.383113,s177.752927
148_80,s3.118567,s-2.008264,s303.323700
148_81,s-1.696622,s-3.575401,s184.611473
148_82,s-1.333345,s3.783570,s27.124337
148_83,s-2.606803,s3.587225,s30.755092
148_84,s4.082972,s1.670091,s230.355007
148_85,s-2.351158,s-3.663711,s144.700492
148_86,s-3.613816,s2.421350,s85.070589
148_87,s-4.099715,s-1.639015,s105.386579
148_88,s3.860587,s0.118568,s270.509498
148_89,s2.830431,s3.775004,s324.446486
148_90,s-3.659388,s1.279284,s341.135185
148_91,s0.805338,s-4.318571,s299.283735
148_92,s-4.210106,s-0.224020,s125.347856
148_93,s3.490316,s2.327289,s309.068527
148_94,s4.170871,s-0.733229,s273.635490
148_95,s-0.811939,s-4.506254,s217.456530
148_96,s0.593411,s4.388680,s83.634166
148_97,s-4.171948,s-2.181733,s122.876251
148_98,s-2.042558,s4.360680,s340.929809
148_99,s-2.196628,s-4.521292,s99.877346
148_100,s3.874399,s-2.093134,s306.829618
148_101,s4.309666,s1.070704,s195.729285
148_102,s3.194653,s3.204758,s169.056388
148_103,s-0.719878,s4.107593,s48.818113
148_104,s3.420024,s-2.443094,s247.688598
148_105,s-3.564881,s-2.682408,s114.709265
148_106,s1.515869,s4.707746,s202.464962
148_107,s0.017163,s-4.239761,s159.246216
148_108,s-3.263615,s3.650759,s-10.682552
148_109,s4.667995,s-1.626495,s353.412333
148_110,s0.281901,s-4.688354,s236.302868
148_111,s3.361728,s-3.456673,s250.317882
148_112,s-4.074942,s1.903759,s144.494343
148_113,s5.082927,s0.399334,s354.237724
148_114,s4.097230,s2.029672,s341.298611
148_115,s-1.686713,s-4.944774,s243.060209
148_116,s0.592775,s4.937557,s296.224165
148_117,s4.296513,s-2.579988,s265.994404
148_118,s-5.005535,s-1.189197,s169.038885
148_119,s2.660168,s4.205066,s9.023958
148_120,s3.265073,s-4.084046,s201.543942
148_121,s-4.910020,s0.845724,s169.262583
148_122,s3.816577,s3.372430,s275.133905
148_123,s-3.024757,s-3.489808,s162.548266
148_124,s-0.311641,s4.752212,s48.398383
148_125,s-4.110170,s-3.559615,s171.441448
148_126,s-5.093228,s1.585915,s141.091320
148_127,s4.906002,s1.656298,s28.327658
148_128,s4.784966,s-0.263953,s215.508262
148_129,s-2.890338,s4.662735,s-15.265223
148_130,s-1.324000,s4.941343,s30.104071
148_131,s4.611520,s-2.022358,s223.373683
148_132,s-0.131652,s5.181359,s304.199643
148_133,s-4.045520,s2.787902,s31.697238
148_134,s-4.827686,s1.988262,s40.747762
148_135,s1.606632,s-5.151733,s125.878437
148_136,s4.037601,s3.846139,s-2.042941
148_137,s-0.699644,s-5.552677,s118.941558
148_138,s5.324572,s-1.797522,s172.487979
148_139,s3.960688,s-3.165098,s254.980212
148_140,s0.644092,s-5.351883,s141.986059
148_141,s4.706217,s2.595846,s348.819671
148_142,s-3.670925,s3.497028,s83.593478
148_143,s5.239002,s-0.102243,s318.948246
148_144,s-2.568298,s-5.195618,s200.607501
148_145,s-3.628996,s-4.287777,s235.331344
148_146,s-4.622211,s-3.090108,s323.869731
148_147,s2.761405,s-4.488602,s57.760602
149_0,s-0.152777,s0.060367,s308.498670
149_1,s-0.210618,s-0.784103,s17.794289
149_2,s0.338406,s-0.740522,s255.502365
149_3,s-0.373500,s0.621584,s-19.890010
149_4,s0.376960,s-0.082628,s268.186619
149_5,s1.375620,s0.785874,s118.791469
149_6,s-0.821528,s-0.440117,s5.990816
149_7,s1.250120,s-0.957070,s220.977237
149_8,s-1.262213,s-0.830327,s106.569915
149_9,s1.048222,s-1.391964,s107.190156
149_10,s0.265207,s1.325334,s225.435528
149_11,s-1.276682,s0.589131,s-12.418683
149_12,s1.597597,s-0.158977,s352.276998
149_13,s1.256778,s1.365468,s72.356195
149_14,s-1.854158,s0.477739,s133.045949
149_15,s-1.230295,s1.760216,s119.065227
149_16,s-0.407879,s2.373350,s94.319510
149_17,s0.033032,s-1.332673,s178.679052
149_18,s-2.306421,s-0.340093,s241.913741
149_19,s1.366664,s-0.495097,s80.967672
149_20,s-2.336482,s1.374745,s-8.236307
149_21,s-0.716615,s1.382987,s10.396826
149_22,s-0.598218,s-1.107424,s106.818512
149_23,s2.106740,s0.023301,s314.977758
149_24,s1.598661,s1.754905,s279.574001
149_25,s-0.514308,s-2.035930,s195.857352
149_26,s2.251613,s-0.325146,s207.856980
149_27,s1.448223,s-2.046475,s191.704471
149_28,s-1.074255,s2.747828,s61.975418
149_29,s-1.901862,s-2.302113,s80.196196
149_30,s1.012183,s1.919076,s60.508867
149_31,s0.687680,s-2.252514,s97.755483
149_32,s1.575668,s2.237119,s58.547091
149_33,s1.954270,s-1.936692,s244.279481
149_34,s0.673754,s-2.879663,s106.426555
149_35,s-1.153250,s-1.593301,s168.856041
149_36,s-2.712946,s0.576887,s197.707377
149_37,s-2.193306,s-1.173200,s41.381959
149_38,s-2.864930,s2.059480,s2.382036
149_39,s1.895122,s-1.013068,s245.136140
149_40,s-1.803771,s2.199083,s13.504320
149_41,s0.728395,s2.686496,s23.611893
149_42,s-2.876238,s-2.426975,s145.326266
149_43,s-2.763974,s-1.014922,s106.361439
149_44,s0.036376,s2.467575,s-18.982102
149_45,s1.338561,s3.184815,s67.580813
149_46,s2.069828,s0.826350,s328.679388
149_47,s2.821289,s-0.474358,s220.925166
149_48,s-0.450677,s-3.035037,s222.184711
149_49,s-2.779349,s0.990159,s47.283754
149_50,s2.370614,s-2.607430,s141.071069
149_51,s1.811039,s2.694202,s258.808058
149_52,s2.584639,s0.936723,s280.894873
149_53,s-1.226445,s-2.914305,s107.676887
149_54,s2.943397,s0.300558,s326.340462
149_55,s2.866670,s-2.491933,s196.688301
149_56,s-3.101267,s-0.433187,s112.527969
149_57,s-2.500898,s2.912034,s329.408613
149_58,s0.198329,s-3.651386,s201.029338
149_59,s3.115541,s1.870085,s240.713808
149_60,s-0.973880,s-3.389370,s161.829162
149_61,s0.841164,s-3.704244,s274.293390
149_62,s2.820324,s-1.415781,s273.828542
149_63,s-3.178409,s-1.649337,s138.219197
149_64,s-0.392476,s3.912784,s292.313232
149_65,s-2.770782,s-3.161173,s281.578694
149_66,s-0.895270,s3.557344,s215.472961
149_67,s3.669427,s0.552828,s355.451410
149_68,s-3.502509,s0.485474,s167.614439
149_69,s-3.445856,s3.014068,s313.964205
149_70,s-4.476167,s0.354907,s141.561122
149_71,s1.937395,s-4.504914,s185.863892
149_72,s2.300543,s3.567963,s390.933563
149_73,s-0.322428,s-3.754511,s120.071143
149_74,s3.654233,s-0.998334,s213.032988
149_75,s3.426368,s-0.464931,s349.678605
149_76,s-3.832063,s-1.040774,s109.643468
149_77,s0.698420,s3.782684,s333.005998
149_78,s2.351650,s-3.763931,s240.917869
149_79,s2.677456,s2.383113,s177.752927
149_80,s3.118567,s-2.008264,s303.323700
149_81,s-1.685714,s-3.500763,s190.747805
149_82,s-1.343921,s3.796642,s29.048462
149_83,s-2.560232,s3.505142,s32.555508
149_84,s4.082972,s1.670091,s230.355007
149_85,s-2.179010,s-3.545302,s136.182529
149_86,s-3.613816,s2.421350,s85.070589
149_87,s-4.099715,s-1.639015,s105.386579
149_88,s3.833979,s0.144943,s270.149419
149_89,s2.823547,s3.622518,s324.281041
149_90,s-3.748483,s1.091914,s338.696088
149_91,s0.805338,s-4.318571,s299.283735
149_92,s-4.098399,s-0.220833,s112.491179
149_93,s3.490316,s2.327289,s309.068527
149_94,s4.170871,s-0.733229,s273.635490
149_95,s-0.962084,s-4.432342,s218.178708
149_96,s0.593411,s4.388680,s83.634166
149_97,s-4.157373,s-2.154282,s133.454198
149_98,s-2.042558,s4.360680,s340.929809
149_99,s-2.196628,s-4.521292,s99.877346
149_100,s3.874399,s-2.093134,s306.829618
149_101,s4.259499,s1.051582,s189.682666
149_102,s3.208832,s3.198096,s165.871252
149_103,s-0.719878,s4.107593,s48.818113
149_104,s3.420024,s-2.443094,s247.688598
149_105,s-3.564881,s-2.682408,s114.709265
149_106,s1.530674,s4.555448,s200.385294
149_107,s0.017163,s-4.239761,s159.246216
149_108,s-3.331942,s3.683117,s-8.836859
149_109,s4.667995,s-1.626495,s353.412333
149_110,s0.281901,s-4.688354,s236.302868
149_111,s3.262624,s-3.519390,s254.082302
149_112,s-4.046938,s1.917830,s147.446251
149_113,s5.082927,s0.399334,s354.237724
149_114,s4.097230,s2.029672,s341.298611
149_115,s-1.770637,s-4.954796,s241.856633
149_116,s0.592775,s4.937557,s296.224165
149_117,s4.296513,s-2.579988,s265.994404
149_118,s-5.005535,s-1.189197,s169.038885
149_119,s2.483233,s4.263267,s5.791260
149_120,s3.389928,s-4.160961,s204.827129
149_121,s-4.910020,s0.845724,s169.262583
149_122,s3.816577,s3.372430,s275.133905
149_123,s-3.024757,s-3.489808,s162.548266
149_124,s-0.401427,s4.672960,s51.111593
149_125,s-4.110170,s-3.559615,s171.441448
149_126,s-4.998488,s1.394809,s139.125323
149_127,s4.950800,s1.629464,s41.026378
149_128,s4.763522,s-0.159115,s218.464142
149_129,s-2.890338,s4.662735,s-15.265223
149_130,s-1.307718,s4.898695,s34.621567
149_131,s4.611520,s-2.022358,s223.373683
149_132,s-0.173619,s5.106961,s291.767383
149_133,s-4.062520,s2.800436,s32.340033
149_134,s-4.811718,s2.030389,s45.384914
149_135,s1.606632,s-5.151733,s125.878437
149_136,s4.023166,s3.822818,s-4.794803
149_137,s-0.854482,s-5.651779,s119.902306
149_138,s5.324572,s-1.797522,s172.487979
149_139,s3.960688,s-3.165098,s254.980212
149_140,s0.706630,s-5.313172,s150.778869
149_141,s4.704171,s2.701928,s348.282535
149_142,s-3.758283,s3.384395,s76.869245
149_143,s5.239002,s-0.102243,s318.948246
149_144,s-2.712477,s-5.096250,s207.573255
149_145,s-3.615858,s-4.224554,s226.992505
149_146,s-4.622211,s-3.090108,s323.869731
149_147,s2.761405,s-4.488602,s57.760602
149_148,s-5.004834,s-2.256488,s118.811274
150_0,s-0.152777,s0.060367,s308.498670
150_1,s-0.210618,s-0.784103,s17.794289
150_2,s0.338406,s-0.740522,s255.502365
150_3,s-0.373500,s0.621584,s-19.890010
150_4,s0.376960,s-0.082628,s268.186619
150_5,s1.375620,s0.785874,s118.791469
150_6,s-0.821528,s-0.440117,s5.990816
150_7,s1.250120,s-0.957070,s220.977237
150_8,s-1.262213,s-0.830327,s106.569915
150_9,s1.048222,s-1.391964,s107.190156
150_10,s0.265207,s1.325334,s225.435528
150_11,s-1.276682,s0.589131,s-12.418683
150_12,s1.597597,s-0.158977,s352.276998
150_13,s1.256778,s1.365468,s72.356195
150_14,s-1.854158,s0.477739,s133.045949
150_15,s-1.230295,s1.760216,s119.065227
150_16,s-0.407879,s2.373350,s94.319510
150_17,s0.033032,s-1.332673,s178.679052
150_18,s-2.306421,s-0.340093,s241.913741
150_19,s1.366664,s-0.495097,s80.967672
150_20,s-2.336482,s1.374745,s-8.236307
150_21,s-0.716615,s1.382987,s10.396826
150_22,s-0.598218,s-1.107424,s106.818512
150_23,s2.106740,s0.023301,s314.977758
150_24,s1.598661,s1.754905,s279.574001
150_25,s-0.514308,s-2.035930,s195.857352
150_26,s2.251613,s-0.325146,s207.856980
150_27,s1.448223,s-2.046475,s191.704471
150_28,s-1.074255,s2.747828,s61.975418
150_29,s-1.901862,s-2.302113,s80.196196
150_30,s1.012183,s1.919076,s60.508867
150_31,s0.687680,s-2.252514,s97.755483
150_32,s1.575668,s2.237119,s58.547091
150_33,s1.954270,s-1.936692,s244.279481
150_34,s0.673754,s-2.879663,s106.426555
150_35,s-1.153250,s-1.593301,s168.856041
150_36,s-2.712946,s0.576887,s197.707377
150_37,s-2.193306,s-1.173200,s41.381959
150_38,s-2.864930,s2.059480,s2.382036
150_39,s1.895122,s-1.013068,s245.136140
150_40,s-1.803771,s2.199083,s13.504320
150_41,s0.728395,s2.686496,s23.611893
150_42,s-2.876238,s-2.426975,s145.326266
150_43,s-2.763974,s-1.014922,s106.361439
150_44,s0.036376,s2.467575,s-18.982102
150_45,s1.338561,s3.184815,s67.580813
150_46,s2.069828,s0.826350,s328.679388
150_47,s2.821289,s-0.474358,s220.925166
150_48,s-0.450677,s-3.035037,s222.184711
150_49,s-2.779349,s0.990159,s47.283754
150_50,s2.370614,s-2.607430,s141.071069
150_51,s1.811039,s2.694202,s258.808058
150_52,s2.584639,s0.936723,s280.894873
150_53,s-1.226445,s-2.914305,s107.676887
150_54,s2.943397,s0.300558,s326.340462
150_55,s2.866670,s-2.491933,s196.688301
150_56,s-3.101267,s-0.433187,s112.527969
150_57,s-2.500898,s2.912034,s329.408613
150_58,s0.198329,s-3.651386,s201.029338
150_59,s3.115541,s1.870085,s240.713808
150_60,s-0.973880,s-3.389370,s161.829162
150_61,s0.841164,s-3.704244,s274.293390
150_62,s2.820324,s-1.415781,s273.828542
150_63,s-3.178409,s-1.649337,s138.219197
150_64,s-0.392476,s3.912784,s292.313232
150_65,s-2.770782,s-3.161173,s281.578694
150_66,s-0.895270,s3.557344,s215.472961
150_67,s3.669427,s0.552828,s355.451410
150_68,s-3.502509,s0.485474,s167.614439
150_69,s-3.445856,s3.014068,s313.964205
150_70,s-4.476167,s0.354907,s141.561122
150_71,s1.937395,s-4.504914,s185.863892
150_72,s2.300543,s3.567963,s390.933563
150_73,s-0.322428,s-3.754511,s120.071143
150_74,s3.654233,s-0.998334,s213.032988
150_75,s3.426368,s-0.464931,s349.678605
150_76,s-3.832063,s-1.040774,s109.643468
150_77,s0.698420,s3.782684,s333.005998
150_78,s2.351650,s-3.763931,s240.917869
150_79,s2.677456,s2.383113,s177.752927
150_80,s3.118567,s-2.008264,s303.323700
150_81,s-1.685714,s-3.500763,s190.747805
150_82,s-1.343921,s3.796642,s29.048462
150_83,s-2.560232,s3.505142,s32.555508
150_84,s4.082972,s1.670091,s230.355007
150_85,s-2.179010,s-3.545302,s136.182529
150_86,s-3.613816,s2.421350,s85.070589
150_87,s-4.099715,s-1.639015,s105.386579
150_88,s3.833979,s0.144943,s270.149419
150_89,s2.823547,s3.622518,s324.281041
150_90,s-3.748483,s1.091914,s338.696088
150_91,s0.805338,s-4.318571,s299.283735
150_92,s-4.098399,s-0.220833,s112.491179
150_93,s3.490316,s2.327289,s309.068527
150_94,s4.170871,s-0.733229,s273.635490
150_95,s-0.962084,s-4.432342,s218.178708
150_96,s0.593411,s4.388680,s83.634166
150_97,s-4.157373,s-2.154282,s133.454198
150_98,s-2.042558,s4.360680,s340.929809
150_99,s-2.232794,s-4.384848,s96.523281
150_100,s3.874399,s-2.093134,s306.829618
150_101,s4.259499,s1.051582,s189.682666
150_102,s3.208832,s3.198096,s165.871252
150_103,s-0.719878,s4.107593,s48.818113
150_104,s3.420024,s-2.443094,s247.688598
150_105,s-3.564881,s-2.682408,s114.709265
150_106,s1.530674,s4.555448,s200.385294
150_107,s0.017163,s-4.239761,s159.246216
150_108,s-3.331942,s3.683117,s-8.836859
150_109,s4.667995,s-1.626495,s353.412333
150_110,s0.281901,s-4.688354,s236.302868
150_111,s3.262624,s-3.519390,s254.082302
150_112,s-4.046938,s1.917830,s147.446251
150_113,s5.082927,s0.399334,s354.237724
150_114,s4.097230,s2.029672,s341.298611
150_115,s-1.770637,s-4.954796,s241.856633
150_116,s0.592775,s4.937557,s296.224165
150_117,s4.296513,s-2.579988,s265.994404
150_118,s-5.005535,s-1.189197,s169.038885
150_119,s2.483233,s4.263267,s5.791260
150_120,s3.389928,s-4.160961,s204.827129
150_121,s-4.910020,s0.845724,s169.262583
150_122,s3.816577,s3.372430,s275.133905
150_123,s-3.024757,s-3.489808,s162.548266
150_124,s-0.401427,s4.672960,s51.111593
150_125,s-4.110170,s-3.559615,s171.441448
150_126,s-4.998488,s1.394809,s139.125323
150_127,s4.950800,s1.629464,s41.026378
150_128,s4.763522,s-0.159115,s218.464142
150_129,s-2.890338,s4.662735,s-15.265223
150_130,s-1.307718,s4.898695,s34.621567
150_131,s4.611520,s-2.022358,s223.373683
150_132,s-0.173619,s5.106961,s291.767383
150_133,s-4.062520,s2.800436,s32.340033
150_134,s-4.811718,s2.030389,s45.384914
150_135,s1.606632,s-5.151733,s125.878437
150_136,s4.023166,s3.822818,s-4.794803
150_137,s-0.782831,s-5.584403,s113.245630
150_138,s5.324572,s-1.797522,s172.487979
150_139,s3.960688,s-3.165098,s254.980212
150_140,s0.706630,s-5.313172,s150.778869
150_141,s4.704171,s2.701928,s348.282535
150_142,s-3.758283,s3.384395,s76.869245
150_143,s5.239002,s-0.102243,s318.948246
150_144,s-2.712477,s-5.096250,s207.573255
150_145,s-3.615858,s-4.224554,s226.992505
150_146,s-4.622211,s-3.090108,s323.869731
150_147,s2.761405,s-4.488602,s57.760602
150_148,s-5.004834,s-2.256488,s118.811274
150_149,s-5.436639,s0.191185,s25.680281
151_0,s-0.152777,s0.060367,s308.498670
151_1,s-0.210618,s-0.784103,s17.794289
151_2,s0.338406,s-0.740522,s255.502365
151_3,s-0.373500,s0.621584,s-19.890010
151_4,s0.376960,s-0.082628,s268.186619
151_5,s1.375620,s0.785874,s118.791469
151_6,s-0.821528,s-0.440117,s5.990816
151_7,s1.250120,s-0.957070,s220.977237
151_8,s-1.262213,s-0.830327,s106.569915
151_9,s1.048222,s-1.391964,s107.190156
151_10,s0.265207,s1.325334,s225.435528
151_11,s-1.276682,s0.589131,s-12.418683
151_12,s1.597597,s-0.158977,s352.276998
151_13,s1.256778,s1.365468,s72.356195
151_14,s-1.854158,s0.477739,s133.045949
151_15,s-1.230295,s1.760216,s119.065227
151_16,s-0.407879,s2.373350,s94.319510
151_17,s0.033032,s-1.332673,s178.679052
151_18,s-2.306421,s-0.340093,s241.913741
151_19,s1.366664,s-0.495097,s80.967672
151_20,s-2.336482,s1.374745,s-8.236307
151_21,s-0.716615,s1.382987,s10.396826
151_22,s-0.598218,s-1.107424,s106.818512
151_23,s2.106740,s0.023301,s314.977758
151_24,s1.598661,s1.754905,s279.574001
151_25,s-0.514308,s-2.035930,s195.857352
151_26,s2.251613,s-0.325146,s207.856980
151_27,s1.448223,s-2.046475,s191.704471
151_28,s-1.074255,s2.747828,s61.975418
151_29,s-1.901862,s-2.302113,s80.196196
151_30,s1.012183,s1.919076,s60.508867
151_31,s0.687680,s-2.252514,s97.755483
151_32,s1.575668,s2.237119,s58.547091
151_33,s1.954270,s-1.936692,s244.279481
151_34,s0.673754,s-2.879663,s106.426555
151_35,s-1.153250,s-1.593301,s168.856041
151_36,s-2.712946,s0.576887,s197.707377
151_37,s-2.193306,s-1.173200,s41.381959
151_38,s-2.864930,s2.059480,s2.382036
151_39,s1.895122,s-1.013068,s245.136140
151_40,s-1.803771,s2.199083,s13.504320
151_41,s0.728395,s2.686496,s23.611893
151_42,s-2.876238,s-2.426975,s145.326266
151_43,s-2.763974,s-1.014922,s106.361439
151_44,s0.036376,s2.467575,s-18.982102
151_45,s1.338561,s3.184815,s67.580813
151_46,s2.069828,s0.826350,s328.679388
151_47,s2.821289,s-0.474358,s220.925166
151_48,s-0.450677,s-3.035037,s222.184711
151_49,s-2.779349,s0.990159,s47.283754
151_50,s2.370614,s-2.607430,s141.071069
151_51,s1.811039,s2.694202,s258.808058
151_52,s2.584639,s0.936723,s280.894873
151_53,s-1.226445,s-2.914305,s107.676887
151_54,s2.943397,s0.300558,s326.340462
151_55,s2.866670,s-2.491933,s196.688301
151_56,s-3.101267,s-0.433187,s112.527969
151_57,s-2.500898,s2.912034,s329.408613
151_58,s0.198329,s-3.651386,s201.029338
151_59,s3.115541,s1.870085,s240.713808
151_60,s-0.973880,s-3.389370,s161.829162
151_61,s0.841164,s-3.704244,s274.293390
151_62,s2.820324,s-1.415781,s273.828542
151_63,s-3.178409,s-1.649337,s138.219197
151_64,s-0.392476,s3.912784,s292.313232
151_65,s-2.770782,s-3.161173,s281.578694
151_66,s-0.895270,s3.557344,s215.472961
151_67,s3.669427,s0.552828,s355.451410
151_68,s-3.502509,s0.485474,s167.614439
151_69,s-3.445856,s3.014068,s313.964205
151_70,s-4.476167,s0.354907,s141.561122
151_71,s1.937395,s-4.504914,s185.863892
151_72,s2.300543,s3.567963,s390.933563
151_73,s-0.322428,s-3.754511,s120.071143
151_74,s3.654233,s-0.998334,s213.032988
151_75,s3.426368,s-0.464931,s349.678605
151_76,s-3.832063,s-1.040774,s109.643468
151_77,s0.698420,s3.782684,s333.005998
151_78,s2.351650,s-3.763931,s240.917869
151_79,s2.677456,s2.383113,s177.752927
151_80,s3.118567,s-2.008264,s303.323700
151_81,s-1.685714,s-3.500763,s190.747805
151_82,s-1.343921,s3.796642,s29.048462
151_83,s-2.560232,s3.505142,s32.555508
151_84,s4.082972,s1.670091,s230.355007
151_85,s-2.179010,s-3.545302,s136.182529
151_86,s-3.613816,s2.421350,s85.070589
151_87,s-4.099715,s-1.639015,s105.386579
151_88,s3.833979,s0.144943,s270.149419
151_89,s2.823547,s3.622518,s324.281041
151_90,s-3.748483,s1.091914,s338.696088
151_91,s0.805338,s-4.318571,s299.283735
151_92,s-4.098399,s-0.220833,s112.491179
151_93,s3.490316,s2.327289,s309.068527
151_94,s4.170871,s-0.733229,s273.635490
151_95,s-0.962084,s-4.432342,s218.178708
151_96,s0.593411,s4.388680,s83.634166
151_97,s-4.157373,s-2.154282,s133.454198
151_98,s-2.042558,s4.360680,s340.929809
151_99,s-2.232794,s-4.384848,s96.523281
151_100,s3.874399,s-2.093134,s306.829618
151_101,s4.259499,s1.051582,s189.682666
151_102,s3.208832,s3.198096,s165.871252
151_103,s-0.719878,s4.107593,s48.818113
151_104,s3.420024,s-2.443094,s247.688598
151_105,s-3.564881,s-2.682408,s114.709265
151_106,s1.530674,s4.555448,s200.385294
151_107,s0.017163,s-4.239761,s159.246216
151_108,s-3.331942,s3.683117,s-8.836859
151_109,s4.667995,s-1.626495,s353.412333
151_110,s0.281901,s-4.688354,s236.302868
151_111,s3.262624,s-3.519390,s254.082302
151_112,s-4.046938,s1.917830,s147.446251
151_113,s5.082927,s0.399334,s354.237724
151_114,s4.097230,s2.029672,s341.298611
151_115,s-1.770637,s-4.954796,s241.856633
151_116,s0.592775,s4.937557,s296.224165
151_117,s4.296513,s-2.579988,s265.994404
151_118,s-5.005535,s-1.189197,s169.038885
151_119,s2.483233,s4.263267,s5.791260
151_120,s3.389928,s-4.160961,s204.827129
151_121,s-4.910020,s0.845724,s169.262583
151_122,s3.816577,s3.372430,s275.133905
151_123,s-3.024757,s-3.489808,s162.548266
151_124,s-0.401427,s4.672960,s51.111593
151_125,s-4.110170,s-3.559615,s171.441448
151_126,s-4.998488,s1.394809,s139.125323
151_127,s4.950800,s1.629464,s41.026378
151_128,s4.763522,s-0.159115,s218.464142
151_129,s-2.890338,s4.662735,s-15.265223
151_130,s-1.307718,s4.898695,s34.621567
151_131,s4.611520,s-2.022358,s223.373683
151_132,s-0.173619,s5.106961,s291.767383
151_133,s-4.062520,s2.800436,s32.340033
151_134,s-4.811718,s2.030389,s45.384914
151_135,s1.606632,s-5.151733,s125.878437
151_136,s4.023166,s3.822818,s-4.794803
151_137,s-0.782831,s-5.584403,s113.245630
151_138,s5.324572,s-1.797522,s172.487979
151_139,s3.960688,s-3.165098,s254.980212
151_140,s0.706630,s-5.313172,s150.778869
151_141,s4.704171,s2.701928,s348.282535
151_142,s-3.758283,s3.384395,s76.869245
151_143,s5.239002,s-0.102243,s318.948246
151_144,s-2.712477,s-5.096250,s207.573255
151_145,s-3.615858,s-4.224554,s226.992505
151_146,s-4.622211,s-3.090108,s323.869731
151_147,s2.761405,s-4.488602,s57.760602
151_148,s-5.004834,s-2.256488,s118.811274
151_149,s-5.436639,s0.191185,s25.680281
151_150,s3.086811,s4.600348,s233.003959
152_0,s-0.138370,s0.232493,s319.080760
152_1,s-0.141646,s-0.673935,s21.128894
152_2,s0.338406,s-0.740522,s255.502365
152_3,s-0.375855,s0.758438,s-18.569287
152_4,s0.383485,s-0.027131,s263.006565
152_5,s1.448100,s0.806348,s113.072703
152_6,s-0.821528,s-0.440117,s5.990816
152_7,s1.250120,s-0.957070,s220.977237
152_8,s-1.262213,s-0.830327,s106.569915
152_9,s0.934076,s-1.355165,s111.613155
152_10,s0.289290,s1.307455,s230.749180
152_11,s-1.276682,s0.589131,s-12.418683
152_12,s1.597597,s-0.158977,s352.276998
152_13,s1.308067,s1.292735,s75.037718
152_14,s-1.854158,s0.477739,s133.045949
152_15,s-1.230295,s1.760216,s119.065227
152_16,s-0.526563,s2.420968,s100.612191
152_17,s-0.034739,s-1.207683,s174.195241
152_18,s-2.370892,s-0.347667,s236.067071
152_19,s1.341377,s-0.486950,s91.671010
152_20,s-2.417542,s1.293144,s-8.079245
152_21,s-0.727531,s1.391358,s12.532407
152_22,s-0.598218,s-1.107424,s106.818512
152_23,s2.088894,s0.078322,s313.465119
152_24,s1.598661,s1.754905,s279.574001
152_25,s-0.514308,s-2.035930,s195.857352
152_26,s2.234536,s-0.354338,s204.775816
152_27,s1.334358,s-2.013099,s194.034280
152_28,s-1.094736,s2.758033,s51.417242
152_29,s-1.960868,s-2.210465,s84.652869
152_30,s0.929597,s2.075983,s71.982926
152_31,s0.750251,s-2.291995,s88.732489
152_32,s1.571598,s2.227559,s58.362610
152_33,s1.954270,s-1.936692,s244.279481
152_34,s0.692475,s-2.878978,s114.420241
152_35,s-1.153613,s-1.751124,s167.753860
152_36,s-2.832128,s0.532674,s199.268998
152_37,s-2.193306,s-1.173200,s41.381959
152_38,s-2.954832,s2.135454,s5.595778
152_39,s1.879780,s-0.898900,s232.409979
152_40,s-1.803771,s2.199083,s13.504320
152_41,s0.659957,s2.676162,s27.062765
152_42,s-2.873254,s-2.531013,s144.766003
152_43,s-2.763974,s-1.014922,s106.361439
152_44,s0.036376,s2.467575,s-18.982102
152_45,s1.338561,s3.184815,s67.580813
152_46,s2.135195,s0.854295,s326.153955
152_47,s2.821289,s-0.474358,s220.925166
152_48,s-0.450677,s-3.035037,s222.184711
152_49,s-2.793109,s0.887082,s45.059893
152_50,s2.407532,s-2.572767,s142.850546
152_51,s1.811039,s2.694202,s258.808058
152_52,s2.681540,s1.023654,s279.716054
152_53,s-1.208404,s-3.004308,s102.890920
152_54,s2.943397,s0.300558,s326.340462
152_55,s2.906736,s-2.390399,s205.533556
152_56,s-3.101267,s-0.433187,s112.527969
152_57,s-2.500898,s2.912034,s329.408613
152_58,s0.198329,s-3.651386,s201.029338
152_59,s3.159177,s1.976522,s237.390666
152_60,s-0.949137,s-3.486470,s160.045924
152_61,s0.744790,s-3.609679,s283.036512
152_62,s2.820324,s-1.415781,s273.828542
152_63,s-3.146966,s-1.572196,s131.965557
152_64,s-0.388959,s3.849343,s275.030522
152_65,s-2.791120,s-3.160718,s276.161416
152_66,s-0.895270,s3.557344,s215.472961
152_67,s3.713570,s0.624254,s358.034157
152_68,s-3.577377,s0.460699,s167.858320
152_69,s-3.445856,s3.014068,s313.964205
152_70,s-4.544280,s0.271382,s154.586752
152_71,s1.918649,s-4.629566,s198.702946
152_72,s2.356538,s3.535369,s391.452150
152_73,s-0.322428,s-3.754511,s120.071143
152_74,s3.698111,s-1.011426,s221.094416
152_75,s3.426368,s-0.464931,s349.678605
152_76,s-3.799828,s-1.084536,s103.060506
152_77,s0.698420,s3.782684,s333.005998
152_78,s2.351650,s-3.763931,s240.917869
152_79,s2.677456,s2.383113,s177.752927
152_80,s3.118567,s-2.008264,s303.323700
152_81,s-1.685714,s-3.500763,s190.747805
152_82,s-1.343921,s3.796642,s29.048462
152_83,s-2.560232,s3.505142,s32.555508
152_84,s4.082972,s1.670091,s230.355007
152_85,s-2.322244,s-3.628155,s137.247234
152_86,s-3.599517,s2.360130,s82.844469
152_87,s-4.099715,s-1.639015,s105.386579
152_88,s3.833979,s0.144943,s270.149419
152_89,s2.808493,s3.637061,s315.060889
152_90,s-3.748483,s1.091914,s338.696088
152_91,s0.805338,s-4.318571,s299.283735
152_92,s-4.089995,s-0.306653,s107.788669
152_93,s3.558178,s2.429339,s312.088959
152_94,s4.170871,s-0.733229,s273.635490
152_95,s-1.054244,s-4.376062,s212.538329
152_96,s0.581310,s4.446020,s82.771268
152_97,s-4.157373,s-2.154282,s133.454198
152_98,s-2.042558,s4.360680,s340.929809
152_99,s-2.263246,s-4.403447,s105.681217
152_100,s3.874399,s-2.093134,s306.829618
152_101,s4.259499,s1.051582,s189.682666
152_102,s3.139121,s3.314011,s175.002296
152_103,s-0.769052,s4.119578,s51.153955
152_104,s3.420024,s-2.443094,s247.688598
152_105,s-3.454165,s-2.482744,s109.052197
152_106,s1.530674,s4.555448,s200.385294
152_107,s-0.034987,s-4.218604,s159.742557
152_108,s-3.331942,s3.683117,s-8.836859
152_109,s4.667995,s-1.626495,s353.412333
152_110,s0.281901,s-4.688354,s236.302868
152_111,s3.262624,s-3.519390,s254.082302
152_112,s-4.046938,s1.917830,s147.446251
152_113,s5.082927,s0.399334,s354.237724
152_114,s4.182659,s2.105391,s332.873362
152_115,s-1.770637,s-4.954796,s241.856633
152_116,s0.592775,s4.937557,s296.224165
152_117,s4.296513,s-2.579988,s265.994404
152_118,s-4.945955,s-1.245130,s170.318635
152_119,s2.530221,s4.319642,s1.754613
152_120,s3.426869,s-4.221141,s215.787738
152_121,s-4.910020,s0.845724,s169.262583
152_122,s3.816577,s3.372430,s275.133905
152_123,s-3.062754,s-3.533168,s177.575042
152_124,s-0.401427,s4.672960,s51.111593
152_125,s-4.146522,s-3.467102,s181.862127
152_126,s-5.024366,s1.548581,s138.577705
152_127,s4.950800,s1.629464,s41.026378
152_128,s4.670701,s-0.084711,s230.774774
152_129,s-2.974086,s4.713059,s-23.076220
152_130,s-1.439404,s4.826153,s36.885813
152_131,s4.611520,s-2.022358,s223.373683
152_132,s-0.173619,s5.106961,s291.767383
152_133,s-4.062520,s2.800436,s32.340033
152_134,s-4.811718,s2.030389,s45.384914
152_135,s1.606632,s-5.151733,s125.878437
152_136,s4.041067,s3.838688,s-8.130845
152_137,s-0.843366,s-5.623481,s106.083377
152_138,s5.399266,s-1.862967,s170.382403
152_139,s3.960688,s-3.165098,s254.980212
152_140,s0.706630,s-5.313172,s150.778869
152_141,s4.914515,s2.624225,s343.416719
152_142,s-3.807303,s3.454643,s68.999887
152_143,s5.239002,s-0.102243,s318.948246
152_144,s-2.722620,s-5.123966,s223.217676
152_145,s-3.615858,s-4.224554,s226.992505
152_146,s-4.622211,s-3.090108,s323.869731
152_147,s2.912447,s-4.662489,s70.247997
152_148,s-5.004834,s-2.256488,s118.811274
152_149,s-5.436639,s0.191185,s25.680281
152_150,s3.086811,s4.600348,s233.003959
152_151,s-5.072107,s-0.641732,s66.428622
153_0,s-0.138370,s0.232493,s319.080760
153_1,s-0.141646,s-0.673935,s21.128894
153_2,s0.338406,s-0.740522,s255.502365
153_3,s-0.375855,s0.758438,s-18.569287
153_4,s0.383485,s-0.027131,s263.006565
153_5,s1.448100,s0.806348,s113.072703
153_6,s-0.821528,s-0.440117,s5.990816
153_7,s1.250120,s-0.957070,s220.977237
153_8,s-1.262213,s-0.830327,s106.569915
153_9,s0.934076,s-1.355165,s111.613155
153_10,s0.289290,s1.307455,s230.749180
153_11,s-1.276682,s0.589131,s-12.418683
153_12,s1.597597,s-0.158977,s352.276998
153_13,s1.308067,s1.292735,s75.037718
153_14,s-1.854158,s0.477739,s133.045949
153_15,s-1.230295,s1.760216,s119.065227
153_16,s-0.526563,s2.420968,s100.612191
153_17,s-0.034739,s-1.207683,s174.195241
153_18,s-2.370892,s-0.347667,s236.067071
153_19,s1.341377,s-0.486950,s91.671010
153_20,s-2.417542,s1.293144,s-8.079245
153_21,s-0.727531,s1.391358,s12.532407
153_22,s-0.598218,s-1.107424,s106.818512
153_23,s2.088894,s0.078322,s313.465119
153_24,s1.598661,s1.754905,s279.574001
153_25,s-0.514308,s-2.035930,s195.857352
153_26,s2.234536,s-0.354338,s204.775816
153_27,s1.334358,s-2.013099,s194.034280
153_28,s-1.094736,s2.758033,s51.417242
153_29,s-1.960868,s-2.210465,s84.652869
153_30,s0.929597,s2.075983,s71.982926
153_31,s0.750251,s-2.291995,s88.732489
153_32,s1.571598,s2.227559,s58.362610
153_33,s1.954270,s-1.936692,s244.279481
153_34,s0.692475,s-2.878978,s114.420241
153_35,s-1.153613,s-1.751124,s167.753860
153_36,s-2.832128,s0.532674,s199.268998
153_37,s-2.193306,s-1.173200,s41.381959
153_38,s-2.954832,s2.135454,s5.595778
153_39,s1.879780,s-0.898900,s232.409979
153_40,s-1.803771,s2.199083,s13.504320
153_41,s0.659957,s2.676162,s27.062765
153_42,s-2.873254,s-2.531013,s144.766003
153_43,s-2.763974,s-1.014922,s106.361439
153_44,s0.036376,s2.467575,s-18.982102
153_45,s1.338561,s3.184815,s67.580813
153_46,s2.135195,s0.854295,s326.153955
153_47,s2.821289,s-0.474358,s220.925166
153_48,s-0.450677,s-3.035037,s222.184711
153_49,s-2.793109,s0.887082,s45.059893
153_50,s2.407532,s-2.572767,s142.850546
153_51,s1.811039,s2.694202,s258.808058
153_52,s2.681540,s1.023654,s279.716054
153_53,s-1.208404,s-3.004308,s102.890920
153_54,s2.943397,s0.300558,s326.340462
153_55,s2.906736,s-2.390399,s205.533556
153_56,s-3.101267,s-0.433187,s112.527969
153_57,s-2.500898,s2.912034,s329.408613
153_58,s0.198329,s-3.651386,s201.029338
153_59,s3.159177,s1.976522,s237.390666
153_60,s-0.949137,s-3.486470,s160.045924
153_61,s0.744790,s-3.609679,s283.036512
153_62,s2.820324,s-1.415781,s273.828542
153_63,s-3.146966,s-1.572196,s131.965557
153_64,s-0.388959,s3.849343,s275.030522
153_65,s-2.791120,s-3.160718,s276.161416
153_66,s-0.895270,s3.557344,s215.472961
153_67,s3.713570,s0.624254,s358.034157
153_68,s-3.577377,s0.460699,s167.858320
153_69,s-3.445856,s3.014068,s313.964205
153_70,s-4.544280,s0.271382,s154.586752
153_71,s1.918649,s-4.629566,s198.702946
153_72,s2.356538,s3.535369,s391.452150
153_73,s-0.322428,s-3.754511,s120.071143
153_74,s3.698111,s-1.011426,s221.094416
153_75,s3.426368,s-0.464931,s349.678605
153_76,s-3.799828,s-1.084536,s103.060506
153_77,s0.698420,s3.782684,s333.005998
153_78,s2.351650,s-3.763931,s240.917869
153_79,s2.677456,s2.383113,s177.752927
153_80,s3.118567,s-2.008264,s303.323700
153_81,s-1.685714,s-3.500763,s190.747805
153_82,s-1.343921,s3.796642,s29.048462
153_83,s-2.560232,s3.505142,s32.555508
153_84,s4.082972,s1.670091,s230.355007
153_85,s-2.322244,s-3.628155,s137.247234
153_86,s-3.599517,s2.360130,s82.844469
153_87,s-4.099715,s-1.639015,s105.386579
153_88,s3.833979,s0.144943,s270.149419
153_89,s2.808493,s3.637061,s315.060889
153_90,s-3.748483,s1.091914,s338.696088
153_91,s0.805338,s-4.318571,s299.283735
153_92,s-4.089995,s-0.306653,s107.788669
153_93,s3.558178,s2.429339,s312.088959
153_94,s4.170871,s-0.733229,s273.635490
153_95,s-1.054244,s-4.376062,s212.538329
153_96,s0.581310,s4.446020,s82.771268
153_97,s-4.157373,s-2.154282,s133.454198
153_98,s-2.042558,s4.360680,s340.929809
153_99,s-2.263246,s-4.403447,s105.681217
153_100,s3.874399,s-2.093134,s306.829618
153_101,s4.259499,s1.051582,s189.682666
153_102,s3.139121,s3.314011,s175.002296
153_103,s-0.769052,s4.119578,s51.153955
153_104,s3.420024,s-2.443094,s247.688598
153_105,s-3.454165,s-2.482744,s109.052197
153_106,s1.530674,s4.555448,s200.385294
153_107,s-0.034987,s-4.218604,s159.742557
153_108,s-3.331942,s3.683117,s-8.836859
153_109,s4.667995,s-1.626495,s353.412333
153_110,s0.281901,s-4.688354,s236.302868
153_111,s3.262624,s-3.519390,s254.082302
153_112,s-4.046938,s1.917830,s147.446251
153_113,s5.082927,s0.399334,s354.237724
153_114,s4.182659,s2.105391,s332.873362
153_115,s-1.770637,s-4.954796,s241.856633
153_116,s0.592775,s4.937557,s296.224165
153_117,s4.296513,s-2.579988,s265.994404
153_118,s-4.945955,s-1.245130,s170.318635
153_119,s2.530221,s4.319642,s1.754613
153_120,s3.426869,s-4.221141,s215.787738
153_121,s-4.910020,s0.845724,s169.262583
153_122,s3.816577,s3.372430,s275.133905
153_123,s-3.062754,s-3.533168,s177.575042
153_124,s-0.401427,s4.672960,s51.111593
153_125,s-4.146522,s-3.467102,s181.862127
153_126,s-5.024366,s1.548581,s138.577705
153_127,s4.950800,s1.629464,s41.026378
153_128,s4.670701,s-0.084711,s230.774774
153_129,s-2.974086,s4.713059,s-23.076220
153_130,s-1.439404,s4.826153,s36.885813
153_131,s4.611520,s-2.022358,s223.373683
153_132,s-0.173619,s5.106961,s291.767383
153_133,s-4.062520,s2.800436,s32.340033
153_134,s-4.811718,s2.030389,s45.384914
153_135,s1.606632,s-5.151733,s125.878437
153_136,s4.041067,s3.838688,s-8.130845
153_137,s-0.843366,s-5.623481,s106.083377
153_138,s5.399266,s-1.862967,s170.382403
153_139,s3.960688,s-3.165098,s254.980212
153_140,s0.706630,s-5.313172,s150.778869
153_141,s4.914515,s2.624225,s343.416719
153_142,s-3.807303,s3.454643,s68.999887
153_143,s5.239002,s-0.102243,s318.948246
153_144,s-2.722620,s-5.123966,s223.217676
153_145,s-3.615858,s-4.224554,s226.992505
153_146,s-4.622211,s-3.090108,s323.869731
153_147,s2.912447,s-4.662489,s70.247997
153_148,s-5.004834,s-2.256488,s118.811274
153_149,s-5.436639,s0.191185,s25.680281
153_150,s3.086811,s4.600348,s233.003959
153_151,s-5.072107,s-0.641732,s66.428622
153_152,s-5.543106,s-2.162516,s19.510657
154_0,s-0.037307,s0.287549,s318.617152
154_1,s-0.095639,s-0.684375,s34.743261
154_2,s0.338406,s-0.740522,s255.502365
154_3,s-0.451955,s0.738242,s-25.345088
154_4,s0.467108,s0.116186,s246.710326
154_5,s1.433278,s0.791857,s108.416337
154_6,s-0.864627,s-0.479208,s1.180333
154_7,s1.250120,s-0.957070,s220.977237
154_8,s-1.225256,s-0.747376,s108.594770
154_9,s0.896199,s-1.416214,s112.231151
154_10,s0.289290,s1.307455,s230.749180
154_11,s-1.280824,s0.596287,s-7.393538
154_12,s1.535241,s-0.142607,s342.776109
154_13,s1.308067,s1.292735,s75.037718
154_14,s-1.807654,s0.430493,s128.198858
154_15,s-1.262230,s1.811495,s125.029493
154_16,s-0.571475,s2.344375,s98.304800
154_17,s-0.045491,s-1.284372,s175.079812
154_18,s-2.365120,s-0.318334,s239.625672
154_19,s1.376752,s-0.471415,s89.105531
154_20,s-2.341217,s1.261561,s-7.905987
154_21,s-0.623967,s1.350471,s8.663542
154_22,s-0.626495,s-1.144153,s111.945741
154_23,s2.088894,s0.078322,s313.465119
154_24,s1.625456,s1.791050,s289.349043
154_25,s-0.576779,s-2.020974,s195.448960
154_26,s2.195697,s-0.324691,s206.763641
154_27,s1.462559,s-2.116843,s185.554648
154_28,s-0.918085,s2.749212,s60.005053
154_29,s-1.997442,s-2.461298,s79.959749
154_30,s0.856960,s2.112190,s81.031559
154_31,s0.799341,s-2.245442,s88.775268
154_32,s1.571598,s2.227559,s58.362610
154_33,s2.002633,s-2.024530,s242.121751
154_34,s0.756508,s-2.851356,s115.491465
154_35,s-1.151073,s-1.764995,s161.295939
154_36,s-2.832128,s0.532674,s199.268998
154_37,s-2.272433,s-1.247217,s38.338115
154_38,s-2.975817,s2.314091,s-2.230565
154_39,s1.856599,s-0.822589,s225.982988
154_40,s-1.749984,s2.152668,s14.078760
154_41,s0.655874,s2.698339,s22.952234
154_42,s-2.824151,s-2.547392,s139.583653
154_43,s-2.831764,s-1.182069,s91.667242
154_44,s0.036376,s2.467575,s-18.982102
154_45,s1.338561,s3.184815,s67.580813
154_46,s2.007098,s0.893827,s337.274397
154_47,s2.821289,s-0.474358,s220.925166
154_48,s-0.461782,s-2.937891,s216.734599
154_49,s-2.793109,s0.887082,s45.059893
154_50,s2.413597,s-2.843759,s144.745868
154_51,s1.931431,s2.686495,s265.730055
154_52,s2.681540,s1.023654,s279.716054
154_53,s-1.008053,s-2.861724,s90.311901
154_54,s2.968693,s0.373837,s328.984300
154_55,s2.875363,s-2.479007,s206.448881
154_56,s-3.160489,s-0.345382,s114.913852
154_57,s-2.358253,s2.916348,s330.250057
154_58,s0.197651,s-3.644498,s194.007440
154_59,s3.157996,s1.968221,s241.656083
154_60,s-0.980745,s-3.506101,s160.442986
154_61,s0.712821,s-3.687062,s284.595572
154_62,s2.666253,s-1.268049,s266.643244
154_63,s-3.245242,s-1.586216,s127.589736
154_64,s-0.362041,s3.734136,s264.776346
154_65,s-2.791120,s-3.160718,s276.161416
154_66,s-0.792786,s3.413756,s221.094337
154_67,s3.710484,s0.714529,s366.285020
154_68,s-3.561165,s0.512680,s160.553812
154_69,s-3.576761,s2.946552,s310.288697
154_70,s-4.508081,s0.321591,s157.959098
154_71,s1.918649,s-4.629566,s198.702946
154_72,s2.356538,s3.535369,s391.452150
154_73,s-0.304136,s-3.706364,s122.681550
154_74,s3.698111,s-1.011426,s221.094416
154_75,s3.426368,s-0.464931,s349.678605
154_76,s-3.799828,s-1.084536,s103.060506
154_77,s0.698420,s3.782684,s333.005998
154_78,s2.278660,s-3.808165,s243.211194
154_79,s2.677456,s2.383113,s177.752927
154_80,s3.118567,s-2.008264,s303.323700
154_81,s-1.671714,s-3.539928,s192.808501
154_82,s-1.343921,s3.796642,s29.048462
154_83,s-2.498900,s3.516085,s25.640118
154_84,s4.064265,s1.713777,s230.591582
154_85,s-2.339216,s-3.663889,s137.393374
154_86,s-3.689008,s2.291784,s80.319133
154_87,s-4.099715,s-1.639015,s105.386579
154_88,s3.833979,s0.144943,s270.149419
154_89,s2.808493,s3.637061,s315.060889
154_90,s-3.748483,s1.091914,s338.696088
154_91,s0.830484,s-4.410910,s304.086324
154_92,s-4.100676,s-0.259331,s120.256411
154_93,s3.533320,s2.460329,s311.319849
154_94,s4.118681,s-0.614877,s271.353023
154_95,s-1.054244,s-4.376062,s212.538329
154_96,s0.581310,s4.446020,s82.771268
154_97,s-4.157373,s-2.154282,s133.454198
154_98,s-2.051317,s4.311272,s343.395607
154_99,s-2.250695,s-4.445098,s107.085704
154_100,s3.874399,s-2.093134,s306.829618
154_101,s4.275801,s1.079524,s185.327095
154_102,s3.139121,s3.314011,s175.002296
154_103,s-0.788966,s4.015559,s47.094907
154_104,s3.420024,s-2.443094,s247.688598
154_105,s-3.391246,s-2.509589,s119.106161
154_106,s1.540230,s4.525276,s197.227937
154_107,s-0.012329,s-4.230143,s159.102331
154_108,s-3.355707,s3.730645,s-14.332123
154_109,s4.624798,s-1.544954,s359.603127
154_110,s0.281901,s-4.688354,s236.302868
154_111,s3.229278,s-3.568398,s249.318355
154_112,s-4.148064,s1.972618,s148.121169
154_113,s5.150799,s0.649442,s353.002676
154_114,s4.147316,s2.104194,s337.618839
154_115,s-1.770637,s-4.954796,s241.856633
154_116,s0.657550,s4.996408,s299.564914
154_117,s4.296513,s-2.579988,s265.994404
154_118,s-4.935875,s-1.311076,s169.410834
154_119,s2.482911,s4.402159,s9.457386
154_120,s3.575752,s-4.228769,s235.777072
154_121,s-5.019699,s0.719660,s174.173425
154_122,s3.816577,s3.372430,s275.133905
154_123,s-2.994745,s-3.626120,s174.663668
154_124,s-0.475886,s4.579005,s56.848145
154_125,s-4.098350,s-3.493092,s184.765427
154_126,s-5.092316,s1.444667,s138.807320
154_127,s4.979883,s1.682541,s41.518618
154_128,s4.670701,s-0.084711,s230.774774
154_129,s-2.974086,s4.713059,s-23.076220
154_130,s-1.439404,s4.826153,s36.885813
154_131,s4.611520,s-2.022358,s223.373683
154_132,s-0.173619,s5.106961,s291.767383
154_133,s-4.026718,s2.850793,s33.117986
154_134,s-4.796689,s2.223018,s50.995492
154_135,s1.606632,s-5.151733,s125.878437
154_136,s3.986014,s3.833927,s-6.664557
154_137,s-0.956281,s-5.665299,s106.169107
154_138,s5.417347,s-1.760124,s165.269015
154_139,s4.089742,s-3.159452,s251.030440
154_140,s0.712002,s-5.307377,s148.047142
154_141,s4.930697,s2.828267,s341.802272
154_142,s-3.807303,s3.454643,s68.999887
154_143,s5.239002,s-0.102243,s318.948246
154_144,s-2.666508,s-5.147584,s233.212786
154_145,s-3.661804,s-4.208684,s223.967689
154_146,s-4.726886,s-3.125432,s322.191733
154_147,s2.899437,s-4.624931,s67.690902
154_148,s-4.947742,s-2.475378,s110.804179
154_149,s-5.682728,s0.227914,s25.721949
154_150,s3.060736,s4.556304,s239.737625
154_151,s-5.075943,s-0.694408,s69.617839
154_152,s-5.618296,s-2.180772,s17.077745
154_153,s-0.677467,s5.474542,s291.871577
155_0,s-0.037307,s0.287549,s318.617152
155_1,s-0.095639,s-0.684375,s34.743261
155_2,s0.338406,s-0.740522,s255.502365
155_3,s-0.451955,s0.738242,s-25.345088
155_4,s0.467108,s0.116186,s246.710326
155_5,s1.433278,s0.791857,s108.416337
155_6,s-0.864627,s-0.479208,s1.180333
155_7,s1.250120,s-0.957070,s220.977237
155_8,s-1.225256,s-0.747376,s108.594770
155_9,s0.896199,s-1.416214,s112.231151
155_10,s0.289290,s1.307455,s230.749180
155_11,s-1.280824,s0.596287,s-7.393538
155_12,s1.535241,s-0.142607,s342.776109
155_13,s1.308067,s1.292735,s75.037718
155_14,s-1.807654,s0.430493,s128.198858
155_15,s-1.262230,s1.811495,s125.029493
155_16,s-0.571475,s2.344375,s98.304800
155_17,s-0.045491,s-1.284372,s175.079812
155_18,s-2.365120,s-0.318334,s239.625672
155_19,s1.376752,s-0.471415,s89.105531
155_20,s-2.341217,s1.261561,s-7.905987
155_21,s-0.623967,s1.350471,s8.663542
155_22,s-0.626495,s-1.144153,s111.945741
155_23,s2.088894,s0.078322,s313.465119
155_24,s1.625456,s1.791050,s289.349043
155_25,s-0.576779,s-2.020974,s195.448960
155_26,s2.195697,s-0.324691,s206.763641
155_27,s1.462559,s-2.116843,s185.554648
155_28,s-0.918085,s2.749212,s60.005053
155_29,s-1.997442,s-2.461298,s79.959749
155_30,s0.856960,s2.112190,s81.031559
155_31,s0.799341,s-2.245442,s88.775268
155_32,s1.571598,s2.227559,s58.362610
155_33,s2.002633,s-2.024530,s242.121751
155_34,s0.756508,s-2.851356,s115.491465
155_35,s-1.151073,s-1.764995,s161.295939
155_36,s-2.832128,s0.532674,s199.268998
155_37,s-2.272433,s-1.247217,s38.338115
155_38,s-2.975817,s2.314091,s-2.230565
155_39,s1.856599,s-0.822589,s225.982988
155_40,s-1.749984,s2.152668,s14.078760
155_41,s0.655874,s2.698339,s22.952234
155_42,s-2.824151,s-2.547392,s139.583653
155_43,s-2.831764,s-1.182069,s91.667242
155_44,s0.036376,s2.467575,s-18.982102
155_45,s1.338561,s3.184815,s67.580813
155_46,s2.007098,s0.893827,s337.274397
155_47,s2.821289,s-0.474358,s220.925166
155_48,s-0.461782,s-2.937891,s216.734599
155_49,s-2.793109,s0.887082,s45.059893
155_50,s2.413597,s-2.843759,s144.745868
155_51,s1.931431,s2.686495,s265.730055
155_52,s2.681540,s1.023654,s279.716054
155_53,s-1.008053,s-2.861724,s90.311901
155_54,s2.968693,s0.373837,s328.984300
155_55,s2.875363,s-2.479007,s206.448881
155_56,s-3.160489,s-0.345382,s114.913852
155_57,s-2.358253,s2.916348,s330.250057
155_58,s0.197651,s-3.644498,s194.007440
155_59,s3.157996,s1.968221,s241.656083
155_60,s-0.980745,s-3.506101,s160.442986
155_61,s0.712821,s-3.687062,s284.595572
155_62,s2.666253,s-1.268049,s266.643244
155_63,s-3.245242,s-1.586216,s127.589736
155_64,s-0.362041,s3.734136,s264.776346
155_65,s-2.791120,s-3.160718,s276.161416
155_66,s-0.792786,s3.413756,s221.094337
155_67,s3.710484,s0.714529,s366.285020
155_68,s-3.561165,s0.512680,s160.553812
155_69,s-3.576761,s2.946552,s310.288697
155_70,s-4.508081,s0.321591,s157.959098
155_71,s1.918649,s-4.629566,s198.702946
155_72,s2.356538,s3.535369,s391.452150
155_73,s-0.304136,s-3.706364,s122.681550
155_74,s3.698111,s-1.011426,s221.094416
155_75,s3.426368,s-0.464931,s349.678605
155_76,s-3.799828,s-1.084536,s103.060506
155_77,s0.698420,s3.782684,s333.005998
155_78,s2.278660,s-3.808165,s243.211194
155_79,s2.677456,s2.383113,s177.752927
155_80,s3.118567,s-2.008264,s303.323700
155_81,s-1.671714,s-3.539928,s192.808501
155_82,s-1.343921,s3.796642,s29.048462
155_83,s-2.498900,s3.516085,s25.640118
155_84,s4.064265,s1.713777,s230.591582
155_85,s-2.339216,s-3.663889,s137.393374
155_86,s-3.689008,s2.291784,s80.319133
155_87,s-4.099715,s-1.639015,s105.386579
155_88,s3.833979,s0.144943,s270.149419
155_89,s2.808493,s3.637061,s315.060889
155_90,s-3.748483,s1.091914,s338.696088
155_91,s0.830484,s-4.410910,s304.086324
155_92,s-4.100676,s-0.259331,s120.256411
155_93,s3.533320,s2.460329,s311.319849
155_94,s4.118681,s-0.614877,s271.353023
155_95,s-1.054244,s-4.376062,s212.538329
155_96,s0.581310,s4.446020,s82.771268
155_97,s-4.157373,s-2.154282,s133.454198
155_98,s-2.051317,s4.311272,s343.395607
155_99,s-2.250695,s-4.445098,s107.085704
155_100,s3.874399,s-2.093134,s306.829618
155_101,s4.275801,s1.079524,s185.327095
155_102,s3.139121,s3.314011,s175.002296
155_103,s-0.788966,s4.015559,s47.094907
155_104,s3.420024,s-2.443094,s247.688598
155_105,s-3.391246,s-2.509589,s119.106161
155_106,s1.540230,s4.525276,s197.227937
155_107,s-0.012329,s-4.230143,s159.102331
155_108,s-3.355707,s3.730645,s-14.332123
155_109,s4.624798,s-1.544954,s359.603127
155_110,s0.281901,s-4.688354,s236.302868
155_111,s3.229278,s-3.568398,s249.318355
155_112,s-4.148064,s1.972618,s148.121169
155_113,s5.150799,s0.649442,s353.002676
155_114,s4.147316,s2.104194,s337.618839
155_115,s-1.770637,s-4.954796,s241.856633
155_116,s0.657550,s4.996408,s299.564914
155_117,s4.296513,s-2.579988,s265.994404
155_118,s-4.935875,s-1.311076,s169.410834
155_119,s2.482911,s4.402159,s9.457386
155_120,s3.575752,s-4.228769,s235.777072
155_121,s-5.019699,s0.719660,s174.173425
155_122,s3.816577,s3.372430,s275.133905
155_123,s-2.994745,s-3.626120,s174.663668
155_124,s-0.475886,s4.579005,s56.848145
155_125,s-4.098350,s-3.493092,s184.765427
155_126,s-5.092316,s1.444667,s138.807320
155_127,s4.979883,s1.682541,s41.518618
155_128,s4.670701,s-0.084711,s230.774774
155_129,s-2.974086,s4.713059,s-23.076220
155_130,s-1.439404,s4.826153,s36.885813
155_131,s4.611520,s-2.022358,s223.373683
155_132,s-0.173619,s5.106961,s291.767383
155_133,s-4.026718,s2.850793,s33.117986
155_134,s-4.796689,s2.223018,s50.995492
155_135,s1.606632,s-5.151733,s125.878437
155_136,s3.986014,s3.833927,s-6.664557
155_137,s-0.956281,s-5.665299,s106.169107
155_138,s5.417347,s-1.760124,s165.269015
155_139,s4.089742,s-3.159452,s251.030440
155_140,s0.712002,s-5.307377,s148.047142
155_141,s4.930697,s2.828267,s341.802272
155_142,s-3.807303,s3.454643,s68.999887
155_143,s5.239002,s-0.102243,s318.948246
155_144,s-2.666508,s-5.147584,s233.212786
155_145,s-3.661804,s-4.208684,s223.967689
155_146,s-4.726886,s-3.125432,s322.191733
155_147,s2.899437,s-4.624931,s67.690902
155_148,s-4.947742,s-2.475378,s110.804179
155_149,s-5.682728,s0.227914,s25.721949
155_150,s3.060736,s4.556304,s239.737625
155_151,s-5.075943,s-0.694408,s69.617839
155_152,s-5.618296,s-2.180772,s17.077745
155_153,s-0.677467,s5.474542,s291.871577
155_154,s0.605919,s5.577182,s286.124188
156_0,s-0.037307,s0.287549,s318.617152
156_1,s-0.095639,s-0.684375,s34.743261
156_2,s0.338406,s-0.740522,s255.502365
156_3,s-0.451955,s0.738242,s-25.345088
156_4,s0.467108,s0.116186,s246.710326
156_5,s1.433278,s0.791857,s108.416337
156_6,s-0.864627,s-0.479208,s1.180333
156_7,s1.250120,s-0.957070,s220.977237
156_8,s-1.225256,s-0.747376,s108.594770
156_9,s0.896199,s-1.416214,s112.231151
156_10,s0.289290,s1.307455,s230.749180
156_11,s-1.280824,s0.596287,s-7.393538
156_12,s1.535241,s-0.142607,s342.776109
156_13,s1.308067,s1.292735,s75.037718
156_14,s-1.807654,s0.430493,s128.198858
156_15,s-1.262230,s1.811495,s125.029493
156_16,s-0.571475,s2.344375,s98.304800
156_17,s-0.045491,s-1.284372,s175.079812
156_18,s-2.365120,s-0.318334,s239.625672
156_19,s1.376752,s-0.471415,s89.105531
156_20,s-2.341217,s1.261561,s-7.905987
156_21,s-0.623967,s1.350471,s8.663542
156_22,s-0.626495,s-1.144153,s111.945741
156_23,s2.088894,s0.078322,s313.465119
156_24,s1.625456,s1.791050,s289.349043
156_25,s-0.576779,s-2.020974,s195.448960
156_26,s2.195697,s-0.324691,s206.763641
156_27,s1.462559,s-2.116843,s185.554648
156_28,s-0.918085,s2.749212,s60.005053
156_29,s-1.997442,s-2.461298,s79.959749
156_30,s0.856960,s2.112190,s81.031559
156_31,s0.799341,s-2.245442,s88.775268
156_32,s1.571598,s2.227559,s58.362610
156_33,s2.002633,s-2.024530,s242.121751
156_34,s0.756508,s-2.851356,s115.491465
156_35,s-1.151073,s-1.764995,s161.295939
156_36,s-2.832128,s0.532674,s199.268998
156_37,s-2.272433,s-1.247217,s38.338115
156_38,s-2.975817,s2.314091,s-2.230565
156_39,s1.856599,s-0.822589,s225.982988
156_40,s-1.749984,s2.152668,s14.078760
156_41,s0.655874,s2.698339,s22.952234
156_42,s-2.824151,s-2.547392,s139.583653
156_43,s-2.831764,s-1.182069,s91.667242
156_44,s0.036376,s2.467575,s-18.982102
156_45,s1.338561,s3.184815,s67.580813
156_46,s2.007098,s0.893827,s337.274397
156_47,s2.821289,s-0.474358,s220.925166
156_48,s-0.461782,s-2.937891,s216.734599
156_49,s-2.793109,s0.887082,s45.059893
156_50,s2.413597,s-2.843759,s144.745868
156_51,s1.931431,s2.686495,s265.730055
156_52,s2.681540,s1.023654,s279.716054
156_53,s-1.008053,s-2.861724,s90.311901
156_54,s2.968693,s0.373837,s328.984300
156_55,s2.875363,s-2.479007,s206.448881
156_56,s-3.160489,s-0.345382,s114.913852
156_57,s-2.358253,s2.916348,s330.250057
156_58,s0.197651,s-3.644498,s194.007440
156_59,s3.157996,s1.968221,s241.656083
156_60,s-0.980745,s-3.506101,s160.442986
156_61,s0.712821,s-3.687062,s284.595572
156_62,s2.666253,s-1.268049,s266.643244
156_63,s-3.245242,s-1.586216,s127.589736
156_64,s-0.362041,s3.734136,s264.776346
156_65,s-2.791120,s-3.160718,s276.161416
156_66,s-0.792786,s3.413756,s221.094337
156_67,s3.710484,s0.714529,s366.285020
156_68,s-3.561165,s0.512680,s160.553812
156_69,s-3.576761,s2.946552,s310.288697
156_70,s-4.508081,s0.321591,s157.959098
156_71,s1.918649,s-4.629566,s198.702946
156_72,s2.356538,s3.535369,s391.452150
156_73,s-0.304136,s-3.706364,s122.681550
156_74,s3.698111,s-1.011426,s221.094416
156_75,s3.426368,s-0.464931,s349.678605
156_76,s-3.799828,s-1.084536,s103.060506
156_77,s0.698420,s3.782684,s333.005998
156_78,s2.278660,s-3.808165,s243.211194
156_79,s2.677456,s2.383113,s177.752927
156_80,s3.118567,s-2.008264,s303.323700
156_81,s-1.671714,s-3.539928,s192.808501
156_82,s-1.343921,s3.796642,s29.048462
156_83,s-2.498900,s3.516085,s25.640118
156_84,s4.064265,s1.713777,s230.591582
156_85,s-2.339216,s-3.663889,s137.393374
156_86,s-3.689008,s2.291784,s80.319133
156_87,s-4.099715,s-1.639015,s105.386579
156_88,s3.833979,s0.144943,s270.149419
156_89,s2.808493,s3.637061,s315.060889
156_90,s-3.748483,s1.091914,s338.696088
156_91,s0.830484,s-4.410910,s304.086324
156_92,s-4.100676,s-0.259331,s120.256411
156_93,s3.533320,s2.460329,s311.319849
156_94,s4.118681,s-0.614877,s271.353023
156_95,s-1.054244,s-4.376062,s212.538329
156_96,s0.581310,s4.446020,s82.771268
156_97,s-4.157373,s-2.154282,s133.454198
156_98,s-2.051317,s4.311272,s343.395607
156_99,s-2.250695,s-4.445098,s107.085704
156_100,s3.874399,s-2.093134,s306.829618
156_101,s4.275801,s1.079524,s185.327095
156_102,s3.139121,s3.314011,s175.002296
156_103,s-0.788966,s4.015559,s47.094907
156_104,s3.420024,s-2.443094,s247.688598
156_105,s-3.391246,s-2.509589,s119.106161
156_106,s1.540230,s4.525276,s197.227937
156_107,s-0.012329,s-4.230143,s159.102331
156_108,s-3.355707,s3.730645,s-14.332123
156_109,s4.624798,s-1.544954,s359.603127
156_110,s0.281901,s-4.688354,s236.302868
156_111,s3.229278,s-3.568398,s249.318355
156_112,s-4.148064,s1.972618,s148.121169
156_113,s5.150799,s0.649442,s353.002676
156_114,s4.147316,s2.104194,s337.618839
156_115,s-1.770637,s-4.954796,s241.856633
156_116,s0.657550,s4.996408,s299.564914
156_117,s4.296513,s-2.579988,s265.994404
156_118,s-4.935875,s-1.311076,s169.410834
156_119,s2.482911,s4.402159,s9.457386
156_120,s3.575752,s-4.228769,s235.777072
156_121,s-5.019699,s0.719660,s174.173425
156_122,s3.816577,s3.372430,s275.133905
156_123,s-2.994745,s-3.626120,s174.663668
156_124,s-0.475886,s4.579005,s56.848145
156_125,s-4.098350,s-3.493092,s184.765427
156_126,s-5.092316,s1.444667,s138.807320
156_127,s4.979883,s1.682541,s41.518618
156_128,s4.670701,s-0.084711,s230.774774
156_129,s-2.974086,s4.713059,s-23.076220
156_130,s-1.439404,s4.826153,s36.885813
156_131,s4.611520,s-2.022358,s223.373683
156_132,s-0.173619,s5.106961,s291.767383
156_133,s-4.026718,s2.850793,s33.117986
156_134,s-4.796689,s2.223018,s50.995492
156_135,s1.606632,s-5.151733,s125.878437
156_136,s3.986014,s3.833927,s-6.664557
156_137,s-0.956281,s-5.665299,s106.169107
156_138,s5.417347,s-1.760124,s165.269015
156_139,s4.089742,s-3.159452,s251.030440
156_140,s0.712002,s-5.307377,s148.047142
156_141,s4.930697,s2.828267,s341.802272
156_142,s-3.807303,s3.454643,s68.999887
156_143,s5.239002,s-0.102243,s318.948246
156_144,s-2.666508,s-5.147584,s233.212786
156_145,s-3.661804,s-4.208684,s223.967689
156_146,s-4.726886,s-3.125432,s322.191733
156_147,s2.899437,s-4.624931,s67.690902
156_148,s-4.947742,s-2.475378,s110.804179
156_149,s-5.682728,s0.227914,s25.721949
156_150,s3.060736,s4.556304,s239.737625
156_151,s-5.075943,s-0.694408,s69.617839
156_152,s-5.618296,s-2.180772,s17.077745
156_153,s-0.677467,s5.474542,s291.871577
156_154,s0.605919,s5.577182,s286.124188
156_155,s5.413858,s-0.532673,s224.629819
157_0,s-0.037307,s0.287549,s318.617152
157_1,s-0.022738,s-0.691768,s34.430894
157_2,s0.338406,s-0.740522,s255.502365
157_3,s-0.449728,s0.706911,s-26.249952
157_4,s0.533875,s0.250935,s253.696573
157_5,s1.409549,s0.797134,s105.780434
157_6,s-0.907708,s-0.563990,s-0.110901
157_7,s1.250120,s-0.957070,s220.977237
157_8,s-1.210765,s-0.764599,s111.216906
157_9,s0.847513,s-1.393898,s110.831231
157_10,s0.243163,s1.256139,s239.893275
157_11,s-1.455239,s0.619257,s-4.127211
157_12,s1.570193,s-0.145579,s345.090555
157_13,s1.524973,s1.322823,s64.622693
157_14,s-1.834264,s0.396933,s122.580126
157_15,s-1.206991,s1.805227,s128.540271
157_16,s-0.571475,s2.344375,s98.304800
157_17,s-0.013708,s-1.211631,s179.828504
157_18,s-2.365120,s-0.318334,s239.625672
157_19,s1.354110,s-0.506027,s81.955514
157_20,s-2.250497,s1.239876,s-1.273566
157_21,s-0.648987,s1.360954,s15.824694
157_22,s-0.612344,s-1.178324,s110.214614
157_23,s2.088894,s0.078322,s313.465119
157_24,s1.625456,s1.791050,s289.349043
157_25,s-0.576836,s-2.059062,s194.662292
157_26,s2.195697,s-0.324691,s206.763641
157_27,s1.397794,s-2.231468,s189.748675
157_28,s-0.918085,s2.749212,s60.005053
157_29,s-2.207229,s-2.239021,s78.521914
157_30,s0.811285,s1.992601,s84.890791
157_31,s0.799341,s-2.245442,s88.775268
157_32,s1.571598,s2.227559,s58.362610
157_33,s2.002633,s-2.024530,s242.121751
157_34,s0.654652,s-2.908417,s117.619453
157_35,s-1.154812,s-1.825070,s168.459478
157_36,s-2.832128,s0.532674,s199.268998
157_37,s-2.272433,s-1.247217,s38.338115
157_38,s-2.972287,s2.346202,s3.570237
157_39,s1.856599,s-0.822589,s225.982988
157_40,s-1.720140,s2.148065,s10.072136
157_41,s0.555592,s2.816459,s18.777986
157_42,s-2.866499,s-2.491051,s133.411656
157_43,s-2.831764,s-1.182069,s91.667242
157_44,s-0.119632,s2.414680,s-22.891373
157_45,s1.284118,s3.081769,s74.368717
157_46,s1.937230,s0.797515,s339.711778
157_47,s2.821289,s-0.474358,s220.925166
157_48,s-0.461782,s-2.937891,s216.734599
157_49,s-2.788693,s0.937453,s45.161828
157_50,s2.401370,s-2.940974,s149.412514
157_51,s1.931431,s2.686495,s265.730055
157_52,s2.730687,s1.024105,s279.586233
157_53,s-1.008053,s-2.861724,s90.311901
157_54,s2.968693,s0.373837,s328.984300
157_55,s2.875363,s-2.479007,s206.448881
157_56,s-3.251091,s-0.330503,s111.341150
157_57,s-2.358253,s2.916348,s330.250057
157_58,s0.167090,s-3.600391,s198.853569
157_59,s3.143337,s2.054595,s239.069827
157_60,s-0.945579,s-3.437017,s155.562617
157_61,s0.695421,s-3.723151,s285.415906
157_62,s2.666253,s-1.268049,s266.643244
157_63,s-3.245242,s-1.586216,s127.589736
157_64,s-0.362041,s3.734136,s264.776346
157_65,s-2.733964,s-3.155381,s270.835002
157_66,s-0.792786,s3.413756,s221.094337
157_67,s3.710484,s0.714529,s366.285020
157_68,s-3.588445,s0.515137,s159.601647
157_69,s-3.624604,s3.031301,s309.054020
157_70,s-4.499242,s0.393290,s154.183833
157_71,s1.904161,s-4.605609,s197.317102
157_72,s2.323649,s3.628244,s391.015498
157_73,s-0.304136,s-3.706364,s122.681550
157_74,s3.790198,s-0.992240,s216.374041
157_75,s3.426368,s-0.464931,s349.678605
157_76,s-3.799828,s-1.084536,s103.060506
157_77,s0.705582,s3.705143,s335.757143
157_78,s2.313137,s-3.778474,s243.245981
157_79,s2.677456,s2.383113,s177.752927
157_80,s3.211712,s-2.022470,s309.990024
157_81,s-1.738735,s-3.593409,s196.086649
157_82,s-1.267776,s3.516208,s25.216428
157_83,s-2.460921,s3.657639,s23.408558
157_84,s4.072777,s1.704954,s229.647570
157_85,s-2.253680,s-3.590767,s146.781811
157_86,s-3.751282,s2.346552,s86.760333
157_87,s-4.003030,s-1.690528,s105.120402
157_88,s3.846567,s0.174683,s267.922559
157_89,s2.808493,s3.637061,s315.060889
157_90,s-3.691543,s1.154419,s333.895252
157_91,s0.891080,s-4.587459,s307.772297
157_92,s-4.142548,s-0.238532,s123.338761
157_93,s3.566996,s2.428953,s308.740274
157_94,s4.101918,s-0.617638,s281.172475
157_95,s-0.956570,s-4.357330,s213.141329
157_96,s0.612828,s4.367109,s83.341353
157_97,s-4.157373,s-2.154282,s133.454198
157_98,s-2.076141,s4.348104,s339.099085
157_99,s-2.250695,s-4.445098,s107.085704
157_100,s3.874399,s-2.093134,s306.829618
157_101,s4.275801,s1.079524,s185.327095
157_102,s3.139121,s3.314011,s175.002296
157_103,s-0.788966,s4.015559,s47.094907
157_104,s3.420024,s-2.443094,s247.688598
157_105,s-3.467096,s-2.449702,s107.816350
157_106,s1.540230,s4.525276,s197.227937
157_107,s0.021446,s-4.258075,s159.649118
157_108,s-3.174957,s3.726531,s-18.708135
157_109,s4.664371,s-1.545336,s355.956935
157_110,s0.281901,s-4.688354,s236.302868
157_111,s3.229278,s-3.568398,s249.318355
157_112,s-4.059282,s1.924608,s150.833499
157_113,s5.150799,s0.649442,s353.002676
157_114,s4.147316,s2.104194,s337.618839
157_115,s-1.813799,s-4.890502,s236.479592
157_116,s0.657550,s4.996408,s299.564914
157_117,s4.296513,s-2.579988,s265.994404
157_118,s-4.935875,s-1.311076,s169.410834
157_119,s2.567074,s4.425174,s5.838816
157_120,s3.541404,s-4.159464,s237.152768
157_121,s-5.039767,s0.826242,s172.877369
157_122,s3.619775,s3.398252,s271.541063
157_123,s-2.985962,s-3.685407,s174.828453
157_124,s-0.434302,s4.590504,s56.057266
157_125,s-4.098350,s-3.493092,s184.765427
157_126,s-5.092316,s1.444667,s138.807320
157_127,s4.979883,s1.682541,s41.518618
157_128,s4.670701,s-0.084711,s230.774774
157_129,s-2.767701,s4.689139,s-14.071235
157_130,s-1.454154,s4.886617,s36.247334
157_131,s4.716465,s-2.031668,s232.882115
157_132,s-0.237015,s5.010081,s280.772219
157_133,s-4.026718,s2.850793,s33.117986
157_134,s-4.840737,s2.150482,s48.513528
157_135,s1.606632,s-5.151733,s125.878437
157_136,s3.986014,s3.833927,s-6.664557
157_137,s-0.947957,s-5.663975,s111.698597
157_138,s5.527799,s-1.716754,s167.660653
157_139,s4.085016,s-3.147148,s263.570479
157_140,s0.683367,s-5.312123,s146.673165
157_141,s4.890214,s2.843182,s345.289150
157_142,s-3.810141,s3.431292,s69.543294
157_143,s5.239002,s-0.102243,s318.948246
157_144,s-2.394981,s-5.270881,s245.122737
157_145,s-3.661804,s-4.208684,s223.967689
157_146,s-4.862586,s-3.138642,s317.235763
157_147,s2.858956,s-4.539547,s69.446765
157_148,s-4.947742,s-2.475378,s110.804179
157_149,s-5.628692,s0.203861,s25.505680
157_150,s3.131799,s4.528553,s235.031030
157_151,s-5.053062,s-0.715792,s71.332977
157_152,s-5.687546,s-2.422540,s20.449453
157_153,s-0.854178,s5.399620,s298.867800
157_154,s0.743765,s5.686530,s272.915826
157_155,s5.413858,s-0.532673,s224.629819
157_156,s5.521225,s1.101350,s285.475579
158_0,s-0.037307,s0.287549,s318.617152
158_1,s-0.022738,s-0.691768,s34.430894
158_2,s0.338406,s-0.740522,s255.502365
158_3,s-0.449728,s0.706911,s-26.249952
158_4,s0.533875,s0.250935,s253.696573
158_5,s1.409549,s0.797134,s105.780434
158_6,s-0.907708,s-0.563990,s-0.110901
158_7,s1.250120,s-0.957070,s220.977237
158_8,s-1.210765,s-0.764599,s111.216906
158_9,s0.847513,s-1.393898,s110.831231
158_10,s0.243163,s1.256139,s239.893275
158_11,s-1.455239,s0.619257,s-4.127211
158_12,s1.570193,s-0.145579,s345.090555
158_13,s1.524973,s1.322823,s64.622693
158_14,s-1.834264,s0.396933,s122.580126
158_15,s-1.206991,s1.805227,s128.540271
158_16,s-0.571475,s2.344375,s98.304800
158_17,s-0.013708,s-1.211631,s179.828504
158_18,s-2.365120,s-0.318334,s239.625672
158_19,s1.354110,s-0.506027,s81.955514
158_20,s-2.250497,s1.239876,s-1.273566
158_21,s-0.648987,s1.360954,s15.824694
158_22,s-0.612344,s-1.178324,s110.214614
158_23,s2.088894,s0.078322,s313.465119
158_24,s1.625456,s1.791050,s289.349043
158_25,s-0.576836,s-2.059062,s194.662292
158_26,s2.195697,s-0.324691,s206.763641
158_27,s1.397794,s-2.231468,s189.748675
158_28,s-0.918085,s2.749212,s60.005053
158_29,s-2.207229,s-2.239021,s78.521914
158_30,s0.811285,s1.992601,s84.890791
158_31,s0.799341,s-2.245442,s88.775268
158_32,s1.571598,s2.227559,s58.362610
158_33,s2.002633,s-2.024530,s242.121751
158_34,s0.654652,s-2.908417,s117.619453
158_35,s-1.154812,s-1.825070,s168.459478
158_36,s-2.832128,s0.532674,s199.268998
158_37,s-2.272433,s-1.247217,s38.338115
158_38,s-2.972287,s2.346202,s3.570237
158_39,s1.856599,s-0.822589,s225.982988
158_40,s-1.720140,s2.148065,s10.072136
158_41,s0.555592,s2.816459,s18.777986
158_42,s-2.866499,s-2.491051,s133.411656
158_43,s-2.831764,s-1.182069,s91.667242
158_44,s-0.119632,s2.414680,s-22.891373
158_45,s1.284118,s3.081769,s74.368717
158_46,s1.937230,s0.797515,s339.711778
158_47,s2.821289,s-0.474358,s220.925166
158_48,s-0.461782,s-2.937891,s216.734599
158_49,s-2.788693,s0.937453,s45.161828
158_50,s2.401370,s-2.940974,s149.412514
158_51,s1.931431,s2.686495,s265.730055
158_52,s2.730687,s1.024105,s279.586233
158_53,s-1.008053,s-2.861724,s90.311901
158_54,s2.968693,s0.373837,s328.984300
158_55,s2.875363,s-2.479007,s206.448881
158_56,s-3.251091,s-0.330503,s111.341150
158_57,s-2.358253,s2.916348,s330.250057
158_58,s0.167090,s-3.600391,s198.853569
158_59,s3.143337,s2.054595,s239.069827
158_60,s-0.945579,s-3.437017,s155.562617
158_61,s0.695421,s-3.723151,s285.415906
158_62,s2.666253,s-1.268049,s266.643244
158_63,s-3.245242,s-1.586216,s127.589736
158_64,s-0.362041,s3.734136,s264.776346
158_65,s-2.733964,s-3.155381,s270.835002
158_66,s-0.792786,s3.413756,s221.094337
158_67,s3.710484,s0.714529,s366.285020
158_68,s-3.588445,s0.515137,s159.601647
158_69,s-3.624604,s3.031301,s309.054020
158_70,s-4.499242,s0.393290,s154.183833
158_71,s1.904161,s-4.605609,s197.317102
158_72,s2.323649,s3.628244,s391.015498
158_73,s-0.304136,s-3.706364,s122.681550
158_74,s3.790198,s-0.992240,s216.374041
158_75,s3.426368,s-0.464931,s349.678605
158_76,s-3.799828,s-1.084536,s103.060506
158_77,s0.705582,s3.705143,s335.757143
158_78,s2.313137,s-3.778474,s243.245981
158_79,s2.677456,s2.383113,s177.752927
158_80,s3.211712,s-2.022470,s309.990024
158_81,s-1.738735,s-3.593409,s196.086649
158_82,s-1.267776,s3.516208,s25.216428
158_83,s-2.460921,s3.657639,s23.408558
158_84,s4.072777,s1.704954,s229.647570
158_85,s-2.253680,s-3.590767,s146.781811
158_86,s-3.751282,s2.346552,s86.760333
158_87,s-4.003030,s-1.690528,s105.120402
158_88,s3.846567,s0.174683,s267.922559
158_89,s2.808493,s3.637061,s315.060889
158_90,s-3.691543,s1.154419,s333.895252
158_91,s0.891080,s-4.587459,s307.772297
158_92,s-4.142548,s-0.238532,s123.338761
158_93,s3.566996,s2.428953,s308.740274
158_94,s4.101918,s-0.617638,s281.172475
158_95,s-0.956570,s-4.357330,s213.141329
158_96,s0.612828,s4.367109,s83.341353
158_97,s-4.157373,s-2.154282,s133.454198
158_98,s-2.076141,s4.348104,s339.099085
158_99,s-2.250695,s-4.445098,s107.085704
158_100,s3.874399,s-2.093134,s306.829618
158_101,s4.275801,s1.079524,s185.327095
158_102,s3.139121,s3.314011,s175.002296
158_103,s-0.788966,s4.015559,s47.094907
158_104,s3.420024,s-2.443094,s247.688598
158_105,s-3.467096,s-2.449702,s107.816350
158_106,s1.540230,s4.525276,s197.227937
158_107,s0.021446,s-4.258075,s159.649118
158_108,s-3.174957,s3.726531,s-18.708135
158_109,s4.664371,s-1.545336,s355.956935
158_110,s0.281901,s-4.688354,s236.302868
158_111,s3.229278,s-3.568398,s249.318355
158_112,s-4.059282,s1.924608,s150.833499
158_113,s5.150799,s0.649442,s353.002676
158_114,s4.147316,s2.104194,s337.618839
158_115,s-1.813799,s-4.890502,s236.479592
158_116,s0.657550,s4.996408,s299.564914
158_117,s4.296513,s-2.579988,s265.994404
158_118,s-4.935875,s-1.311076,s169.410834
158_119,s2.567074,s4.425174,s5.838816
158_120,s3.541404,s-4.159464,s237.152768
158_121,s-5.039767,s0.826242,s172.877369
158_122,s3.619775,s3.398252,s271.541063
158_123,s-2.985962,s-3.685407,s174.828453
158_124,s-0.434302,s4.590504,s56.057266
158_125,s-4.098350,s-3.493092,s184.765427
158_126,s-5.092316,s1.444667,s138.807320
158_127,s4.979883,s1.682541,s41.518618
158_128,s4.670701,s-0.084711,s230.774774
158_129,s-2.767701,s4.689139,s-14.071235
158_130,s-1.454154,s4.886617,s36.247334
158_131,s4.716465,s-2.031668,s232.882115
158_132,s-0.237015,s5.010081,s280.772219
158_133,s-4.026718,s2.850793,s33.117986
158_134,s-4.840737,s2.150482,s48.513528
158_135,s1.606632,s-5.151733,s125.878437
158_136,s3.986014,s3.833927,s-6.664557
158_137,s-0.947957,s-5.663975,s111.698597
158_138,s5.527799,s-1.716754,s167.660653
158_139,s4.085016,s-3.147148,s263.570479
158_140,s0.683367,s-5.312123,s146.673165
158_141,s4.890214,s2.843182,s345.289150
158_142,s-3.810141,s3.431292,s69.543294
158_143,s5.239002,s-0.102243,s318.948246
158_144,s-2.394981,s-5.270881,s245.122737
158_145,s-3.661804,s-4.208684,s223.967689
158_146,s-4.862586,s-3.138642,s317.235763
158_147,s2.858956,s-4.539547,s69.446765
158_148,s-4.947742,s-2.475378,s110.804179
158_149,s-5.628692,s0.203861,s25.505680
158_150,s3.131799,s4.528553,s235.031030
158_151,s-5.053062,s-0.715792,s71.332977
158_152,s-5.687546,s-2.422540,s20.449453
158_153,s-0.854178,s5.399620,s298.867800
158_154,s0.743765,s5.686530,s272.915826
158_155,s5.413858,s-0.532673,s224.629819
158_156,s5.521225,s1.101350,s285.475579
158_157,s-3.516342,s-4.799775,s167.938082
159_0,s-0.106943,s0.299789,s321.359535
159_1,s-0.096533,s-0.646133,s29.885156
159_2,s0.338406,s-0.740522,s255.502365
159_3,s-0.434942,s0.862502,s-31.275663
159_4,s0.471100,s0.281880,s249.992863
159_5,s1.409549,s0.797134,s105.780434
159_6,s-0.907708,s-0.563990,s-0.110901
159_7,s1.250120,s-0.957070,s220.977237
159_8,s-1.210765,s-0.764599,s111.216906
159_9,s0.886655,s-1.438055,s106.710783
159_10,s0.243163,s1.256139,s239.893275
159_11,s-1.255520,s0.663801,s-12.905501
159_12,s1.570193,s-0.145579,s345.090555
159_13,s1.524973,s1.322823,s64.622693
159_14,s-1.834264,s0.396933,s122.580126
159_15,s-1.206991,s1.805227,s128.540271
159_16,s-0.571475,s2.344375,s98.304800
159_17,s-0.013708,s-1.211631,s179.828504
159_18,s-2.305933,s-0.332657,s239.266872
159_19,s1.354110,s-0.506027,s81.955514
159_20,s-2.176954,s1.257399,s6.875368
159_21,s-0.648987,s1.360954,s15.824694
159_22,s-0.612344,s-1.178324,s110.214614
159_23,s2.191505,s0.141705,s320.149491
159_24,s1.625456,s1.791050,s289.349043
159_25,s-0.493016,s-1.792856,s194.224300
159_26,s2.195697,s-0.324691,s206.763641
159_27,s1.397794,s-2.231468,s189.748675
159_28,s-0.939021,s2.768927,s46.078552
159_29,s-2.260275,s-2.102061,s81.971822
159_30,s0.811285,s1.992601,s84.890791
159_31,s0.799341,s-2.245442,s88.775268
159_32,s1.571598,s2.227559,s58.362610
159_33,s1.888873,s-2.135411,s245.323715
159_34,s0.839159,s-2.920434,s114.593560
159_35,s-1.154812,s-1.825070,s168.459478
159_36,s-2.832128,s0.532674,s199.268998
159_37,s-2.272433,s-1.247217,s38.338115
159_38,s-2.972287,s2.346202,s3.570237
159_39,s1.856599,s-0.822589,s225.982988
159_40,s-1.609008,s2.239525,s9.832707
159_41,s0.663551,s2.726943,s21.125999
159_42,s-2.866499,s-2.491051,s133.411656
159_43,s-2.831764,s-1.182069,s91.667242
159_44,s-0.092125,s2.473599,s-10.083500
159_45,s1.471658,s3.115830,s75.626074
159_46,s1.937230,s0.797515,s339.711778
159_47,s2.821289,s-0.474358,s220.925166
159_48,s-0.461782,s-2.937891,s216.734599
159_49,s-2.788693,s0.937453,s45.161828
159_50,s2.376329,s-3.034236,s145.548402
159_51,s1.931431,s2.686495,s265.730055
159_52,s2.730687,s1.024105,s279.586233
159_53,s-1.008053,s-2.861724,s90.311901
159_54,s2.968693,s0.373837,s328.984300
159_55,s2.738088,s-2.530394,s210.049690
159_56,s-3.251091,s-0.330503,s111.341150
159_57,s-2.358253,s2.916348,s330.250057
159_58,s0.167090,s-3.600391,s198.853569
159_59,s3.143337,s2.054595,s239.069827
159_60,s-0.945579,s-3.437017,s155.562617
159_61,s0.701386,s-3.888120,s281.829059
159_62,s2.666253,s-1.268049,s266.643244
159_63,s-3.200755,s-1.588149,s134.042845
159_64,s-0.362041,s3.734136,s264.776346
159_65,s-2.813117,s-3.108287,s276.818723
159_66,s-0.792786,s3.413756,s221.094337
159_67,s3.710484,s0.714529,s366.285020
159_68,s-3.588445,s0.515137,s159.601647
159_69,s-3.530095,s2.951676,s314.778660
159_70,s-4.413733,s0.487687,s150.204259
159_71,s1.724891,s-4.397041,s193.251259
159_72,s2.201333,s3.465627,s389.992767
159_73,s-0.304136,s-3.706364,s122.681550
159_74,s3.790198,s-0.992240,s216.374041
159_75,s3.426368,s-0.464931,s349.678605
159_76,s-3.958012,s-1.049559,s98.673642
159_77,s0.705582,s3.705143,s335.757143
159_78,s2.313137,s-3.778474,s243.245981
159_79,s2.677456,s2.383113,s177.752927
159_80,s3.211712,s-2.022470,s309.990024
159_81,s-1.666537,s-3.594656,s186.578380
159_82,s-1.267776,s3.516208,s25.216428
159_83,s-2.460921,s3.657639,s23.408558
159_84,s4.072777,s1.704954,s229.647570
159_85,s-2.253680,s-3.590767,s146.781811
159_86,s-3.751282,s2.346552,s86.760333
159_87,s-4.076622,s-1.664625,s105.758194
159_88,s3.846567,s0.174683,s267.922559
159_89,s2.742421,s3.677127,s310.098977
159_90,s-3.691543,s1.154419,s333.895252
159_91,s0.796139,s-4.538197,s309.823142
159_92,s-4.142548,s-0.238532,s123.338761
159_93,s3.551319,s2.409257,s303.966228
159_94,s4.101918,s-0.617638,s281.172475
159_95,s-1.027324,s-4.388298,s209.306236
159_96,s0.612828,s4.367109,s83.341353
159_97,s-4.157373,s-2.154282,s133.454198
159_98,s-2.076141,s4.348104,s339.099085
159_99,s-2.221962,s-4.405304,s101.909546
159_100,s3.874399,s-2.093134,s306.829618
159_101,s4.251897,s1.103711,s182.187419
159_102,s3.139121,s3.314011,s175.002296
159_103,s-0.721232,s4.027595,s34.733165
159_104,s3.420024,s-2.443094,s247.688598
159_105,s-3.467096,s-2.449702,s107.816350
159_106,s1.540230,s4.525276,s197.227937
159_107,s0.021446,s-4.258075,s159.649118
159_108,s-3.133110,s3.702920,s-12.707047
159_109,s4.582247,s-1.464061,s363.403126
159_110,s0.281901,s-4.688354,s236.302868
159_111,s3.229278,s-3.568398,s249.318355
159_112,s-4.059282,s1.924608,s150.833499
159_113,s5.150799,s0.649442,s353.002676
159_114,s4.147316,s2.104194,s337.618839
159_115,s-1.813799,s-4.890502,s236.479592
159_116,s0.686968,s5.093833,s290.700505
159_117,s4.296513,s-2.579988,s265.994404
159_118,s-4.935875,s-1.311076,s169.410834
159_119,s2.567074,s4.425174,s5.838816
159_120,s3.416840,s-4.118075,s233.105060
159_121,s-5.039767,s0.826242,s172.877369
159_122,s3.619775,s3.398252,s271.541063
159_123,s-3.071606,s-3.663788,s166.796623
159_124,s-0.434302,s4.590504,s56.057266
159_125,s-4.185444,s-3.582889,s176.826899
159_126,s-5.061002,s1.365391,s126.626026
159_127,s5.016300,s1.592600,s29.475313
159_128,s4.670701,s-0.084711,s230.774774
159_129,s-2.767701,s4.689139,s-14.071235
159_130,s-1.454154,s4.886617,s36.247334
159_131,s4.716465,s-2.031668,s232.882115
159_132,s-0.237015,s5.010081,s280.772219
159_133,s-4.153983,s2.714887,s26.776512
159_134,s-4.840737,s2.150482,s48.513528
159_135,s1.659819,s-5.376054,s124.041229
159_136,s4.066067,s3.844381,s-5.761989
159_137,s-0.947957,s-5.663975,s111.698597
159_138,s5.527799,s-1.716754,s167.660653
159_139,s4.085016,s-3.147148,s263.570479
159_140,s0.683367,s-5.312123,s146.673165
159_141,s4.890214,s2.843182,s345.289150
159_142,s-3.810141,s3.431292,s69.543294
159_143,s5.227435,s-0.002246,s317.321141
159_144,s-2.394981,s-5.270881,s245.122737
159_145,s-3.661804,s-4.208684,s223.967689
159_146,s-4.862586,s-3.138642,s317.235763
159_147,s2.929547,s-4.565896,s74.401076
159_148,s-4.947742,s-2.475378,s110.804179
159_149,s-5.605753,s0.309454,s37.297978
159_150,s3.131799,s4.528553,s235.031030
159_151,s-5.053062,s-0.715792,s71.332977
159_152,s-5.687546,s-2.422540,s20.449453
159_153,s-0.950003,s5.443735,s303.731668
159_154,s0.743765,s5.686530,s272.915826
159_155,s5.413858,s-0.532673,s224.629819
159_156,s5.519563,s1.120925,s292.630179
159_157,s-3.516342,s-4.799775,s167.938082
159_158,s-5.559148,s1.688778,s94.115540
160_0,s-0.106943,s0.299789,s321.359535
160_1,s-0.096533,s-0.646133,s29.885156
160_2,s0.338406,s-0.740522,s255.502365
160_3,s-0.434942,s0.862502,s-31.275663
160_4,s0.471100,s0.281880,s249.992863
160_5,s1.409549,s0.797134,s105.780434
160_6,s-0.907708,s-0.563990,s-0.110901
160_7,s1.250120,s-0.957070,s220.977237
160_8,s-1.210765,s-0.764599,s111.216906
160_9,s0.886655,s-1.438055,s106.710783
160_10,s0.243163,s1.256139,s239.893275
160_11,s-1.255520,s0.663801,s-12.905501
160_12,s1.570193,s-0.145579,s345.090555
160_13,s1.524973,s1.322823,s64.622693
160_14,s-1.834264,s0.396933,s122.580126
160_15,s-1.206991,s1.805227,s128.540271
160_16,s-0.571475,s2.344375,s98.304800
160_17,s-0.013708,s-1.211631,s179.828504
160_18,s-2.305933,s-0.332657,s239.266872
160_19,s1.354110,s-0.506027,s81.955514
160_20,s-2.176954,s1.257399,s6.875368
160_21,s-0.648987,s1.360954,s15.824694
160_22,s-0.612344,s-1.178324,s110.214614
160_23,s2.191505,s0.141705,s320.149491
160_24,s1.625456,s1.791050,s289.349043
160_25,s-0.493016,s-1.792856,s194.224300
160_26,s2.195697,s-0.324691,s206.763641
160_27,s1.397794,s-2.231468,s189.748675
160_28,s-0.939021,s2.768927,s46.078552
160_29,s-2.260275,s-2.102061,s81.971822
160_30,s0.811285,s1.992601,s84.890791
160_31,s0.799341,s-2.245442,s88.775268
160_32,s1.571598,s2.227559,s58.362610
160_33,s1.888873,s-2.135411,s245.323715
160_34,s0.839159,s-2.920434,s114.593560
160_35,s-1.154812,s-1.825070,s168.459478
160_36,s-2.832128,s0.532674,s199.268998
160_37,s-2.272433,s-1.247217,s38.338115
160_38,s-2.972287,s2.346202,s3.570237
160_39,s1.856599,s-0.822589,s225.982988
160_40,s-1.609008,s2.239525,s9.832707
160_41,s0.663551,s2.726943,s21.125999
160_42,s-2.866499,s-2.491051,s133.411656
160_43,s-2.831764,s-1.182069,s91.667242
160_44,s-0.092125,s2.473599,s-10.083500
160_45,s1.471658,s3.115830,s75.626074
160_46,s1.937230,s0.797515,s339.711778
160_47,s2.821289,s-0.474358,s220.925166
160_48,s-0.461782,s-2.937891,s216.734599
160_49,s-2.788693,s0.937453,s45.161828
160_50,s2.376329,s-3.034236,s145.548402
160_51,s1.931431,s2.686495,s265.730055
160_52,s2.730687,s1.024105,s279.586233
160_53,s-1.008053,s-2.861724,s90.311901
160_54,s2.968693,s0.373837,s328.984300
160_55,s2.738088,s-2.530394,s210.049690
160_56,s-3.251091,s-0.330503,s111.341150
160_57,s-2.358253,s2.916348,s330.250057
160_58,s0.167090,s-3.600391,s198.853569
160_59,s3.143337,s2.054595,s239.069827
160_60,s-0.945579,s-3.437017,s155.562617
160_61,s0.701386,s-3.888120,s281.829059
160_62,s2.666253,s-1.268049,s266.643244
160_63,s-3.200755,s-1.588149,s134.042845
160_64,s-0.362041,s3.734136,s264.776346
160_65,s-2.813117,s-3.108287,s276.818723
160_66,s-0.792786,s3.413756,s221.094337
160_67,s3.710484,s0.714529,s366.285020
160_68,s-3.588445,s0.515137,s159.601647
160_69,s-3.530095,s2.951676,s314.778660
160_70,s-4.413733,s0.487687,s150.204259
160_71,s1.724891,s-4.397041,s193.251259
160_72,s2.201333,s3.465627,s389.992767
160_73,s-0.304136,s-3.706364,s122.681550
160_74,s3.790198,s-0.992240,s216.374041
160_75,s3.426368,s-0.464931,s349.678605
160_76,s-3.958012,s-1.049559,s98.673642
160_77,s0.705582,s3.705143,s335.757143
160_78,s2.313137,s-3.778474,s243.245981
160_79,s2.677456,s2.383113,s177.752927
160_80,s3.211712,s-2.022470,s309.990024
160_81,s-1.666537,s-3.594656,s186.578380
160_82,s-1.267776,s3.516208,s25.216428
160_83,s-2.460921,s3.657639,s23.408558
160_84,s4.072777,s1.704954,s229.647570
160_85,s-2.253680,s-3.590767,s146.781811
160_86,s-3.751282,s2.346552,s86.760333
160_87,s-4.076622,s-1.664625,s105.758194
160_88,s3.846567,s0.174683,s267.922559
160_89,s2.742421,s3.677127,s310.098977
160_90,s-3.691543,s1.154419,s333.895252
160_91,s0.796139,s-4.538197,s309.823142
160_92,s-4.142548,s-0.238532,s123.338761
160_93,s3.551319,s2.409257,s303.966228
160_94,s4.101918,s-0.617638,s281.172475
160_95,s-1.027324,s-4.388298,s209.306236
160_96,s0.612828,s4.367109,s83.341353
160_97,s-4.157373,s-2.154282,s133.454198
160_98,s-2.076141,s4.348104,s339.099085
160_99,s-2.221962,s-4.405304,s101.909546
160_100,s3.874399,s-2.093134,s306.829618
160_101,s4.251897,s1.103711,s182.187419
160_102,s3.139121,s3.314011,s175.002296
160_103,s-0.721232,s4.027595,s34.733165
160_104,s3.420024,s-2.443094,s247.688598
160_105,s-3.467096,s-2.449702,s107.816350
160_106,s1.540230,s4.525276,s197.227937
160_107,s0.021446,s-4.258075,s159.649118
160_108,s-3.133110,s3.702920,s-12.707047
160_109,s4.582247,s-1.464061,s363.403126
160_110,s0.281901,s-4.688354,s236.302868
160_111,s3.229278,s-3.568398,s249.318355
160_112,s-4.059282,s1.924608,s150.833499
160_113,s5.150799,s0.649442,s353.002676
160_114,s4.147316,s2.104194,s337.618839
160_115,s-1.813799,s-4.890502,s236.479592
160_116,s0.686968,s5.093833,s290.700505
160_117,s4.296513,s-2.579988,s265.994404
160_118,s-4.935875,s-1.311076,s169.410834
160_119,s2.567074,s4.425174,s5.838816
160_120,s3.416840,s-4.118075,s233.105060
160_121,s-5.039767,s0.826242,s172.877369
160_122,s3.619775,s3.398252,s271.541063
160_123,s-3.071606,s-3.663788,s166.796623
160_124,s-0.434302,s4.590504,s56.057266
160_125,s-4.185444,s-3.582889,s176.826899
160_126,s-5.061002,s1.365391,s126.626026
160_127,s5.016300,s1.592600,s29.475313
160_128,s4.670701,s-0.084711,s230.774774
160_129,s-2.767701,s4.689139,s-14.071235
160_130,s-1.454154,s4.886617,s36.247334
160_131,s4.716465,s-2.031668,s232.882115
160_132,s-0.237015,s5.010081,s280.772219
160_133,s-4.153983,s2.714887,s26.776512
160_134,s-4.840737,s2.150482,s48.513528
160_135,s1.659819,s-5.376054,s124.041229
160_136,s4.066067,s3.844381,s-5.761989
160_137,s-0.947957,s-5.663975,s111.698597
160_138,s5.527799,s-1.716754,s167.660653
160_139,s4.085016,s-3.147148,s263.570479
160_140,s0.683367,s-5.312123,s146.673165
160_141,s4.890214,s2.843182,s345.289150
160_142,s-3.810141,s3.431292,s69.543294
160_143,s5.227435,s-0.002246,s317.321141
160_144,s-2.394981,s-5.270881,s245.122737
160_145,s-3.661804,s-4.208684,s223.967689
160_146,s-4.862586,s-3.138642,s317.235763
160_147,s2.929547,s-4.565896,s74.401076
160_148,s-4.947742,s-2.475378,s110.804179
160_149,s-5.605753,s0.309454,s37.297978
160_150,s3.131799,s4.528553,s235.031030
160_151,s-5.053062,s-0.715792,s71.332977
160_152,s-5.687546,s-2.422540,s20.449453
160_153,s-0.950003,s5.443735,s303.731668
160_154,s0.743765,s5.686530,s272.915826
160_155,s5.413858,s-0.532673,s224.629819
160_156,s5.519563,s1.120925,s292.630179
160_157,s-3.516342,s-4.799775,s167.938082
160_158,s-5.559148,s1.688778,s94.115540
160_159,s4.135610,s-3.625842,s244.150954
161_0,s-0.106943,s0.299789,s321.359535
161_1,s-0.096533,s-0.646133,s29.885156
161_2,s0.338406,s-0.740522,s255.502365
161_3,s-0.434942,s0.862502,s-31.275663
161_4,s0.471100,s0.281880,s249.992863
161_5,s1.409549,s0.797134,s105.780434
161_6,s-0.907708,s-0.563990,s-0.110901
161_7,s1.250120,s-0.957070,s220.977237
161_8,s-1.210765,s-0.764599,s111.216906
161_9,s0.886655,s-1.438055,s106.710783
161_10,s0.243163,s1.256139,s239.893275
161_11,s-1.255520,s0.663801,s-12.905501
161_12,s1.570193,s-0.145579,s345.090555
161_13,s1.524973,s1.322823,s64.622693
161_14,s-1.834264,s0.396933,s122.580126
161_15,s-1.206991,s1.805227,s128.540271
161_16,s-0.571475,s2.344375,s98.304800
161_17,s-0.013708,s-1.211631,s179.828504
161_18,s-2.305933,s-0.332657,s239.266872
161_19,s1.354110,s-0.506027,s81.955514
161_20,s-2.176954,s1.257399,s6.875368
161_21,s-0.648987,s1.360954,s15.824694
161_22,s-0.612344,s-1.178324,s110.214614
161_23,s2.191505,s0.141705,s320.149491
161_24,s1.625456,s1.791050,s289.349043
161_25,s-0.493016,s-1.792856,s194.224300
161_26,s2.195697,s-0.324691,s206.763641
161_27,s1.397794,s-2.231468,s189.748675
161_28,s-0.939021,s2.768927,s46.078552
161_29,s-2.260275,s-2.102061,s81.971822
161_30,s0.811285,s1.992601,s84.890791
161_31,s0.799341,s-2.245442,s88.775268
161_32,s1.571598,s2.227559,s58.362610
161_33,s1.888873,s-2.135411,s245.323715
161_34,s0.839159,s-2.920434,s114.593560
161_35,s-1.154812,s-1.825070,s168.459478
161_36,s-2.832128,s0.532674,s199.268998
161_37,s-2.272433,s-1.247217,s38.338115
161_38,s-2.972287,s2.346202,s3.570237
161_39,s1.856599,s-0.822589,s225.982988
161_40,s-1.609008,s2.239525,s9.832707
161_41,s0.663551,s2.726943,s21.125999
161_42,s-2.866499,s-2.491051,s133.411656
161_43,s-2.831764,s-1.182069,s91.667242
161_44,s-0.092125,s2.473599,s-10.083500
161_45,s1.471658,s3.115830,s75.626074
161_46,s1.937230,s0.797515,s339.711778
161_47,s2.821289,s-0.474358,s220.925166
161_48,s-0.461782,s-2.937891,s216.734599
161_49,s-2.788693,s0.937453,s45.161828
161_50,s2.376329,s-3.034236,s145.548402
161_51,s1.931431,s2.686495,s265.730055
161_52,s2.730687,s1.024105,s279.586233
161_53,s-1.008053,s-2.861724,s90.311901
161_54,s2.968693,s0.373837,s328.984300
161_55,s2.738088,s-2.530394,s210.049690
161_56,s-3.251091,s-0.330503,s111.341150
161_57,s-2.358253,s2.916348,s330.250057
161_58,s0.167090,s-3.600391,s198.853569
161_59,s3.143337,s2.054595,s239.069827
161_60,s-0.945579,s-3.437017,s155.562617
161_61,s0.701386,s-3.888120,s281.829059
161_62,s2.666253,s-1.268049,s266.643244
161_63,s-3.200755,s-1.588149,s134.042845
161_64,s-0.362041,s3.734136,s264.776346
161_65,s-2.813117,s-3.108287,s276.818723
161_66,s-0.792786,s3.413756,s221.094337
161_67,s3.710484,s0.714529,s366.285020
161_68,s-3.588445,s0.515137,s159.601647
161_69,s-3.530095,s2.951676,s314.778660
161_70,s-4.413733,s0.487687,s150.204259
161_71,s1.724891,s-4.397041,s193.251259
161_72,s2.201333,s3.465627,s389.992767
161_73,s-0.304136,s-3.706364,s122.681550
161_74,s3.790198,s-0.992240,s216.374041
161_75,s3.426368,s-0.464931,s349.678605
161_76,s-3.958012,s-1.049559,s98.673642
161_77,s0.705582,s3.705143,s335.757143
161_78,s2.313137,s-3.778474,s243.245981
161_79,s2.677456,s2.383113,s177.752927
161_80,s3.211712,s-2.022470,s309.990024
161_81,s-1.666537,s-3.594656,s186.578380
161_82,s-1.267776,s3.516208,s25.216428
161_83,s-2.460921,s3.657639,s23.408558
161_84,s4.072777,s1.704954,s229.647570
161_85,s-2.253680,s-3.590767,s146.781811
161_86,s-3.751282,s2.346552,s86.760333
161_87,s-4.076622,s-1.664625,s105.758194
161_88,s3.846567,s0.174683,s267.922559
161_89,s2.742421,s3.677127,s310.098977
161_90,s-3.691543,s1.154419,s333.895252
161_91,s0.796139,s-4.538197,s309.823142
161_92,s-4.142548,s-0.238532,s123.338761
161_93,s3.551319,s2.409257,s303.966228
161_94,s4.101918,s-0.617638,s281.172475
161_95,s-1.027324,s-4.388298,s209.306236
161_96,s0.612828,s4.367109,s83.341353
161_97,s-4.157373,s-2.154282,s133.454198
161_98,s-2.076141,s4.348104,s339.099085
161_99,s-2.221962,s-4.405304,s101.909546
161_100,s3.874399,s-2.093134,s306.829618
161_101,s4.251897,s1.103711,s182.187419
161_102,s3.139121,s3.314011,s175.002296
161_103,s-0.721232,s4.027595,s34.733165
161_104,s3.420024,s-2.443094,s247.688598
161_105,s-3.467096,s-2.449702,s107.816350
161_106,s1.540230,s4.525276,s197.227937
161_107,s0.021446,s-4.258075,s159.649118
161_108,s-3.133110,s3.702920,s-12.707047
161_109,s4.582247,s-1.464061,s363.403126
161_110,s0.281901,s-4.688354,s236.302868
161_111,s3.229278,s-3.568398,s249.318355
161_112,s-4.059282,s1.924608,s150.833499
161_113,s5.150799,s0.649442,s353.002676
161_114,s4.147316,s2.104194,s337.618839
161_115,s-1.813799,s-4.890502,s236.479592
161_116,s0.686968,s5.093833,s290.700505
161_117,s4.296513,s-2.579988,s265.994404
161_118,s-4.935875,s-1.311076,s169.410834
161_119,s2.567074,s4.425174,s5.838816
161_120,s3.416840,s-4.118075,s233.105060
161_121,s-5.039767,s0.826242,s172.877369
161_122,s3.619775,s3.398252,s271.541063
161_123,s-3.071606,s-3.663788,s166.796623
161_124,s-0.434302,s4.590504,s56.057266
161_125,s-4.185444,s-3.582889,s176.826899
161_126,s-5.061002,s1.365391,s126.626026
161_127,s5.016300,s1.592600,s29.475313
161_128,s4.670701,s-0.084711,s230.774774
161_129,s-2.767701,s4.689139,s-14.071235
161_130,s-1.454154,s4.886617,s36.247334
161_131,s4.716465,s-2.031668,s232.882115
161_132,s-0.237015,s5.010081,s280.772219
161_133,s-4.153983,s2.714887,s26.776512
161_134,s-4.840737,s2.150482,s48.513528
161_135,s1.659819,s-5.376054,s124.041229
161_136,s4.066067,s3.844381,s-5.761989
161_137,s-0.947957,s-5.663975,s111.698597
161_138,s5.527799,s-1.716754,s167.660653
161_139,s4.085016,s-3.147148,s263.570479
161_140,s0.683367,s-5.312123,s146.673165
161_141,s4.890214,s2.843182,s345.289150
161_142,s-3.810141,s3.431292,s69.543294
161_143,s5.227435,s-0.002246,s317.321141
161_144,s-2.394981,s-5.270881,s245.122737
161_145,s-3.661804,s-4.208684,s223.967689
161_146,s-4.862586,s-3.138642,s317.235763
161_147,s2.929547,s-4.565896,s74.401076
161_148,s-4.947742,s-2.475378,s110.804179
161_149,s-5.605753,s0.309454,s37.297978
161_150,s3.131799,s4.528553,s235.031030
161_151,s-5.053062,s-0.715792,s71.332977
161_152,s-5.687546,s-2.422540,s20.449453
161_153,s-0.950003,s5.443735,s303.731668
161_154,s0.743765,s5.686530,s272.915826
161_155,s5.413858,s-0.532673,s224.629819
161_156,s5.519563,s1.120925,s292.630179
161_157,s-3.516342,s-4.799775,s167.938082
161_158,s-5.559148,s1.688778,s94.115540
161_159,s4.135610,s-3.625842,s244.150954
161_160,s-3.542718,s4.167739,s346.114074
162_0,s-0.106943,s0.299789,s321.359535
162_1,s-0.096533,s-0.646133,s29.885156
162_2,s0.338406,s-0.740522,s255.502365
162_3,s-0.434942,s0.862502,s-31.275663
162_4,s0.471100,s0.281880,s249.992863
162_5,s1.409549,s0.797134,s105.780434
162_6,s-0.907708,s-0.563990,s-0.110901
162_7,s1.250120,s-0.957070,s220.977237
162_8,s-1.210765,s-0.764599,s111.216906
162_9,s0.886655,s-1.438055,s106.710783
162_10,s0.250772,s1.402902,s232.926233
162_11,s-1.255520,s0.663801,s-12.905501
162_12,s1.570193,s-0.145579,s345.090555
162_13,s1.524973,s1.322823,s64.622693
162_14,s-1.834264,s0.396933,s122.580126
162_15,s-1.206991,s1.805227,s128.540271
162_16,s-0.571475,s2.344375,s98.304800
162_17,s-0.013708,s-1.211631,s179.828504
162_18,s-2.305933,s-0.332657,s239.266872
162_19,s1.354110,s-0.506027,s81.955514
162_20,s-2.176954,s1.257399,s6.875368
162_21,s-0.648987,s1.360954,s15.824694
162_22,s-0.612344,s-1.178324,s110.214614
162_23,s2.191505,s0.141705,s320.149491
162_24,s1.625456,s1.791050,s289.349043
162_25,s-0.603627,s-1.887819,s205.455619
162_26,s2.195697,s-0.324691,s206.763641
162_27,s1.394125,s-2.154202,s168.891227
162_28,s-0.939021,s2.768927,s46.078552
162_29,s-2.260275,s-2.102061,s81.971822
162_30,s0.811285,s1.992601,s84.890791
162_31,s0.799341,s-2.245442,s88.775268
162_32,s1.571598,s2.227559,s58.362610
162_33,s1.888873,s-2.135411,s245.323715
162_34,s0.920694,s-3.039464,s117.427972
162_35,s-1.154812,s-1.825070,s168.459478
162_36,s-2.832128,s0.532674,s199.268998
162_37,s-2.223823,s-1.206406,s32.841578
162_38,s-2.972287,s2.346202,s3.570237
162_39,s1.856599,s-0.822589,s225.982988
162_40,s-1.609008,s2.239525,s9.832707
162_41,s0.671220,s2.694495,s23.260196
162_42,s-2.866499,s-2.491051,s133.411656
162_43,s-2.831764,s-1.182069,s91.667242
162_44,s-0.092125,s2.473599,s-10.083500
162_45,s1.331828,s3.014112,s64.304787
162_46,s1.937230,s0.797515,s339.711778
162_47,s2.821289,s-0.474358,s220.925166
162_48,s-0.418364,s-2.865976,s203.601710
162_49,s-2.864583,s0.959450,s43.905454
162_50,s2.376329,s-3.034236,s145.548402
162_51,s1.931431,s2.686495,s265.730055
162_52,s2.730687,s1.024105,s279.586233
162_53,s-1.035039,s-2.858722,s86.974956
162_54,s2.968693,s0.373837,s328.984300
162_55,s2.738088,s-2.530394,s210.049690
162_56,s-3.203198,s-0.344108,s110.550237
162_57,s-2.279707,s2.945353,s335.902282
162_58,s0.180260,s-3.594041,s208.251353
162_59,s3.143337,s2.054595,s239.069827
162_60,s-0.945579,s-3.437017,s155.562617
162_61,s0.763935,s-3.788982,s277.900398
162_62,s2.666253,s-1.268049,s266.643244
162_63,s-3.200755,s-1.588149,s134.042845
162_64,s-0.362041,s3.734136,s264.776346
162_65,s-2.813117,s-3.108287,s276.818723
162_66,s-0.792786,s3.413756,s221.094337
162_67,s3.722961,s0.746904,s374.029221
162_68,s-3.588445,s0.515137,s159.601647
162_69,s-3.530095,s2.951676,s314.778660
162_70,s-4.413733,s0.487687,s150.204259
162_71,s1.724891,s-4.397041,s193.251259
162_72,s2.201333,s3.465627,s389.992767
162_73,s-0.324995,s-3.723611,s122.556125
162_74,s3.790198,s-0.992240,s216.374041
162_75,s3.426368,s-0.464931,s349.678605
162_76,s-3.941508,s-1.035390,s96.239216
162_77,s0.705582,s3.705143,s335.757143
162_78,s2.313137,s-3.778474,s243.245981
162_79,s2.677456,s2.383113,s177.752927
162_80,s3.211712,s-2.022470,s309.990024
162_81,s-1.666537,s-3.594656,s186.578380
162_82,s-1.267776,s3.516208,s25.216428
162_83,s-2.478947,s3.620347,s11.842510
162_84,s4.072777,s1.704954,s229.647570
162_85,s-2.253680,s-3.590767,s146.781811
162_86,s-3.710585,s2.364007,s85.509371
162_87,s-4.076622,s-1.664625,s105.758194
162_88,s3.846567,s0.174683,s267.922559
162_89,s2.742421,s3.677127,s310.098977
162_90,s-3.849681,s1.085280,s329.460811
162_91,s0.884600,s-4.500408,s314.910422
162_92,s-4.142548,s-0.238532,s123.338761
162_93,s3.551319,s2.409257,s303.966228
162_94,s4.101918,s-0.617638,s281.172475
162_95,s-1.119694,s-4.366845,s214.149228
162_96,s0.612828,s4.367109,s83.341353
162_97,s-4.157373,s-2.154282,s133.454198
162_98,s-2.076141,s4.348104,s339.099085
162_99,s-2.336001,s-4.407778,s101.438293
162_100,s3.874399,s-2.093134,s306.829618
162_101,s4.251897,s1.103711,s182.187419
162_102,s3.139121,s3.314011,s175.002296
162_103,s-0.721232,s4.027595,s34.733165
162_104,s3.420024,s-2.443094,s247.688598
162_105,s-3.467096,s-2.449702,s107.816350
162_106,s1.540230,s4.525276,s197.227937
162_107,s0.021446,s-4.258075,s159.649118
162_108,s-3.133110,s3.702920,s-12.707047
162_109,s4.582247,s-1.464061,s363.403126
162_110,s0.280303,s-4.711479,s233.716218
162_111,s3.229278,s-3.568398,s249.318355
162_112,s-4.059282,s1.924608,s150.833499
162_113,s5.150799,s0.649442,s353.002676
162_114,s4.147316,s2.104194,s337.618839
162_115,s-1.813799,s-4.890502,s236.479592
162_116,s0.686968,s5.093833,s290.700505
162_117,s4.296513,s-2.579988,s265.994404
162_118,s-4.831548,s-1.382056,s166.606458
162_119,s2.578825,s4.539531,s2.700884
162_120,s3.416840,s-4.118075,s233.105060
162_121,s-5.039767,s0.826242,s172.877369
162_122,s3.661180,s3.470599,s274.484662
162_123,s-3.071606,s-3.663788,s166.796623
162_124,s-0.434302,s4.590504,s56.057266
162_125,s-4.185444,s-3.582889,s176.826899
162_126,s-5.061002,s1.365391,s126.626026
162_127,s5.016300,s1.592600,s29.475313
162_128,s4.670701,s-0.084711,s230.774774
162_129,s-2.767701,s4.689139,s-14.071235
162_130,s-1.454154,s4.886617,s36.247334
162_131,s4.716465,s-2.031668,s232.882115
162_132,s-0.237015,s5.010081,s280.772219
162_133,s-4.153983,s2.714887,s26.776512
162_134,s-4.874114,s2.204969,s47.075508
162_135,s1.659819,s-5.376054,s124.041229
162_136,s4.017998,s3.867841,s-16.333760
162_137,s-0.911711,s-5.719422,s103.856107
162_138,s5.566870,s-1.591185,s176.312146
162_139,s4.085016,s-3.147148,s263.570479
162_140,s0.539806,s-5.478514,s135.321767
162_141,s4.890214,s2.843182,s345.289150
162_142,s-3.810141,s3.431292,s69.543294
162_143,s5.227435,s-0.002246,s317.321141
162_144,s-2.404577,s-5.333507,s242.613789
162_145,s-3.661804,s-4.208684,s223.967689
162_146,s-4.862586,s-3.138642,s317.235763
162_147,s2.929547,s-4.565896,s74.401076
162_148,s-4.947742,s-2.475378,s110.804179
162_149,s-5.605753,s0.309454,s37.297978
162_150,s3.131799,s4.528553,s235.031030
162_151,s-5.053062,s-0.715792,s71.332977
162_152,s-5.687546,s-2.422540,s20.449453
162_153,s-0.950003,s5.443735,s303.731668
162_154,s0.833175,s5.759454,s267.761762
162_155,s5.413858,s-0.532673,s224.629819
162_156,s5.519563,s1.120925,s292.630179
162_157,s-3.516342,s-4.799775,s167.938082
162_158,s-5.481453,s1.681790,s100.012577
162_159,s4.260746,s-3.765992,s250.426734
162_160,s-3.542718,s4.167739,s346.114074
162_161,s-4.713584,s3.240451,s62.502682
163_0,s-0.106943,s0.299789,s321.359535
163_1,s-0.096533,s-0.646133,s29.885156
163_2,s0.338406,s-0.740522,s255.502365
163_3,s-0.434942,s0.862502,s-31.275663
163_4,s0.471100,s0.281880,s249.992863
163_5,s1.409549,s0.797134,s105.780434
163_6,s-0.907708,s-0.563990,s-0.110901
163_7,s1.250120,s-0.957070,s220.977237
163_8,s-1.210765,s-0.764599,s111.216906
163_9,s0.886655,s-1.438055,s106.710783
163_10,s0.250772,s1.402902,s232.926233
163_11,s-1.255520,s0.663801,s-12.905501
163_12,s1.570193,s-0.145579,s345.090555
163_13,s1.524973,s1.322823,s64.622693
163_14,s-1.834264,s0.396933,s122.580126
163_15,s-1.206991,s1.805227,s128.540271
163_16,s-0.571475,s2.344375,s98.304800
163_17,s-0.013708,s-1.211631,s179.828504
163_18,s-2.305933,s-0.332657,s239.266872
163_19,s1.354110,s-0.506027,s81.955514
163_20,s-2.176954,s1.257399,s6.875368
163_21,s-0.648987,s1.360954,s15.824694
163_22,s-0.612344,s-1.178324,s110.214614
163_23,s2.191505,s0.141705,s320.149491
163_24,s1.625456,s1.791050,s289.349043
163_25,s-0.603627,s-1.887819,s205.455619
163_26,s2.195697,s-0.324691,s206.763641
163_27,s1.394125,s-2.154202,s168.891227
163_28,s-0.939021,s2.768927,s46.078552
163_29,s-2.260275,s-2.102061,s81.971822
163_30,s0.811285,s1.992601,s84.890791
163_31,s0.799341,s-2.245442,s88.775268
163_32,s1.571598,s2.227559,s58.362610
163_33,s1.888873,s-2.135411,s245.323715
163_34,s0.920694,s-3.039464,s117.427972
163_35,s-1.154812,s-1.825070,s168.459478
163_36,s-2.832128,s0.532674,s199.268998
163_37,s-2.223823,s-1.206406,s32.841578
163_38,s-2.972287,s2.346202,s3.570237
163_39,s1.856599,s-0.822589,s225.982988
163_40,s-1.609008,s2.239525,s9.832707
163_41,s0.671220,s2.694495,s23.260196
163_42,s-2.866499,s-2.491051,s133.411656
163_43,s-2.831764,s-1.182069,s91.667242
163_44,s-0.092125,s2.473599,s-10.083500
163_45,s1.331828,s3.014112,s64.304787
163_46,s1.937230,s0.797515,s339.711778
163_47,s2.821289,s-0.474358,s220.925166
163_48,s-0.418364,s-2.865976,s203.601710
163_49,s-2.864583,s0.959450,s43.905454
163_50,s2.376329,s-3.034236,s145.548402
163_51,s1.931431,s2.686495,s265.730055
163_52,s2.730687,s1.024105,s279.586233
163_53,s-1.035039,s-2.858722,s86.974956
163_54,s2.968693,s0.373837,s328.984300
163_55,s2.738088,s-2.530394,s210.049690
163_56,s-3.203198,s-0.344108,s110.550237
163_57,s-2.279707,s2.945353,s335.902282
163_58,s0.180260,s-3.594041,s208.251353
163_59,s3.143337,s2.054595,s239.069827
163_60,s-0.945579,s-3.437017,s155.562617
163_61,s0.763935,s-3.788982,s277.900398
163_62,s2.666253,s-1.268049,s266.643244
163_63,s-3.200755,s-1.588149,s134.042845
163_64,s-0.362041,s3.734136,s264.776346
163_65,s-2.813117,s-3.108287,s276.818723
163_66,s-0.792786,s3.413756,s221.094337
163_67,s3.722961,s0.746904,s374.029221
163_68,s-3.588445,s0.515137,s159.601647
163_69,s-3.530095,s2.951676,s314.778660
163_70,s-4.413733,s0.487687,s150.204259
163_71,s1.724891,s-4.397041,s193.251259
163_72,s2.201333,s3.465627,s389.992767
163_73,s-0.324995,s-3.723611,s122.556125
163_74,s3.790198,s-0.992240,s216.374041
163_75,s3.426368,s-0.464931,s349.678605
163_76,s-3.941508,s-1.035390,s96.239216
163_77,s0.705582,s3.705143,s335.757143
163_78,s2.313137,s-3.778474,s243.245981
163_79,s2.677456,s2.383113,s177.752927
163_80,s3.211712,s-2.022470,s309.990024
163_81,s-1.666537,s-3.594656,s186.578380
163_82,s-1.267776,s3.516208,s25.216428
163_83,s-2.478947,s3.620347,s11.842510
163_84,s4.072777,s1.704954,s229.647570
163_85,s-2.253680,s-3.590767,s146.781811
163_86,s-3.710585,s2.364007,s85.509371
163_87,s-4.076622,s-1.664625,s105.758194
163_88,s3.846567,s0.174683,s267.922559
163_89,s2.742421,s3.677127,s310.098977
163_90,s-3.849681,s1.085280,s329.460811
163_91,s0.884600,s-4.500408,s314.910422
163_92,s-4.142548,s-0.238532,s123.338761
163_93,s3.551319,s2.409257,s303.966228
163_94,s4.101918,s-0.617638,s281.172475
163_95,s-1.119694,s-4.366845,s214.149228
163_96,s0.612828,s4.367109,s83.341353
163_97,s-4.157373,s-2.154282,s133.454198
163_98,s-2.076141,s4.348104,s339.099085
163_99,s-2.336001,s-4.407778,s101.438293
163_100,s3.874399,s-2.093134,s306.829618
163_101,s4.251897,s1.103711,s182.187419
163_102,s3.139121,s3.314011,s175.002296
163_103,s-0.721232,s4.027595,s34.733165
163_104,s3.420024,s-2.443094,s247.688598
163_105,s-3.467096,s-2.449702,s107.816350
163_106,s1.540230,s4.525276,s197.227937
163_107,s0.021446,s-4.258075,s159.649118
163_108,s-3.133110,s3.702920,s-12.707047
163_109,s4.582247,s-1.464061,s363.403126
163_110,s0.280303,s-4.711479,s233.716218
163_111,s3.229278,s-3.568398,s249.318355
163_112,s-4.059282,s1.924608,s150.833499
163_113,s5.150799,s0.649442,s353.002676
163_114,s4.147316,s2.104194,s337.618839
163_115,s-1.813799,s-4.890502,s236.479592
163_116,s0.686968,s5.093833,s290.700505
163_117,s4.296513,s-2.579988,s265.994404
163_118,s-4.831548,s-1.382056,s166.606458
163_119,s2.578825,s4.539531,s2.700884
163_120,s3.416840,s-4.118075,s233.105060
163_121,s-5.039767,s0.826242,s172.877369
163_122,s3.661180,s3.470599,s274.484662
163_123,s-3.071606,s-3.663788,s166.796623
163_124,s-0.434302,s4.590504,s56.057266
163_125,s-4.185444,s-3.582889,s176.826899
163_126,s-5.061002,s1.365391,s126.626026
163_127,s5.016300,s1.592600,s29.475313
163_128,s4.670701,s-0.084711,s230.774774
163_129,s-2.767701,s4.689139,s-14.071235
163_130,s-1.454154,s4.886617,s36.247334
163_131,s4.716465,s-2.031668,s232.882115
163_132,s-0.237015,s5.010081,s280.772219
163_133,s-4.153983,s2.714887,s26.776512
163_134,s-4.874114,s2.204969,s47.075508
163_135,s1.659819,s-5.376054,s124.041229
163_136,s4.017998,s3.867841,s-16.333760
163_137,s-0.911711,s-5.719422,s103.856107
163_138,s5.566870,s-1.591185,s176.312146
163_139,s4.085016,s-3.147148,s263.570479
163_140,s0.539806,s-5.478514,s135.321767
163_141,s4.890214,s2.843182,s345.289150
163_142,s-3.810141,s3.431292,s69.543294
163_143,s5.227435,s-0.002246,s317.321141
163_144,s-2.404577,s-5.333507,s242.613789
163_145,s-3.661804,s-4.208684,s223.967689
163_146,s-4.862586,s-3.138642,s317.235763
163_147,s2.929547,s-4.565896,s74.401076
163_148,s-4.947742,s-2.475378,s110.804179
163_149,s-5.605753,s0.309454,s37.297978
163_150,s3.131799,s4.528553,s235.031030
163_151,s-5.053062,s-0.715792,s71.332977
163_152,s-5.687546,s-2.422540,s20.449453
163_153,s-0.950003,s5.443735,s303.731668
163_154,s0.833175,s5.759454,s267.761762
163_155,s5.413858,s-0.532673,s224.629819
163_156,s5.519563,s1.120925,s292.630179
163_157,s-3.516342,s-4.799775,s167.938082
163_158,s-5.481453,s1.681790,s100.012577
163_159,s4.260746,s-3.765992,s250.426734
163_160,s-3.542718,s4.167739,s346.114074
163_161,s-4.713584,s3.240451,s62.502682
163_162,s-5.449055,s-1.201750,s49.659439
164_0,s-0.204682,s0.352927,s310.936164
164_1,s0.057024,s-0.658110,s49.079244
164_2,s0.369010,s-0.640496,s246.735856
164_3,s-0.459908,s0.771691,s-24.530399
164_4,s0.396933,s0.424638,s257.745287
164_5,s1.409549,s0.797134,s105.780434
164_6,s-0.905970,s-0.530110,s0.637857
164_7,s1.250120,s-0.957070,s220.977237
164_8,s-1.210765,s-0.764599,s111.216906
164_9,s0.863600,s-1.440251,s109.624350
164_10,s0.197651,s1.285400,s234.533049
164_11,s-1.284118,s0.642840,s-0.784895
164_12,s1.570193,s-0.145579,s345.090555
164_13,s1.524973,s1.322823,s64.622693
164_14,s-1.893584,s0.426276,s127.833852
164_15,s-1.206991,s1.805227,s128.540271
164_16,s-0.571475,s2.344375,s98.304800
164_17,s-0.013708,s-1.211631,s179.828504
164_18,s-2.379491,s-0.274934,s235.664982
164_19,s1.354110,s-0.506027,s81.955514
164_20,s-2.176954,s1.257399,s6.875368
164_21,s-0.648987,s1.360954,s15.824694
164_22,s-0.644786,s-1.222575,s111.181753
164_23,s2.181512,s0.159704,s315.636054
164_24,s1.625456,s1.791050,s289.349043
164_25,s-0.604699,s-1.860955,s207.759342
164_26,s2.195697,s-0.324691,s206.763641
164_27,s1.441298,s-2.205633,s173.112704
164_28,s-0.939021,s2.768927,s46.078552
164_29,s-2.214190,s-2.068873,s90.879091
164_30,s0.657697,s2.019401,s88.193091
164_31,s0.849139,s-2.293540,s96.067295
164_32,s1.488233,s2.242955,s61.029889
164_33,s1.930069,s-2.148358,s243.348121
164_34,s0.966070,s-2.944701,s122.682554
164_35,s-1.046529,s-1.727905,s162.280559
164_36,s-2.937796,s0.587739,s184.033287
164_37,s-2.223823,s-1.206406,s32.841578
164_38,s-2.916796,s2.338725,s4.467986
164_39,s1.856599,s-0.822589,s225.982988
164_40,s-1.609008,s2.239525,s9.832707
164_41,s0.655378,s2.648889,s23.350279
164_42,s-2.866499,s-2.491051,s133.411656
164_43,s-2.893146,s-1.091807,s81.477693
164_44,s-0.030615,s2.654523,s-10.987003
164_45,s1.331828,s3.014112,s64.304787
164_46,s2.076809,s1.007475,s340.946468
164_47,s2.783405,s-0.547168,s226.922754
164_48,s-0.501814,s-2.824483,s218.752367
164_49,s-2.872817,s0.950507,s46.062651
164_50,s2.134878,s-3.029452,s165.226803
164_51,s1.931431,s2.686495,s265.730055
164_52,s2.590760,s1.044646,s279.815051
164_53,s-1.135735,s-2.917301,s71.328886
164_54,s2.990049,s0.400997,s326.710058
164_55,s2.824681,s-2.426839,s220.753607
164_56,s-3.203198,s-0.344108,s110.550237
164_57,s-2.284143,s3.017176,s331.726602
164_58,s0.102453,s-3.691846,s209.282547
164_59,s3.143337,s2.054595,s239.069827
164_60,s-0.945579,s-3.437017,s155.562617
164_61,s0.744977,s-3.684536,s280.150661
164_62,s2.666253,s-1.268049,s266.643244
164_63,s-3.294192,s-1.732583,s130.265496
164_64,s-0.362041,s3.734136,s264.776346
164_65,s-2.813117,s-3.108287,s276.818723
164_66,s-0.792786,s3.413756,s221.094337
164_67,s3.732935,s0.716448,s371.620958
164_68,s-3.493449,s0.418004,s157.017645
164_69,s-3.655477,s2.881934,s304.497583
164_70,s-4.413733,s0.487687,s150.204259
164_71,s1.821145,s-4.452116,s222.663253
164_72,s2.201333,s3.465627,s389.992767
164_73,s-0.348959,s-3.716935,s124.220255
164_74,s3.790198,s-0.992240,s216.374041
164_75,s3.426368,s-0.464931,s349.678605
164_76,s-3.941508,s-1.035390,s96.239216
164_77,s0.769243,s3.712470,s337.363333
164_78,s2.375267,s-3.685553,s243.747789
164_79,s2.686065,s2.308853,s175.432334
164_80,s3.211712,s-2.022470,s309.990024
164_81,s-1.657812,s-3.622843,s177.681394
164_82,s-1.288315,s3.524138,s28.111839
164_83,s-2.440594,s3.693602,s4.337249
164_84,s4.053173,s1.645862,s235.370529
164_85,s-2.132274,s-3.648907,s150.465723
164_86,s-3.704284,s2.349893,s91.669495
164_87,s-4.076622,s-1.664625,s105.758194
164_88,s3.846567,s0.174683,s267.922559
164_89,s2.762435,s3.650314,s308.550783
164_90,s-4.012850,s0.975925,s325.298915
164_91,s0.950804,s-4.651274,s318.187177
164_92,s-4.262510,s-0.182524,s129.693236
164_93,s3.472518,s2.557100,s308.089703
164_94,s4.101918,s-0.617638,s281.172475
164_95,s-1.119694,s-4.366845,s214.149228
164_96,s0.627519,s4.333238,s87.276039
164_97,s-4.157373,s-2.154282,s133.454198
164_98,s-2.076141,s4.348104,s339.099085
164_99,s-2.212038,s-4.535128,s99.025480
164_100,s3.906492,s-2.154181,s307.140724
164_101,s4.251897,s1.103711,s182.187419
164_102,s3.078430,s3.288743,s179.547212
164_103,s-0.758589,s4.049519,s47.385251
164_104,s3.420024,s-2.443094,s247.688598
164_105,s-3.470622,s-2.474567,s108.559925
164_106,s1.567302,s4.476831,s191.465084
164_107,s0.021776,s-4.325345,s152.337902
164_108,s-3.133110,s3.702920,s-12.707047
164_109,s4.582247,s-1.464061,s363.403126
164_110,s0.326810,s-4.756987,s237.869000
164_111,s3.229278,s-3.568398,s249.318355
164_112,s-4.278129,s1.859216,s150.090270
164_113,s5.150799,s0.649442,s353.002676
164_114,s4.126694,s2.102387,s331.402498
164_115,s-1.766287,s-4.771781,s224.704049
164_116,s0.686968,s5.093833,s290.700505
164_117,s4.291282,s-2.566525,s267.587534
164_118,s-4.902564,s-1.239383,s166.802773
164_119,s2.602686,s4.656044,s6.547659
164_120,s3.451308,s-4.145628,s237.686023
164_121,s-5.028296,s0.890680,s164.673109
164_122,s3.712998,s3.496395,s272.307439
164_123,s-2.957184,s-3.557677,s162.617676
164_124,s-0.443020,s4.606816,s46.828830
164_125,s-4.272153,s-3.699010,s171.343425
164_126,s-5.061002,s1.365391,s126.626026
164_127,s4.922374,s1.624285,s36.974245
164_128,s4.670701,s-0.084711,s230.774774
164_129,s-2.730840,s4.669146,s-20.421594
164_130,s-1.383659,s4.813353,s31.527846
164_131,s4.671572,s-2.070759,s227.068988
164_132,s-0.153017,s5.093370,s278.919167
164_133,s-4.153983,s2.714887,s26.776512
164_134,s-4.893638,s2.090481,s42.685430
164_135,s1.943192,s-5.149156,s132.036324
164_136,s4.175538,s3.901431,s-21.941704
164_137,s-0.956256,s-5.710771,s109.331268
164_138,s5.535894,s-1.605733,s176.185723
164_139,s4.085016,s-3.147148,s263.570479
164_140,s0.539806,s-5.478514,s135.321767
164_141,s4.814922,s2.924634,s350.233387
164_142,s-3.902817,s3.428304,s73.518267
164_143,s5.200684,s0.066797,s317.177184
164_144,s-2.404577,s-5.333507,s242.613789
164_145,s-3.697058,s-4.301925,s216.092005
164_146,s-4.897980,s-3.302545,s315.732456
164_147,s2.961509,s-4.483240,s78.138213
164_148,s-4.980570,s-2.474423,s112.204135
164_149,s-5.552518,s0.326087,s41.885217
164_150,s3.131799,s4.528553,s235.031030
164_151,s-5.053062,s-0.715792,s71.332977
164_152,s-5.556521,s-2.303243,s22.233298
164_153,s-0.950003,s5.443735,s303.731668
164_154,s0.833175,s5.759454,s267.761762
164_155,s5.413858,s-0.532673,s224.629819
164_156,s5.519563,s1.120925,s292.630179
164_157,s-3.737739,s-4.896348,s165.077851
164_158,s-5.481453,s1.681790,s100.012577
164_159,s4.315090,s-3.683938,s250.542389
164_160,s-3.642295,s4.169354,s352.408655
164_161,s-4.713584,s3.240451,s62.502682
164_162,s-5.449055,s-1.201750,s49.659439
164_163,s-5.950826,s-0.151459,s20.846422
165_0,s-0.204682,s0.352927,s310.936164
165_1,s0.057024,s-0.658110,s49.079244
165_2,s0.369010,s-0.640496,s246.735856
165_3,s-0.459908,s0.771691,s-24.530399
165_4,s0.396933,s0.424638,s257.745287
165_5,s1.409549,s0.797134,s105.780434
165_6,s-0.905970,s-0.530110,s0.637857
165_7,s1.250120,s-0.957070,s220.977237
165_8,s-1.210765,s-0.764599,s111.216906
165_9,s0.863600,s-1.440251,s109.624350
165_10,s0.197651,s1.285400,s234.533049
165_11,s-1.284118,s0.642840,s-0.784895
165_12,s1.570193,s-0.145579,s345.090555
165_13,s1.524973,s1.322823,s64.622693
165_14,s-1.893584,s0.426276,s127.833852
165_15,s-1.206991,s1.805227,s128.540271
165_16,s-0.571475,s2.344375,s98.304800
165_17,s-0.013708,s-1.211631,s179.828504
165_18,s-2.379491,s-0.274934,s235.664982
165_19,s1.354110,s-0.506027,s81.955514
165_20,s-2.176954,s1.257399,s6.875368
165_21,s-0.648987,s1.360954,s15.824694
165_22,s-0.644786,s-1.222575,s111.181753
165_23,s2.181512,s0.159704,s315.636054
165_24,s1.625456,s1.791050,s289.349043
165_25,s-0.604699,s-1.860955,s207.759342
165_26,s2.195697,s-0.324691,s206.763641
165_27,s1.441298,s-2.205633,s173.112704
165_28,s-0.939021,s2.768927,s46.078552
165_29,s-2.214190,s-2.068873,s90.879091
165_30,s0.657697,s2.019401,s88.193091
165_31,s0.849139,s-2.293540,s96.067295
165_32,s1.488233,s2.242955,s61.029889
165_33,s1.930069,s-2.148358,s243.348121
165_34,s0.966070,s-2.944701,s122.682554
165_35,s-1.046529,s-1.727905,s162.280559
165_36,s-2.937796,s0.587739,s184.033287
165_37,s-2.223823,s-1.206406,s32.841578
165_38,s-2.916796,s2.338725,s4.467986
165_39,s1.856599,s-0.822589,s225.982988
165_40,s-1.609008,s2.239525,s9.832707
165_41,s0.655378,s2.648889,s23.350279
165_42,s-2.866499,s-2.491051,s133.411656
165_43,s-2.893146,s-1.091807,s81.477693
165_44,s-0.030615,s2.654523,s-10.987003
165_45,s1.331828,s3.014112,s64.304787
165_46,s2.076809,s1.007475,s340.946468
165_47,s2.783405,s-0.547168,s226.922754
165_48,s-0.501814,s-2.824483,s218.752367
165_49,s-2.872817,s0.950507,s46.062651
165_50,s2.134878,s-3.029452,s165.226803
165_51,s1.931431,s2.686495,s265.730055
165_52,s2.590760,s1.044646,s279.815051
165_53,s-1.135735,s-2.917301,s71.328886
165_54,s2.990049,s0.400997,s326.710058
165_55,s2.824681,s-2.426839,s220.753607
165_56,s-3.203198,s-0.344108,s110.550237
165_57,s-2.284143,s3.017176,s331.726602
165_58,s0.102453,s-3.691846,s209.282547
165_59,s3.143337,s2.054595,s239.069827
165_60,s-0.945579,s-3.437017,s155.562617
165_61,s0.744977,s-3.684536,s280.150661
165_62,s2.666253,s-1.268049,s266.643244
165_63,s-3.294192,s-1.732583,s130.265496
165_64,s-0.362041,s3.734136,s264.776346
165_65,s-2.813117,s-3.108287,s276.818723
165_66,s-0.792786,s3.413756,s221.094337
165_67,s3.732935,s0.716448,s371.620958
165_68,s-3.493449,s0.418004,s157.017645
165_69,s-3.655477,s2.881934,s304.497583
165_70,s-4.413733,s0.487687,s150.204259
165_71,s1.821145,s-4.452116,s222.663253
165_72,s2.201333,s3.465627,s389.992767
165_73,s-0.348959,s-3.716935,s124.220255
165_74,s3.790198,s-0.992240,s216.374041
165_75,s3.426368,s-0.464931,s349.678605
165_76,s-3.941508,s-1.035390,s96.239216
165_77,s0.769243,s3.712470,s337.363333
165_78,s2.375267,s-3.685553,s243.747789
165_79,s2.686065,s2.308853,s175.432334
165_80,s3.211712,s-2.022470,s309.990024
165_81,s-1.657812,s-3.622843,s177.681394
165_82,s-1.288315,s3.524138,s28.111839
165_83,s-2.440594,s3.693602,s4.337249
165_84,s4.053173,s1.645862,s235.370529
165_85,s-2.132274,s-3.648907,s150.465723
165_86,s-3.704284,s2.349893,s91.669495
165_87,s-4.076622,s-1.664625,s105.758194
165_88,s3.846567,s0.174683,s267.922559
165_89,s2.762435,s3.650314,s308.550783
165_90,s-4.012850,s0.975925,s325.298915
165_91,s0.950804,s-4.651274,s318.187177
165_92,s-4.262510,s-0.182524,s129.693236
165_93,s3.472518,s2.557100,s308.089703
165_94,s4.101918,s-0.617638,s281.172475
165_95,s-1.119694,s-4.366845,s214.149228
165_96,s0.627519,s4.333238,s87.276039
165_97,s-4.157373,s-2.154282,s133.454198
165_98,s-2.076141,s4.348104,s339.099085
165_99,s-2.212038,s-4.535128,s99.025480
165_100,s3.906492,s-2.154181,s307.140724
165_101,s4.251897,s1.103711,s182.187419
165_102,s3.078430,s3.288743,s179.547212
165_103,s-0.758589,s4.049519,s47.385251
165_104,s3.420024,s-2.443094,s247.688598
165_105,s-3.470622,s-2.474567,s108.559925
165_106,s1.567302,s4.476831,s191.465084
165_107,s0.021776,s-4.325345,s152.337902
165_108,s-3.133110,s3.702920,s-12.707047
165_109,s4.582247,s-1.464061,s363.403126
165_110,s0.326810,s-4.756987,s237.869000
165_111,s3.229278,s-3.568398,s249.318355
165_112,s-4.278129,s1.859216,s150.090270
165_113,s5.150799,s0.649442,s353.002676
165_114,s4.126694,s2.102387,s331.402498
165_115,s-1.766287,s-4.771781,s224.704049
165_116,s0.686968,s5.093833,s290.700505
165_117,s4.291282,s-2.566525,s267.587534
165_118,s-4.902564,s-1.239383,s166.802773
165_119,s2.602686,s4.656044,s6.547659
165_120,s3.451308,s-4.145628,s237.686023
165_121,s-5.028296,s0.890680,s164.673109
165_122,s3.712998,s3.496395,s272.307439
165_123,s-2.957184,s-3.557677,s162.617676
165_124,s-0.443020,s4.606816,s46.828830
165_125,s-4.272153,s-3.699010,s171.343425
165_126,s-5.061002,s1.365391,s126.626026
165_127,s4.922374,s1.624285,s36.974245
165_128,s4.670701,s-0.084711,s230.774774
165_129,s-2.730840,s4.669146,s-20.421594
165_130,s-1.383659,s4.813353,s31.527846
165_131,s4.671572,s-2.070759,s227.068988
165_132,s-0.153017,s5.093370,s278.919167
165_133,s-4.153983,s2.714887,s26.776512
165_134,s-4.893638,s2.090481,s42.685430
165_135,s1.943192,s-5.149156,s132.036324
165_136,s4.175538,s3.901431,s-21.941704
165_137,s-0.956256,s-5.710771,s109.331268
165_138,s5.535894,s-1.605733,s176.185723
165_139,s4.085016,s-3.147148,s263.570479
165_140,s0.539806,s-5.478514,s135.321767
165_141,s4.814922,s2.924634,s350.233387
165_142,s-3.902817,s3.428304,s73.518267
165_143,s5.200684,s0.066797,s317.177184
165_144,s-2.404577,s-5.333507,s242.613789
165_145,s-3.697058,s-4.301925,s216.092005
165_146,s-4.897980,s-3.302545,s315.732456
165_147,s2.961509,s-4.483240,s78.138213
165_148,s-4.980570,s-2.474423,s112.204135
165_149,s-5.552518,s0.326087,s41.885217
165_150,s3.131799,s4.528553,s235.031030
165_151,s-5.053062,s-0.715792,s71.332977
165_152,s-5.556521,s-2.303243,s22.233298
165_153,s-0.950003,s5.443735,s303.731668
165_154,s0.833175,s5.759454,s267.761762
165_155,s5.413858,s-0.532673,s224.629819
165_156,s5.519563,s1.120925,s292.630179
165_157,s-3.737739,s-4.896348,s165.077851
165_158,s-5.481453,s1.681790,s100.012577
165_159,s4.315090,s-3.683938,s250.542389
165_160,s-3.642295,s4.169354,s352.408655
165_161,s-4.713584,s3.240451,s62.502682
165_162,s-5.449055,s-1.201750,s49.659439
165_163,s-5.950826,s-0.151459,s20.846422
165_164,s-2.948900,s5.179343,s85.408923
166_0,s-0.218163,s0.289580,s309.035360
166_1,s0.057024,s-0.658110,s49.079244
166_2,s0.369010,s-0.640496,s246.735856
166_3,s-0.498639,s0.807701,s-28.547428
166_4,s0.410513,s0.393257,s263.447698
166_5,s1.362371,s0.805628,s105.712075
166_6,s-0.896886,s-0.494201,s-7.625965
166_7,s1.254605,s-0.986504,s226.237442
166_8,s-1.210765,s-0.764599,s111.216906
166_9,s0.863600,s-1.440251,s109.624350
166_10,s0.197651,s1.285400,s234.533049
166_11,s-1.415003,s0.496202,s4.058555
166_12,s1.570193,s-0.145579,s345.090555
166_13,s1.524973,s1.322823,s64.622693
166_14,s-1.971772,s0.560172,s132.875473
166_15,s-1.205241,s1.689285,s131.150634
166_16,s-0.571475,s2.344375,s98.304800
166_17,s-0.013708,s-1.211631,s179.828504
166_18,s-2.420700,s-0.225018,s227.508121
166_19,s1.377372,s-0.477503,s79.707634
166_20,s-2.198437,s1.314378,s-10.913955
166_21,s-0.648987,s1.360954,s15.824694
166_22,s-0.633492,s-1.144868,s113.833969
166_23,s2.091466,s0.153328,s321.876631
166_24,s1.625456,s1.791050,s289.349043
166_25,s-0.471058,s-1.925288,s220.598090
166_26,s2.195697,s-0.324691,s206.763641
166_27,s1.441298,s-2.205633,s173.112704
166_28,s-0.981083,s2.712993,s31.592592
166_29,s-2.163721,s-2.012400,s89.408536
166_30,s0.657697,s2.019401,s88.193091
166_31,s0.850099,s-2.240943,s92.333168
166_32,s1.525567,s2.238962,s55.582273
166_33,s1.930069,s-2.148358,s243.348121
166_34,s1.057173,s-2.992262,s119.691474
166_35,s-1.081997,s-1.757339,s169.722695
166_36,s-2.940170,s0.439649,s179.122501
166_37,s-2.223823,s-1.206406,s32.841578
166_38,s-2.855607,s2.289129,s16.012245
166_39,s1.845498,s-0.821142,s226.938765
166_40,s-1.609008,s2.239525,s9.832707
166_41,s0.728840,s2.737058,s28.936955
166_42,s-2.866499,s-2.491051,s133.411656
166_43,s-3.009115,s-0.994084,s85.376557
166_44,s-0.030615,s2.654523,s-10.987003
166_45,s1.328643,s3.088101,s65.501969
166_46,s2.076809,s1.007475,s340.946468
166_47,s2.785226,s-0.597947,s227.028753
166_48,s-0.501814,s-2.824483,s218.752367
166_49,s-2.818248,s1.237253,s63.846497
166_50,s2.134878,s-3.029452,s165.226803
166_51,s1.950561,s2.680141,s269.567116
166_52,s2.590760,s1.044646,s279.815051
166_53,s-1.200289,s-3.017330,s71.645342
166_54,s3.031238,s0.318625,s330.198776
166_55,s2.824681,s-2.426839,s220.753607
166_56,s-3.203198,s-0.344108,s110.550237
166_57,s-2.083433,s3.139698,s328.549309
166_58,s0.102453,s-3.691846,s209.282547
166_59,s3.140152,s2.014618,s232.800993
166_60,s-0.945579,s-3.437017,s155.562617
166_61,s0.784439,s-3.802617,s283.822536
166_62,s2.984740,s-1.320964,s264.609699
166_63,s-3.294192,s-1.732583,s130.265496
166_64,s-0.238279,s3.815331,s254.656484
166_65,s-2.813117,s-3.108287,s276.818723
166_66,s-0.792786,s3.413756,s221.094337
166_67,s3.732935,s0.716448,s371.620958
166_68,s-3.493449,s0.418004,s157.017645
166_69,s-3.655477,s2.881934,s304.497583
166_70,s-4.404187,s0.581133,s146.346536
166_71,s1.836915,s-4.352378,s219.208544
166_72,s2.201333,s3.465627,s389.992767
166_73,s-0.348959,s-3.716935,s124.220255
166_74,s3.790198,s-0.992240,s216.374041
166_75,s3.426368,s-0.464931,s349.678605
166_76,s-3.945635,s-0.831443,s93.248496
166_77,s0.740508,s3.671346,s343.418079
166_78,s2.322669,s-3.638260,s241.625189
166_79,s2.686065,s2.308853,s175.432334
166_80,s3.207842,s-1.974788,s307.182008
166_81,s-1.657812,s-3.622843,s177.681394
166_82,s-1.294600,s3.684719,s13.332796
166_83,s-2.468256,s3.732566,s9.584512
166_84,s4.053173,s1.645862,s235.370529
166_85,s-2.160704,s-3.667258,s146.392761
166_86,s-3.704284,s2.349893,s91.669495
166_87,s-4.211236,s-1.696374,s105.960481
166_88,s3.846567,s0.174683,s267.922559
166_89,s2.762435,s3.650314,s308.550783
166_90,s-4.146357,s1.058664,s321.815364
166_91,s0.988087,s-4.622531,s318.601137
166_92,s-4.262510,s-0.182524,s129.693236
166_93,s3.524723,s2.659080,s305.652560
166_94,s4.101918,s-0.617638,s281.172475
166_95,s-1.119694,s-4.366845,s214.149228
166_96,s0.716465,s4.510801,s88.580293
166_97,s-4.129369,s-2.184675,s132.904502
166_98,s-2.082119,s4.400386,s336.880875
166_99,s-2.212038,s-4.535128,s99.025480
166_100,s3.886120,s-2.129423,s303.540853
166_101,s4.251897,s1.103711,s182.187419
166_102,s3.078430,s3.288743,s179.547212
166_103,s-0.688870,s3.945810,s43.637425
166_104,s3.420024,s-2.443094,s247.688598
166_105,s-3.460288,s-2.444281,s108.257786
166_106,s1.567302,s4.476831,s191.465084
166_107,s0.020765,s-4.347111,s152.948390
166_108,s-3.133110,s3.702920,s-12.707047
166_109,s4.582247,s-1.464061,s363.403126
166_110,s0.326810,s-4.756987,s237.869000
166_111,s3.229278,s-3.568398,s249.318355
166_112,s-4.253397,s1.861304,s154.315767
166_113,s5.150799,s0.649442,s353.002676
166_114,s4.002488,s2.107307,s332.259654
166_115,s-1.724488,s-4.603512,s223.158365
166_116,s0.731754,s5.115011,s285.106515
166_117,s4.291282,s-2.566525,s267.587534
166_118,s-4.895555,s-1.086358,s175.311940
166_119,s2.738954,s4.726328,s9.766287
166_120,s3.493351,s-4.213053,s238.260645
166_121,s-5.028296,s0.890680,s164.673109
166_122,s3.748971,s3.631600,s267.000483
166_123,s-2.941872,s-3.516024,s156.274380
166_124,s-0.462970,s4.709358,s45.688428
166_125,s-4.272153,s-3.699010,s171.343425
166_126,s-5.061002,s1.365391,s126.626026
166_127,s5.013819,s1.662285,s43.925413
166_128,s4.670701,s-0.084711,s230.774774
166_129,s-2.667094,s4.731067,s-23.110779
166_130,s-1.383659,s4.813353,s31.527846
166_131,s4.699164,s-2.017586,s232.167330
166_132,s-0.185327,s5.134103,s276.416809
166_133,s-4.230145,s2.797159,s19.220475
166_134,s-4.893638,s2.090481,s42.685430
166_135,s1.679249,s-5.080231,s133.032529
166_136,s4.120986,s4.190786,s-23.282694
166_137,s-1.003299,s-5.836777,s111.500726
166_138,s5.628730,s-1.649780,s165.450584
166_139,s4.085016,s-3.147148,s263.570479
166_140,s0.482634,s-5.580985,s137.565704
166_141,s4.901808,s2.900065,s345.124886
166_142,s-3.898262,s3.347582,s50.640853
166_143,s5.270772,s-0.054345,s308.841036
166_144,s-2.307818,s-5.223431,s234.757141
166_145,s-3.749538,s-4.291385,s221.595308
166_146,s-4.936246,s-3.200555,s298.777765
166_147,s2.993192,s-4.469988,s83.774720
166_148,s-5.042443,s-2.558004,s103.060892
166_149,s-5.552518,s0.326087,s41.885217
166_150,s3.076769,s4.495611,s241.455403
166_151,s-5.053062,s-0.715792,s71.332977
166_152,s-5.571879,s-2.304464,s22.066897
166_153,s-1.005926,s5.478969,s305.840775
166_154,s0.833175,s5.759454,s267.761762
166_155,s5.413858,s-0.532673,s224.629819
166_156,s5.547425,s1.135099,s298.382799
166_157,s-3.726944,s-4.844908,s168.675555
166_158,s-5.481453,s1.681790,s100.012577
166_159,s4.373719,s-3.663916,s257.243472
166_160,s-3.762387,s4.268343,s342.523846
166_161,s-4.713584,s3.240451,s62.502682
166_162,s-5.449055,s-1.201750,s49.659439
166_163,s-5.950826,s-0.151459,s20.846422
166_164,s-2.988089,s5.208553,s83.449459
166_165,s5.042451,s-3.101626,s222.182461
167_0,s-0.218163,s0.289580,s309.035360
167_1,s0.057024,s-0.658110,s49.079244
167_2,s0.369010,s-0.640496,s246.735856
167_3,s-0.498639,s0.807701,s-28.547428
167_4,s0.410513,s0.393257,s263.447698
167_5,s1.362371,s0.805628,s105.712075
167_6,s-0.896886,s-0.494201,s-7.625965
167_7,s1.254605,s-0.986504,s226.237442
167_8,s-1.210765,s-0.764599,s111.216906
167_9,s0.863600,s-1.440251,s109.624350
167_10,s0.197651,s1.285400,s234.533049
167_11,s-1.415003,s0.496202,s4.058555
167_12,s1.570193,s-0.145579,s345.090555
167_13,s1.524973,s1.322823,s64.622693
167_14,s-1.971772,s0.560172,s132.875473
167_15,s-1.205241,s1.689285,s131.150634
167_16,s-0.571475,s2.344375,s98.304800
167_17,s-0.013708,s-1.211631,s179.828504
167_18,s-2.420700,s-0.225018,s227.508121
167_19,s1.377372,s-0.477503,s79.707634
167_20,s-2.198437,s1.314378,s-10.913955
167_21,s-0.648987,s1.360954,s15.824694
167_22,s-0.633492,s-1.144868,s113.833969
167_23,s2.091466,s0.153328,s321.876631
167_24,s1.625456,s1.791050,s289.349043
167_25,s-0.471058,s-1.925288,s220.598090
167_26,s2.195697,s-0.324691,s206.763641
167_27,s1.441298,s-2.205633,s173.112704
167_28,s-0.981083,s2.712993,s31.592592
167_29,s-2.163721,s-2.012400,s89.408536
167_30,s0.657697,s2.019401,s88.193091
167_31,s0.850099,s-2.240943,s92.333168
167_32,s1.525567,s2.238962,s55.582273
167_33,s1.930069,s-2.148358,s243.348121
167_34,s1.057173,s-2.992262,s119.691474
167_35,s-1.081997,s-1.757339,s169.722695
167_36,s-2.940170,s0.439649,s179.122501
167_37,s-2.223823,s-1.206406,s32.841578
167_38,s-2.855607,s2.289129,s16.012245
167_39,s1.845498,s-0.821142,s226.938765
167_40,s-1.609008,s2.239525,s9.832707
167_41,s0.728840,s2.737058,s28.936955
167_42,s-2.866499,s-2.491051,s133.411656
167_43,s-3.009115,s-0.994084,s85.376557
167_44,s-0.030615,s2.654523,s-10.987003
167_45,s1.328643,s3.088101,s65.501969
167_46,s2.076809,s1.007475,s340.946468
167_47,s2.785226,s-0.597947,s227.028753
167_48,s-0.501814,s-2.824483,s218.752367
167_49,s-2.818248,s1.237253,s63.846497
167_50,s2.134878,s-3.029452,s165.226803
167_51,s1.950561,s2.680141,s269.567116
167_52,s2.590760,s1.044646,s279.815051
167_53,s-1.200289,s-3.017330,s71.645342
167_54,s3.031238,s0.318625,s330.198776
167_55,s2.824681,s-2.426839,s220.753607
167_56,s-3.203198,s-0.344108,s110.550237
167_57,s-2.083433,s3.139698,s328.549309
167_58,s0.102453,s-3.691846,s209.282547
167_59,s3.140152,s2.014618,s232.800993
167_60,s-0.945579,s-3.437017,s155.562617
167_61,s0.784439,s-3.802617,s283.822536
167_62,s2.984740,s-1.320964,s264.609699
167_63,s-3.294192,s-1.732583,s130.265496
167_64,s-0.238279,s3.815331,s254.656484
167_65,s-2.813117,s-3.108287,s276.818723
167_66,s-0.792786,s3.413756,s221.094337
167_67,s3.732935,s0.716448,s371.620958
167_68,s-3.493449,s0.418004,s157.017645
167_69,s-3.655477,s2.881934,s304.497583
167_70,s-4.404187,s0.581133,s146.346536
167_71,s1.836915,s-4.352378,s219.208544
167_72,s2.201333,s3.465627,s389.992767
167_73,s-0.348959,s-3.716935,s124.220255
167_74,s3.790198,s-0.992240,s216.374041
167_75,s3.426368,s-0.464931,s349.678605
167_76,s-3.945635,s-0.831443,s93.248496
167_77,s0.740508,s3.671346,s343.418079
167_78,s2.322669,s-3.638260,s241.625189
167_79,s2.686065,s2.308853,s175.432334
167_80,s3.207842,s-1.974788,s307.182008
167_81,s-1.657812,s-3.622843,s177.681394
167_82,s-1.294600,s3.684719,s13.332796
167_83,s-2.468256,s3.732566,s9.584512
167_84,s4.053173,s1.645862,s235.370529
167_85,s-2.160704,s-3.667258,s146.392761
167_86,s-3.704284,s2.349893,s91.669495
167_87,s-4.211236,s-1.696374,s105.960481
167_88,s3.846567,s0.174683,s267.922559
167_89,s2.762435,s3.650314,s308.550783
167_90,s-4.146357,s1.058664,s321.815364
167_91,s0.988087,s-4.622531,s318.601137
167_92,s-4.262510,s-0.182524,s129.693236
167_93,s3.524723,s2.659080,s305.652560
167_94,s4.101918,s-0.617638,s281.172475
167_95,s-1.119694,s-4.366845,s214.149228
167_96,s0.716465,s4.510801,s88.580293
167_97,s-4.129369,s-2.184675,s132.904502
167_98,s-2.082119,s4.400386,s336.880875
167_99,s-2.212038,s-4.535128,s99.025480
167_100,s3.886120,s-2.129423,s303.540853
167_101,s4.251897,s1.103711,s182.187419
167_102,s3.078430,s3.288743,s179.547212
167_103,s-0.688870,s3.945810,s43.637425
167_104,s3.420024,s-2.443094,s247.688598
167_105,s-3.460288,s-2.444281,s108.257786
167_106,s1.567302,s4.476831,s191.465084
167_107,s0.020765,s-4.347111,s152.948390
167_108,s-3.133110,s3.702920,s-12.707047
167_109,s4.582247,s-1.464061,s363.403126
167_110,s0.326810,s-4.756987,s237.869000
167_111,s3.229278,s-3.568398,s249.318355
167_112,s-4.253397,s1.861304,s154.315767
167_113,s5.150799,s0.649442,s353.002676
167_114,s4.002488,s2.107307,s332.259654
167_115,s-1.724488,s-4.603512,s223.158365
167_116,s0.731754,s5.115011,s285.106515
167_117,s4.291282,s-2.566525,s267.587534
167_118,s-4.895555,s-1.086358,s175.311940
167_119,s2.738954,s4.726328,s9.766287
167_120,s3.493351,s-4.213053,s238.260645
167_121,s-5.028296,s0.890680,s164.673109
167_122,s3.748971,s3.631600,s267.000483
167_123,s-2.941872,s-3.516024,s156.274380
167_124,s-0.462970,s4.709358,s45.688428
167_125,s-4.272153,s-3.699010,s171.343425
167_126,s-5.061002,s1.365391,s126.626026
167_127,s5.013819,s1.662285,s43.925413
167_128,s4.670701,s-0.084711,s230.774774
167_129,s-2.667094,s4.731067,s-23.110779
167_130,s-1.383659,s4.813353,s31.527846
167_131,s4.699164,s-2.017586,s232.167330
167_132,s-0.185327,s5.134103,s276.416809
167_133,s-4.230145,s2.797159,s19.220475
167_134,s-4.893638,s2.090481,s42.685430
167_135,s1.679249,s-5.080231,s133.032529
167_136,s4.120986,s4.190786,s-23.282694
167_137,s-1.003299,s-5.836777,s111.500726
167_138,s5.628730,s-1.649780,s165.450584
167_139,s4.085016,s-3.147148,s263.570479
167_140,s0.482634,s-5.580985,s137.565704
167_141,s4.901808,s2.900065,s345.124886
167_142,s-3.898262,s3.347582,s50.640853
167_143,s5.270772,s-0.054345,s308.841036
167_144,s-2.307818,s-5.223431,s234.757141
167_145,s-3.749538,s-4.291385,s221.595308
167_146,s-4.936246,s-3.200555,s298.777765
167_147,s2.993192,s-4.469988,s83.774720
167_148,s-5.042443,s-2.558004,s103.060892
167_149,s-5.552518,s0.326087,s41.885217
167_150,s3.076769,s4.495611,s241.455403
167_151,s-5.053062,s-0.715792,s71.332977
167_152,s-5.571879,s-2.304464,s22.066897
167_153,s-1.005926,s5.478969,s305.840775
167_154,s0.833175,s5.759454,s267.761762
167_155,s5.413858,s-0.532673,s224.629819
167_156,s5.547425,s1.135099,s298.382799
167_157,s-3.726944,s-4.844908,s168.675555
167_158,s-5.481453,s1.681790,s100.012577
167_159,s4.373719,s-3.663916,s257.243472
167_160,s-3.762387,s4.268343,s342.523846
167_161,s-4.713584,s3.240451,s62.502682
167_162,s-5.449055,s-1.201750,s49.659439
167_163,s-5.950826,s-0.151459,s20.846422
167_164,s-2.988089,s5.208553,s83.449459
167_165,s5.042451,s-3.101626,s222.182461
167_166,s0.195813,s5.526532,s14.636836
168_0,s-0.218163,s0.289580,s309.035360
168_1,s0.057024,s-0.658110,s49.079244
168_2,s0.369010,s-0.640496,s246.735856
168_3,s-0.498639,s0.807701,s-28.547428
168_4,s0.410513,s0.393257,s263.447698
168_5,s1.362371,s0.805628,s105.712075
168_6,s-0.896886,s-0.494201,s-7.625965
168_7,s1.254605,s-0.986504,s226.237442
168_8,s-1.210765,s-0.764599,s111.216906
168_9,s0.863600,s-1.440251,s109.624350
168_10,s0.197651,s1.285400,s234.533049
168_11,s-1.415003,s0.496202,s4.058555
168_12,s1.570193,s-0.145579,s345.090555
168_13,s1.524973,s1.322823,s64.622693
168_14,s-1.971772,s0.560172,s132.875473
168_15,s-1.205241,s1.689285,s131.150634
168_16,s-0.571475,s2.344375,s98.304800
168_17,s-0.013708,s-1.211631,s179.828504
168_18,s-2.420700,s-0.225018,s227.508121
168_19,s1.377372,s-0.477503,s79.707634
168_20,s-2.198437,s1.314378,s-10.913955
168_21,s-0.648987,s1.360954,s15.824694
168_22,s-0.633492,s-1.144868,s113.833969
168_23,s2.091466,s0.153328,s321.876631
168_24,s1.625456,s1.791050,s289.349043
168_25,s-0.471058,s-1.925288,s220.598090
168_26,s2.195697,s-0.324691,s206.763641
168_27,s1.441298,s-2.205633,s173.112704
168_28,s-0.981083,s2.712993,s31.592592
168_29,s-2.163721,s-2.012400,s89.408536
168_30,s0.657697,s2.019401,s88.193091
168_31,s0.850099,s-2.240943,s92.333168
168_32,s1.525567,s2.238962,s55.582273
168_33,s1.930069,s-2.148358,s243.348121
168_34,s1.057173,s-2.992262,s119.691474
168_35,s-1.081997,s-1.757339,s169.722695
168_36,s-2.940170,s0.439649,s179.122501
168_37,s-2.223823,s-1.206406,s32.841578
168_38,s-2.855607,s2.289129,s16.012245
168_39,s1.845498,s-0.821142,s226.938765
168_40,s-1.609008,s2.239525,s9.832707
168_41,s0.728840,s2.737058,s28.936955
168_42,s-2.866499,s-2.491051,s133.411656
168_43,s-3.009115,s-0.994084,s85.376557
168_44,s-0.030615,s2.654523,s-10.987003
168_45,s1.328643,s3.088101,s65.501969
168_46,s2.076809,s1.007475,s340.946468
168_47,s2.785226,s-0.597947,s227.028753
168_48,s-0.501814,s-2.824483,s218.752367
168_49,s-2.818248,s1.237253,s63.846497
168_50,s2.134878,s-3.029452,s165.226803
168_51,s1.950561,s2.680141,s269.567116
168_52,s2.590760,s1.044646,s279.815051
168_53,s-1.200289,s-3.017330,s71.645342
168_54,s3.031238,s0.318625,s330.198776
168_55,s2.824681,s-2.426839,s220.753607
168_56,s-3.203198,s-0.344108,s110.550237
168_57,s-2.083433,s3.139698,s328.549309
168_58,s0.102453,s-3.691846,s209.282547
168_59,s3.140152,s2.014618,s232.800993
168_60,s-0.945579,s-3.437017,s155.562617
168_61,s0.784439,s-3.802617,s283.822536
168_62,s2.984740,s-1.320964,s264.609699
168_63,s-3.294192,s-1.732583,s130.265496
168_64,s-0.238279,s3.815331,s254.656484
168_65,s-2.813117,s-3.108287,s276.818723
168_66,s-0.792786,s3.413756,s221.094337
168_67,s3.732935,s0.716448,s371.620958
168_68,s-3.493449,s0.418004,s157.017645
168_69,s-3.655477,s2.881934,s304.497583
168_70,s-4.404187,s0.581133,s146.346536
168_71,s1.836915,s-4.352378,s219.208544
168_72,s2.201333,s3.465627,s389.992767
168_73,s-0.348959,s-3.716935,s124.220255
168_74,s3.790198,s-0.992240,s216.374041
168_75,s3.426368,s-0.464931,s349.678605
168_76,s-3.945635,s-0.831443,s93.248496
168_77,s0.740508,s3.671346,s343.418079
168_78,s2.322669,s-3.638260,s241.625189
168_79,s2.686065,s2.308853,s175.432334
168_80,s3.207842,s-1.974788,s307.182008
168_81,s-1.657812,s-3.622843,s177.681394
168_82,s-1.294600,s3.684719,s13.332796
168_83,s-2.468256,s3.732566,s9.584512
168_84,s4.053173,s1.645862,s235.370529
168_85,s-2.160704,s-3.667258,s146.392761
168_86,s-3.704284,s2.349893,s91.669495
168_87,s-4.211236,s-1.696374,s105.960481
168_88,s3.846567,s0.174683,s267.922559
168_89,s2.762435,s3.650314,s308.550783
168_90,s-4.146357,s1.058664,s321.815364
168_91,s0.988087,s-4.622531,s318.601137
168_92,s-4.262510,s-0.182524,s129.693236
168_93,s3.524723,s2.659080,s305.652560
168_94,s4.101918,s-0.617638,s281.172475
168_95,s-1.119694,s-4.366845,s214.149228
168_96,s0.716465,s4.510801,s88.580293
168_97,s-4.129369,s-2.184675,s132.904502
168_98,s-2.082119,s4.400386,s336.880875
168_99,s-2.212038,s-4.535128,s99.025480
168_100,s3.886120,s-2.129423,s303.540853
168_101,s4.251897,s1.103711,s182.187419
168_102,s3.078430,s3.288743,s179.547212
168_103,s-0.688870,s3.945810,s43.637425
168_104,s3.420024,s-2.443094,s247.688598
168_105,s-3.460288,s-2.444281,s108.257786
168_106,s1.567302,s4.476831,s191.465084
168_107,s0.020765,s-4.347111,s152.948390
168_108,s-3.133110,s3.702920,s-12.707047
168_109,s4.582247,s-1.464061,s363.403126
168_110,s0.326810,s-4.756987,s237.869000
168_111,s3.229278,s-3.568398,s249.318355
168_112,s-4.253397,s1.861304,s154.315767
168_113,s5.150799,s0.649442,s353.002676
168_114,s4.002488,s2.107307,s332.259654
168_115,s-1.724488,s-4.603512,s223.158365
168_116,s0.731754,s5.115011,s285.106515
168_117,s4.291282,s-2.566525,s267.587534
168_118,s-4.895555,s-1.086358,s175.311940
168_119,s2.738954,s4.726328,s9.766287
168_120,s3.493351,s-4.213053,s238.260645
168_121,s-5.028296,s0.890680,s164.673109
168_122,s3.748971,s3.631600,s267.000483
168_123,s-2.941872,s-3.516024,s156.274380
168_124,s-0.462970,s4.709358,s45.688428
168_125,s-4.272153,s-3.699010,s171.343425
168_126,s-5.061002,s1.365391,s126.626026
168_127,s5.013819,s1.662285,s43.925413
168_128,s4.670701,s-0.084711,s230.774774
168_129,s-2.667094,s4.731067,s-23.110779
168_130,s-1.383659,s4.813353,s31.527846
168_131,s4.699164,s-2.017586,s232.167330
168_132,s-0.185327,s5.134103,s276.416809
168_133,s-4.230145,s2.797159,s19.220475
168_134,s-4.893638,s2.090481,s42.685430
168_135,s1.679249,s-5.080231,s133.032529
168_136,s4.120986,s4.190786,s-23.282694
168_137,s-1.003299,s-5.836777,s111.500726
168_138,s5.628730,s-1.649780,s165.450584
168_139,s4.085016,s-3.147148,s263.570479
168_140,s0.482634,s-5.580985,s137.565704
168_141,s4.901808,s2.900065,s345.124886
168_142,s-3.898262,s3.347582,s50.640853
168_143,s5.270772,s-0.054345,s308.841036
168_144,s-2.307818,s-5.223431,s234.757141
168_145,s-3.749538,s-4.291385,s221.595308
168_146,s-4.936246,s-3.200555,s298.777765
168_147,s2.993192,s-4.469988,s83.774720
168_148,s-5.042443,s-2.558004,s103.060892
168_149,s-5.552518,s0.326087,s41.885217
168_150,s3.076769,s4.495611,s241.455403
168_151,s-5.053062,s-0.715792,s71.332977
168_152,s-5.571879,s-2.304464,s22.066897
168_153,s-1.005926,s5.478969,s305.840775
168_154,s0.833175,s5.759454,s267.761762
168_155,s5.413858,s-0.532673,s224.629819
168_156,s5.547425,s1.135099,s298.382799
168_157,s-3.726944,s-4.844908,s168.675555
168_158,s-5.481453,s1.681790,s100.012577
168_159,s4.373719,s-3.663916,s257.243472
168_160,s-3.762387,s4.268343,s342.523846
168_161,s-4.713584,s3.240451,s62.502682
168_162,s-5.449055,s-1.201750,s49.659439
168_163,s-5.950826,s-0.151459,s20.846422
168_164,s-2.988089,s5.208553,s83.449459
168_165,s5.042451,s-3.101626,s222.182461
168_166,s0.195813,s5.526532,s14.636836
168_167,s2.645664,s-4.833277,s148.956109
169_0,s-0.218163,s0.289580,s309.035360
169_1,s0.057024,s-0.658110,s49.079244
169_2,s0.369010,s-0.640496,s246.735856
169_3,s-0.498639,s0.807701,s-28.547428
169_4,s0.410513,s0.393257,s263.447698
169_5,s1.362371,s0.805628,s105.712075
169_6,s-0.896886,s-0.494201,s-7.625965
169_7,s1.254605,s-0.986504,s226.237442
169_8,s-1.210765,s-0.764599,s111.216906
169_9,s0.863600,s-1.440251,s109.624350
169_10,s0.197651,s1.285400,s234.533049
169_11,s-1.415003,s0.496202,s4.058555
169_12,s1.570193,s-0.145579,s345.090555
169_13,s1.524973,s1.322823,s64.622693
169_14,s-1.971772,s0.560172,s132.875473
169_15,s-1.205241,s1.689285,s131.150634
169_16,s-0.571475,s2.344375,s98.304800
169_17,s-0.013708,s-1.211631,s179.828504
169_18,s-2.420700,s-0.225018,s227.508121
169_19,s1.377372,s-0.477503,s79.707634
169_20,s-2.198437,s1.314378,s-10.913955
169_21,s-0.648987,s1.360954,s15.824694
169_22,s-0.633492,s-1.144868,s113.833969
169_23,s2.091466,s0.153328,s321.876631
169_24,s1.625456,s1.791050,s289.349043
169_25,s-0.471058,s-1.925288,s220.598090
169_26,s2.195697,s-0.324691,s206.763641
169_27,s1.441298,s-2.205633,s173.112704
169_28,s-0.981083,s2.712993,s31.592592
169_29,s-2.163721,s-2.012400,s89.408536
169_30,s0.657697,s2.019401,s88.193091
169_31,s0.850099,s-2.240943,s92.333168
169_32,s1.525567,s2.238962,s55.582273
169_33,s1.930069,s-2.148358,s243.348121
169_34,s1.057173,s-2.992262,s119.691474
169_35,s-1.081997,s-1.757339,s169.722695
169_36,s-2.940170,s0.439649,s179.122501
169_37,s-2.223823,s-1.206406,s32.841578
169_38,s-2.855607,s2.289129,s16.012245
169_39,s1.845498,s-0.821142,s226.938765
169_40,s-1.609008,s2.239525,s9.832707
169_41,s0.728840,s2.737058,s28.936955
169_42,s-2.866499,s-2.491051,s133.411656
169_43,s-3.009115,s-0.994084,s85.376557
169_44,s-0.030615,s2.654523,s-10.987003
169_45,s1.328643,s3.088101,s65.501969
169_46,s2.076809,s1.007475,s340.946468
169_47,s2.785226,s-0.597947,s227.028753
169_48,s-0.501814,s-2.824483,s218.752367
169_49,s-2.818248,s1.237253,s63.846497
169_50,s2.134878,s-3.029452,s165.226803
169_51,s1.950561,s2.680141,s269.567116
169_52,s2.590760,s1.044646,s279.815051
169_53,s-1.200289,s-3.017330,s71.645342
169_54,s3.031238,s0.318625,s330.198776
169_55,s2.824681,s-2.426839,s220.753607
169_56,s-3.203198,s-0.344108,s110.550237
169_57,s-2.083433,s3.139698,s328.549309
169_58,s0.102453,s-3.691846,s209.282547
169_59,s3.140152,s2.014618,s232.800993
169_60,s-0.945579,s-3.437017,s155.562617
169_61,s0.784439,s-3.802617,s283.822536
169_62,s2.984740,s-1.320964,s264.609699
169_63,s-3.294192,s-1.732583,s130.265496
169_64,s-0.238279,s3.815331,s254.656484
169_65,s-2.813117,s-3.108287,s276.818723
169_66,s-0.792786,s3.413756,s221.094337
169_67,s3.732935,s0.716448,s371.620958
169_68,s-3.493449,s0.418004,s157.017645
169_69,s-3.655477,s2.881934,s304.497583
169_70,s-4.404187,s0.581133,s146.346536
169_71,s1.836915,s-4.352378,s219.208544
169_72,s2.201333,s3.465627,s389.992767
169_73,s-0.348959,s-3.716935,s124.220255
169_74,s3.790198,s-0.992240,s216.374041
169_75,s3.426368,s-0.464931,s349.678605
169_76,s-3.945635,s-0.831443,s93.248496
169_77,s0.740508,s3.671346,s343.418079
169_78,s2.322669,s-3.638260,s241.625189
169_79,s2.686065,s2.308853,s175.432334
169_80,s3.207842,s-1.974788,s307.182008
169_81,s-1.657812,s-3.622843,s177.681394
169_82,s-1.294600,s3.684719,s13.332796
169_83,s-2.468256,s3.732566,s9.584512
169_84,s4.053173,s1.645862,s235.370529
169_85,s-2.160704,s-3.667258,s146.392761
169_86,s-3.704284,s2.349893,s91.669495
169_87,s-4.211236,s-1.696374,s105.960481
169_88,s3.846567,s0.174683,s267.922559
169_89,s2.762435,s3.650314,s308.550783
169_90,s-4.146357,s1.058664,s321.815364
169_91,s0.988087,s-4.622531,s318.601137
169_92,s-4.262510,s-0.182524,s129.693236
169_93,s3.524723,s2.659080,s305.652560
169_94,s4.101918,s-0.617638,s281.172475
169_95,s-1.119694,s-4.366845,s214.149228
169_96,s0.716465,s4.510801,s88.580293
169_97,s-4.129369,s-2.184675,s132.904502
169_98,s-2.082119,s4.400386,s336.880875
169_99,s-2.212038,s-4.535128,s99.025480
169_100,s3.886120,s-2.129423,s303.540853
169_101,s4.251897,s1.103711,s182.187419
169_102,s3.078430,s3.288743,s179.547212
169_103,s-0.688870,s3.945810,s43.637425
169_104,s3.420024,s-2.443094,s247.688598
169_105,s-3.460288,s-2.444281,s108.257786
169_106,s1.567302,s4.476831,s191.465084
169_107,s0.020765,s-4.347111,s152.948390
169_108,s-3.133110,s3.702920,s-12.707047
169_109,s4.582247,s-1.464061,s363.403126
169_110,s0.326810,s-4.756987,s237.869000
169_111,s3.229278,s-3.568398,s249.318355
169_112,s-4.253397,s1.861304,s154.315767
169_113,s5.150799,s0.649442,s353.002676
169_114,s4.002488,s2.107307,s332.259654
169_115,s-1.724488,s-4.603512,s223.158365
169_116,s0.731754,s5.115011,s285.106515
169_117,s4.291282,s-2.566525,s267.587534
169_118,s-4.895555,s-1.086358,s175.311940
169_119,s2.738954,s4.726328,s9.766287
169_120,s3.493351,s-4.213053,s238.260645
169_121,s-5.028296,s0.890680,s164.673109
169_122,s3.748971,s3.631600,s267.000483
169_123,s-2.941872,s-3.516024,s156.274380
169_124,s-0.462970,s4.709358,s45.688428
169_125,s-4.272153,s-3.699010,s171.343425
169_126,s-5.061002,s1.365391,s126.626026
169_127,s5.013819,s1.662285,s43.925413
169_128,s4.670701,s-0.084711,s230.774774
169_129,s-2.667094,s4.731067,s-23.110779
169_130,s-1.383659,s4.813353,s31.527846
169_131,s4.699164,s-2.017586,s232.167330
169_132,s-0.185327,s5.134103,s276.416809
169_133,s-4.230145,s2.797159,s19.220475
169_134,s-4.893638,s2.090481,s42.685430
169_135,s1.679249,s-5.080231,s133.032529
169_136,s4.120986,s4.190786,s-23.282694
169_137,s-1.003299,s-5.836777,s111.500726
169_138,s5.628730,s-1.649780,s165.450584
169_139,s4.085016,s-3.147148,s263.570479
169_140,s0.482634,s-5.580985,s137.565704
169_141,s4.901808,s2.900065,s345.124886
169_142,s-3.898262,s3.347582,s50.640853
169_143,s5.270772,s-0.054345,s308.841036
169_144,s-2.307818,s-5.223431,s234.757141
169_145,s-3.749538,s-4.291385,s221.595308
169_146,s-4.936246,s-3.200555,s298.777765
169_147,s2.993192,s-4.469988,s83.774720
169_148,s-5.042443,s-2.558004,s103.060892
169_149,s-5.552518,s0.326087,s41.885217
169_150,s3.076769,s4.495611,s241.455403
169_151,s-5.053062,s-0.715792,s71.332977
169_152,s-5.571879,s-2.304464,s22.066897
169_153,s-1.005926,s5.478969,s305.840775
169_154,s0.833175,s5.759454,s267.761762
169_155,s5.413858,s-0.532673,s224.629819
169_156,s5.547425,s1.135099,s298.382799
169_157,s-3.726944,s-4.844908,s168.675555
169_158,s-5.481453,s1.681790,s100.012577
169_159,s4.373719,s-3.663916,s257.243472
169_160,s-3.762387,s4.268343,s342.523846
169_161,s-4.713584,s3.240451,s62.502682
169_162,s-5.449055,s-1.201750,s49.659439
169_163,s-5.950826,s-0.151459,s20.846422
169_164,s-2.988089,s5.208553,s83.449459
169_165,s5.042451,s-3.101626,s222.182461
169_166,s0.195813,s5.526532,s14.636836
169_167,s2.645664,s-4.833277,s148.956109
169_168,s3.711885,s4.688530,s46.216129
170_0,s-0.218163,s0.289580,s309.035360
170_1,s0.057024,s-0.658110,s49.079244
170_2,s0.369010,s-0.640496,s246.735856
170_3,s-0.498639,s0.807701,s-28.547428
170_4,s0.410513,s0.393257,s263.447698
170_5,s1.362371,s0.805628,s105.712075
170_6,s-0.896886,s-0.494201,s-7.625965
170_7,s1.254605,s-0.986504,s226.237442
170_8,s-1.210765,s-0.764599,s111.216906
170_9,s0.863600,s-1.440251,s109.624350
170_10,s0.197651,s1.285400,s234.533049
170_11,s-1.415003,s0.496202,s4.058555
170_12,s1.570193,s-0.145579,s345.090555
170_13,s1.524973,s1.322823,s64.622693
170_14,s-1.971772,s0.560172,s132.875473
170_15,s-1.205241,s1.689285,s131.150634
170_16,s-0.571475,s2.344375,s98.304800
170_17,s-0.013708,s-1.211631,s179.828504
170_18,s-2.420700,s-0.225018,s227.508121
170_19,s1.377372,s-0.477503,s79.707634
170_20,s-2.198437,s1.314378,s-10.913955
170_21,s-0.648987,s1.360954,s15.824694
170_22,s-0.633492,s-1.144868,s113.833969
170_23,s2.091466,s0.153328,s321.876631
170_24,s1.625456,s1.791050,s289.349043
170_25,s-0.471058,s-1.925288,s220.598090
170_26,s2.195697,s-0.324691,s206.763641
170_27,s1.441298,s-2.205633,s173.112704
170_28,s-0.981083,s2.712993,s31.592592
170_29,s-2.163721,s-2.012400,s89.408536
170_30,s0.657697,s2.019401,s88.193091
170_31,s0.850099,s-2.240943,s92.333168
170_32,s1.525567,s2.238962,s55.582273
170_33,s1.930069,s-2.148358,s243.348121
170_34,s1.057173,s-2.992262,s119.691474
170_35,s-1.081997,s-1.757339,s169.722695
170_36,s-2.940170,s0.439649,s179.122501
170_37,s-2.223823,s-1.206406,s32.841578
170_38,s-2.855607,s2.289129,s16.012245
170_39,s1.845498,s-0.821142,s226.938765
170_40,s-1.609008,s2.239525,s9.832707
170_41,s0.728840,s2.737058,s28.936955
170_42,s-2.866499,s-2.491051,s133.411656
170_43,s-3.009115,s-0.994084,s85.376557
170_44,s-0.030615,s2.654523,s-10.987003
170_45,s1.328643,s3.088101,s65.501969
170_46,s2.076809,s1.007475,s340.946468
170_47,s2.785226,s-0.597947,s227.028753
170_48,s-0.501814,s-2.824483,s218.752367
170_49,s-2.818248,s1.237253,s63.846497
170_50,s2.134878,s-3.029452,s165.226803
170_51,s1.950561,s2.680141,s269.567116
170_52,s2.590760,s1.044646,s279.815051
170_53,s-1.200289,s-3.017330,s71.645342
170_54,s3.031238,s0.318625,s330.198776
170_55,s2.824681,s-2.426839,s220.753607
170_56,s-3.203198,s-0.344108,s110.550237
170_57,s-2.083433,s3.139698,s328.549309
170_58,s0.102453,s-3.691846,s209.282547
170_59,s3.140152,s2.014618,s232.800993
170_60,s-0.945579,s-3.437017,s155.562617
170_61,s0.784439,s-3.802617,s283.822536
170_62,s2.984740,s-1.320964,s264.609699
170_63,s-3.294192,s-1.732583,s130.265496
170_64,s-0.238279,s3.815331,s254.656484
170_65,s-2.813117,s-3.108287,s276.818723
170_66,s-0.792786,s3.413756,s221.094337
170_67,s3.732935,s0.716448,s371.620958
170_68,s-3.493449,s0.418004,s157.017645
170_69,s-3.655477,s2.881934,s304.497583
170_70,s-4.404187,s0.581133,s146.346536
170_71,s1.836915,s-4.352378,s219.208544
170_72,s2.201333,s3.465627,s389.992767
170_73,s-0.348959,s-3.716935,s124.220255
170_74,s3.790198,s-0.992240,s216.374041
170_75,s3.426368,s-0.464931,s349.678605
170_76,s-3.945635,s-0.831443,s93.248496
170_77,s0.740508,s3.671346,s343.418079
170_78,s2.322669,s-3.638260,s241.625189
170_79,s2.686065,s2.308853,s175.432334
170_80,s3.207842,s-1.974788,s307.182008
170_81,s-1.657812,s-3.622843,s177.681394
170_82,s-1.294600,s3.684719,s13.332796
170_83,s-2.468256,s3.732566,s9.584512
170_84,s4.053173,s1.645862,s235.370529
170_85,s-2.160704,s-3.667258,s146.392761
170_86,s-3.704284,s2.349893,s91.669495
170_87,s-4.211236,s-1.696374,s105.960481
170_88,s3.846567,s0.174683,s267.922559
170_89,s2.762435,s3.650314,s308.550783
170_90,s-4.146357,s1.058664,s321.815364
170_91,s0.988087,s-4.622531,s318.601137
170_92,s-4.262510,s-0.182524,s129.693236
170_93,s3.524723,s2.659080,s305.652560
170_94,s4.101918,s-0.617638,s281.172475
170_95,s-1.119694,s-4.366845,s214.149228
170_96,s0.716465,s4.510801,s88.580293
170_97,s-4.129369,s-2.184675,s132.904502
170_98,s-2.082119,s4.400386,s336.880875
170_99,s-2.212038,s-4.535128,s99.025480
170_100,s3.886120,s-2.129423,s303.540853
170_101,s4.251897,s1.103711,s182.187419
170_102,s3.078430,s3.288743,s179.547212
170_103,s-0.688870,s3.945810,s43.637425
170_104,s3.420024,s-2.443094,s247.688598
170_105,s-3.460288,s-2.444281,s108.257786
170_106,s1.567302,s4.476831,s191.465084
170_107,s0.020765,s-4.347111,s152.948390
170_108,s-3.133110,s3.702920,s-12.707047
170_109,s4.582247,s-1.464061,s363.403126
170_110,s0.326810,s-4.756987,s237.869000
170_111,s3.229278,s-3.568398,s249.318355
170_112,s-4.253397,s1.861304,s154.315767
170_113,s5.150799,s0.649442,s353.002676
170_114,s4.002488,s2.107307,s332.259654
170_115,s-1.724488,s-4.603512,s223.158365
170_116,s0.731754,s5.115011,s285.106515
170_117,s4.291282,s-2.566525,s267.587534
170_118,s-4.895555,s-1.086358,s175.311940
170_119,s2.738954,s4.726328,s9.766287
170_120,s3.493351,s-4.213053,s238.260645
170_121,s-5.028296,s0.890680,s164.673109
170_122,s3.748971,s3.631600,s267.000483
170_123,s-2.941872,s-3.516024,s156.274380
170_124,s-0.462970,s4.709358,s45.688428
170_125,s-4.272153,s-3.699010,s171.343425
170_126,s-5.061002,s1.365391,s126.626026
170_127,s5.013819,s1.662285,s43.925413
170_128,s4.670701,s-0.084711,s230.774774
170_129,s-2.667094,s4.731067,s-23.110779
170_130,s-1.383659,s4.813353,s31.527846
170_131,s4.699164,s-2.017586,s232.167330
170_132,s-0.185327,s5.134103,s276.416809
170_133,s-4.230145,s2.797159,s19.220475
170_134,s-4.893638,s2.090481,s42.685430
170_135,s1.679249,s-5.080231,s133.032529
170_136,s4.120986,s4.190786,s-23.282694
170_137,s-1.003299,s-5.836777,s111.500726
170_138,s5.628730,s-1.649780,s165.450584
170_139,s4.085016,s-3.147148,s263.570479
170_140,s0.482634,s-5.580985,s137.565704
170_141,s4.901808,s2.900065,s345.124886
170_142,s-3.898262,s3.347582,s50.640853
170_143,s5.270772,s-0.054345,s308.841036
170_144,s-2.307818,s-5.223431,s234.757141
170_145,s-3.749538,s-4.291385,s221.595308
170_146,s-4.936246,s-3.200555,s298.777765
170_147,s2.993192,s-4.469988,s83.774720
170_148,s-5.042443,s-2.558004,s103.060892
170_149,s-5.552518,s0.326087,s41.885217
170_150,s3.076769,s4.495611,s241.455403
170_151,s-5.053062,s-0.715792,s71.332977
170_152,s-5.571879,s-2.304464,s22.066897
170_153,s-1.005926,s5.478969,s305.840775
170_154,s0.833175,s5.759454,s267.761762
170_155,s5.413858,s-0.532673,s224.629819
170_156,s5.547425,s1.135099,s298.382799
170_157,s-3.726944,s-4.844908,s168.675555
170_158,s-5.481453,s1.681790,s100.012577
170_159,s4.373719,s-3.663916,s257.243472
170_160,s-3.762387,s4.268343,s342.523846
170_161,s-4.713584,s3.240451,s62.502682
170_162,s-5.449055,s-1.201750,s49.659439
170_163,s-5.950826,s-0.151459,s20.846422
170_164,s-2.988089,s5.208553,s83.449459
170_165,s5.042451,s-3.101626,s222.182461
170_166,s0.195813,s5.526532,s14.636836
170_167,s2.645664,s-4.833277,s148.956109
170_168,s3.711885,s4.688530,s46.216129
170_169,s5.009437,s2.196916,s327.961384
171_0,s-0.218163,s0.289580,s309.035360
171_1,s0.057024,s-0.658110,s49.079244
171_2,s0.369010,s-0.640496,s246.735856
171_3,s-0.498639,s0.807701,s-28.547428
171_4,s0.410513,s0.393257,s263.447698
171_5,s1.362371,s0.805628,s105.712075
171_6,s-0.896886,s-0.494201,s-7.625965
171_7,s1.254605,s-0.986504,s226.237442
171_8,s-1.210765,s-0.764599,s111.216906
171_9,s0.863600,s-1.440251,s109.624350
171_10,s0.197651,s1.285400,s234.533049
171_11,s-1.415003,s0.496202,s4.058555
171_12,s1.570193,s-0.145579,s345.090555
171_13,s1.524973,s1.322823,s64.622693
171_14,s-1.971772,s0.560172,s132.875473
171_15,s-1.205241,s1.689285,s131.150634
171_16,s-0.571475,s2.344375,s98.304800
171_17,s-0.013708,s-1.211631,s179.828504
171_18,s-2.420700,s-0.225018,s227.508121
171_19,s1.377372,s-0.477503,s79.707634
171_20,s-2.198437,s1.314378,s-10.913955
171_21,s-0.648987,s1.360954,s15.824694
171_22,s-0.633492,s-1.144868,s113.833969
171_23,s2.091466,s0.153328,s321.876631
171_24,s1.625456,s1.791050,s289.349043
171_25,s-0.471058,s-1.925288,s220.598090
171_26,s2.195697,s-0.324691,s206.763641
171_27,s1.441298,s-2.205633,s173.112704
171_28,s-0.981083,s2.712993,s31.592592
171_29,s-2.163721,s-2.012400,s89.408536
171_30,s0.657697,s2.019401,s88.193091
171_31,s0.850099,s-2.240943,s92.333168
171_32,s1.525567,s2.238962,s55.582273
171_33,s1.930069,s-2.148358,s243.348121
171_34,s1.057173,s-2.992262,s119.691474
171_35,s-1.081997,s-1.757339,s169.722695
171_36,s-2.940170,s0.439649,s179.122501
171_37,s-2.223823,s-1.206406,s32.841578
171_38,s-2.855607,s2.289129,s16.012245
171_39,s1.845498,s-0.821142,s226.938765
171_40,s-1.609008,s2.239525,s9.832707
171_41,s0.728840,s2.737058,s28.936955
171_42,s-2.866499,s-2.491051,s133.411656
171_43,s-3.009115,s-0.994084,s85.376557
171_44,s-0.030615,s2.654523,s-10.987003
171_45,s1.328643,s3.088101,s65.501969
171_46,s2.076809,s1.007475,s340.946468
171_47,s2.785226,s-0.597947,s227.028753
171_48,s-0.501814,s-2.824483,s218.752367
171_49,s-2.818248,s1.237253,s63.846497
171_50,s2.134878,s-3.029452,s165.226803
171_51,s1.950561,s2.680141,s269.567116
171_52,s2.590760,s1.044646,s279.815051
171_53,s-1.200289,s-3.017330,s71.645342
171_54,s3.031238,s0.318625,s330.198776
171_55,s2.824681,s-2.426839,s220.753607
171_56,s-3.203198,s-0.344108,s110.550237
171_57,s-2.083433,s3.139698,s328.549309
171_58,s0.102453,s-3.691846,s209.282547
171_59,s3.140152,s2.014618,s232.800993
171_60,s-0.945579,s-3.437017,s155.562617
171_61,s0.784439,s-3.802617,s283.822536
171_62,s2.984740,s-1.320964,s264.609699
171_63,s-3.294192,s-1.732583,s130.265496
171_64,s-0.238279,s3.815331,s254.656484
171_65,s-2.813117,s-3.108287,s276.818723
171_66,s-0.792786,s3.413756,s221.094337
171_67,s3.732935,s0.716448,s371.620958
171_68,s-3.493449,s0.418004,s157.017645
171_69,s-3.655477,s2.881934,s304.497583
171_70,s-4.404187,s0.581133,s146.346536
171_71,s1.836915,s-4.352378,s219.208544
171_72,s2.201333,s3.465627,s389.992767
171_73,s-0.348959,s-3.716935,s124.220255
171_74,s3.790198,s-0.992240,s216.374041
171_75,s3.426368,s-0.464931,s349.678605
171_76,s-3.945635,s-0.831443,s93.248496
171_77,s0.740508,s3.671346,s343.418079
171_78,s2.322669,s-3.638260,s241.625189
171_79,s2.686065,s2.308853,s175.432334
171_80,s3.207842,s-1.974788,s307.182008
171_81,s-1.657812,s-3.622843,s177.681394
171_82,s-1.294600,s3.684719,s13.332796
171_83,s-2.468256,s3.732566,s9.584512
171_84,s4.053173,s1.645862,s235.370529
171_85,s-2.160704,s-3.667258,s146.392761
171_86,s-3.704284,s2.349893,s91.669495
171_87,s-4.211236,s-1.696374,s105.960481
171_88,s3.846567,s0.174683,s267.922559
171_89,s2.762435,s3.650314,s308.550783
171_90,s-4.146357,s1.058664,s321.815364
171_91,s0.988087,s-4.622531,s318.601137
171_92,s-4.262510,s-0.182524,s129.693236
171_93,s3.524723,s2.659080,s305.652560
171_94,s4.101918,s-0.617638,s281.172475
171_95,s-1.119694,s-4.366845,s214.149228
171_96,s0.716465,s4.510801,s88.580293
171_97,s-4.129369,s-2.184675,s132.904502
171_98,s-2.082119,s4.400386,s336.880875
171_99,s-2.212038,s-4.535128,s99.025480
171_100,s3.886120,s-2.129423,s303.540853
171_101,s4.251897,s1.103711,s182.187419
171_102,s3.078430,s3.288743,s179.547212
171_103,s-0.688870,s3.945810,s43.637425
171_104,s3.420024,s-2.443094,s247.688598
171_105,s-3.460288,s-2.444281,s108.257786
171_106,s1.567302,s4.476831,s191.465084
171_107,s0.020765,s-4.347111,s152.948390
171_108,s-3.133110,s3.702920,s-12.707047
171_109,s4.582247,s-1.464061,s363.403126
171_110,s0.326810,s-4.756987,s237.869000
171_111,s3.229278,s-3.568398,s249.318355
171_112,s-4.253397,s1.861304,s154.315767
171_113,s5.150799,s0.649442,s353.002676
171_114,s4.002488,s2.107307,s332.259654
171_115,s-1.724488,s-4.603512,s223.158365
171_116,s0.731754,s5.115011,s285.106515
171_117,s4.291282,s-2.566525,s267.587534
171_118,s-4.895555,s-1.086358,s175.311940
171_119,s2.738954,s4.726328,s9.766287
171_120,s3.493351,s-4.213053,s238.260645
171_121,s-5.028296,s0.890680,s164.673109
171_122,s3.748971,s3.631600,s267.000483
171_123,s-2.941872,s-3.516024,s156.274380
171_124,s-0.462970,s4.709358,s45.688428
171_125,s-4.272153,s-3.699010,s171.343425
171_126,s-5.061002,s1.365391,s126.626026
171_127,s5.013819,s1.662285,s43.925413
171_128,s4.670701,s-0.084711,s230.774774
171_129,s-2.667094,s4.731067,s-23.110779
171_130,s-1.383659,s4.813353,s31.527846
171_131,s4.699164,s-2.017586,s232.167330
171_132,s-0.185327,s5.134103,s276.416809
171_133,s-4.230145,s2.797159,s19.220475
171_134,s-4.893638,s2.090481,s42.685430
171_135,s1.679249,s-5.080231,s133.032529
171_136,s4.120986,s4.190786,s-23.282694
171_137,s-1.003299,s-5.836777,s111.500726
171_138,s5.628730,s-1.649780,s165.450584
171_139,s4.085016,s-3.147148,s263.570479
171_140,s0.482634,s-5.580985,s137.565704
171_141,s4.901808,s2.900065,s345.124886
171_142,s-3.898262,s3.347582,s50.640853
171_143,s5.270772,s-0.054345,s308.841036
171_144,s-2.307818,s-5.223431,s234.757141
171_145,s-3.749538,s-4.291385,s221.595308
171_146,s-4.936246,s-3.200555,s298.777765
171_147,s2.993192,s-4.469988,s83.774720
171_148,s-5.042443,s-2.558004,s103.060892
171_149,s-5.552518,s0.326087,s41.885217
171_150,s3.076769,s4.495611,s241.455403
171_151,s-5.053062,s-0.715792,s71.332977
171_152,s-5.571879,s-2.304464,s22.066897
171_153,s-1.005926,s5.478969,s305.840775
171_154,s0.833175,s5.759454,s267.761762
171_155,s5.413858,s-0.532673,s224.629819
171_156,s5.547425,s1.135099,s298.382799
171_157,s-3.726944,s-4.844908,s168.675555
171_158,s-5.481453,s1.681790,s100.012577
171_159,s4.373719,s-3.663916,s257.243472
171_160,s-3.762387,s4.268343,s342.523846
171_161,s-4.713584,s3.240451,s62.502682
171_162,s-5.449055,s-1.201750,s49.659439
171_163,s-5.950826,s-0.151459,s20.846422
171_164,s-2.988089,s5.208553,s83.449459
171_165,s5.042451,s-3.101626,s222.182461
171_166,s0.195813,s5.526532,s14.636836
171_167,s2.645664,s-4.833277,s148.956109
171_168,s3.711885,s4.688530,s46.216129
171_169,s5.009437,s2.196916,s327.961384
171_170,s-5.815448,s2.000767,s52.466322
172_0,s-0.218163,s0.289580,s309.035360
172_1,s0.057024,s-0.658110,s49.079244
172_2,s0.369010,s-0.640496,s246.735856
172_3,s-0.498639,s0.807701,s-28.547428
172_4,s0.410513,s0.393257,s263.447698
172_5,s1.362371,s0.805628,s105.712075
172_6,s-0.896886,s-0.494201,s-7.625965
172_7,s1.254605,s-0.986504,s226.237442
172_8,s-1.210765,s-0.764599,s111.216906
172_9,s0.863600,s-1.440251,s109.624350
172_10,s0.197651,s1.285400,s234.533049
172_11,s-1.415003,s0.496202,s4.058555
172_12,s1.570193,s-0.145579,s345.090555
172_13,s1.524973,s1.322823,s64.622693
172_14,s-1.971772,s0.560172,s132.875473
172_15,s-1.205241,s1.689285,s131.150634
172_16,s-0.571475,s2.344375,s98.304800
172_17,s-0.013708,s-1.211631,s179.828504
172_18,s-2.420700,s-0.225018,s227.508121
172_19,s1.377372,s-0.477503,s79.707634
172_20,s-2.198437,s1.314378,s-10.913955
172_21,s-0.648987,s1.360954,s15.824694
172_22,s-0.633492,s-1.144868,s113.833969
172_23,s2.091466,s0.153328,s321.876631
172_24,s1.625456,s1.791050,s289.349043
172_25,s-0.471058,s-1.925288,s220.598090
172_26,s2.195697,s-0.324691,s206.763641
172_27,s1.441298,s-2.205633,s173.112704
172_28,s-0.981083,s2.712993,s31.592592
172_29,s-2.163721,s-2.012400,s89.408536
172_30,s0.657697,s2.019401,s88.193091
172_31,s0.850099,s-2.240943,s92.333168
172_32,s1.525567,s2.238962,s55.582273
172_33,s1.930069,s-2.148358,s243.348121
172_34,s1.057173,s-2.992262,s119.691474
172_35,s-1.081997,s-1.757339,s169.722695
172_36,s-2.940170,s0.439649,s179.122501
172_37,s-2.223823,s-1.206406,s32.841578
172_38,s-2.855607,s2.289129,s16.012245
172_39,s1.845498,s-0.821142,s226.938765
172_40,s-1.609008,s2.239525,s9.832707
172_41,s0.728840,s2.737058,s28.936955
172_42,s-2.866499,s-2.491051,s133.411656
172_43,s-3.009115,s-0.994084,s85.376557
172_44,s-0.030615,s2.654523,s-10.987003
172_45,s1.328643,s3.088101,s65.501969
172_46,s2.076809,s1.007475,s340.946468
172_47,s2.785226,s-0.597947,s227.028753
172_48,s-0.501814,s-2.824483,s218.752367
172_49,s-2.818248,s1.237253,s63.846497
172_50,s2.134878,s-3.029452,s165.226803
172_51,s1.950561,s2.680141,s269.567116
172_52,s2.590760,s1.044646,s279.815051
172_53,s-1.200289,s-3.017330,s71.645342
172_54,s3.031238,s0.318625,s330.198776
172_55,s2.824681,s-2.426839,s220.753607
172_56,s-3.203198,s-0.344108,s110.550237
172_57,s-2.083433,s3.139698,s328.549309
172_58,s0.102453,s-3.691846,s209.282547
172_59,s3.140152,s2.014618,s232.800993
172_60,s-0.945579,s-3.437017,s155.562617
172_61,s0.784439,s-3.802617,s283.822536
172_62,s2.984740,s-1.320964,s264.609699
172_63,s-3.294192,s-1.732583,s130.265496
172_64,s-0.238279,s3.815331,s254.656484
172_65,s-2.813117,s-3.108287,s276.818723
172_66,s-0.792786,s3.413756,s221.094337
172_67,s3.732935,s0.716448,s371.620958
172_68,s-3.493449,s0.418004,s157.017645
172_69,s-3.655477,s2.881934,s304.497583
172_70,s-4.404187,s0.581133,s146.346536
172_71,s1.836915,s-4.352378,s219.208544
172_72,s2.201333,s3.465627,s389.992767
172_73,s-0.348959,s-3.716935,s124.220255
172_74,s3.790198,s-0.992240,s216.374041
172_75,s3.426368,s-0.464931,s349.678605
172_76,s-3.945635,s-0.831443,s93.248496
172_77,s0.740508,s3.671346,s343.418079
172_78,s2.322669,s-3.638260,s241.625189
172_79,s2.686065,s2.308853,s175.432334
172_80,s3.207842,s-1.974788,s307.182008
172_81,s-1.657812,s-3.622843,s177.681394
172_82,s-1.294600,s3.684719,s13.332796
172_83,s-2.468256,s3.732566,s9.584512
172_84,s4.053173,s1.645862,s235.370529
172_85,s-2.160704,s-3.667258,s146.392761
172_86,s-3.704284,s2.349893,s91.669495
172_87,s-4.211236,s-1.696374,s105.960481
172_88,s3.846567,s0.174683,s267.922559
172_89,s2.762435,s3.650314,s308.550783
172_90,s-4.146357,s1.058664,s321.815364
172_91,s0.988087,s-4.622531,s318.601137
172_92,s-4.262510,s-0.182524,s129.693236
172_93,s3.524723,s2.659080,s305.652560
172_94,s4.101918,s-0.617638,s281.172475
172_95,s-1.119694,s-4.366845,s214.149228
172_96,s0.716465,s4.510801,s88.580293
172_97,s-4.129369,s-2.184675,s132.904502
172_98,s-2.082119,s4.400386,s336.880875
172_99,s-2.212038,s-4.535128,s99.025480
172_100,s3.886120,s-2.129423,s303.540853
172_101,s4.251897,s1.103711,s182.187419
172_102,s3.078430,s3.288743,s179.547212
172_103,s-0.688870,s3.945810,s43.637425
172_104,s3.420024,s-2.443094,s247.688598
172_105,s-3.460288,s-2.444281,s108.257786
172_106,s1.567302,s4.476831,s191.465084
172_107,s0.020765,s-4.347111,s152.948390
172_108,s-3.133110,s3.702920,s-12.707047
172_109,s4.582247,s-1.464061,s363.403126
172_110,s0.326810,s-4.756987,s237.869000
172_111,s3.229278,s-3.568398,s249.318355
172_112,s-4.253397,s1.861304,s154.315767
172_113,s5.150799,s0.649442,s353.002676
172_114,s4.002488,s2.107307,s332.259654
172_115,s-1.724488,s-4.603512,s223.158365
172_116,s0.731754,s5.115011,s285.106515
172_117,s4.291282,s-2.566525,s267.587534
172_118,s-4.895555,s-1.086358,s175.311940
172_119,s2.738954,s4.726328,s9.766287
172_120,s3.493351,s-4.213053,s238.260645
172_121,s-5.028296,s0.890680,s164.673109
172_122,s3.748971,s3.631600,s267.000483
172_123,s-2.941872,s-3.516024,s156.274380
172_124,s-0.462970,s4.709358,s45.688428
172_125,s-4.272153,s-3.699010,s171.343425
172_126,s-5.061002,s1.365391,s126.626026
172_127,s5.013819,s1.662285,s43.925413
172_128,s4.670701,s-0.084711,s230.774774
172_129,s-2.667094,s4.731067,s-23.110779
172_130,s-1.383659,s4.813353,s31.527846
172_131,s4.699164,s-2.017586,s232.167330
172_132,s-0.185327,s5.134103,s276.416809
172_133,s-4.230145,s2.797159,s19.220475
172_134,s-4.893638,s2.090481,s42.685430
172_135,s1.679249,s-5.080231,s133.032529
172_136,s4.120986,s4.190786,s-23.282694
172_137,s-1.003299,s-5.836777,s111.500726
172_138,s5.628730,s-1.649780,s165.450584
172_139,s4.085016,s-3.147148,s263.570479
172_140,s0.482634,s-5.580985,s137.565704
172_141,s4.901808,s2.900065,s345.124886
172_142,s-3.898262,s3.347582,s50.640853
172_143,s5.270772,s-0.054345,s308.841036
172_144,s-2.307818,s-5.223431,s234.757141
172_145,s-3.749538,s-4.291385,s221.595308
172_146,s-4.936246,s-3.200555,s298.777765
172_147,s2.993192,s-4.469988,s83.774720
172_148,s-5.042443,s-2.558004,s103.060892
172_149,s-5.552518,s0.326087,s41.885217
172_150,s3.076769,s4.495611,s241.455403
172_151,s-5.053062,s-0.715792,s71.332977
172_152,s-5.571879,s-2.304464,s22.066897
172_153,s-1.005926,s5.478969,s305.840775
172_154,s0.833175,s5.759454,s267.761762
172_155,s5.413858,s-0.532673,s224.629819
172_156,s5.547425,s1.135099,s298.382799
172_157,s-3.726944,s-4.844908,s168.675555
172_158,s-5.481453,s1.681790,s100.012577
172_159,s4.373719,s-3.663916,s257.243472
172_160,s-3.762387,s4.268343,s342.523846
172_161,s-4.713584,s3.240451,s62.502682
172_162,s-5.449055,s-1.201750,s49.659439
172_163,s-5.950826,s-0.151459,s20.846422
172_164,s-2.988089,s5.208553,s83.449459
172_165,s5.042451,s-3.101626,s222.182461
172_166,s0.195813,s5.526532,s14.636836
172_167,s2.645664,s-4.833277,s148.956109
172_168,s3.711885,s4.688530,s46.216129
172_169,s5.009437,s2.196916,s327.961384
172_170,s-5.815448,s2.000767,s52.466322
172_171,s-2.834395,s-5.151757,s212.582127
173_0,s-0.218163,s0.289580,s309.035360
173_1,s0.057024,s-0.658110,s49.079244
173_2,s0.369010,s-0.640496,s246.735856
173_3,s-0.498639,s0.807701,s-28.547428
173_4,s0.410513,s0.393257,s263.447698
173_5,s1.362371,s0.805628,s105.712075
173_6,s-0.896886,s-0.494201,s-7.625965
173_7,s1.254605,s-0.986504,s226.237442
173_8,s-1.210765,s-0.764599,s111.216906
173_9,s0.863600,s-1.440251,s109.624350
173_10,s0.197651,s1.285400,s234.533049
173_11,s-1.415003,s0.496202,s4.058555
173_12,s1.570193,s-0.145579,s345.090555
173_13,s1.524973,s1.322823,s64.622693
173_14,s-1.971772,s0.560172,s132.875473
173_15,s-1.205241,s1.689285,s131.150634
173_16,s-0.571475,s2.344375,s98.304800
173_17,s-0.013708,s-1.211631,s179.828504
173_18,s-2.420700,s-0.225018,s227.508121
173_19,s1.377372,s-0.477503,s79.707634
173_20,s-2.198437,s1.314378,s-10.913955
173_21,s-0.648987,s1.360954,s15.824694
173_22,s-0.633492,s-1.144868,s113.833969
173_23,s2.091466,s0.153328,s321.876631
173_24,s1.625456,s1.791050,s289.349043
173_25,s-0.471058,s-1.925288,s220.598090
173_26,s2.195697,s-0.324691,s206.763641
173_27,s1.441298,s-2.205633,s173.112704
173_28,s-0.981083,s2.712993,s31.592592
173_29,s-2.163721,s-2.012400,s89.408536
173_30,s0.657697,s2.019401,s88.193091
173_31,s0.850099,s-2.240943,s92.333168
173_32,s1.525567,s2.238962,s55.582273
173_33,s1.930069,s-2.148358,s243.348121
173_34,s1.057173,s-2.992262,s119.691474
173_35,s-1.081997,s-1.757339,s169.722695
173_36,s-2.940170,s0.439649,s179.122501
173_37,s-2.223823,s-1.206406,s32.841578
173_38,s-2.855607,s2.289129,s16.012245
173_39,s1.845498,s-0.821142,s226.938765
173_40,s-1.609008,s2.239525,s9.832707
173_41,s0.728840,s2.737058,s28.936955
173_42,s-2.866499,s-2.491051,s133.411656
173_43,s-3.009115,s-0.994084,s85.376557
173_44,s-0.030615,s2.654523,s-10.987003
173_45,s1.328643,s3.088101,s65.501969
173_46,s2.076809,s1.007475,s340.946468
173_47,s2.785226,s-0.597947,s227.028753
173_48,s-0.501814,s-2.824483,s218.752367
173_49,s-2.818248,s1.237253,s63.846497
173_50,s2.134878,s-3.029452,s165.226803
173_51,s1.950561,s2.680141,s269.567116
173_52,s2.590760,s1.044646,s279.815051
173_53,s-1.200289,s-3.017330,s71.645342
173_54,s3.031238,s0.318625,s330.198776
173_55,s2.824681,s-2.426839,s220.753607
173_56,s-3.203198,s-0.344108,s110.550237
173_57,s-2.083433,s3.139698,s328.549309
173_58,s0.102453,s-3.691846,s209.282547
173_59,s3.140152,s2.014618,s232.800993
173_60,s-0.945579,s-3.437017,s155.562617
173_61,s0.784439,s-3.802617,s283.822536
173_62,s2.984740,s-1.320964,s264.609699
173_63,s-3.294192,s-1.732583,s130.265496
173_64,s-0.238279,s3.815331,s254.656484
173_65,s-2.813117,s-3.108287,s276.818723
173_66,s-0.792786,s3.413756,s221.094337
173_67,s3.732935,s0.716448,s371.620958
173_68,s-3.493449,s0.418004,s157.017645
173_69,s-3.655477,s2.881934,s304.497583
173_70,s-4.404187,s0.581133,s146.346536
173_71,s1.836915,s-4.352378,s219.208544
173_72,s2.201333,s3.465627,s389.992767
173_73,s-0.348959,s-3.716935,s124.220255
173_74,s3.790198,s-0.992240,s216.374041
173_75,s3.426368,s-0.464931,s349.678605
173_76,s-3.945635,s-0.831443,s93.248496
173_77,s0.740508,s3.671346,s343.418079
173_78,s2.322669,s-3.638260,s241.625189
173_79,s2.686065,s2.308853,s175.432334
173_80,s3.207842,s-1.974788,s307.182008
173_81,s-1.657812,s-3.622843,s177.681394
173_82,s-1.294600,s3.684719,s13.332796
173_83,s-2.468256,s3.732566,s9.584512
173_84,s4.053173,s1.645862,s235.370529
173_85,s-2.160704,s-3.667258,s146.392761
173_86,s-3.704284,s2.349893,s91.669495
173_87,s-4.211236,s-1.696374,s105.960481
173_88,s3.846567,s0.174683,s267.922559
173_89,s2.762435,s3.650314,s308.550783
173_90,s-4.146357,s1.058664,s321.815364
173_91,s0.988087,s-4.622531,s318.601137
173_92,s-4.262510,s-0.182524,s129.693236
173_93,s3.524723,s2.659080,s305.652560
173_94,s4.101918,s-0.617638,s281.172475
173_95,s-1.119694,s-4.366845,s214.149228
173_96,s0.716465,s4.510801,s88.580293
173_97,s-4.129369,s-2.184675,s132.904502
173_98,s-2.082119,s4.400386,s336.880875
173_99,s-2.212038,s-4.535128,s99.025480
173_100,s3.886120,s-2.129423,s303.540853
173_101,s4.251897,s1.103711,s182.187419
173_102,s3.078430,s3.288743,s179.547212
173_103,s-0.688870,s3.945810,s43.637425
173_104,s3.420024,s-2.443094,s247.688598
173_105,s-3.460288,s-2.444281,s108.257786
173_106,s1.567302,s4.476831,s191.465084
173_107,s0.020765,s-4.347111,s152.948390
173_108,s-3.133110,s3.702920,s-12.707047
173_109,s4.582247,s-1.464061,s363.403126
173_110,s0.326810,s-4.756987,s237.869000
173_111,s3.229278,s-3.568398,s249.318355
173_112,s-4.253397,s1.861304,s154.315767
173_113,s5.150799,s0.649442,s353.002676
173_114,s4.002488,s2.107307,s332.259654
173_115,s-1.724488,s-4.603512,s223.158365
173_116,s0.731754,s5.115011,s285.106515
173_117,s4.291282,s-2.566525,s267.587534
173_118,s-4.895555,s-1.086358,s175.311940
173_119,s2.738954,s4.726328,s9.766287
173_120,s3.493351,s-4.213053,s238.260645
173_121,s-5.028296,s0.890680,s164.673109
173_122,s3.748971,s3.631600,s267.000483
173_123,s-2.941872,s-3.516024,s156.274380
173_124,s-0.462970,s4.709358,s45.688428
173_125,s-4.272153,s-3.699010,s171.343425
173_126,s-5.061002,s1.365391,s126.626026
173_127,s5.013819,s1.662285,s43.925413
173_128,s4.670701,s-0.084711,s230.774774
173_129,s-2.667094,s4.731067,s-23.110779
173_130,s-1.383659,s4.813353,s31.527846
173_131,s4.699164,s-2.017586,s232.167330
173_132,s-0.185327,s5.134103,s276.416809
173_133,s-4.230145,s2.797159,s19.220475
173_134,s-4.893638,s2.090481,s42.685430
173_135,s1.679249,s-5.080231,s133.032529
173_136,s4.120986,s4.190786,s-23.282694
173_137,s-1.003299,s-5.836777,s111.500726
173_138,s5.628730,s-1.649780,s165.450584
173_139,s4.085016,s-3.147148,s263.570479
173_140,s0.482634,s-5.580985,s137.565704
173_141,s4.901808,s2.900065,s345.124886
173_142,s-3.898262,s3.347582,s50.640853
173_143,s5.270772,s-0.054345,s308.841036
173_144,s-2.307818,s-5.223431,s234.757141
173_145,s-3.749538,s-4.291385,s221.595308
173_146,s-4.936246,s-3.200555,s298.777765
173_147,s2.993192,s-4.469988,s83.774720
173_148,s-5.042443,s-2.558004,s103.060892
173_149,s-5.552518,s0.326087,s41.885217
173_150,s3.076769,s4.495611,s241.455403
173_151,s-5.053062,s-0.715792,s71.332977
173_152,s-5.571879,s-2.304464,s22.066897
173_153,s-1.005926,s5.478969,s305.840775
173_154,s0.833175,s5.759454,s267.761762
173_155,s5.413858,s-0.532673,s224.629819
173_156,s5.547425,s1.135099,s298.382799
173_157,s-3.726944,s-4.844908,s168.675555
173_158,s-5.481453,s1.681790,s100.012577
173_159,s4.373719,s-3.663916,s257.243472
173_160,s-3.762387,s4.268343,s342.523846
173_161,s-4.713584,s3.240451,s62.502682
173_162,s-5.449055,s-1.201750,s49.659439
173_163,s-5.950826,s-0.151459,s20.846422
173_164,s-2.988089,s5.208553,s83.449459
173_165,s5.042451,s-3.101626,s222.182461
173_166,s0.195813,s5.526532,s14.636836
173_167,s2.645664,s-4.833277,s148.956109
173_168,s3.711885,s4.688530,s46.216129
173_169,s5.009437,s2.196916,s327.961384
173_170,s-5.815448,s2.000767,s52.466322
173_171,s-2.834395,s-5.151757,s212.582127
173_172,s2.069157,s-5.567961,s195.931383
174_0,s-0.218163,s0.289580,s309.035360
174_1,s0.057024,s-0.658110,s49.079244
174_2,s0.369010,s-0.640496,s246.735856
174_3,s-0.439781,s0.850664,s-31.705054
174_4,s0.410513,s0.393257,s263.447698
174_5,s1.362371,s0.805628,s105.712075
174_6,s-1.020114,s-0.366781,s-5.075348
174_7,s1.347255,s-1.104944,s227.418371
174_8,s-1.181793,s-0.730148,s98.492098
174_9,s0.842847,s-1.505348,s110.743737
174_10,s0.193290,s1.348882,s234.809656
174_11,s-1.307570,s0.545459,s10.313151
174_12,s1.570193,s-0.145579,s345.090555
174_13,s1.524973,s1.322823,s64.622693
174_14,s-1.935115,s0.575533,s137.677954
174_15,s-1.205241,s1.689285,s131.150634
174_16,s-0.483648,s2.408339,s91.964329
174_17,s-0.058579,s-1.186946,s174.051348
174_18,s-2.481973,s-0.176335,s220.559212
174_19,s1.386729,s-0.555076,s76.900271
174_20,s-2.205038,s1.276007,s-10.564843
174_21,s-0.648987,s1.360954,s15.824694
174_22,s-0.637362,s-1.174722,s115.103995
174_23,s2.091466,s0.153328,s321.876631
174_24,s1.625456,s1.791050,s289.349043
174_25,s-0.469289,s-2.023812,s220.355497
174_26,s2.195697,s-0.324691,s206.763641
174_27,s1.515267,s-2.200556,s171.665657
174_28,s-1.068459,s2.725866,s21.912685
174_29,s-2.141123,s-2.034962,s94.205262
174_30,s0.534697,s2.025335,s88.670802
174_31,s0.912935,s-2.198035,s99.167211
174_32,s1.525567,s2.238962,s55.582273
174_33,s1.930069,s-2.148358,s243.348121
174_34,s1.057173,s-2.992262,s119.691474
174_35,s-1.081997,s-1.757339,s169.722695
174_36,s-2.925317,s0.497433,s188.855956
174_37,s-2.403739,s-1.002871,s52.432183
174_38,s-2.796427,s2.359573,s18.907171
174_39,s1.845498,s-0.821142,s226.938765
174_40,s-1.609008,s2.239525,s9.832707
174_41,s0.716975,s2.664291,s27.347552
174_42,s-2.866499,s-2.491051,s133.411656
174_43,s-3.009115,s-0.994084,s85.376557
174_44,s-0.030615,s2.654523,s-10.987003
174_45,s1.372518,s2.960751,s66.288767
174_46,s2.139121,s0.782504,s351.706264
174_47,s2.785226,s-0.597947,s227.028753
174_48,s-0.373920,s-2.816301,s211.510191
174_49,s-2.933972,s1.208842,s46.905341
174_50,s2.171070,s-2.965604,s153.458263
174_51,s1.950561,s2.680141,s269.567116
174_52,s2.625971,s1.027534,s279.774010
174_53,s-1.175403,s-2.889458,s79.405722
174_54,s2.992539,s0.284823,s327.277699
174_55,s2.841321,s-2.469571,s216.765191
174_56,s-3.245091,s-0.307877,s106.118255
174_57,s-2.083433,s3.139698,s328.549309
174_58,s0.207127,s-3.785175,s211.795300
174_59,s3.140152,s2.014618,s232.800993
174_60,s-1.017705,s-3.508649,s163.614984
174_61,s0.842577,s-3.649255,s280.900763
174_62,s2.984740,s-1.320964,s264.609699
174_63,s-3.294192,s-1.732583,s130.265496
174_64,s-0.209489,s3.845175,s251.740318
174_65,s-2.813117,s-3.108287,s276.818723
174_66,s-0.792786,s3.413756,s221.094337
174_67,s3.692707,s0.698654,s377.349085
174_68,s-3.493449,s0.418004,s157.017645
174_69,s-3.613131,s2.888287,s306.678001
174_70,s-4.378610,s0.610715,s144.497835
174_71,s1.817414,s-4.354177,s221.192448
174_72,s2.356886,s3.512294,s391.867626
174_73,s-0.348959,s-3.716935,s124.220255
174_74,s3.790198,s-0.992240,s216.374041
174_75,s3.425734,s-0.451889,s355.093851
174_76,s-4.012057,s-0.817273,s93.054151
174_77,s0.776387,s3.665232,s330.095460
174_78,s2.248656,s-3.629066,s235.570823
174_79,s2.720409,s2.418987,s164.603721
174_80,s3.155718,s-1.960890,s301.381239
174_81,s-1.657812,s-3.622843,s177.681394
174_82,s-1.328349,s3.701220,s13.578754
174_83,s-2.442984,s3.659727,s0.100848
174_84,s4.007699,s1.710134,s241.285990
174_85,s-2.151971,s-3.688932,s154.397469
174_86,s-3.763733,s2.289429,s84.797984
174_87,s-4.211236,s-1.696374,s105.960481
174_88,s3.860947,s0.209916,s266.242941
174_89,s2.762435,s3.650314,s308.550783
174_90,s-4.160036,s0.952475,s321.921287
174_91,s1.115370,s-4.713985,s330.725576
174_92,s-4.322587,s-0.139871,s140.720084
174_93,s3.571004,s2.705940,s303.095113
174_94,s4.121289,s-0.672254,s288.019553
174_95,s-0.933990,s-4.407292,s222.958932
174_96,s0.694405,s4.571401,s110.841624
174_97,s-4.129369,s-2.184675,s132.904502
174_98,s-2.093298,s4.362702,s343.903535
174_99,s-2.235468,s-4.611396,s93.450041
174_100,s3.917388,s-2.063130,s292.173322
174_101,s4.251897,s1.103711,s182.187419
174_102,s3.125460,s3.242393,s180.141407
174_103,s-0.688870,s3.945810,s43.637425
174_104,s3.487097,s-2.430433,s244.437349
174_105,s-3.499883,s-2.513049,s108.884804
174_106,s1.623312,s4.686929,s183.311303
174_107,s0.020765,s-4.347111,s152.948390
174_108,s-3.297509,s3.772670,s-15.229025
174_109,s4.559252,s-1.522125,s346.376868
174_110,s0.326810,s-4.756987,s237.869000
174_111,s3.229278,s-3.568398,s249.318355
174_112,s-4.177145,s1.832185,s154.091147
174_113,s5.150799,s0.649442,s353.002676
174_114,s4.130443,s2.098526,s328.451419
174_115,s-1.753795,s-4.513714,s225.296707
174_116,s0.853095,s5.017756,s284.284205
174_117,s4.312032,s-2.543073,s264.095990
174_118,s-4.957881,s-1.123440,s170.069458
174_119,s2.498485,s4.839792,s9.344705
174_120,s3.504427,s-4.179283,s239.461942
174_121,s-5.028296,s0.890680,s164.673109
174_122,s3.893774,s3.657417,s263.917887
174_123,s-2.941872,s-3.516024,s156.274380
174_124,s-0.431845,s4.621210,s46.525547
174_125,s-4.308823,s-3.700299,s170.065014
174_126,s-5.061002,s1.365391,s126.626026
174_127,s5.065127,s1.624658,s44.516773
174_128,s4.670701,s-0.084711,s230.774774
174_129,s-2.662744,s4.721364,s-20.672901
174_130,s-1.383659,s4.813353,s31.527846
174_131,s4.699164,s-2.017586,s232.167330
174_132,s-0.201065,s5.105064,s281.780762
174_133,s-4.119074,s2.819252,s21.396873
174_134,s-4.893638,s2.090481,s42.685430
174_135,s1.679249,s-5.080231,s133.032529
174_136,s4.192399,s4.130201,s-22.773616
174_137,s-1.003299,s-5.836777,s111.500726
174_138,s5.676505,s-1.586693,s175.156962
174_139,s4.085016,s-3.147148,s263.570479
174_140,s0.502681,s-5.561570,s139.320133
174_141,s4.785245,s2.886374,s352.700479
174_142,s-3.682730,s3.427561,s45.811640
174_143,s5.274963,s-0.059340,s318.334455
174_144,s-2.307818,s-5.223431,s234.757141
174_145,s-3.566573,s-4.228728,s213.844181
174_146,s-4.897723,s-3.215500,s298.747982
174_147,s3.078211,s-4.409696,s81.652732
174_148,s-5.029582,s-2.511307,s107.671934
174_149,s-5.641499,s0.361181,s47.240544
174_150,s3.121038,s4.487463,s247.075330
174_151,s-5.053062,s-0.715792,s71.332977
174_152,s-5.625147,s-2.235559,s21.616922
174_153,s-0.941858,s5.555862,s309.590490
174_154,s1.205042,s5.859214,s270.843950
174_155,s5.413858,s-0.532673,s224.629819
174_156,s5.547425,s1.135099,s298.382799
174_157,s-3.726944,s-4.844908,s168.675555
174_158,s-5.509612,s1.614006,s97.731620
174_159,s4.373719,s-3.663916,s257.243472
174_160,s-3.710041,s4.237974,s360.828118
174_161,s-4.766541,s3.213930,s61.071820
174_162,s-5.483582,s-1.220489,s55.569533
174_163,s-5.990418,s-0.267148,s23.814009
174_164,s-2.988089,s5.208553,s83.449459
174_165,s5.108381,s-3.011547,s209.523121
174_166,s0.266864,s5.588587,s15.492393
174_167,s2.645664,s-4.833277,s148.956109
174_168,s3.803673,s4.781638,s58.195234
174_169,s4.999804,s2.352607,s324.169241
174_170,s-5.790465,s2.022249,s48.434647
174_171,s-2.834395,s-5.151757,s212.582127
174_172,s2.039734,s-5.552931,s182.610889
174_173,s5.987572,s-0.385986,s201.521685
175_0,s-0.218163,s0.289580,s309.035360
175_1,s0.057024,s-0.658110,s49.079244
175_2,s0.369010,s-0.640496,s246.735856
175_3,s-0.439781,s0.850664,s-31.705054
175_4,s0.410513,s0.393257,s263.447698
175_5,s1.362371,s0.805628,s105.712075
175_6,s-1.020114,s-0.366781,s-5.075348
175_7,s1.347255,s-1.104944,s227.418371
175_8,s-1.181793,s-0.730148,s98.492098
175_9,s0.842847,s-1.505348,s110.743737
175_10,s0.193290,s1.348882,s234.809656
175_11,s-1.307570,s0.545459,s10.313151
175_12,s1.570193,s-0.145579,s345.090555
175_13,s1.524973,s1.322823,s64.622693
175_14,s-1.935115,s0.575533,s137.677954
175_15,s-1.205241,s1.689285,s131.150634
175_16,s-0.483648,s2.408339,s91.964329
175_17,s-0.058579,s-1.186946,s174.051348
175_18,s-2.481973,s-0.176335,s220.559212
175_19,s1.386729,s-0.555076,s76.900271
175_20,s-2.205038,s1.276007,s-10.564843
175_21,s-0.648987,s1.360954,s15.824694
175_22,s-0.637362,s-1.174722,s115.103995
175_23,s2.091466,s0.153328,s321.876631
175_24,s1.625456,s1.791050,s289.349043
175_25,s-0.469289,s-2.023812,s220.355497
175_26,s2.195697,s-0.324691,s206.763641
175_27,s1.515267,s-2.200556,s171.665657
175_28,s-1.068459,s2.725866,s21.912685
175_29,s-2.141123,s-2.034962,s94.205262
175_30,s0.534697,s2.025335,s88.670802
175_31,s0.912935,s-2.198035,s99.167211
175_32,s1.525567,s2.238962,s55.582273
175_33,s1.930069,s-2.148358,s243.348121
175_34,s1.057173,s-2.992262,s119.691474
175_35,s-1.081997,s-1.757339,s169.722695
175_36,s-2.925317,s0.497433,s188.855956
175_37,s-2.403739,s-1.002871,s52.432183
175_38,s-2.796427,s2.359573,s18.907171
175_39,s1.845498,s-0.821142,s226.938765
175_40,s-1.609008,s2.239525,s9.832707
175_41,s0.716975,s2.664291,s27.347552
175_42,s-2.866499,s-2.491051,s133.411656
175_43,s-3.009115,s-0.994084,s85.376557
175_44,s-0.030615,s2.654523,s-10.987003
175_45,s1.372518,s2.960751,s66.288767
175_46,s2.139121,s0.782504,s351.706264
175_47,s2.785226,s-0.597947,s227.028753
175_48,s-0.373920,s-2.816301,s211.510191
175_49,s-2.933972,s1.208842,s46.905341
175_50,s2.171070,s-2.965604,s153.458263
175_51,s1.950561,s2.680141,s269.567116
175_52,s2.625971,s1.027534,s279.774010
175_53,s-1.175403,s-2.889458,s79.405722
175_54,s2.992539,s0.284823,s327.277699
175_55,s2.841321,s-2.469571,s216.765191
175_56,s-3.245091,s-0.307877,s106.118255
175_57,s-2.083433,s3.139698,s328.549309
175_58,s0.207127,s-3.785175,s211.795300
175_59,s3.140152,s2.014618,s232.800993
175_60,s-1.017705,s-3.508649,s163.614984
175_61,s0.842577,s-3.649255,s280.900763
175_62,s2.984740,s-1.320964,s264.609699
175_63,s-3.294192,s-1.732583,s130.265496
175_64,s-0.209489,s3.845175,s251.740318
175_65,s-2.813117,s-3.108287,s276.818723
175_66,s-0.792786,s3.413756,s221.094337
175_67,s3.692707,s0.698654,s377.349085
175_68,s-3.493449,s0.418004,s157.017645
175_69,s-3.613131,s2.888287,s306.678001
175_70,s-4.378610,s0.610715,s144.497835
175_71,s1.817414,s-4.354177,s221.192448
175_72,s2.356886,s3.512294,s391.867626
175_73,s-0.348959,s-3.716935,s124.220255
175_74,s3.790198,s-0.992240,s216.374041
175_75,s3.425734,s-0.451889,s355.093851
175_76,s-4.012057,s-0.817273,s93.054151
175_77,s0.776387,s3.665232,s330.095460
175_78,s2.248656,s-3.629066,s235.570823
175_79,s2.720409,s2.418987,s164.603721
175_80,s3.155718,s-1.960890,s301.381239
175_81,s-1.657812,s-3.622843,s177.681394
175_82,s-1.328349,s3.701220,s13.578754
175_83,s-2.442984,s3.659727,s0.100848
175_84,s4.007699,s1.710134,s241.285990
175_85,s-2.151971,s-3.688932,s154.397469
175_86,s-3.763733,s2.289429,s84.797984
175_87,s-4.211236,s-1.696374,s105.960481
175_88,s3.860947,s0.209916,s266.242941
175_89,s2.762435,s3.650314,s308.550783
175_90,s-4.160036,s0.952475,s321.921287
175_91,s1.115370,s-4.713985,s330.725576
175_92,s-4.322587,s-0.139871,s140.720084
175_93,s3.571004,s2.705940,s303.095113
175_94,s4.121289,s-0.672254,s288.019553
175_95,s-0.933990,s-4.407292,s222.958932
175_96,s0.694405,s4.571401,s110.841624
175_97,s-4.129369,s-2.184675,s132.904502
175_98,s-2.093298,s4.362702,s343.903535
175_99,s-2.235468,s-4.611396,s93.450041
175_100,s3.917388,s-2.063130,s292.173322
175_101,s4.251897,s1.103711,s182.187419
175_102,s3.125460,s3.242393,s180.141407
175_103,s-0.688870,s3.945810,s43.637425
175_104,s3.487097,s-2.430433,s244.437349
175_105,s-3.499883,s-2.513049,s108.884804
175_106,s1.623312,s4.686929,s183.311303
175_107,s0.020765,s-4.347111,s152.948390
175_108,s-3.297509,s3.772670,s-15.229025
175_109,s4.559252,s-1.522125,s346.376868
175_110,s0.326810,s-4.756987,s237.869000
175_111,s3.229278,s-3.568398,s249.318355
175_112,s-4.177145,s1.832185,s154.091147
175_113,s5.150799,s0.649442,s353.002676
175_114,s4.130443,s2.098526,s328.451419
175_115,s-1.753795,s-4.513714,s225.296707
175_116,s0.853095,s5.017756,s284.284205
175_117,s4.312032,s-2.543073,s264.095990
175_118,s-4.957881,s-1.123440,s170.069458
175_119,s2.498485,s4.839792,s9.344705
175_120,s3.504427,s-4.179283,s239.461942
175_121,s-5.028296,s0.890680,s164.673109
175_122,s3.893774,s3.657417,s263.917887
175_123,s-2.941872,s-3.516024,s156.274380
175_124,s-0.431845,s4.621210,s46.525547
175_125,s-4.308823,s-3.700299,s170.065014
175_126,s-5.061002,s1.365391,s126.626026
175_127,s5.065127,s1.624658,s44.516773
175_128,s4.670701,s-0.084711,s230.774774
175_129,s-2.662744,s4.721364,s-20.672901
175_130,s-1.383659,s4.813353,s31.527846
175_131,s4.699164,s-2.017586,s232.167330
175_132,s-0.201065,s5.105064,s281.780762
175_133,s-4.119074,s2.819252,s21.396873
175_134,s-4.893638,s2.090481,s42.685430
175_135,s1.679249,s-5.080231,s133.032529
175_136,s4.192399,s4.130201,s-22.773616
175_137,s-1.003299,s-5.836777,s111.500726
175_138,s5.676505,s-1.586693,s175.156962
175_139,s4.085016,s-3.147148,s263.570479
175_140,s0.502681,s-5.561570,s139.320133
175_141,s4.785245,s2.886374,s352.700479
175_142,s-3.682730,s3.427561,s45.811640
175_143,s5.274963,s-0.059340,s318.334455
175_144,s-2.307818,s-5.223431,s234.757141
175_145,s-3.566573,s-4.228728,s213.844181
175_146,s-4.897723,s-3.215500,s298.747982
175_147,s3.078211,s-4.409696,s81.652732
175_148,s-5.029582,s-2.511307,s107.671934
175_149,s-5.641499,s0.361181,s47.240544
175_150,s3.121038,s4.487463,s247.075330
175_151,s-5.053062,s-0.715792,s71.332977
175_152,s-5.625147,s-2.235559,s21.616922
175_153,s-0.941858,s5.555862,s309.590490
175_154,s1.205042,s5.859214,s270.843950
175_155,s5.413858,s-0.532673,s224.629819
175_156,s5.547425,s1.135099,s298.382799
175_157,s-3.726944,s-4.844908,s168.675555
175_158,s-5.509612,s1.614006,s97.731620
175_159,s4.373719,s-3.663916,s257.243472
175_160,s-3.710041,s4.237974,s360.828118
175_161,s-4.766541,s3.213930,s61.071820
175_162,s-5.483582,s-1.220489,s55.569533
175_163,s-5.990418,s-0.267148,s23.814009
175_164,s-2.988089,s5.208553,s83.449459
175_165,s5.108381,s-3.011547,s209.523121
175_166,s0.266864,s5.588587,s15.492393
175_167,s2.645664,s-4.833277,s148.956109
175_168,s3.803673,s4.781638,s58.195234
175_169,s4.999804,s2.352607,s324.169241
175_170,s-5.790465,s2.022249,s48.434647
175_171,s-2.834395,s-5.151757,s212.582127
175_172,s2.039734,s-5.552931,s182.610889
175_173,s5.987572,s-0.385986,s201.521685
175_174,s6.178212,s0.148648,s30.957087
176_0,s-0.502857,s0.142422,s313.052288
176_1,s0.057024,s-0.658110,s49.079244
176_2,s0.369010,s-0.640496,s246.735856
176_3,s-0.507874,s0.868659,s-35.407562
176_4,s0.325635,s0.391058,s264.011293
176_5,s1.362371,s0.805628,s105.712075
176_6,s-0.930705,s-0.341845,s0.458109
176_7,s1.325600,s-1.064171,s229.726565
176_8,s-1.160102,s-0.702610,s105.827112
176_9,s0.794029,s-1.289216,s124.505820
176_10,s0.193290,s1.348882,s234.809656
176_11,s-1.258014,s0.417969,s8.256525
176_12,s1.575094,s-0.124980,s355.479492
176_13,s1.524973,s1.322823,s64.622693
176_14,s-1.860339,s0.582291,s136.754244
176_15,s-1.205241,s1.689285,s131.150634
176_16,s-0.483648,s2.408339,s91.964329
176_17,s-0.009823,s-1.245099,s171.136067
176_18,s-2.481973,s-0.176335,s220.559212
176_19,s1.340671,s-0.515745,s80.278781
176_20,s-2.267291,s0.901723,s-7.983266
176_21,s-0.691337,s1.370834,s9.841303
176_22,s-0.702399,s-1.121154,s115.080964
176_23,s2.109736,s0.165352,s323.092163
176_24,s1.625456,s1.791050,s289.349043
176_25,s-0.483361,s-2.074563,s224.473842
176_26,s2.270031,s-0.268057,s198.804734
176_27,s1.482513,s-2.250827,s171.777965
176_28,s-1.139912,s2.736421,s26.931756
176_29,s-2.124505,s-1.970038,s90.061451
176_30,s0.670236,s1.937727,s86.180210
176_31,s0.854448,s-2.241900,s97.444318
176_32,s1.525567,s2.238962,s55.582273
176_33,s1.961365,s-2.101616,s246.526754
176_34,s1.057173,s-2.992262,s119.691474
176_35,s-0.975918,s-1.819360,s176.829148
176_36,s-2.925317,s0.497433,s188.855956
176_37,s-2.344718,s-1.161566,s37.871262
176_38,s-2.598293,s2.315476,s35.023060
176_39,s1.927029,s-0.870863,s231.610794
176_40,s-1.627757,s2.197655,s8.010703
176_41,s0.716975,s2.664291,s27.347552
176_42,s-2.860809,s-2.493958,s140.072593
176_43,s-3.009115,s-0.994084,s85.376557
176_44,s-0.017345,s2.671462,s-9.916690
176_45,s1.455152,s2.986512,s62.569480
176_46,s2.119984,s0.857246,s349.423854
176_47,s2.785226,s-0.597947,s227.028753
176_48,s-0.500768,s-2.998809,s220.880181
176_49,s-3.025923,s1.208248,s44.300370
176_50,s2.080588,s-3.020872,s149.032908
176_51,s1.909992,s2.703064,s267.603643
176_52,s2.625971,s1.027534,s279.774010
176_53,s-1.270103,s-2.993072,s64.118531
176_54,s2.938003,s0.296322,s329.851336
176_55,s2.842452,s-2.460605,s218.135477
176_56,s-3.218723,s-0.289147,s113.598681
176_57,s-2.187374,s3.130911,s324.061875
176_58,s0.207127,s-3.785175,s211.795300
176_59,s3.233616,s1.825163,s238.701087
176_60,s-1.017705,s-3.508649,s163.614984
176_61,s0.843537,s-3.677190,s276.347278
176_62,s2.984740,s-1.320964,s264.609699
176_63,s-3.242554,s-1.650454,s127.406846
176_64,s-0.171280,s3.835316,s256.583946
176_65,s-2.675486,s-3.182184,s292.631633
176_66,s-0.769530,s3.425237,s218.604285
176_67,s3.646837,s0.703616,s370.693929
176_68,s-3.486036,s0.392432,s160.045259
176_69,s-3.635043,s2.909791,s305.728667
176_70,s-4.349161,s0.574485,s139.696219
176_71,s1.764418,s-4.466077,s220.234273
176_72,s2.261512,s3.523399,s387.551856
176_73,s-0.380399,s-3.690151,s120.108908
176_74,s3.790198,s-0.992240,s216.374041
176_75,s3.483475,s-0.557397,s351.895757
176_76,s-3.997029,s-0.768276,s98.350303
176_77,s0.842628,s3.655613,s330.717471
176_78,s2.202808,s-3.614240,s238.051194
176_79,s2.720409,s2.418987,s164.603721
176_80,s3.029023,s-1.994532,s293.902962
176_81,s-1.657812,s-3.622843,s177.681394
176_82,s-1.372381,s3.755930,s12.939872
176_83,s-2.445170,s3.649643,s-0.528620
176_84,s4.016707,s1.634183,s250.589269
176_85,s-2.151971,s-3.688932,s154.397469
176_86,s-3.768367,s2.263326,s83.745933
176_87,s-4.190130,s-1.631714,s99.621082
176_88,s3.860947,s0.209916,s266.242941
176_89,s2.813054,s3.578382,s303.913423
176_90,s-4.160036,s0.952475,s321.921287
176_91,s1.186154,s-4.743670,s329.041871
176_92,s-4.317100,s-0.124091,s148.944036
176_93,s3.855156,s2.842680,s306.373531
176_94,s4.121289,s-0.672254,s288.019553
176_95,s-0.984268,s-4.494677,s219.610271
176_96,s0.557054,s4.650458,s118.950187
176_97,s-4.129369,s-2.184675,s132.904502
176_98,s-2.111018,s4.381124,s339.799391
176_99,s-2.260337,s-4.597442,s88.880677
176_100,s3.917388,s-2.063130,s292.173322
176_101,s4.251897,s1.103711,s182.187419
176_102,s3.125460,s3.242393,s180.141407
176_103,s-0.639356,s3.939353,s47.433763
176_104,s3.469375,s-2.445114,s245.366154
176_105,s-3.560006,s-2.544654,s119.550007
176_106,s1.753312,s4.766229,s180.949446
176_107,s-0.017612,s-4.216594,s158.119894
176_108,s-3.328874,s3.666101,s-14.644262
176_109,s4.559252,s-1.522125,s346.376868
176_110,s0.341742,s-4.743124,s235.803500
176_111,s3.326868,s-3.434723,s251.292833
176_112,s-4.177145,s1.832185,s154.091147
176_113,s5.040922,s0.558188,s353.704619
176_114,s3.996841,s2.145332,s324.623071
176_115,s-1.773825,s-4.507888,s223.792539
176_116,s1.084371,s4.922954,s291.398448
176_117,s4.312032,s-2.543073,s264.095990
176_118,s-4.957881,s-1.123440,s170.069458
176_119,s2.410140,s4.892243,s11.803930
176_120,s3.504427,s-4.179283,s239.461942
176_121,s-5.028296,s0.890680,s164.673109
176_122,s3.862135,s3.651262,s259.977499
176_123,s-2.755753,s-3.545472,s157.548239
176_124,s-0.393281,s4.602009,s36.999534
176_125,s-4.207465,s-3.644098,s164.445233
176_126,s-5.007275,s1.427927,s129.090700
176_127,s5.165208,s1.645486,s39.505067
176_128,s4.670701,s-0.084711,s230.774774
176_129,s-2.689894,s4.697505,s-23.988812
176_130,s-1.380443,s4.720815,s28.632910
176_131,s4.699164,s-2.017586,s232.167330
176_132,s-0.110369,s5.088022,s270.466175
176_133,s-4.042193,s2.853615,s23.146911
176_134,s-4.893638,s2.090481,s42.685430
176_135,s1.785270,s-5.030459,s141.591424
176_136,s4.265125,s3.979908,s-29.915816
176_137,s-0.954636,s-5.787951,s117.696896
176_138,s5.668144,s-1.626319,s177.901334
176_139,s4.079691,s-3.129068,s259.444170
176_140,s0.518692,s-5.639514,s139.384665
176_141,s4.785245,s2.886374,s352.700479
176_142,s-3.682730,s3.427561,s45.811640
176_143,s5.309112,s-0.126587,s317.245497
176_144,s-2.307818,s-5.223431,s234.757141
176_145,s-3.519071,s-4.292018,s218.571041
176_146,s-4.903007,s-3.228911,s302.560128
176_147,s3.050203,s-4.420931,s78.964664
176_148,s-5.041883,s-2.590795,s109.440487
176_149,s-5.613857,s0.370200,s42.472681
176_150,s3.191477,s4.553340,s242.394861
176_151,s-5.041952,s-0.508155,s77.414303
176_152,s-5.654896,s-2.213931,s24.633171
176_153,s-0.941858,s5.555862,s309.590490
176_154,s1.084959,s5.845618,s269.189579
176_155,s5.413858,s-0.532673,s224.629819
176_156,s5.547425,s1.135099,s298.382799
176_157,s-3.720997,s-4.833161,s175.296558
176_158,s-5.509612,s1.614006,s97.731620
176_159,s4.373719,s-3.663916,s257.243472
176_160,s-3.710041,s4.237974,s360.828118
176_161,s-4.697446,s3.118595,s69.089903
176_162,s-5.540584,s-1.162280,s58.401536
176_163,s-5.961514,s-0.248043,s24.038632
176_164,s-2.988089,s5.208553,s83.449459
176_165,s5.333166,s-2.761589,s202.497821
176_166,s0.409102,s5.533324,s8.764050
176_167,s2.645664,s-4.833277,s148.956109
176_168,s3.808426,s4.802365,s52.813045
176_169,s4.969878,s2.431893,s319.365857
176_170,s-5.733887,s2.082193,s45.888453
176_171,s-2.834395,s-5.151757,s212.582127
176_172,s2.039734,s-5.552931,s182.610889
176_173,s5.987572,s-0.385986,s201.521685
176_174,s6.178212,s0.148648,s30.957087
176_175,s3.720980,s-4.770249,s217.096633
177_0,s-0.502857,s0.142422,s313.052288
177_1,s0.057024,s-0.658110,s49.079244
177_2,s0.369010,s-0.640496,s246.735856
177_3,s-0.507874,s0.868659,s-35.407562
177_4,s0.325635,s0.391058,s264.011293
177_5,s1.362371,s0.805628,s105.712075
177_6,s-0.930705,s-0.341845,s0.458109
177_7,s1.325600,s-1.064171,s229.726565
177_8,s-1.160102,s-0.702610,s105.827112
177_9,s0.794029,s-1.289216,s124.505820
177_10,s0.193290,s1.348882,s234.809656
177_11,s-1.258014,s0.417969,s8.256525
177_12,s1.575094,s-0.124980,s355.479492
177_13,s1.524973,s1.322823,s64.622693
177_14,s-1.860339,s0.582291,s136.754244
177_15,s-1.205241,s1.689285,s131.150634
177_16,s-0.483648,s2.408339,s91.964329
177_17,s-0.009823,s-1.245099,s171.136067
177_18,s-2.481973,s-0.176335,s220.559212
177_19,s1.340671,s-0.515745,s80.278781
177_20,s-2.267291,s0.901723,s-7.983266
177_21,s-0.691337,s1.370834,s9.841303
177_22,s-0.702399,s-1.121154,s115.080964
177_23,s2.109736,s0.165352,s323.092163
177_24,s1.625456,s1.791050,s289.349043
177_25,s-0.483361,s-2.074563,s224.473842
177_26,s2.270031,s-0.268057,s198.804734
177_27,s1.482513,s-2.250827,s171.777965
177_28,s-1.139912,s2.736421,s26.931756
177_29,s-2.124505,s-1.970038,s90.061451
177_30,s0.670236,s1.937727,s86.180210
177_31,s0.854448,s-2.241900,s97.444318
177_32,s1.525567,s2.238962,s55.582273
177_33,s1.961365,s-2.101616,s246.526754
177_34,s1.057173,s-2.992262,s119.691474
177_35,s-0.975918,s-1.819360,s176.829148
177_36,s-2.925317,s0.497433,s188.855956
177_37,s-2.344718,s-1.161566,s37.871262
177_38,s-2.598293,s2.315476,s35.023060
177_39,s1.927029,s-0.870863,s231.610794
177_40,s-1.627757,s2.197655,s8.010703
177_41,s0.716975,s2.664291,s27.347552
177_42,s-2.860809,s-2.493958,s140.072593
177_43,s-3.009115,s-0.994084,s85.376557
177_44,s-0.017345,s2.671462,s-9.916690
177_45,s1.455152,s2.986512,s62.569480
177_46,s2.119984,s0.857246,s349.423854
177_47,s2.785226,s-0.597947,s227.028753
177_48,s-0.500768,s-2.998809,s220.880181
177_49,s-3.025923,s1.208248,s44.300370
177_50,s2.080588,s-3.020872,s149.032908
177_51,s1.909992,s2.703064,s267.603643
177_52,s2.625971,s1.027534,s279.774010
177_53,s-1.270103,s-2.993072,s64.118531
177_54,s2.938003,s0.296322,s329.851336
177_55,s2.842452,s-2.460605,s218.135477
177_56,s-3.218723,s-0.289147,s113.598681
177_57,s-2.187374,s3.130911,s324.061875
177_58,s0.207127,s-3.785175,s211.795300
177_59,s3.233616,s1.825163,s238.701087
177_60,s-1.017705,s-3.508649,s163.614984
177_61,s0.843537,s-3.677190,s276.347278
177_62,s2.984740,s-1.320964,s264.609699
177_63,s-3.242554,s-1.650454,s127.406846
177_64,s-0.171280,s3.835316,s256.583946
177_65,s-2.675486,s-3.182184,s292.631633
177_66,s-0.769530,s3.425237,s218.604285
177_67,s3.646837,s0.703616,s370.693929
177_68,s-3.486036,s0.392432,s160.045259
177_69,s-3.635043,s2.909791,s305.728667
177_70,s-4.349161,s0.574485,s139.696219
177_71,s1.764418,s-4.466077,s220.234273
177_72,s2.261512,s3.523399,s387.551856
177_73,s-0.380399,s-3.690151,s120.108908
177_74,s3.790198,s-0.992240,s216.374041
177_75,s3.483475,s-0.557397,s351.895757
177_76,s-3.997029,s-0.768276,s98.350303
177_77,s0.842628,s3.655613,s330.717471
177_78,s2.202808,s-3.614240,s238.051194
177_79,s2.720409,s2.418987,s164.603721
177_80,s3.029023,s-1.994532,s293.902962
177_81,s-1.657812,s-3.622843,s177.681394
177_82,s-1.372381,s3.755930,s12.939872
177_83,s-2.445170,s3.649643,s-0.528620
177_84,s4.016707,s1.634183,s250.589269
177_85,s-2.151971,s-3.688932,s154.397469
177_86,s-3.768367,s2.263326,s83.745933
177_87,s-4.190130,s-1.631714,s99.621082
177_88,s3.860947,s0.209916,s266.242941
177_89,s2.813054,s3.578382,s303.913423
177_90,s-4.160036,s0.952475,s321.921287
177_91,s1.186154,s-4.743670,s329.041871
177_92,s-4.317100,s-0.124091,s148.944036
177_93,s3.855156,s2.842680,s306.373531
177_94,s4.121289,s-0.672254,s288.019553
177_95,s-0.984268,s-4.494677,s219.610271
177_96,s0.557054,s4.650458,s118.950187
177_97,s-4.129369,s-2.184675,s132.904502
177_98,s-2.111018,s4.381124,s339.799391
177_99,s-2.260337,s-4.597442,s88.880677
177_100,s3.917388,s-2.063130,s292.173322
177_101,s4.251897,s1.103711,s182.187419
177_102,s3.125460,s3.242393,s180.141407
177_103,s-0.639356,s3.939353,s47.433763
177_104,s3.469375,s-2.445114,s245.366154
177_105,s-3.560006,s-2.544654,s119.550007
177_106,s1.753312,s4.766229,s180.949446
177_107,s-0.017612,s-4.216594,s158.119894
177_108,s-3.328874,s3.666101,s-14.644262
177_109,s4.559252,s-1.522125,s346.376868
177_110,s0.341742,s-4.743124,s235.803500
177_111,s3.326868,s-3.434723,s251.292833
177_112,s-4.177145,s1.832185,s154.091147
177_113,s5.040922,s0.558188,s353.704619
177_114,s3.996841,s2.145332,s324.623071
177_115,s-1.773825,s-4.507888,s223.792539
177_116,s1.084371,s4.922954,s291.398448
177_117,s4.312032,s-2.543073,s264.095990
177_118,s-4.957881,s-1.123440,s170.069458
177_119,s2.410140,s4.892243,s11.803930
177_120,s3.504427,s-4.179283,s239.461942
177_121,s-5.028296,s0.890680,s164.673109
177_122,s3.862135,s3.651262,s259.977499
177_123,s-2.755753,s-3.545472,s157.548239
177_124,s-0.393281,s4.602009,s36.999534
177_125,s-4.207465,s-3.644098,s164.445233
177_126,s-5.007275,s1.427927,s129.090700
177_127,s5.165208,s1.645486,s39.505067
177_128,s4.670701,s-0.084711,s230.774774
177_129,s-2.689894,s4.697505,s-23.988812
177_130,s-1.380443,s4.720815,s28.632910
177_131,s4.699164,s-2.017586,s232.167330
177_132,s-0.110369,s5.088022,s270.466175
177_133,s-4.042193,s2.853615,s23.146911
177_134,s-4.893638,s2.090481,s42.685430
177_135,s1.785270,s-5.030459,s141.591424
177_136,s4.265125,s3.979908,s-29.915816
177_137,s-0.954636,s-5.787951,s117.696896
177_138,s5.668144,s-1.626319,s177.901334
177_139,s4.079691,s-3.129068,s259.444170
177_140,s0.518692,s-5.639514,s139.384665
177_141,s4.785245,s2.886374,s352.700479
177_142,s-3.682730,s3.427561,s45.811640
177_143,s5.309112,s-0.126587,s317.245497
177_144,s-2.307818,s-5.223431,s234.757141
177_145,s-3.519071,s-4.292018,s218.571041
177_146,s-4.903007,s-3.228911,s302.560128
177_147,s3.050203,s-4.420931,s78.964664
177_148,s-5.041883,s-2.590795,s109.440487
177_149,s-5.613857,s0.370200,s42.472681
177_150,s3.191477,s4.553340,s242.394861
177_151,s-5.041952,s-0.508155,s77.414303
177_152,s-5.654896,s-2.213931,s24.633171
177_153,s-0.941858,s5.555862,s309.590490
177_154,s1.084959,s5.845618,s269.189579
177_155,s5.413858,s-0.532673,s224.629819
177_156,s5.547425,s1.135099,s298.382799
177_157,s-3.720997,s-4.833161,s175.296558
177_158,s-5.509612,s1.614006,s97.731620
177_159,s4.373719,s-3.663916,s257.243472
177_160,s-3.710041,s4.237974,s360.828118
177_161,s-4.697446,s3.118595,s69.089903
177_162,s-5.540584,s-1.162280,s58.401536
177_163,s-5.961514,s-0.248043,s24.038632
177_164,s-2.988089,s5.208553,s83.449459
177_165,s5.333166,s-2.761589,s202.497821
177_166,s0.409102,s5.533324,s8.764050
177_167,s2.645664,s-4.833277,s148.956109
177_168,s3.808426,s4.802365,s52.813045
177_169,s4.969878,s2.431893,s319.365857
177_170,s-5.733887,s2.082193,s45.888453
177_171,s-2.834395,s-5.151757,s212.582127
177_172,s2.039734,s-5.552931,s182.610889
177_173,s5.987572,s-0.385986,s201.521685
177_174,s6.178212,s0.148648,s30.957087
177_175,s3.720980,s-4.770249,s217.096633
177_176,s-4.484307,s3.615051,s15.419075
178_0,s-0.391649,s0.108870,s312.141032
178_1,s0.057024,s-0.658110,s49.079244
178_2,s0.369010,s-0.640496,s246.735856
178_3,s-0.507874,s0.868659,s-35.407562
178_4,s0.325635,s0.391058,s264.011293
178_5,s1.362371,s0.805628,s105.712075
178_6,s-0.930705,s-0.341845,s0.458109
178_7,s1.276294,s-1.098614,s226.587189
178_8,s-1.160102,s-0.702610,s105.827112
178_9,s0.859604,s-1.308877,s136.124712
178_10,s0.193290,s1.348882,s234.809656
178_11,s-1.258014,s0.417969,s8.256525
178_12,s1.575094,s-0.124980,s355.479492
178_13,s1.524973,s1.322823,s64.622693
178_14,s-1.860339,s0.582291,s136.754244
178_15,s-1.205241,s1.689285,s131.150634
178_16,s-0.483648,s2.408339,s91.964329
178_17,s0.006867,s-1.268958,s171.420590
178_18,s-2.481973,s-0.176335,s220.559212
178_19,s1.340671,s-0.515745,s80.278781
178_20,s-2.267291,s0.901723,s-7.983266
178_21,s-0.661938,s1.354982,s9.897336
178_22,s-0.743620,s-1.219279,s108.974310
178_23,s2.109736,s0.165352,s323.092163
178_24,s1.625456,s1.791050,s289.349043
178_25,s-0.483361,s-2.074563,s224.473842
178_26,s2.270031,s-0.268057,s198.804734
178_27,s1.482513,s-2.250827,s171.777965
178_28,s-1.139912,s2.736421,s26.931756
178_29,s-2.124505,s-1.970038,s90.061451
178_30,s0.690027,s1.943215,s86.311349
178_31,s0.890216,s-2.094281,s89.801993
178_32,s1.525567,s2.238962,s55.582273
178_33,s1.961365,s-2.101616,s246.526754
178_34,s1.057173,s-2.992262,s119.691474
178_35,s-1.108703,s-1.821359,s178.029129
178_36,s-2.925317,s0.497433,s188.855956
178_37,s-2.344718,s-1.161566,s37.871262
178_38,s-2.598293,s2.315476,s35.023060
178_39,s1.927029,s-0.870863,s231.610794
178_40,s-1.627757,s2.197655,s8.010703
178_41,s0.716975,s2.664291,s27.347552
178_42,s-2.860809,s-2.493958,s140.072593
178_43,s-3.009115,s-0.994084,s85.376557
178_44,s-0.017345,s2.671462,s-9.916690
178_45,s1.455152,s2.986512,s62.569480
178_46,s2.119984,s0.857246,s349.423854
178_47,s2.785226,s-0.597947,s227.028753
178_48,s-0.520715,s-2.996346,s232.030181
178_49,s-2.944112,s1.143082,s62.154730
178_50,s2.237780,s-2.950081,s145.913801
178_51,s1.909992,s2.703064,s267.603643
178_52,s2.625971,s1.027534,s279.774010
178_53,s-1.270103,s-2.993072,s64.118531
178_54,s2.938003,s0.296322,s329.851336
178_55,s2.842452,s-2.460605,s218.135477
178_56,s-3.218723,s-0.289147,s113.598681
178_57,s-2.187374,s3.130911,s324.061875
178_58,s0.207127,s-3.785175,s211.795300
178_59,s3.233616,s1.825163,s238.701087
178_60,s-1.048841,s-3.506057,s157.090604
178_61,s0.843537,s-3.677190,s276.347278
178_62,s2.984740,s-1.320964,s264.609699
178_63,s-3.242554,s-1.650454,s127.406846
178_64,s-0.171280,s3.835316,s256.583946
178_65,s-2.675486,s-3.182184,s292.631633
178_66,s-0.769530,s3.425237,s218.604285
178_67,s3.620190,s0.602561,s371.345629
178_68,s-3.486036,s0.392432,s160.045259
178_69,s-3.635043,s2.909791,s305.728667
178_70,s-4.349161,s0.574485,s139.696219
178_71,s1.764418,s-4.466077,s220.234273
178_72,s2.261512,s3.523399,s387.551856
178_73,s-0.380399,s-3.690151,s120.108908
178_74,s3.790198,s-0.992240,s216.374041
178_75,s3.483475,s-0.557397,s351.895757
178_76,s-3.997029,s-0.768276,s98.350303
178_77,s0.790822,s3.685719,s323.989231
178_78,s2.202808,s-3.614240,s238.051194
178_79,s2.720409,s2.418987,s164.603721
178_80,s3.029023,s-1.994532,s293.902962
178_81,s-1.657812,s-3.622843,s177.681394
178_82,s-1.372381,s3.755930,s12.939872
178_83,s-2.445170,s3.649643,s-0.528620
178_84,s4.068632,s1.695716,s252.026184
178_85,s-2.151971,s-3.688932,s154.397469
178_86,s-3.722593,s2.310360,s81.947121
178_87,s-4.190130,s-1.631714,s99.621082
178_88,s3.860947,s0.209916,s266.242941
178_89,s2.813054,s3.578382,s303.913423
178_90,s-4.160036,s0.952475,s321.921287
178_91,s1.186154,s-4.743670,s329.041871
178_92,s-4.317100,s-0.124091,s148.944036
178_93,s3.753251,s2.920822,s309.506657
178_94,s4.121289,s-0.672254,s288.019553
178_95,s-0.984268,s-4.494677,s219.610271
178_96,s0.652900,s4.626348,s118.843464
178_97,s-4.129369,s-2.184675,s132.904502
178_98,s-2.111018,s4.381124,s339.799391
178_99,s-2.260337,s-4.597442,s88.880677
178_100,s3.917388,s-2.063130,s292.173322
178_101,s4.251897,s1.103711,s182.187419
178_102,s3.125460,s3.242393,s180.141407
178_103,s-0.701990,s3.897911,s40.713389
178_104,s3.403865,s-2.425582,s245.614251
178_105,s-3.556273,s-2.508054,s112.335369
178_106,s1.753312,s4.766229,s180.949446
178_107,s-0.017612,s-4.216594,s158.119894
178_108,s-3.328874,s3.666101,s-14.644262
178_109,s4.559252,s-1.522125,s346.376868
178_110,s0.341742,s-4.743124,s235.803500
178_111,s3.326868,s-3.434723,s251.292833
178_112,s-4.317557,s1.721719,s151.239509
178_113,s4.818454,s0.590575,s347.614219
178_114,s4.074763,s2.198964,s328.167354
178_115,s-1.862659,s-4.614712,s224.026005
178_116,s1.084465,s4.982880,s294.819572
178_117,s4.294340,s-2.598226,s266.143984
178_118,s-4.957881,s-1.123440,s170.069458
178_119,s2.410140,s4.892243,s11.803930
178_120,s3.504427,s-4.179283,s239.461942
178_121,s-5.028296,s0.890680,s164.673109
178_122,s3.782611,s3.608044,s261.338309
178_123,s-2.755753,s-3.545472,s157.548239
178_124,s-0.393281,s4.602009,s36.999534
178_125,s-3.990837,s-3.951747,s158.843216
178_126,s-5.007275,s1.427927,s129.090700
178_127,s5.165208,s1.645486,s39.505067
178_128,s4.670701,s-0.084711,s230.774774
178_129,s-2.689894,s4.697505,s-23.988812
178_130,s-1.380443,s4.720815,s28.632910
178_131,s4.700835,s-2.037683,s230.034293
178_132,s-0.110369,s5.088022,s270.466175
178_133,s-4.042193,s2.853615,s23.146911
178_134,s-4.893638,s2.090481,s42.685430
178_135,s1.785270,s-5.030459,s141.591424
178_136,s4.368629,s3.867041,s-27.195566
178_137,s-1.010823,s-5.800940,s120.808660
178_138,s5.662894,s-1.558056,s178.843379
178_139,s4.079691,s-3.129068,s259.444170
178_140,s0.411447,s-5.662171,s138.653452
178_141,s4.785245,s2.886374,s352.700479
178_142,s-3.682730,s3.427561,s45.811640
178_143,s5.309112,s-0.126587,s317.245497
178_144,s-2.307818,s-5.223431,s234.757141
178_145,s-3.519071,s-4.292018,s218.571041
178_146,s-4.829970,s-3.183271,s312.873102
178_147,s3.070221,s-4.321402,s78.125960
178_148,s-5.163277,s-2.524817,s110.454762
178_149,s-5.643944,s0.331763,s30.325714
178_150,s3.174002,s4.610612,s240.953146
178_151,s-5.041952,s-0.508155,s77.414303
178_152,s-5.654896,s-2.213931,s24.633171
178_153,s-0.941858,s5.555862,s309.590490
178_154,s0.962800,s5.863297,s266.391451
178_155,s5.413858,s-0.532673,s224.629819
178_156,s5.696375,s1.074465,s307.866211
178_157,s-3.720997,s-4.833161,s175.296558
178_158,s-5.509612,s1.614006,s97.731620
178_159,s4.373719,s-3.663916,s257.243472
178_160,s-3.710041,s4.237974,s360.828118
178_161,s-4.697446,s3.118595,s69.089903
178_162,s-5.540584,s-1.162280,s58.401536
178_163,s-5.961514,s-0.248043,s24.038632
178_164,s-2.988089,s5.208553,s83.449459
178_165,s5.522356,s-2.549988,s211.530365
178_166,s0.233950,s5.565567,s2.360983
178_167,s2.645664,s-4.833277,s148.956109
178_168,s3.808426,s4.802365,s52.813045
178_169,s4.969878,s2.431893,s319.365857
178_170,s-5.660915,s2.254591,s50.337442
178_171,s-2.834395,s-5.151757,s212.582127
178_172,s2.039734,s-5.552931,s182.610889
178_173,s6.034775,s-0.395664,s198.532749
178_174,s6.178212,s0.148648,s30.957087
178_175,s3.720980,s-4.770249,s217.096633
178_176,s-4.484307,s3.615051,s15.419075
178_177,s-5.250544,s2.965247,s114.938505
179_0,s-0.391649,s0.108870,s312.141032
179_1,s0.057024,s-0.658110,s49.079244
179_2,s0.369010,s-0.640496,s246.735856
179_3,s-0.507874,s0.868659,s-35.407562
179_4,s0.325635,s0.391058,s264.011293
179_5,s1.362371,s0.805628,s105.712075
179_6,s-0.930705,s-0.341845,s0.458109
179_7,s1.276294,s-1.098614,s226.587189
179_8,s-1.160102,s-0.702610,s105.827112
179_9,s0.859604,s-1.308877,s136.124712
179_10,s0.193290,s1.348882,s234.809656
179_11,s-1.258014,s0.417969,s8.256525
179_12,s1.575094,s-0.124980,s355.479492
179_13,s1.524973,s1.322823,s64.622693
179_14,s-1.860339,s0.582291,s136.754244
179_15,s-1.200985,s1.704189,s121.274856
179_16,s-0.483648,s2.408339,s91.964329
179_17,s0.006867,s-1.268958,s171.420590
179_18,s-2.459445,s-0.171630,s207.211039
179_19,s1.435913,s-0.555927,s82.075996
179_20,s-2.267291,s0.901723,s-7.983266
179_21,s-0.661938,s1.354982,s9.897336
179_22,s-0.743620,s-1.219279,s108.974310
179_23,s2.109736,s0.165352,s323.092163
179_24,s1.625456,s1.791050,s289.349043
179_25,s-0.483361,s-2.074563,s224.473842
179_26,s2.270031,s-0.268057,s198.804734
179_27,s1.482513,s-2.250827,s171.777965
179_28,s-1.139912,s2.736421,s26.931756
179_29,s-2.094125,s-1.925840,s77.053095
179_30,s0.690027,s1.943215,s86.311349
179_31,s0.890216,s-2.094281,s89.801993
179_32,s1.525567,s2.238962,s55.582273
179_33,s1.961365,s-2.101616,s246.526754
179_34,s1.057173,s-2.992262,s119.691474
179_35,s-1.108703,s-1.821359,s178.029129
179_36,s-2.925317,s0.497433,s188.855956
179_37,s-2.344718,s-1.161566,s37.871262
179_38,s-2.598293,s2.315476,s35.023060
179_39,s1.927029,s-0.870863,s231.610794
179_40,s-1.627757,s2.197655,s8.010703
179_41,s0.716975,s2.664291,s27.347552
179_42,s-2.860809,s-2.493958,s140.072593
179_43,s-3.009115,s-0.994084,s85.376557
179_44,s-0.017345,s2.671462,s-9.916690
179_45,s1.297858,s3.039527,s65.834880
179_46,s2.119984,s0.857246,s349.423854
179_47,s2.785226,s-0.597947,s227.028753
179_48,s-0.488545,s-2.818476,s249.345961
179_49,s-2.944112,s1.143082,s62.154730
179_50,s2.237780,s-2.950081,s145.913801
179_51,s1.909992,s2.703064,s267.603643
179_52,s2.625971,s1.027534,s279.774010
179_53,s-1.270103,s-2.993072,s64.118531
179_54,s2.938003,s0.296322,s329.851336
179_55,s2.842452,s-2.460605,s218.135477
179_56,s-3.218723,s-0.289147,s113.598681
179_57,s-2.187374,s3.130911,s324.061875
179_58,s0.207127,s-3.785175,s211.795300
179_59,s3.062386,s1.995655,s241.400617
179_60,s-1.048841,s-3.506057,s157.090604
179_61,s0.843537,s-3.677190,s276.347278
179_62,s2.984740,s-1.320964,s264.609699
179_63,s-3.242554,s-1.650454,s127.406846
179_64,s-0.171280,s3.835316,s256.583946
179_65,s-2.675486,s-3.182184,s292.631633
179_66,s-0.769530,s3.425237,s218.604285
179_67,s3.620190,s0.602561,s371.345629
179_68,s-3.486036,s0.392432,s160.045259
179_69,s-3.635043,s2.909791,s305.728667
179_70,s-4.349161,s0.574485,s139.696219
179_71,s1.764418,s-4.466077,s220.234273
179_72,s2.261512,s3.523399,s387.551856
179_73,s-0.380399,s-3.690151,s120.108908
179_74,s3.790198,s-0.992240,s216.374041
179_75,s3.483475,s-0.557397,s351.895757
179_76,s-3.997029,s-0.768276,s98.350303
179_77,s1.005039,s3.755755,s323.190355
179_78,s2.445426,s-3.452534,s240.433618
179_79,s2.720409,s2.418987,s164.603721
179_80,s3.029023,s-1.994532,s293.902962
179_81,s-1.657812,s-3.622843,s177.681394
179_82,s-1.372381,s3.755930,s12.939872
179_83,s-2.445170,s3.649643,s-0.528620
179_84,s4.068632,s1.695716,s252.026184
179_85,s-2.151971,s-3.688932,s154.397469
179_86,s-3.902660,s2.084613,s81.779233
179_87,s-4.190130,s-1.631714,s99.621082
179_88,s3.860947,s0.209916,s266.242941
179_89,s2.788030,s3.751709,s296.713816
179_90,s-4.160036,s0.952475,s321.921287
179_91,s1.186154,s-4.743670,s329.041871
179_92,s-4.317100,s-0.124091,s148.944036
179_93,s3.753251,s2.920822,s309.506657
179_94,s4.121289,s-0.672254,s288.019553
179_95,s-0.984268,s-4.494677,s219.610271
179_96,s0.652900,s4.626348,s118.843464
179_97,s-4.152798,s-2.162425,s131.428049
179_98,s-2.111018,s4.381124,s339.799391
179_99,s-2.260337,s-4.597442,s88.880677
179_100,s3.917388,s-2.063130,s292.173322
179_101,s4.251897,s1.103711,s182.187419
179_102,s3.125460,s3.242393,s180.141407
179_103,s-0.701990,s3.897911,s40.713389
179_104,s3.403865,s-2.425582,s245.614251
179_105,s-3.556273,s-2.508054,s112.335369
179_106,s1.753312,s4.766229,s180.949446
179_107,s-0.017612,s-4.216594,s158.119894
179_108,s-3.328874,s3.666101,s-14.644262
179_109,s4.559252,s-1.522125,s346.376868
179_110,s0.341742,s-4.743124,s235.803500
179_111,s3.326868,s-3.434723,s251.292833
179_112,s-4.317557,s1.721719,s151.239509
179_113,s4.818454,s0.590575,s347.614219
179_114,s3.938061,s2.243022,s326.810203
179_115,s-1.862659,s-4.614712,s224.026005
179_116,s1.084465,s4.982880,s294.819572
179_117,s4.294340,s-2.598226,s266.143984
179_118,s-4.957881,s-1.123440,s170.069458
179_119,s2.410140,s4.892243,s11.803930
179_120,s3.504427,s-4.179283,s239.461942
179_121,s-5.028296,s0.890680,s164.673109
179_122,s3.787236,s3.567330,s266.772271
179_123,s-2.755753,s-3.545472,s157.548239
179_124,s-0.393281,s4.602009,s36.999534
179_125,s-3.990837,s-3.951747,s158.843216
179_126,s-5.007275,s1.427927,s129.090700
179_127,s5.165208,s1.645486,s39.505067
179_128,s4.670701,s-0.084711,s230.774774
179_129,s-2.689894,s4.697505,s-23.988812
179_130,s-1.380443,s4.720815,s28.632910
179_131,s4.700835,s-2.037683,s230.034293
179_132,s-0.110369,s5.088022,s270.466175
179_133,s-4.042193,s2.853615,s23.146911
179_134,s-4.893638,s2.090481,s42.685430
179_135,s1.785270,s-5.030459,s141.591424
179_136,s4.378402,s3.952570,s-38.367776
179_137,s-1.004141,s-5.784243,s116.987515
179_138,s5.694446,s-1.362332,s176.576453
179_139,s4.079691,s-3.129068,s259.444170
179_140,s0.411447,s-5.662171,s138.653452
179_141,s4.785245,s2.886374,s352.700479
179_142,s-3.682730,s3.427561,s45.811640
179_143,s5.309112,s-0.126587,s317.245497
179_144,s-2.307818,s-5.223431,s234.757141
179_145,s-3.519071,s-4.292018,s218.571041
179_146,s-4.829970,s-3.183271,s312.873102
179_147,s3.070221,s-4.321402,s78.125960
179_148,s-5.239820,s-2.597050,s102.348427
179_149,s-5.643944,s0.331763,s30.325714
179_150,s3.174002,s4.610612,s240.953146
179_151,s-5.041952,s-0.508155,s77.414303
179_152,s-5.654896,s-2.213931,s24.633171
179_153,s-0.941858,s5.555862,s309.590490
179_154,s0.962800,s5.863297,s266.391451
179_155,s5.413858,s-0.532673,s224.629819
179_156,s5.696375,s1.074465,s307.866211
179_157,s-3.720997,s-4.833161,s175.296558
179_158,s-5.477151,s1.710394,s90.649647
179_159,s4.373719,s-3.663916,s257.243472
179_160,s-3.887190,s4.258763,s354.324644
179_161,s-4.697446,s3.118595,s69.089903
179_162,s-5.540584,s-1.162280,s58.401536
179_163,s-5.961514,s-0.248043,s24.038632
179_164,s-2.988089,s5.208553,s83.449459
179_165,s5.522356,s-2.549988,s211.530365
179_166,s0.291236,s5.580441,s4.533695
179_167,s2.645664,s-4.833277,s148.956109
179_168,s3.808426,s4.802365,s52.813045
179_169,s4.969878,s2.431893,s319.365857
179_170,s-5.660915,s2.254591,s50.337442
179_171,s-2.834395,s-5.151757,s212.582127
179_172,s2.039734,s-5.552931,s182.610889
179_173,s6.097528,s-0.525247,s199.159452
179_174,s6.157696,s0.210172,s30.233873
179_175,s3.755850,s-4.787326,s201.739609
179_176,s-4.484307,s3.615051,s15.419075
179_177,s-5.250544,s2.965247,s114.938505
179_178,s-2.146996,s5.432772,s341.177388
180_0,s-0.391649,s0.108870,s312.141032
180_1,s0.057024,s-0.658110,s49.079244
180_2,s0.369010,s-0.640496,s246.735856
180_3,s-0.507874,s0.868659,s-35.407562
180_4,s0.325635,s0.391058,s264.011293
180_5,s1.362371,s0.805628,s105.712075
180_6,s-0.930705,s-0.341845,s0.458109
180_7,s1.276294,s-1.098614,s226.587189
180_8,s-1.160102,s-0.702610,s105.827112
180_9,s0.859604,s-1.308877,s136.124712
180_10,s0.193290,s1.348882,s234.809656
180_11,s-1.258014,s0.417969,s8.256525
180_12,s1.575094,s-0.124980,s355.479492
180_13,s1.524973,s1.322823,s64.622693
180_14,s-1.860339,s0.582291,s136.754244
180_15,s-1.200985,s1.704189,s121.274856
180_16,s-0.483648,s2.408339,s91.964329
180_17,s0.006867,s-1.268958,s171.420590
180_18,s-2.459445,s-0.171630,s207.211039
180_19,s1.435913,s-0.555927,s82.075996
180_20,s-2.267291,s0.901723,s-7.983266
180_21,s-0.661938,s1.354982,s9.897336
180_22,s-0.743620,s-1.219279,s108.974310
180_23,s2.109736,s0.165352,s323.092163
180_24,s1.625456,s1.791050,s289.349043
180_25,s-0.483361,s-2.074563,s224.473842
180_26,s2.270031,s-0.268057,s198.804734
180_27,s1.482513,s-2.250827,s171.777965
180_28,s-1.139912,s2.736421,s26.931756
180_29,s-2.094125,s-1.925840,s77.053095
180_30,s0.690027,s1.943215,s86.311349
180_31,s0.890216,s-2.094281,s89.801993
180_32,s1.525567,s2.238962,s55.582273
180_33,s1.961365,s-2.101616,s246.526754
180_34,s1.057173,s-2.992262,s119.691474
180_35,s-1.108703,s-1.821359,s178.029129
180_36,s-2.925317,s0.497433,s188.855956
180_37,s-2.344718,s-1.161566,s37.871262
180_38,s-2.598293,s2.315476,s35.023060
180_39,s1.927029,s-0.870863,s231.610794
180_40,s-1.627757,s2.197655,s8.010703
180_41,s0.716975,s2.664291,s27.347552
180_42,s-2.860809,s-2.493958,s140.072593
180_43,s-3.009115,s-0.994084,s85.376557
180_44,s-0.017345,s2.671462,s-9.916690
180_45,s1.297858,s3.039527,s65.834880
180_46,s2.119984,s0.857246,s349.423854
180_47,s2.785226,s-0.597947,s227.028753
180_48,s-0.488545,s-2.818476,s249.345961
180_49,s-2.944112,s1.143082,s62.154730
180_50,s2.237780,s-2.950081,s145.913801
180_51,s1.909992,s2.703064,s267.603643
180_52,s2.625971,s1.027534,s279.774010
180_53,s-1.270103,s-2.993072,s64.118531
180_54,s2.938003,s0.296322,s329.851336
180_55,s2.842452,s-2.460605,s218.135477
180_56,s-3.218723,s-0.289147,s113.598681
180_57,s-2.187374,s3.130911,s324.061875
180_58,s0.207127,s-3.785175,s211.795300
180_59,s3.062386,s1.995655,s241.400617
180_60,s-1.048841,s-3.506057,s157.090604
180_61,s0.843537,s-3.677190,s276.347278
180_62,s2.984740,s-1.320964,s264.609699
180_63,s-3.242554,s-1.650454,s127.406846
180_64,s-0.171280,s3.835316,s256.583946
180_65,s-2.675486,s-3.182184,s292.631633
180_66,s-0.769530,s3.425237,s218.604285
180_67,s3.620190,s0.602561,s371.345629
180_68,s-3.486036,s0.392432,s160.045259
180_69,s-3.635043,s2.909791,s305.728667
180_70,s-4.349161,s0.574485,s139.696219
180_71,s1.764418,s-4.466077,s220.234273
180_72,s2.261512,s3.523399,s387.551856
180_73,s-0.380399,s-3.690151,s120.108908
180_74,s3.790198,s-0.992240,s216.374041
180_75,s3.483475,s-0.557397,s351.895757
180_76,s-3.997029,s-0.768276,s98.350303
180_77,s1.005039,s3.755755,s323.190355
180_78,s2.445426,s-3.452534,s240.433618
180_79,s2.720409,s2.418987,s164.603721
180_80,s3.029023,s-1.994532,s293.902962
180_81,s-1.657812,s-3.622843,s177.681394
180_82,s-1.372381,s3.755930,s12.939872
180_83,s-2.445170,s3.649643,s-0.528620
180_84,s4.068632,s1.695716,s252.026184
180_85,s-2.151971,s-3.688932,s154.397469
180_86,s-3.902660,s2.084613,s81.779233
180_87,s-4.190130,s-1.631714,s99.621082
180_88,s3.860947,s0.209916,s266.242941
180_89,s2.788030,s3.751709,s296.713816
180_90,s-4.160036,s0.952475,s321.921287
180_91,s1.186154,s-4.743670,s329.041871
180_92,s-4.317100,s-0.124091,s148.944036
180_93,s3.753251,s2.920822,s309.506657
180_94,s4.121289,s-0.672254,s288.019553
180_95,s-0.984268,s-4.494677,s219.610271
180_96,s0.652900,s4.626348,s118.843464
180_97,s-4.152798,s-2.162425,s131.428049
180_98,s-2.111018,s4.381124,s339.799391
180_99,s-2.260337,s-4.597442,s88.880677
180_100,s3.917388,s-2.063130,s292.173322
180_101,s4.251897,s1.103711,s182.187419
180_102,s3.125460,s3.242393,s180.141407
180_103,s-0.701990,s3.897911,s40.713389
180_104,s3.403865,s-2.425582,s245.614251
180_105,s-3.556273,s-2.508054,s112.335369
180_106,s1.753312,s4.766229,s180.949446
180_107,s-0.017612,s-4.216594,s158.119894
180_108,s-3.328874,s3.666101,s-14.644262
180_109,s4.559252,s-1.522125,s346.376868
180_110,s0.341742,s-4.743124,s235.803500
180_111,s3.326868,s-3.434723,s251.292833
180_112,s-4.317557,s1.721719,s151.239509
180_113,s4.818454,s0.590575,s347.614219
180_114,s3.938061,s2.243022,s326.810203
180_115,s-1.862659,s-4.614712,s224.026005
180_116,s1.084465,s4.982880,s294.819572
180_117,s4.294340,s-2.598226,s266.143984
180_118,s-4.957881,s-1.123440,s170.069458
180_119,s2.410140,s4.892243,s11.803930
180_120,s3.504427,s-4.179283,s239.461942
180_121,s-5.028296,s0.890680,s164.673109
180_122,s3.787236,s3.567330,s266.772271
180_123,s-2.755753,s-3.545472,s157.548239
180_124,s-0.393281,s4.602009,s36.999534
180_125,s-3.990837,s-3.951747,s158.843216
180_126,s-5.007275,s1.427927,s129.090700
180_127,s5.165208,s1.645486,s39.505067
180_128,s4.670701,s-0.084711,s230.774774
180_129,s-2.689894,s4.697505,s-23.988812
180_130,s-1.380443,s4.720815,s28.632910
180_131,s4.700835,s-2.037683,s230.034293
180_132,s-0.110369,s5.088022,s270.466175
180_133,s-4.042193,s2.853615,s23.146911
180_134,s-4.893638,s2.090481,s42.685430
180_135,s1.785270,s-5.030459,s141.591424
180_136,s4.378402,s3.952570,s-38.367776
180_137,s-1.004141,s-5.784243,s116.987515
180_138,s5.694446,s-1.362332,s176.576453
180_139,s4.079691,s-3.129068,s259.444170
180_140,s0.411447,s-5.662171,s138.653452
180_141,s4.785245,s2.886374,s352.700479
180_142,s-3.682730,s3.427561,s45.811640
180_143,s5.309112,s-0.126587,s317.245497
180_144,s-2.307818,s-5.223431,s234.757141
180_145,s-3.519071,s-4.292018,s218.571041
180_146,s-4.829970,s-3.183271,s312.873102
180_147,s3.070221,s-4.321402,s78.125960
180_148,s-5.239820,s-2.597050,s102.348427
180_149,s-5.643944,s0.331763,s30.325714
180_150,s3.174002,s4.610612,s240.953146
180_151,s-5.041952,s-0.508155,s77.414303
180_152,s-5.654896,s-2.213931,s24.633171
180_153,s-0.941858,s5.555862,s309.590490
180_154,s0.962800,s5.863297,s266.391451
180_155,s5.413858,s-0.532673,s224.629819
180_156,s5.696375,s1.074465,s307.866211
180_157,s-3.720997,s-4.833161,s175.296558
180_158,s-5.477151,s1.710394,s90.649647
180_159,s4.373719,s-3.663916,s257.243472
180_160,s-3.887190,s4.258763,s354.324644
180_161,s-4.697446,s3.118595,s69.089903
180_162,s-5.540584,s-1.162280,s58.401536
180_163,s-5.961514,s-0.248043,s24.038632
180_164,s-2.988089,s5.208553,s83.449459
180_165,s5.522356,s-2.549988,s211.530365
180_166,s0.291236,s5.580441,s4.533695
180_167,s2.645664,s-4.833277,s148.956109
180_168,s3.808426,s4.802365,s52.813045
180_169,s4.969878,s2.431893,s319.365857
180_170,s-5.660915,s2.254591,s50.337442
180_171,s-2.834395,s-5.151757,s212.582127
180_172,s2.039734,s-5.552931,s182.610889
180_173,s6.097528,s-0.525247,s199.159452
180_174,s6.157696,s0.210172,s30.233873
180_175,s3.755850,s-4.787326,s201.739609
180_176,s-4.484307,s3.615051,s15.419075
180_177,s-5.250544,s2.965247,s114.938505
180_178,s-2.146996,s5.432772,s341.177388
180_179,s5.100531,s3.663739,s286.461635
181_0,s-0.391649,s0.108870,s312.141032
181_1,s0.057024,s-0.658110,s49.079244
181_2,s0.369010,s-0.640496,s246.735856
181_3,s-0.507874,s0.868659,s-35.407562
181_4,s0.325635,s0.391058,s264.011293
181_5,s1.362371,s0.805628,s105.712075
181_6,s-0.930705,s-0.341845,s0.458109
181_7,s1.276294,s-1.098614,s226.587189
181_8,s-1.160102,s-0.702610,s105.827112
181_9,s0.859604,s-1.308877,s136.124712
181_10,s0.193290,s1.348882,s234.809656
181_11,s-1.258014,s0.417969,s8.256525
181_12,s1.575094,s-0.124980,s355.479492
181_13,s1.524973,s1.322823,s64.622693
181_14,s-1.860339,s0.582291,s136.754244
181_15,s-1.200985,s1.704189,s121.274856
181_16,s-0.483648,s2.408339,s91.964329
181_17,s0.006867,s-1.268958,s171.420590
181_18,s-2.459445,s-0.171630,s207.211039
181_19,s1.435913,s-0.555927,s82.075996
181_20,s-2.267291,s0.901723,s-7.983266
181_21,s-0.661938,s1.354982,s9.897336
181_22,s-0.743620,s-1.219279,s108.974310
181_23,s2.109736,s0.165352,s323.092163
181_24,s1.625456,s1.791050,s289.349043
181_25,s-0.483361,s-2.074563,s224.473842
181_26,s2.270031,s-0.268057,s198.804734
181_27,s1.482513,s-2.250827,s171.777965
181_28,s-1.139912,s2.736421,s26.931756
181_29,s-2.094125,s-1.925840,s77.053095
181_30,s0.690027,s1.943215,s86.311349
181_31,s0.890216,s-2.094281,s89.801993
181_32,s1.525567,s2.238962,s55.582273
181_33,s1.961365,s-2.101616,s246.526754
181_34,s1.057173,s-2.992262,s119.691474
181_35,s-1.108703,s-1.821359,s178.029129
181_36,s-2.925317,s0.497433,s188.855956
181_37,s-2.344718,s-1.161566,s37.871262
181_38,s-2.598293,s2.315476,s35.023060
181_39,s1.927029,s-0.870863,s231.610794
181_40,s-1.627757,s2.197655,s8.010703
181_41,s0.716975,s2.664291,s27.347552
181_42,s-2.860809,s-2.493958,s140.072593
181_43,s-3.009115,s-0.994084,s85.376557
181_44,s-0.017345,s2.671462,s-9.916690
181_45,s1.297858,s3.039527,s65.834880
181_46,s2.119984,s0.857246,s349.423854
181_47,s2.785226,s-0.597947,s227.028753
181_48,s-0.488545,s-2.818476,s249.345961
181_49,s-2.944112,s1.143082,s62.154730
181_50,s2.237780,s-2.950081,s145.913801
181_51,s1.909992,s2.703064,s267.603643
181_52,s2.625971,s1.027534,s279.774010
181_53,s-1.270103,s-2.993072,s64.118531
181_54,s2.938003,s0.296322,s329.851336
181_55,s2.842452,s-2.460605,s218.135477
181_56,s-3.218723,s-0.289147,s113.598681
181_57,s-2.187374,s3.130911,s324.061875
181_58,s0.207127,s-3.785175,s211.795300
181_59,s3.062386,s1.995655,s241.400617
181_60,s-1.048841,s-3.506057,s157.090604
181_61,s0.843537,s-3.677190,s276.347278
181_62,s2.984740,s-1.320964,s264.609699
181_63,s-3.242554,s-1.650454,s127.406846
181_64,s-0.171280,s3.835316,s256.583946
181_65,s-2.675486,s-3.182184,s292.631633
181_66,s-0.769530,s3.425237,s218.604285
181_67,s3.620190,s0.602561,s371.345629
181_68,s-3.486036,s0.392432,s160.045259
181_69,s-3.635043,s2.909791,s305.728667
181_70,s-4.349161,s0.574485,s139.696219
181_71,s1.764418,s-4.466077,s220.234273
181_72,s2.261512,s3.523399,s387.551856
181_73,s-0.380399,s-3.690151,s120.108908
181_74,s3.790198,s-0.992240,s216.374041
181_75,s3.483475,s-0.557397,s351.895757
181_76,s-3.997029,s-0.768276,s98.350303
181_77,s1.005039,s3.755755,s323.190355
181_78,s2.445426,s-3.452534,s240.433618
181_79,s2.720409,s2.418987,s164.603721
181_80,s3.029023,s-1.994532,s293.902962
181_81,s-1.657812,s-3.622843,s177.681394
181_82,s-1.372381,s3.755930,s12.939872
181_83,s-2.445170,s3.649643,s-0.528620
181_84,s4.068632,s1.695716,s252.026184
181_85,s-2.151971,s-3.688932,s154.397469
181_86,s-3.902660,s2.084613,s81.779233
181_87,s-4.190130,s-1.631714,s99.621082
181_88,s3.860947,s0.209916,s266.242941
181_89,s2.788030,s3.751709,s296.713816
181_90,s-4.160036,s0.952475,s321.921287
181_91,s1.186154,s-4.743670,s329.041871
181_92,s-4.317100,s-0.124091,s148.944036
181_93,s3.753251,s2.920822,s309.506657
181_94,s4.121289,s-0.672254,s288.019553
181_95,s-0.984268,s-4.494677,s219.610271
181_96,s0.652900,s4.626348,s118.843464
181_97,s-4.152798,s-2.162425,s131.428049
181_98,s-2.111018,s4.381124,s339.799391
181_99,s-2.260337,s-4.597442,s88.880677
181_100,s3.917388,s-2.063130,s292.173322
181_101,s4.251897,s1.103711,s182.187419
181_102,s3.125460,s3.242393,s180.141407
181_103,s-0.701990,s3.897911,s40.713389
181_104,s3.403865,s-2.425582,s245.614251
181_105,s-3.556273,s-2.508054,s112.335369
181_106,s1.753312,s4.766229,s180.949446
181_107,s-0.017612,s-4.216594,s158.119894
181_108,s-3.328874,s3.666101,s-14.644262
181_109,s4.559252,s-1.522125,s346.376868
181_110,s0.341742,s-4.743124,s235.803500
181_111,s3.326868,s-3.434723,s251.292833
181_112,s-4.317557,s1.721719,s151.239509
181_113,s4.818454,s0.590575,s347.614219
181_114,s3.938061,s2.243022,s326.810203
181_115,s-1.862659,s-4.614712,s224.026005
181_116,s1.084465,s4.982880,s294.819572
181_117,s4.294340,s-2.598226,s266.143984
181_118,s-4.957881,s-1.123440,s170.069458
181_119,s2.410140,s4.892243,s11.803930
181_120,s3.504427,s-4.179283,s239.461942
181_121,s-5.028296,s0.890680,s164.673109
181_122,s3.787236,s3.567330,s266.772271
181_123,s-2.755753,s-3.545472,s157.548239
181_124,s-0.393281,s4.602009,s36.999534
181_125,s-3.990837,s-3.951747,s158.843216
181_126,s-5.007275,s1.427927,s129.090700
181_127,s5.165208,s1.645486,s39.505067
181_128,s4.670701,s-0.084711,s230.774774
181_129,s-2.689894,s4.697505,s-23.988812
181_130,s-1.380443,s4.720815,s28.632910
181_131,s4.700835,s-2.037683,s230.034293
181_132,s-0.110369,s5.088022,s270.466175
181_133,s-4.042193,s2.853615,s23.146911
181_134,s-4.893638,s2.090481,s42.685430
181_135,s1.785270,s-5.030459,s141.591424
181_136,s4.378402,s3.952570,s-38.367776
181_137,s-1.004141,s-5.784243,s116.987515
181_138,s5.694446,s-1.362332,s176.576453
181_139,s4.079691,s-3.129068,s259.444170
181_140,s0.411447,s-5.662171,s138.653452
181_141,s4.785245,s2.886374,s352.700479
181_142,s-3.682730,s3.427561,s45.811640
181_143,s5.309112,s-0.126587,s317.245497
181_144,s-2.307818,s-5.223431,s234.757141
181_145,s-3.519071,s-4.292018,s218.571041
181_146,s-4.829970,s-3.183271,s312.873102
181_147,s3.070221,s-4.321402,s78.125960
181_148,s-5.239820,s-2.597050,s102.348427
181_149,s-5.643944,s0.331763,s30.325714
181_150,s3.174002,s4.610612,s240.953146
181_151,s-5.041952,s-0.508155,s77.414303
181_152,s-5.654896,s-2.213931,s24.633171
181_153,s-0.941858,s5.555862,s309.590490
181_154,s0.962800,s5.863297,s266.391451
181_155,s5.413858,s-0.532673,s224.629819
181_156,s5.696375,s1.074465,s307.866211
181_157,s-3.720997,s-4.833161,s175.296558
181_158,s-5.477151,s1.710394,s90.649647
181_159,s4.373719,s-3.663916,s257.243472
181_160,s-3.887190,s4.258763,s354.324644
181_161,s-4.697446,s3.118595,s69.089903
181_162,s-5.540584,s-1.162280,s58.401536
181_163,s-5.961514,s-0.248043,s24.038632
181_164,s-2.988089,s5.208553,s83.449459
181_165,s5.522356,s-2.549988,s211.530365
181_166,s0.291236,s5.580441,s4.533695
181_167,s2.645664,s-4.833277,s148.956109
181_168,s3.808426,s4.802365,s52.813045
181_169,s4.969878,s2.431893,s319.365857
181_170,s-5.660915,s2.254591,s50.337442
181_171,s-2.834395,s-5.151757,s212.582127
181_172,s2.039734,s-5.552931,s182.610889
181_173,s6.097528,s-0.525247,s199.159452
181_174,s6.157696,s0.210172,s30.233873
181_175,s3.755850,s-4.787326,s201.739609
181_176,s-4.484307,s3.615051,s15.419075
181_177,s-5.250544,s2.965247,s114.938505
181_178,s-2.146996,s5.432772,s341.177388
181_179,s5.100531,s3.663739,s286.461635
181_180,s2.685509,s5.654701,s31.619067
182_0,s-0.391649,s0.108870,s312.141032
182_1,s0.057024,s-0.658110,s49.079244
182_2,s0.369010,s-0.640496,s246.735856
182_3,s-0.507874,s0.868659,s-35.407562
182_4,s0.325635,s0.391058,s264.011293
182_5,s1.362371,s0.805628,s105.712075
182_6,s-0.930705,s-0.341845,s0.458109
182_7,s1.276294,s-1.098614,s226.587189
182_8,s-1.160102,s-0.702610,s105.827112
182_9,s0.859604,s-1.308877,s136.124712
182_10,s0.193290,s1.348882,s234.809656
182_11,s-1.258014,s0.417969,s8.256525
182_12,s1.575094,s-0.124980,s355.479492
182_13,s1.524973,s1.322823,s64.622693
182_14,s-1.860339,s0.582291,s136.754244
182_15,s-1.200985,s1.704189,s121.274856
182_16,s-0.483648,s2.408339,s91.964329
182_17,s0.006867,s-1.268958,s171.420590
182_18,s-2.459445,s-0.171630,s207.211039
182_19,s1.435913,s-0.555927,s82.075996
182_20,s-2.267291,s0.901723,s-7.983266
182_21,s-0.661938,s1.354982,s9.897336
182_22,s-0.743620,s-1.219279,s108.974310
182_23,s2.109736,s0.165352,s323.092163
182_24,s1.625456,s1.791050,s289.349043
182_25,s-0.483361,s-2.074563,s224.473842
182_26,s2.270031,s-0.268057,s198.804734
182_27,s1.482513,s-2.250827,s171.777965
182_28,s-1.139912,s2.736421,s26.931756
182_29,s-2.094125,s-1.925840,s77.053095
182_30,s0.690027,s1.943215,s86.311349
182_31,s0.890216,s-2.094281,s89.801993
182_32,s1.525567,s2.238962,s55.582273
182_33,s1.961365,s-2.101616,s246.526754
182_34,s1.057173,s-2.992262,s119.691474
182_35,s-1.108703,s-1.821359,s178.029129
182_36,s-2.925317,s0.497433,s188.855956
182_37,s-2.344718,s-1.161566,s37.871262
182_38,s-2.598293,s2.315476,s35.023060
182_39,s1.927029,s-0.870863,s231.610794
182_40,s-1.627757,s2.197655,s8.010703
182_41,s0.716975,s2.664291,s27.347552
182_42,s-2.860809,s-2.493958,s140.072593
182_43,s-3.009115,s-0.994084,s85.376557
182_44,s-0.017345,s2.671462,s-9.916690
182_45,s1.297858,s3.039527,s65.834880
182_46,s2.119984,s0.857246,s349.423854
182_47,s2.785226,s-0.597947,s227.028753
182_48,s-0.488545,s-2.818476,s249.345961
182_49,s-2.944112,s1.143082,s62.154730
182_50,s2.237780,s-2.950081,s145.913801
182_51,s1.909992,s2.703064,s267.603643
182_52,s2.625971,s1.027534,s279.774010
182_53,s-1.270103,s-2.993072,s64.118531
182_54,s2.938003,s0.296322,s329.851336
182_55,s2.842452,s-2.460605,s218.135477
182_56,s-3.218723,s-0.289147,s113.598681
182_57,s-2.187374,s3.130911,s324.061875
182_58,s0.207127,s-3.785175,s211.795300
182_59,s3.062386,s1.995655,s241.400617
182_60,s-1.048841,s-3.506057,s157.090604
182_61,s0.843537,s-3.677190,s276.347278
182_62,s2.984740,s-1.320964,s264.609699
182_63,s-3.242554,s-1.650454,s127.406846
182_64,s-0.171280,s3.835316,s256.583946
182_65,s-2.675486,s-3.182184,s292.631633
182_66,s-0.769530,s3.425237,s218.604285
182_67,s3.620190,s0.602561,s371.345629
182_68,s-3.486036,s0.392432,s160.045259
182_69,s-3.635043,s2.909791,s305.728667
182_70,s-4.349161,s0.574485,s139.696219
182_71,s1.764418,s-4.466077,s220.234273
182_72,s2.261512,s3.523399,s387.551856
182_73,s-0.380399,s-3.690151,s120.108908
182_74,s3.790198,s-0.992240,s216.374041
182_75,s3.483475,s-0.557397,s351.895757
182_76,s-3.997029,s-0.768276,s98.350303
182_77,s1.005039,s3.755755,s323.190355
182_78,s2.445426,s-3.452534,s240.433618
182_79,s2.720409,s2.418987,s164.603721
182_80,s3.029023,s-1.994532,s293.902962
182_81,s-1.657812,s-3.622843,s177.681394
182_82,s-1.372381,s3.755930,s12.939872
182_83,s-2.445170,s3.649643,s-0.528620
182_84,s4.068632,s1.695716,s252.026184
182_85,s-2.151971,s-3.688932,s154.397469
182_86,s-3.902660,s2.084613,s81.779233
182_87,s-4.190130,s-1.631714,s99.621082
182_88,s3.860947,s0.209916,s266.242941
182_89,s2.788030,s3.751709,s296.713816
182_90,s-4.160036,s0.952475,s321.921287
182_91,s1.186154,s-4.743670,s329.041871
182_92,s-4.317100,s-0.124091,s148.944036
182_93,s3.753251,s2.920822,s309.506657
182_94,s4.121289,s-0.672254,s288.019553
182_95,s-0.984268,s-4.494677,s219.610271
182_96,s0.652900,s4.626348,s118.843464
182_97,s-4.152798,s-2.162425,s131.428049
182_98,s-2.111018,s4.381124,s339.799391
182_99,s-2.260337,s-4.597442,s88.880677
182_100,s3.917388,s-2.063130,s292.173322
182_101,s4.251897,s1.103711,s182.187419
182_102,s3.125460,s3.242393,s180.141407
182_103,s-0.701990,s3.897911,s40.713389
182_104,s3.403865,s-2.425582,s245.614251
182_105,s-3.556273,s-2.508054,s112.335369
182_106,s1.753312,s4.766229,s180.949446
182_107,s-0.017612,s-4.216594,s158.119894
182_108,s-3.328874,s3.666101,s-14.644262
182_109,s4.559252,s-1.522125,s346.376868
182_110,s0.341742,s-4.743124,s235.803500
182_111,s3.326868,s-3.434723,s251.292833
182_112,s-4.317557,s1.721719,s151.239509
182_113,s4.818454,s0.590575,s347.614219
182_114,s3.938061,s2.243022,s326.810203
182_115,s-1.862659,s-4.614712,s224.026005
182_116,s1.084465,s4.982880,s294.819572
182_117,s4.294340,s-2.598226,s266.143984
182_118,s-4.957881,s-1.123440,s170.069458
182_119,s2.410140,s4.892243,s11.803930
182_120,s3.504427,s-4.179283,s239.461942
182_121,s-5.028296,s0.890680,s164.673109
182_122,s3.787236,s3.567330,s266.772271
182_123,s-2.755753,s-3.545472,s157.548239
182_124,s-0.393281,s4.602009,s36.999534
182_125,s-3.990837,s-3.951747,s158.843216
182_126,s-5.007275,s1.427927,s129.090700
182_127,s5.165208,s1.645486,s39.505067
182_128,s4.670701,s-0.084711,s230.774774
182_129,s-2.689894,s4.697505,s-23.988812
182_130,s-1.380443,s4.720815,s28.632910
182_131,s4.700835,s-2.037683,s230.034293
182_132,s-0.110369,s5.088022,s270.466175
182_133,s-4.042193,s2.853615,s23.146911
182_134,s-4.893638,s2.090481,s42.685430
182_135,s1.785270,s-5.030459,s141.591424
182_136,s4.378402,s3.952570,s-38.367776
182_137,s-1.004141,s-5.784243,s116.987515
182_138,s5.694446,s-1.362332,s176.576453
182_139,s4.079691,s-3.129068,s259.444170
182_140,s0.411447,s-5.662171,s138.653452
182_141,s4.785245,s2.886374,s352.700479
182_142,s-3.682730,s3.427561,s45.811640
182_143,s5.309112,s-0.126587,s317.245497
182_144,s-2.307818,s-5.223431,s234.757141
182_145,s-3.519071,s-4.292018,s218.571041
182_146,s-4.829970,s-3.183271,s312.873102
182_147,s3.070221,s-4.321402,s78.125960
182_148,s-5.239820,s-2.597050,s102.348427
182_149,s-5.643944,s0.331763,s30.325714
182_150,s3.174002,s4.610612,s240.953146
182_151,s-5.041952,s-0.508155,s77.414303
182_152,s-5.654896,s-2.213931,s24.633171
182_153,s-0.941858,s5.555862,s309.590490
182_154,s0.962800,s5.863297,s266.391451
182_155,s5.413858,s-0.532673,s224.629819
182_156,s5.696375,s1.074465,s307.866211
182_157,s-3.720997,s-4.833161,s175.296558
182_158,s-5.477151,s1.710394,s90.649647
182_159,s4.373719,s-3.663916,s257.243472
182_160,s-3.887190,s4.258763,s354.324644
182_161,s-4.697446,s3.118595,s69.089903
182_162,s-5.540584,s-1.162280,s58.401536
182_163,s-5.961514,s-0.248043,s24.038632
182_164,s-2.988089,s5.208553,s83.449459
182_165,s5.522356,s-2.549988,s211.530365
182_166,s0.291236,s5.580441,s4.533695
182_167,s2.645664,s-4.833277,s148.956109
182_168,s3.808426,s4.802365,s52.813045
182_169,s4.969878,s2.431893,s319.365857
182_170,s-5.660915,s2.254591,s50.337442
182_171,s-2.834395,s-5.151757,s212.582127
182_172,s2.039734,s-5.552931,s182.610889
182_173,s6.097528,s-0.525247,s199.159452
182_174,s6.157696,s0.210172,s30.233873
182_175,s3.755850,s-4.787326,s201.739609
182_176,s-4.484307,s3.615051,s15.419075
182_177,s-5.250544,s2.965247,s114.938505
182_178,s-2.146996,s5.432772,s341.177388
182_179,s5.100531,s3.663739,s286.461635
182_180,s2.685509,s5.654701,s31.619067
182_181,s-6.230765,s0.700330,s58.810080
183_0,s-0.531989,s0.009968,s318.600682
183_1,s0.057024,s-0.658110,s49.079244
183_2,s0.461141,s-0.591144,s250.824782
183_3,s-0.507874,s0.868659,s-35.407562
183_4,s0.325635,s0.391058,s264.011293
183_5,s1.330305,s0.802243,s106.119080
183_6,s-0.930705,s-0.341845,s0.458109
183_7,s1.186660,s-1.162711,s223.935017
183_8,s-1.160102,s-0.702610,s105.827112
183_9,s0.791328,s-1.344441,s129.199631
183_10,s0.162568,s1.380395,s233.622197
183_11,s-1.169009,s0.472712,s9.505962
183_12,s1.633407,s-0.039299,s358.951620
183_13,s1.524973,s1.322823,s64.622693
183_14,s-1.865843,s0.595599,s135.950253
183_15,s-1.263984,s1.728290,s121.741449
183_16,s-0.472421,s2.403198,s95.246672
183_17,s0.073748,s-1.285874,s168.277776
183_18,s-2.365523,s-0.224822,s206.372854
183_19,s1.396465,s-0.462887,s76.234256
183_20,s-2.360853,s0.955246,s-13.984062
183_21,s-0.661938,s1.354982,s9.897336
183_22,s-0.654549,s-1.164322,s109.663803
183_23,s2.110278,s0.217862,s326.385137
183_24,s1.616634,s1.776407,s300.000393
183_25,s-0.432156,s-2.076217,s226.978530
183_26,s2.225059,s-0.265339,s193.384574
183_27,s1.481640,s-2.265736,s168.318117
183_28,s-1.191747,s2.696566,s26.105462
183_29,s-2.179042,s-1.865842,s80.419514
183_30,s0.756856,s2.012416,s82.680665
183_31,s0.915810,s-2.129619,s84.749168
183_32,s1.525567,s2.238962,s55.582273
183_33,s1.961365,s-2.101616,s246.526754
183_34,s0.956693,s-3.128898,s109.175302
183_35,s-1.046036,s-1.900918,s172.709602
183_36,s-2.920558,s0.377349,s182.931860
183_37,s-2.222016,s-1.242164,s41.462102
183_38,s-2.686105,s2.342364,s54.835465
183_39,s1.806787,s-0.867552,s228.270730
183_40,s-1.650092,s2.192689,s1.987742
183_41,s0.719025,s2.720289,s28.427876
183_42,s-2.881730,s-2.498927,s147.445820
183_43,s-3.009115,s-0.994084,s85.376557
183_44,s-0.017345,s2.671462,s-9.916690
183_45,s1.570852,s3.205352,s71.795311
183_46,s2.105973,s0.925267,s343.856002
183_47,s2.789101,s-0.578539,s226.265006
183_48,s-0.472413,s-2.828945,s247.989666
183_49,s-2.944112,s1.143082,s62.154730
183_50,s2.345395,s-2.786084,s149.537681
183_51,s2.096029,s2.831398,s261.379167
183_52,s2.625971,s1.027534,s279.774010
183_53,s-1.422640,s-2.884789,s55.157394
183_54,s2.883678,s0.324495,s321.489744
183_55,s2.842452,s-2.460605,s218.135477
183_56,s-3.218723,s-0.289147,s113.598681
183_57,s-2.189112,s2.845882,s323.329325
183_58,s0.207127,s-3.785175,s211.795300
183_59,s3.062386,s1.995655,s241.400617
183_60,s-1.048841,s-3.506057,s157.090604
183_61,s0.801768,s-3.799701,s269.445834
183_62,s2.984740,s-1.320964,s264.609699
183_63,s-3.098877,s-1.583988,s128.176846
183_64,s-0.183368,s3.776267,s263.615112
183_65,s-2.675486,s-3.182184,s292.631633
183_66,s-0.879000,s3.424715,s216.731752
183_67,s3.664919,s0.767203,s373.281581
183_68,s-3.576150,s0.378106,s165.730569
183_69,s-3.614522,s2.905365,s313.757507
183_70,s-4.372886,s0.599445,s137.260219
183_71,s1.764418,s-4.466077,s220.234273
183_72,s2.247584,s3.529683,s381.210364
183_73,s-0.382757,s-3.701113,s119.309750
183_74,s3.744747,s-1.001218,s216.086562
183_75,s3.483475,s-0.557397,s351.895757
183_76,s-3.959697,s-0.815960,s98.033634
183_77,s1.027676,s3.927278,s335.524057
183_78,s2.445426,s-3.452534,s240.433618
183_79,s2.708487,s2.428903,s167.808312
183_80,s3.006854,s-1.983715,s297.608133
183_81,s-1.657812,s-3.622843,s177.681394
183_82,s-1.372381,s3.755930,s12.939872
183_83,s-2.468277,s3.789261,s4.950131
183_84,s4.025205,s1.722636,s245.009198
183_85,s-2.151971,s-3.688932,s154.397469
183_86,s-3.977999,s2.076534,s83.369815
183_87,s-4.164527,s-1.588867,s97.615387
183_88,s3.842818,s0.191032,s268.157425
183_89,s2.947285,s3.835687,s292.241678
183_90,s-4.160036,s0.952475,s321.921287
183_91,s1.154913,s-4.864538,s334.596298
183_92,s-4.337839,s-0.090291,s155.615815
183_93,s3.624584,s2.920035,s299.003572
183_94,s4.114775,s-0.644088,s282.004479
183_95,s-0.928177,s-4.506370,s219.722303
183_96,s0.652900,s4.626348,s118.843464
183_97,s-4.214881,s-2.184840,s128.349551
183_98,s-2.111018,s4.381124,s339.799391
183_99,s-2.260337,s-4.597442,s88.880677
183_100,s3.917388,s-2.063130,s292.173322
183_101,s4.295895,s1.205988,s182.770812
183_102,s3.148410,s3.121612,s180.038134
183_103,s-0.699094,s3.956153,s45.228052
183_104,s3.403865,s-2.425582,s245.614251
183_105,s-3.631158,s-2.668897,s139.771665
183_106,s1.730959,s4.722978,s183.873965
183_107,s-0.119490,s-4.204211,s154.701671
183_108,s-3.286106,s3.714156,s-4.192517
183_109,s4.582303,s-1.417473,s347.276362
183_110,s0.284176,s-4.819335,s238.105184
183_111,s3.476804,s-3.315904,s239.491727
183_112,s-4.371068,s1.689619,s157.435696
183_113,s4.782012,s0.424149,s356.340618
183_114,s3.938061,s2.243022,s326.810203
183_115,s-1.862659,s-4.614712,s224.026005
183_116,s1.040923,s4.952103,s298.403920
183_117,s4.294340,s-2.598226,s266.143984
183_118,s-4.882477,s-1.051709,s166.269801
183_119,s2.343024,s4.939099,s12.675144
183_120,s3.504427,s-4.179283,s239.461942
183_121,s-5.028296,s0.890680,s164.673109
183_122,s3.787236,s3.567330,s266.772271
183_123,s-2.755753,s-3.545472,s157.548239
183_124,s-0.371171,s4.608545,s37.495467
183_125,s-3.990837,s-3.951747,s158.843216
183_126,s-5.007275,s1.427927,s129.090700
183_127,s5.165208,s1.645486,s39.505067
183_128,s4.658787,s-0.076352,s227.571118
183_129,s-2.732649,s4.745469,s-29.598544
183_130,s-1.228136,s4.718920,s33.787073
183_131,s4.731362,s-2.078476,s233.380374
183_132,s-0.084059,s5.102604,s273.145806
183_133,s-4.017373,s2.836877,s20.365618
183_134,s-4.893638,s2.090481,s42.685430
183_135,s1.785270,s-5.030459,s141.591424
183_136,s4.477406,s3.854134,s-34.540396
183_137,s-1.115722,s-5.760969,s121.518427
183_138,s5.662776,s-1.365988,s174.958822
183_139,s4.079691,s-3.129068,s259.444170
183_140,s0.399577,s-5.562103,s127.843869
183_141,s4.801922,s2.896490,s356.418983
183_142,s-3.615360,s3.445906,s47.108775
183_143,s5.309112,s-0.126587,s317.245497
183_144,s-2.144888,s-5.165410,s230.861264
183_145,s-3.519071,s-4.292018,s218.571041
183_146,s-4.829970,s-3.183271,s312.873102
183_147,s2.837079,s-4.241487,s82.770711
183_148,s-5.285870,s-2.567367,s95.637540
183_149,s-5.634717,s0.360783,s29.168658
183_150,s3.156157,s4.617037,s244.245734
183_151,s-5.002150,s-0.446832,s86.140770
183_152,s-5.651287,s-2.209614,s24.942839
183_153,s-0.843775,s5.510881,s296.063139
183_154,s1.089116,s5.926637,s264.921713
183_155,s5.413858,s-0.532673,s224.629819
183_156,s5.696375,s1.074465,s307.866211
183_157,s-3.720997,s-4.833161,s175.296558
183_158,s-5.477611,s1.752017,s93.518549
183_159,s4.520271,s-3.755800,s257.378900
183_160,s-3.902913,s4.396980,s355.734683
183_161,s-4.733934,s3.122019,s61.840169
183_162,s-5.542989,s-1.412612,s54.966052
183_163,s-6.073767,s-0.351732,s20.498275
183_164,s-2.912796,s5.403724,s82.422558
183_165,s5.522356,s-2.549988,s211.530365
183_166,s0.180098,s5.625602,s14.491356
183_167,s2.645664,s-4.833277,s148.956109
183_168,s3.808426,s4.802365,s52.813045
183_169,s4.969878,s2.431893,s319.365857
183_170,s-5.739426,s2.261463,s53.543469
183_171,s-2.986671,s-5.208276,s202.476074
183_172,s2.097677,s-5.531780,s170.677970
183_173,s6.097528,s-0.525247,s199.159452
183_174,s6.157696,s0.210172,s30.233873
183_175,s3.800934,s-4.781603,s205.887613
183_176,s-4.486427,s3.568570,s12.296348
183_177,s-5.250544,s2.965247,s114.938505
183_178,s-2.090191,s5.364970,s328.530494
183_179,s5.100531,s3.663739,s286.461635
183_180,s2.746964,s5.632562,s30.742313
183_181,s-6.208370,s0.692024,s59.005703
183_182,s6.068807,s-1.727914,s266.185375
184_0,s-0.531989,s0.009968,s318.600682
184_1,s0.057024,s-0.658110,s49.079244
184_2,s0.461141,s-0.591144,s250.824782
184_3,s-0.507874,s0.868659,s-35.407562
184_4,s0.318565,s0.392812,s262.075967
184_5,s1.330305,s0.802243,s106.119080
184_6,s-0.930705,s-0.341845,s0.458109
184_7,s1.186660,s-1.162711,s223.935017
184_8,s-1.160102,s-0.702610,s105.827112
184_9,s0.708365,s-1.434192,s127.708302
184_10,s0.162568,s1.380395,s233.622197
184_11,s-1.169009,s0.472712,s9.505962
184_12,s1.633407,s-0.039299,s358.951620
184_13,s1.524973,s1.322823,s64.622693
184_14,s-1.865843,s0.595599,s135.950253
184_15,s-1.361615,s1.546185,s115.559541
184_16,s-0.565799,s2.456074,s98.543761
184_17,s0.073748,s-1.285874,s168.277776
184_18,s-2.365523,s-0.224822,s206.372854
184_19,s1.396465,s-0.462887,s76.234256
184_20,s-2.360853,s0.955246,s-13.984062
184_21,s-0.656532,s1.401169,s9.368149
184_22,s-0.688717,s-1.175299,s113.433814
184_23,s2.110278,s0.217862,s326.385137
184_24,s1.616634,s1.776407,s300.000393
184_25,s-0.432156,s-2.076217,s226.978530
184_26,s2.225059,s-0.265339,s193.384574
184_27,s1.481640,s-2.265736,s168.318117
184_28,s-1.191747,s2.696566,s26.105462
184_29,s-2.179042,s-1.865842,s80.419514
184_30,s0.774503,s2.001076,s74.569458
184_31,s0.915810,s-2.129619,s84.749168
184_32,s1.525567,s2.238962,s55.582273
184_33,s1.961365,s-2.101616,s246.526754
184_34,s0.956693,s-3.128898,s109.175302
184_35,s-1.046036,s-1.900918,s172.709602
184_36,s-2.920558,s0.377349,s182.931860
184_37,s-2.222016,s-1.242164,s41.462102
184_38,s-2.686105,s2.342364,s54.835465
184_39,s1.806787,s-0.867552,s228.270730
184_40,s-1.650092,s2.192689,s1.987742
184_41,s0.719025,s2.720289,s28.427876
184_42,s-2.852449,s-2.448641,s147.623418
184_43,s-3.009115,s-0.994084,s85.376557
184_44,s-0.017345,s2.671462,s-9.916690
184_45,s1.598925,s3.160531,s63.308068
184_46,s2.110519,s0.919622,s345.852185
184_47,s2.789101,s-0.578539,s226.265006
184_48,s-0.472413,s-2.828945,s247.989666
184_49,s-2.944112,s1.143082,s62.154730
184_50,s2.345395,s-2.786084,s149.537681
184_51,s2.015529,s2.848326,s258.321962
184_52,s2.625971,s1.027534,s279.774010
184_53,s-1.422640,s-2.884789,s55.157394
184_54,s2.883678,s0.324495,s321.489744
184_55,s2.842452,s-2.460605,s218.135477
184_56,s-3.218723,s-0.289147,s113.598681
184_57,s-2.047259,s2.949935,s318.134721
184_58,s0.207127,s-3.785175,s211.795300
184_59,s3.062386,s1.995655,s241.400617
184_60,s-1.048841,s-3.506057,s157.090604
184_61,s0.801768,s-3.799701,s269.445834
184_62,s2.984740,s-1.320964,s264.609699
184_63,s-3.053006,s-1.637944,s128.680134
184_64,s-0.183368,s3.776267,s263.615112
184_65,s-2.675486,s-3.182184,s292.631633
184_66,s-0.879000,s3.424715,s216.731752
184_67,s3.664919,s0.767203,s373.281581
184_68,s-3.675221,s0.293298,s166.838389
184_69,s-3.614522,s2.905365,s313.757507
184_70,s-4.319581,s0.492332,s128.020354
184_71,s1.764418,s-4.466077,s220.234273
184_72,s2.254242,s3.517886,s374.235541
184_73,s-0.348470,s-3.796503,s116.350272
184_74,s3.744747,s-1.001218,s216.086562
184_75,s3.483475,s-0.557397,s351.895757
184_76,s-3.959697,s-0.815960,s98.033634
184_77,s1.027676,s3.927278,s335.524057
184_78,s2.445426,s-3.452534,s240.433618
184_79,s2.708487,s2.428903,s167.808312
184_80,s3.006854,s-1.983715,s297.608133
184_81,s-1.657812,s-3.622843,s177.681394
184_82,s-1.372381,s3.755930,s12.939872
184_83,s-2.468277,s3.789261,s4.950131
184_84,s4.025205,s1.722636,s245.009198
184_85,s-2.151971,s-3.688932,s154.397469
184_86,s-3.922379,s2.102096,s91.358558
184_87,s-4.164527,s-1.588867,s97.615387
184_88,s3.842818,s0.191032,s268.157425
184_89,s3.086489,s3.892281,s282.075706
184_90,s-4.160036,s0.952475,s321.921287
184_91,s1.179849,s-4.977486,s342.169379
184_92,s-4.246969,s-0.159439,s146.312008
184_93,s3.624584,s2.920035,s299.003572
184_94,s4.114775,s-0.644088,s282.004479
184_95,s-0.928177,s-4.506370,s219.722303
184_96,s0.716668,s4.665898,s120.155757
184_97,s-4.214881,s-2.184840,s128.349551
184_98,s-2.098440,s4.428028,s340.362631
184_99,s-2.260337,s-4.597442,s88.880677
184_100,s3.917388,s-2.063130,s292.173322
184_101,s4.295895,s1.205988,s182.770812
184_102,s3.084861,s3.072871,s188.656834
184_103,s-0.699094,s3.956153,s45.228052
184_104,s3.403865,s-2.425582,s245.614251
184_105,s-3.631158,s-2.668897,s139.771665
184_106,s1.730959,s4.722978,s183.873965
184_107,s-0.119490,s-4.204211,s154.701671
184_108,s-3.286106,s3.714156,s-4.192517
184_109,s4.576755,s-1.389131,s346.833928
184_110,s0.284176,s-4.819335,s238.105184
184_111,s3.476804,s-3.315904,s239.491727
184_112,s-4.371068,s1.689619,s157.435696
184_113,s4.782012,s0.424149,s356.340618
184_114,s3.907167,s2.331189,s324.330629
184_115,s-1.862659,s-4.614712,s224.026005
184_116,s1.098290,s4.924204,s298.532711
184_117,s4.294340,s-2.598226,s266.143984
184_118,s-4.999714,s-1.068742,s173.191900
184_119,s2.343024,s4.939099,s12.675144
184_120,s3.504427,s-4.179283,s239.461942
184_121,s-5.004868,s0.906860,s170.424739
184_122,s3.876545,s3.587897,s261.663746
184_123,s-2.804516,s-3.596786,s172.899273
184_124,s-0.414088,s4.628309,s43.523219
184_125,s-4.138298,s-4.151996,s155.799099
184_126,s-5.007275,s1.427927,s129.090700
184_127,s5.165208,s1.645486,s39.505067
184_128,s4.658787,s-0.076352,s227.571118
184_129,s-2.732649,s4.745469,s-29.598544
184_130,s-1.265855,s4.881792,s34.708851
184_131,s4.731362,s-2.078476,s233.380374
184_132,s-0.035965,s5.126645,s268.769812
184_133,s-4.017373,s2.836877,s20.365618
184_134,s-4.893638,s2.090481,s42.685430
184_135,s1.785270,s-5.030459,s141.591424
184_136,s4.477406,s3.854134,s-34.540396
184_137,s-1.242053,s-5.794967,s114.725324
184_138,s5.662776,s-1.365988,s174.958822
184_139,s4.079691,s-3.129068,s259.444170
184_140,s0.417063,s-5.610255,s133.829294
184_141,s4.801922,s2.896490,s356.418983
184_142,s-3.615360,s3.445906,s47.108775
184_143,s5.258090,s-0.079694,s316.561725
184_144,s-2.144888,s-5.165410,s230.861264
184_145,s-3.519071,s-4.292018,s218.571041
184_146,s-4.829970,s-3.183271,s312.873102
184_147,s2.837079,s-4.241487,s82.770711
184_148,s-5.517824,s-2.737882,s94.482612
184_149,s-5.634717,s0.360783,s29.168658
184_150,s3.156157,s4.617037,s244.245734
184_151,s-5.002150,s-0.446832,s86.140770
184_152,s-5.651287,s-2.209614,s24.942839
184_153,s-0.908194,s5.610538,s300.439537
184_154,s1.102566,s5.840735,s259.106709
184_155,s5.413858,s-0.532673,s224.629819
184_156,s5.686972,s1.032919,s312.572289
184_157,s-3.720997,s-4.833161,s175.296558
184_158,s-5.477611,s1.752017,s93.518549
184_159,s4.750535,s-3.826386,s273.009353
184_160,s-3.902913,s4.396980,s355.734683
184_161,s-4.733934,s3.122019,s61.840169
184_162,s-5.542989,s-1.412612,s54.966052
184_163,s-6.184898,s-0.345828,s24.909495
184_164,s-2.912796,s5.403724,s82.422558
184_165,s5.522356,s-2.549988,s211.530365
184_166,s0.120755,s5.617266,s12.964432
184_167,s2.645664,s-4.833277,s148.956109
184_168,s3.808426,s4.802365,s52.813045
184_169,s4.969878,s2.431893,s319.365857
184_170,s-5.739426,s2.261463,s53.543469
184_171,s-3.070891,s-5.150723,s209.733679
184_172,s2.021373,s-5.480301,s168.633043
184_173,s6.097528,s-0.525247,s199.159452
184_174,s6.157696,s0.210172,s30.233873
184_175,s3.800934,s-4.781603,s205.887613
184_176,s-4.486427,s3.568570,s12.296348
184_177,s-5.250544,s2.965247,s114.938505
184_178,s-2.090191,s5.364970,s328.530494
184_179,s5.154362,s3.457999,s287.014975
184_180,s2.731688,s5.639214,s24.238898
184_181,s-6.208370,s0.692024,s59.005703
184_182,s6.021401,s-1.795788,s269.760956
184_183,s5.382489,s2.050953,s289.018782
185_0,s-0.531989,s0.009968,s318.600682
185_1,s0.057024,s-0.658110,s49.079244
185_2,s0.461141,s-0.591144,s250.824782
185_3,s-0.507874,s0.868659,s-35.407562
185_4,s0.318565,s0.392812,s262.075967
185_5,s1.330305,s0.802243,s106.119080
185_6,s-0.930705,s-0.341845,s0.458109
185_7,s1.186660,s-1.162711,s223.935017
185_8,s-1.160102,s-0.702610,s105.827112
185_9,s0.708365,s-1.434192,s127.708302
185_10,s0.162568,s1.380395,s233.622197
185_11,s-1.169009,s0.472712,s9.505962
185_12,s1.633407,s-0.039299,s358.951620
185_13,s1.524973,s1.322823,s64.622693
185_14,s-1.865843,s0.595599,s135.950253
185_15,s-1.361615,s1.546185,s115.559541
185_16,s-0.565799,s2.456074,s98.543761
185_17,s0.073748,s-1.285874,s168.277776
185_18,s-2.365523,s-0.224822,s206.372854
185_19,s1.396465,s-0.462887,s76.234256
185_20,s-2.360853,s0.955246,s-13.984062
185_21,s-0.656532,s1.401169,s9.368149
185_22,s-0.688717,s-1.175299,s113.433814
185_23,s2.110278,s0.217862,s326.385137
185_24,s1.616634,s1.776407,s300.000393
185_25,s-0.432156,s-2.076217,s226.978530
185_26,s2.225059,s-0.265339,s193.384574
185_27,s1.481640,s-2.265736,s168.318117
185_28,s-1.191747,s2.696566,s26.105462
185_29,s-2.179042,s-1.865842,s80.419514
185_30,s0.774503,s2.001076,s74.569458
185_31,s0.915810,s-2.129619,s84.749168
185_32,s1.525567,s2.238962,s55.582273
185_33,s1.961365,s-2.101616,s246.526754
185_34,s0.956693,s-3.128898,s109.175302
185_35,s-1.046036,s-1.900918,s172.709602
185_36,s-2.920558,s0.377349,s182.931860
185_37,s-2.222016,s-1.242164,s41.462102
185_38,s-2.686105,s2.342364,s54.835465
185_39,s1.806787,s-0.867552,s228.270730
185_40,s-1.650092,s2.192689,s1.987742
185_41,s0.719025,s2.720289,s28.427876
185_42,s-2.852449,s-2.448641,s147.623418
185_43,s-3.009115,s-0.994084,s85.376557
185_44,s-0.017345,s2.671462,s-9.916690
185_45,s1.598925,s3.160531,s63.308068
185_46,s2.110519,s0.919622,s345.852185
185_47,s2.789101,s-0.578539,s226.265006
185_48,s-0.472413,s-2.828945,s247.989666
185_49,s-2.944112,s1.143082,s62.154730
185_50,s2.345395,s-2.786084,s149.537681
185_51,s2.015529,s2.848326,s258.321962
185_52,s2.625971,s1.027534,s279.774010
185_53,s-1.422640,s-2.884789,s55.157394
185_54,s2.883678,s0.324495,s321.489744
185_55,s2.842452,s-2.460605,s218.135477
185_56,s-3.218723,s-0.289147,s113.598681
185_57,s-2.047259,s2.949935,s318.134721
185_58,s0.207127,s-3.785175,s211.795300
185_59,s3.062386,s1.995655,s241.400617
185_60,s-1.048841,s-3.506057,s157.090604
185_61,s0.801768,s-3.799701,s269.445834
185_62,s2.984740,s-1.320964,s264.609699
185_63,s-3.053006,s-1.637944,s128.680134
185_64,s-0.183368,s3.776267,s263.615112
185_65,s-2.675486,s-3.182184,s292.631633
185_66,s-0.879000,s3.424715,s216.731752
185_67,s3.664919,s0.767203,s373.281581
185_68,s-3.675221,s0.293298,s166.838389
185_69,s-3.614522,s2.905365,s313.757507
185_70,s-4.319581,s0.492332,s128.020354
185_71,s1.764418,s-4.466077,s220.234273
185_72,s2.254242,s3.517886,s374.235541
185_73,s-0.348470,s-3.796503,s116.350272
185_74,s3.744747,s-1.001218,s216.086562
185_75,s3.483475,s-0.557397,s351.895757
185_76,s-3.959697,s-0.815960,s98.033634
185_77,s1.027676,s3.927278,s335.524057
185_78,s2.445426,s-3.452534,s240.433618
185_79,s2.708487,s2.428903,s167.808312
185_80,s3.006854,s-1.983715,s297.608133
185_81,s-1.657812,s-3.622843,s177.681394
185_82,s-1.372381,s3.755930,s12.939872
185_83,s-2.468277,s3.789261,s4.950131
185_84,s4.025205,s1.722636,s245.009198
185_85,s-2.151971,s-3.688932,s154.397469
185_86,s-3.922379,s2.102096,s91.358558
185_87,s-4.164527,s-1.588867,s97.615387
185_88,s3.842818,s0.191032,s268.157425
185_89,s3.086489,s3.892281,s282.075706
185_90,s-4.160036,s0.952475,s321.921287
185_91,s1.179849,s-4.977486,s342.169379
185_92,s-4.246969,s-0.159439,s146.312008
185_93,s3.624584,s2.920035,s299.003572
185_94,s4.114775,s-0.644088,s282.004479
185_95,s-0.928177,s-4.506370,s219.722303
185_96,s0.716668,s4.665898,s120.155757
185_97,s-4.214881,s-2.184840,s128.349551
185_98,s-2.098440,s4.428028,s340.362631
185_99,s-2.260337,s-4.597442,s88.880677
185_100,s3.917388,s-2.063130,s292.173322
185_101,s4.295895,s1.205988,s182.770812
185_102,s3.084861,s3.072871,s188.656834
185_103,s-0.699094,s3.956153,s45.228052
185_104,s3.403865,s-2.425582,s245.614251
185_105,s-3.631158,s-2.668897,s139.771665
185_106,s1.730959,s4.722978,s183.873965
185_107,s-0.119490,s-4.204211,s154.701671
185_108,s-3.286106,s3.714156,s-4.192517
185_109,s4.576755,s-1.389131,s346.833928
185_110,s0.284176,s-4.819335,s238.105184
185_111,s3.476804,s-3.315904,s239.491727
185_112,s-4.371068,s1.689619,s157.435696
185_113,s4.782012,s0.424149,s356.340618
185_114,s3.907167,s2.331189,s324.330629
185_115,s-1.862659,s-4.614712,s224.026005
185_116,s1.098290,s4.924204,s298.532711
185_117,s4.294340,s-2.598226,s266.143984
185_118,s-4.999714,s-1.068742,s173.191900
185_119,s2.343024,s4.939099,s12.675144
185_120,s3.504427,s-4.179283,s239.461942
185_121,s-5.004868,s0.906860,s170.424739
185_122,s3.876545,s3.587897,s261.663746
185_123,s-2.804516,s-3.596786,s172.899273
185_124,s-0.414088,s4.628309,s43.523219
185_125,s-4.138298,s-4.151996,s155.799099
185_126,s-5.007275,s1.427927,s129.090700
185_127,s5.165208,s1.645486,s39.505067
185_128,s4.658787,s-0.076352,s227.571118
185_129,s-2.732649,s4.745469,s-29.598544
185_130,s-1.265855,s4.881792,s34.708851
185_131,s4.731362,s-2.078476,s233.380374
185_132,s-0.035965,s5.126645,s268.769812
185_133,s-4.017373,s2.836877,s20.365618
185_134,s-4.893638,s2.090481,s42.685430
185_135,s1.785270,s-5.030459,s141.591424
185_136,s4.477406,s3.854134,s-34.540396
185_137,s-1.242053,s-5.794967,s114.725324
185_138,s5.662776,s-1.365988,s174.958822
185_139,s4.079691,s-3.129068,s259.444170
185_140,s0.417063,s-5.610255,s133.829294
185_141,s4.801922,s2.896490,s356.418983
185_142,s-3.615360,s3.445906,s47.108775
185_143,s5.258090,s-0.079694,s316.561725
185_144,s-2.144888,s-5.165410,s230.861264
185_145,s-3.519071,s-4.292018,s218.571041
185_146,s-4.829970,s-3.183271,s312.873102
185_147,s2.837079,s-4.241487,s82.770711
185_148,s-5.517824,s-2.737882,s94.482612
185_149,s-5.634717,s0.360783,s29.168658
185_150,s3.156157,s4.617037,s244.245734
185_151,s-5.002150,s-0.446832,s86.140770
185_152,s-5.651287,s-2.209614,s24.942839
185_153,s-0.908194,s5.610538,s300.439537
185_154,s1.102566,s5.840735,s259.106709
185_155,s5.413858,s-0.532673,s224.629819
185_156,s5.686972,s1.032919,s312.572289
185_157,s-3.720997,s-4.833161,s175.296558
185_158,s-5.477611,s1.752017,s93.518549
185_159,s4.750535,s-3.826386,s273.009353
185_160,s-3.902913,s4.396980,s355.734683
185_161,s-4.733934,s3.122019,s61.840169
185_162,s-5.542989,s-1.412612,s54.966052
185_163,s-6.184898,s-0.345828,s24.909495
185_164,s-2.912796,s5.403724,s82.422558
185_165,s5.522356,s-2.549988,s211.530365
185_166,s0.120755,s5.617266,s12.964432
185_167,s2.645664,s-4.833277,s148.956109
185_168,s3.808426,s4.802365,s52.813045
185_169,s4.969878,s2.431893,s319.365857
185_170,s-5.739426,s2.261463,s53.543469
185_171,s-3.070891,s-5.150723,s209.733679
185_172,s2.021373,s-5.480301,s168.633043
185_173,s6.097528,s-0.525247,s199.159452
185_174,s6.157696,s0.210172,s30.233873
185_175,s3.800934,s-4.781603,s205.887613
185_176,s-4.486427,s3.568570,s12.296348
185_177,s-5.250544,s2.965247,s114.938505
185_178,s-2.090191,s5.364970,s328.530494
185_179,s5.154362,s3.457999,s287.014975
185_180,s2.731688,s5.639214,s24.238898
185_181,s-6.208370,s0.692024,s59.005703
185_182,s6.021401,s-1.795788,s269.760956
185_183,s5.382489,s2.050953,s289.018782
185_184,s-0.797519,s-6.340036,s279.911118
186_0,s-0.531989,s0.009968,s318.600682
186_1,s0.057024,s-0.658110,s49.079244
186_2,s0.461141,s-0.591144,s250.824782
186_3,s-0.507874,s0.868659,s-35.407562
186_4,s0.318565,s0.392812,s262.075967
186_5,s1.330305,s0.802243,s106.119080
186_6,s-0.930705,s-0.341845,s0.458109
186_7,s1.186660,s-1.162711,s223.935017
186_8,s-1.160102,s-0.702610,s105.827112
186_9,s0.708365,s-1.434192,s127.708302
186_10,s0.162568,s1.380395,s233.622197
186_11,s-1.169009,s0.472712,s9.505962
186_12,s1.633407,s-0.039299,s358.951620
186_13,s1.524973,s1.322823,s64.622693
186_14,s-1.865843,s0.595599,s135.950253
186_15,s-1.361615,s1.546185,s115.559541
186_16,s-0.565799,s2.456074,s98.543761
186_17,s0.073748,s-1.285874,s168.277776
186_18,s-2.365523,s-0.224822,s206.372854
186_19,s1.396465,s-0.462887,s76.234256
186_20,s-2.360853,s0.955246,s-13.984062
186_21,s-0.656532,s1.401169,s9.368149
186_22,s-0.688717,s-1.175299,s113.433814
186_23,s2.110278,s0.217862,s326.385137
186_24,s1.616634,s1.776407,s300.000393
186_25,s-0.432156,s-2.076217,s226.978530
186_26,s2.225059,s-0.265339,s193.384574
186_27,s1.481640,s-2.265736,s168.318117
186_28,s-1.191747,s2.696566,s26.105462
186_29,s-2.179042,s-1.865842,s80.419514
186_30,s0.774503,s2.001076,s74.569458
186_31,s0.915810,s-2.129619,s84.749168
186_32,s1.525567,s2.238962,s55.582273
186_33,s1.961365,s-2.101616,s246.526754
186_34,s0.956693,s-3.128898,s109.175302
186_35,s-1.046036,s-1.900918,s172.709602
186_36,s-2.920558,s0.377349,s182.931860
186_37,s-2.222016,s-1.242164,s41.462102
186_38,s-2.686105,s2.342364,s54.835465
186_39,s1.806787,s-0.867552,s228.270730
186_40,s-1.650092,s2.192689,s1.987742
186_41,s0.719025,s2.720289,s28.427876
186_42,s-2.852449,s-2.448641,s147.623418
186_43,s-3.009115,s-0.994084,s85.376557
186_44,s-0.017345,s2.671462,s-9.916690
186_45,s1.598925,s3.160531,s63.308068
186_46,s2.110519,s0.919622,s345.852185
186_47,s2.789101,s-0.578539,s226.265006
186_48,s-0.472413,s-2.828945,s247.989666
186_49,s-2.944112,s1.143082,s62.154730
186_50,s2.345395,s-2.786084,s149.537681
186_51,s2.015529,s2.848326,s258.321962
186_52,s2.625971,s1.027534,s279.774010
186_53,s-1.422640,s-2.884789,s55.157394
186_54,s2.883678,s0.324495,s321.489744
186_55,s2.842452,s-2.460605,s218.135477
186_56,s-3.218723,s-0.289147,s113.598681
186_57,s-2.047259,s2.949935,s318.134721
186_58,s0.207127,s-3.785175,s211.795300
186_59,s3.062386,s1.995655,s241.400617
186_60,s-1.048841,s-3.506057,s157.090604
186_61,s0.801768,s-3.799701,s269.445834
186_62,s2.984740,s-1.320964,s264.609699
186_63,s-3.053006,s-1.637944,s128.680134
186_64,s-0.183368,s3.776267,s263.615112
186_65,s-2.675486,s-3.182184,s292.631633
186_66,s-0.879000,s3.424715,s216.731752
186_67,s3.664919,s0.767203,s373.281581
186_68,s-3.675221,s0.293298,s166.838389
186_69,s-3.614522,s2.905365,s313.757507
186_70,s-4.319581,s0.492332,s128.020354
186_71,s1.764418,s-4.466077,s220.234273
186_72,s2.254242,s3.517886,s374.235541
186_73,s-0.348470,s-3.796503,s116.350272
186_74,s3.744747,s-1.001218,s216.086562
186_75,s3.483475,s-0.557397,s351.895757
186_76,s-3.959697,s-0.815960,s98.033634
186_77,s1.027676,s3.927278,s335.524057
186_78,s2.445426,s-3.452534,s240.433618
186_79,s2.708487,s2.428903,s167.808312
186_80,s3.006854,s-1.983715,s297.608133
186_81,s-1.657812,s-3.622843,s177.681394
186_82,s-1.372381,s3.755930,s12.939872
186_83,s-2.468277,s3.789261,s4.950131
186_84,s4.025205,s1.722636,s245.009198
186_85,s-2.151971,s-3.688932,s154.397469
186_86,s-3.922379,s2.102096,s91.358558
186_87,s-4.164527,s-1.588867,s97.615387
186_88,s3.842818,s0.191032,s268.157425
186_89,s3.086489,s3.892281,s282.075706
186_90,s-4.160036,s0.952475,s321.921287
186_91,s1.179849,s-4.977486,s342.169379
186_92,s-4.246969,s-0.159439,s146.312008
186_93,s3.624584,s2.920035,s299.003572
186_94,s4.114775,s-0.644088,s282.004479
186_95,s-0.928177,s-4.506370,s219.722303
186_96,s0.716668,s4.665898,s120.155757
186_97,s-4.214881,s-2.184840,s128.349551
186_98,s-2.098440,s4.428028,s340.362631
186_99,s-2.260337,s-4.597442,s88.880677
186_100,s3.917388,s-2.063130,s292.173322
186_101,s4.295895,s1.205988,s182.770812
186_102,s3.084861,s3.072871,s188.656834
186_103,s-0.699094,s3.956153,s45.228052
186_104,s3.403865,s-2.425582,s245.614251
186_105,s-3.631158,s-2.668897,s139.771665
186_106,s1.730959,s4.722978,s183.873965
186_107,s-0.119490,s-4.204211,s154.701671
186_108,s-3.286106,s3.714156,s-4.192517
186_109,s4.576755,s-1.389131,s346.833928
186_110,s0.284176,s-4.819335,s238.105184
186_111,s3.476804,s-3.315904,s239.491727
186_112,s-4.371068,s1.689619,s157.435696
186_113,s4.782012,s0.424149,s356.340618
186_114,s3.907167,s2.331189,s324.330629
186_115,s-1.862659,s-4.614712,s224.026005
186_116,s1.098290,s4.924204,s298.532711
186_117,s4.294340,s-2.598226,s266.143984
186_118,s-4.999714,s-1.068742,s173.191900
186_119,s2.343024,s4.939099,s12.675144
186_120,s3.504427,s-4.179283,s239.461942
186_121,s-5.004868,s0.906860,s170.424739
186_122,s3.876545,s3.587897,s261.663746
186_123,s-2.804516,s-3.596786,s172.899273
186_124,s-0.414088,s4.628309,s43.523219
186_125,s-4.138298,s-4.151996,s155.799099
186_126,s-5.007275,s1.427927,s129.090700
186_127,s5.165208,s1.645486,s39.505067
186_128,s4.658787,s-0.076352,s227.571118
186_129,s-2.732649,s4.745469,s-29.598544
186_130,s-1.265855,s4.881792,s34.708851
186_131,s4.731362,s-2.078476,s233.380374
186_132,s-0.035965,s5.126645,s268.769812
186_133,s-4.017373,s2.836877,s20.365618
186_134,s-4.893638,s2.090481,s42.685430
186_135,s1.785270,s-5.030459,s141.591424
186_136,s4.477406,s3.854134,s-34.540396
186_137,s-1.242053,s-5.794967,s114.725324
186_138,s5.662776,s-1.365988,s174.958822
186_139,s4.079691,s-3.129068,s259.444170
186_140,s0.417063,s-5.610255,s133.829294
186_141,s4.801922,s2.896490,s356.418983
186_142,s-3.615360,s3.445906,s47.108775
186_143,s5.258090,s-0.079694,s316.561725
186_144,s-2.144888,s-5.165410,s230.861264
186_145,s-3.519071,s-4.292018,s218.571041
186_146,s-4.829970,s-3.183271,s312.873102
186_147,s2.837079,s-4.241487,s82.770711
186_148,s-5.517824,s-2.737882,s94.482612
186_149,s-5.634717,s0.360783,s29.168658
186_150,s3.156157,s4.617037,s244.245734
186_151,s-5.002150,s-0.446832,s86.140770
186_152,s-5.651287,s-2.209614,s24.942839
186_153,s-0.908194,s5.610538,s300.439537
186_154,s1.102566,s5.840735,s259.106709
186_155,s5.413858,s-0.532673,s224.629819
186_156,s5.686972,s1.032919,s312.572289
186_157,s-3.720997,s-4.833161,s175.296558
186_158,s-5.477611,s1.752017,s93.518549
186_159,s4.750535,s-3.826386,s273.009353
186_160,s-3.902913,s4.396980,s355.734683
186_161,s-4.733934,s3.122019,s61.840169
186_162,s-5.542989,s-1.412612,s54.966052
186_163,s-6.184898,s-0.345828,s24.909495
186_164,s-2.912796,s5.403724,s82.422558
186_165,s5.522356,s-2.549988,s211.530365
186_166,s0.120755,s5.617266,s12.964432
186_167,s2.645664,s-4.833277,s148.956109
186_168,s3.808426,s4.802365,s52.813045
186_169,s4.969878,s2.431893,s319.365857
186_170,s-5.739426,s2.261463,s53.543469
186_171,s-3.070891,s-5.150723,s209.733679
186_172,s2.021373,s-5.480301,s168.633043
186_173,s6.097528,s-0.525247,s199.159452
186_174,s6.157696,s0.210172,s30.233873
186_175,s3.800934,s-4.781603,s205.887613
186_176,s-4.486427,s3.568570,s12.296348
186_177,s-5.250544,s2.965247,s114.938505
186_178,s-2.090191,s5.364970,s328.530494
186_179,s5.154362,s3.457999,s287.014975
186_180,s2.731688,s5.639214,s24.238898
186_181,s-6.208370,s0.692024,s59.005703
186_182,s6.021401,s-1.795788,s269.760956
186_183,s5.382489,s2.050953,s289.018782
186_184,s-0.797519,s-6.340036,s279.911118
186_185,s0.382334,s6.328461,s256.250252
187_0,s-0.531989,s0.009968,s318.600682
187_1,s0.057024,s-0.658110,s49.079244
187_2,s0.461141,s-0.591144,s250.824782
187_3,s-0.507874,s0.868659,s-35.407562
187_4,s0.318565,s0.392812,s262.075967
187_5,s1.330305,s0.802243,s106.119080
187_6,s-0.930705,s-0.341845,s0.458109
187_7,s1.186660,s-1.162711,s223.935017
187_8,s-1.160102,s-0.702610,s105.827112
187_9,s0.708365,s-1.434192,s127.708302
187_10,s0.162568,s1.380395,s233.622197
187_11,s-1.169009,s0.472712,s9.505962
187_12,s1.633407,s-0.039299,s358.951620
187_13,s1.524973,s1.322823,s64.622693
187_14,s-1.865843,s0.595599,s135.950253
187_15,s-1.361615,s1.546185,s115.559541
187_16,s-0.565799,s2.456074,s98.543761
187_17,s0.073748,s-1.285874,s168.277776
187_18,s-2.365523,s-0.224822,s206.372854
187_19,s1.396465,s-0.462887,s76.234256
187_20,s-2.360853,s0.955246,s-13.984062
187_21,s-0.656532,s1.401169,s9.368149
187_22,s-0.688717,s-1.175299,s113.433814
187_23,s2.110278,s0.217862,s326.385137
187_24,s1.616634,s1.776407,s300.000393
187_25,s-0.432156,s-2.076217,s226.978530
187_26,s2.225059,s-0.265339,s193.384574
187_27,s1.481640,s-2.265736,s168.318117
187_28,s-1.191747,s2.696566,s26.105462
187_29,s-2.179042,s-1.865842,s80.419514
187_30,s0.774503,s2.001076,s74.569458
187_31,s0.915810,s-2.129619,s84.749168
187_32,s1.525567,s2.238962,s55.582273
187_33,s1.961365,s-2.101616,s246.526754
187_34,s0.956693,s-3.128898,s109.175302
187_35,s-1.046036,s-1.900918,s172.709602
187_36,s-2.920558,s0.377349,s182.931860
187_37,s-2.130779,s-1.334504,s42.595731
187_38,s-2.686105,s2.342364,s54.835465
187_39,s1.823321,s-0.877249,s233.025168
187_40,s-1.650092,s2.192689,s1.987742
187_41,s0.719025,s2.720289,s28.427876
187_42,s-2.852449,s-2.448641,s147.623418
187_43,s-3.009115,s-0.994084,s85.376557
187_44,s-0.017345,s2.671462,s-9.916690
187_45,s1.598925,s3.160531,s63.308068
187_46,s2.110519,s0.919622,s345.852185
187_47,s2.789101,s-0.578539,s226.265006
187_48,s-0.472413,s-2.828945,s247.989666
187_49,s-2.944112,s1.143082,s62.154730
187_50,s2.345395,s-2.786084,s149.537681
187_51,s2.015529,s2.848326,s258.321962
187_52,s2.625971,s1.027534,s279.774010
187_53,s-1.422640,s-2.884789,s55.157394
187_54,s2.891216,s0.356946,s327.434872
187_55,s2.842452,s-2.460605,s218.135477
187_56,s-3.218723,s-0.289147,s113.598681
187_57,s-2.047259,s2.949935,s318.134721
187_58,s0.207127,s-3.785175,s211.795300
187_59,s3.062386,s1.995655,s241.400617
187_60,s-1.048841,s-3.506057,s157.090604
187_61,s0.801768,s-3.799701,s269.445834
187_62,s2.984740,s-1.320964,s264.609699
187_63,s-3.053006,s-1.637944,s128.680134
187_64,s-0.183368,s3.776267,s263.615112
187_65,s-2.675486,s-3.182184,s292.631633
187_66,s-0.879000,s3.424715,s216.731752
187_67,s3.664919,s0.767203,s373.281581
187_68,s-3.675221,s0.293298,s166.838389
187_69,s-3.614522,s2.905365,s313.757507
187_70,s-4.319754,s0.407989,s132.015454
187_71,s1.764418,s-4.466077,s220.234273
187_72,s2.254242,s3.517886,s374.235541
187_73,s-0.348470,s-3.796503,s116.350272
187_74,s3.744747,s-1.001218,s216.086562
187_75,s3.483475,s-0.557397,s351.895757
187_76,s-3.959697,s-0.815960,s98.033634
187_77,s1.027676,s3.927278,s335.524057
187_78,s2.445426,s-3.452534,s240.433618
187_79,s2.708487,s2.428903,s167.808312
187_80,s3.006854,s-1.983715,s297.608133
187_81,s-1.657812,s-3.622843,s177.681394
187_82,s-1.424936,s3.843733,s17.576214
187_83,s-2.468277,s3.789261,s4.950131
187_84,s4.025205,s1.722636,s245.009198
187_85,s-2.151971,s-3.688932,s154.397469
187_86,s-3.922379,s2.102096,s91.358558
187_87,s-4.164527,s-1.588867,s97.615387
187_88,s3.842818,s0.191032,s268.157425
187_89,s3.086489,s3.892281,s282.075706
187_90,s-4.160036,s0.952475,s321.921287
187_91,s1.179849,s-4.977486,s342.169379
187_92,s-4.246969,s-0.159439,s146.312008
187_93,s3.624584,s2.920035,s299.003572
187_94,s4.114775,s-0.644088,s282.004479
187_95,s-0.928177,s-4.506370,s219.722303
187_96,s0.716668,s4.665898,s120.155757
187_97,s-4.214881,s-2.184840,s128.349551
187_98,s-2.098440,s4.428028,s340.362631
187_99,s-2.260337,s-4.597442,s88.880677
187_100,s3.917388,s-2.063130,s292.173322
187_101,s4.295895,s1.205988,s182.770812
187_102,s3.084861,s3.072871,s188.656834
187_103,s-0.699094,s3.956153,s45.228052
187_104,s3.403865,s-2.425582,s245.614251
187_105,s-3.631158,s-2.668897,s139.771665
187_106,s1.696108,s4.802370,s189.544326
187_107,s-0.119490,s-4.204211,s154.701671
187_108,s-3.286106,s3.714156,s-4.192517
187_109,s4.576755,s-1.389131,s346.833928
187_110,s0.284176,s-4.819335,s238.105184
187_111,s3.476804,s-3.315904,s239.491727
187_112,s-4.371068,s1.689619,s157.435696
187_113,s4.782012,s0.424149,s356.340618
187_114,s3.907167,s2.331189,s324.330629
187_115,s-1.714770,s-4.587983,s227.876736
187_116,s1.098290,s4.924204,s298.532711
187_117,s4.294340,s-2.598226,s266.143984
187_118,s-4.999714,s-1.068742,s173.191900
187_119,s2.343024,s4.939099,s12.675144
187_120,s3.589270,s-4.100116,s226.983250
187_121,s-5.004868,s0.906860,s170.424739
187_122,s3.876545,s3.587897,s261.663746
187_123,s-2.804516,s-3.596786,s172.899273
187_124,s-0.356429,s4.710164,s40.043337
187_125,s-4.138298,s-4.151996,s155.799099
187_126,s-5.007275,s1.427927,s129.090700
187_127,s5.154514,s1.563226,s33.059399
187_128,s4.658787,s-0.076352,s227.571118
187_129,s-2.732649,s4.745469,s-29.598544
187_130,s-1.265855,s4.881792,s34.708851
187_131,s4.731362,s-2.078476,s233.380374
187_132,s-0.035965,s5.126645,s268.769812
187_133,s-4.017373,s2.836877,s20.365618
187_134,s-4.893638,s2.090481,s42.685430
187_135,s1.785270,s-5.030459,s141.591424
187_136,s4.477406,s3.854134,s-34.540396
187_137,s-1.242053,s-5.794967,s114.725324
187_138,s5.662776,s-1.365988,s174.958822
187_139,s4.079691,s-3.129068,s259.444170
187_140,s0.197074,s-5.575010,s132.849653
187_141,s4.801922,s2.896490,s356.418983
187_142,s-3.615360,s3.445906,s47.108775
187_143,s5.258090,s-0.079694,s316.561725
187_144,s-2.144888,s-5.165410,s230.861264
187_145,s-3.519071,s-4.292018,s218.571041
187_146,s-4.829970,s-3.183271,s312.873102
187_147,s2.837079,s-4.241487,s82.770711
187_148,s-5.517824,s-2.737882,s94.482612
187_149,s-5.634717,s0.360783,s29.168658
187_150,s3.156157,s4.617037,s244.245734
187_151,s-5.002150,s-0.446832,s86.140770
187_152,s-5.651287,s-2.209614,s24.942839
187_153,s-0.908194,s5.610538,s300.439537
187_154,s1.102566,s5.840735,s259.106709
187_155,s5.413858,s-0.532673,s224.629819
187_156,s5.686972,s1.032919,s312.572289
187_157,s-3.705260,s-4.803372,s167.551243
187_158,s-5.477611,s1.752017,s93.518549
187_159,s4.750535,s-3.826386,s273.009353
187_160,s-3.902913,s4.396980,s355.734683
187_161,s-4.733934,s3.122019,s61.840169
187_162,s-5.542989,s-1.412612,s54.966052
187_163,s-6.184898,s-0.345828,s24.909495
187_164,s-2.912796,s5.403724,s82.422558
187_165,s5.522356,s-2.549988,s211.530365
187_166,s0.120755,s5.617266,s12.964432
187_167,s2.645664,s-4.833277,s148.956109
187_168,s3.808426,s4.802365,s52.813045
187_169,s4.969878,s2.431893,s319.365857
187_170,s-5.886530,s2.177670,s57.187625
187_171,s-2.948106,s-5.372579,s211.720590
187_172,s2.021373,s-5.480301,s168.633043
187_173,s6.097528,s-0.525247,s199.159452
187_174,s6.291763,s0.084205,s40.364837
187_175,s3.800934,s-4.781603,s205.887613
187_176,s-4.486427,s3.568570,s12.296348
187_177,s-5.250544,s2.965247,s114.938505
187_178,s-2.090191,s5.364970,s328.530494
187_179,s5.154362,s3.457999,s287.014975
187_180,s2.731688,s5.639214,s24.238898
187_181,s-6.208370,s0.692024,s59.005703
187_182,s5.965716,s-1.849633,s272.006740
187_183,s5.382489,s2.050953,s289.018782
187_184,s-0.797519,s-6.340036,s279.911118
187_185,s0.382334,s6.328461,s256.250252
187_186,s-4.479006,s-3.716302,s116.741848
188_0,s-0.531989,s0.009968,s318.600682
188_1,s0.057024,s-0.658110,s49.079244
188_2,s0.461141,s-0.591144,s250.824782
188_3,s-0.507874,s0.868659,s-35.407562
188_4,s0.318565,s0.392812,s262.075967
188_5,s1.330305,s0.802243,s106.119080
188_6,s-0.930705,s-0.341845,s0.458109
188_7,s1.186660,s-1.162711,s223.935017
188_8,s-1.160102,s-0.702610,s105.827112
188_9,s0.708365,s-1.434192,s127.708302
188_10,s0.162568,s1.380395,s233.622197
188_11,s-1.169009,s0.472712,s9.505962
188_12,s1.633407,s-0.039299,s358.951620
188_13,s1.524973,s1.322823,s64.622693
188_14,s-1.865843,s0.595599,s135.950253
188_15,s-1.361615,s1.546185,s115.559541
188_16,s-0.565799,s2.456074,s98.543761
188_17,s0.073748,s-1.285874,s168.277776
188_18,s-2.365523,s-0.224822,s206.372854
188_19,s1.396465,s-0.462887,s76.234256
188_20,s-2.360853,s0.955246,s-13.984062
188_21,s-0.656532,s1.401169,s9.368149
188_22,s-0.688717,s-1.175299,s113.433814
188_23,s2.110278,s0.217862,s326.385137
188_24,s1.616634,s1.776407,s300.000393
188_25,s-0.432156,s-2.076217,s226.978530
188_26,s2.225059,s-0.265339,s193.384574
188_27,s1.481640,s-2.265736,s168.318117
188_28,s-1.191747,s2.696566,s26.105462
188_29,s-2.179042,s-1.865842,s80.419514
188_30,s0.774503,s2.001076,s74.569458
188_31,s0.915810,s-2.129619,s84.749168
188_32,s1.525567,s2.238962,s55.582273
188_33,s1.961365,s-2.101616,s246.526754
188_34,s0.956693,s-3.128898,s109.175302
188_35,s-1.046036,s-1.900918,s172.709602
188_36,s-2.920558,s0.377349,s182.931860
188_37,s-2.130779,s-1.334504,s42.595731
188_38,s-2.686105,s2.342364,s54.835465
188_39,s1.823321,s-0.877249,s233.025168
188_40,s-1.650092,s2.192689,s1.987742
188_41,s0.719025,s2.720289,s28.427876
188_42,s-2.852449,s-2.448641,s147.623418
188_43,s-3.009115,s-0.994084,s85.376557
188_44,s-0.017345,s2.671462,s-9.916690
188_45,s1.598925,s3.160531,s63.308068
188_46,s2.110519,s0.919622,s345.852185
188_47,s2.789101,s-0.578539,s226.265006
188_48,s-0.472413,s-2.828945,s247.989666
188_49,s-2.944112,s1.143082,s62.154730
188_50,s2.345395,s-2.786084,s149.537681
188_51,s2.015529,s2.848326,s258.321962
188_52,s2.625971,s1.027534,s279.774010
188_53,s-1.422640,s-2.884789,s55.157394
188_54,s2.891216,s0.356946,s327.434872
188_55,s2.842452,s-2.460605,s218.135477
188_56,s-3.218723,s-0.289147,s113.598681
188_57,s-2.047259,s2.949935,s318.134721
188_58,s0.207127,s-3.785175,s211.795300
188_59,s3.062386,s1.995655,s241.400617
188_60,s-1.048841,s-3.506057,s157.090604
188_61,s0.801768,s-3.799701,s269.445834
188_62,s2.984740,s-1.320964,s264.609699
188_63,s-3.053006,s-1.637944,s128.680134
188_64,s-0.183368,s3.776267,s263.615112
188_65,s-2.675486,s-3.182184,s292.631633
188_66,s-0.879000,s3.424715,s216.731752
188_67,s3.664919,s0.767203,s373.281581
188_68,s-3.675221,s0.293298,s166.838389
188_69,s-3.614522,s2.905365,s313.757507
188_70,s-4.319754,s0.407989,s132.015454
188_71,s1.764418,s-4.466077,s220.234273
188_72,s2.254242,s3.517886,s374.235541
188_73,s-0.348470,s-3.796503,s116.350272
188_74,s3.744747,s-1.001218,s216.086562
188_75,s3.483475,s-0.557397,s351.895757
188_76,s-3.959697,s-0.815960,s98.033634
188_77,s1.027676,s3.927278,s335.524057
188_78,s2.445426,s-3.452534,s240.433618
188_79,s2.708487,s2.428903,s167.808312
188_80,s3.006854,s-1.983715,s297.608133
188_81,s-1.657812,s-3.622843,s177.681394
188_82,s-1.424936,s3.843733,s17.576214
188_83,s-2.468277,s3.789261,s4.950131
188_84,s4.025205,s1.722636,s245.009198
188_85,s-2.151971,s-3.688932,s154.397469
188_86,s-3.922379,s2.102096,s91.358558
188_87,s-4.164527,s-1.588867,s97.615387
188_88,s3.842818,s0.191032,s268.157425
188_89,s3.086489,s3.892281,s282.075706
188_90,s-4.160036,s0.952475,s321.921287
188_91,s1.179849,s-4.977486,s342.169379
188_92,s-4.246969,s-0.159439,s146.312008
188_93,s3.624584,s2.920035,s299.003572
188_94,s4.114775,s-0.644088,s282.004479
188_95,s-0.928177,s-4.506370,s219.722303
188_96,s0.716668,s4.665898,s120.155757
188_97,s-4.214881,s-2.184840,s128.349551
188_98,s-2.098440,s4.428028,s340.362631
188_99,s-2.260337,s-4.597442,s88.880677
188_100,s3.917388,s-2.063130,s292.173322
188_101,s4.295895,s1.205988,s182.770812
188_102,s3.084861,s3.072871,s188.656834
188_103,s-0.699094,s3.956153,s45.228052
188_104,s3.403865,s-2.425582,s245.614251
188_105,s-3.631158,s-2.668897,s139.771665
188_106,s1.696108,s4.802370,s189.544326
188_107,s-0.119490,s-4.204211,s154.701671
188_108,s-3.286106,s3.714156,s-4.192517
188_109,s4.576755,s-1.389131,s346.833928
188_110,s0.284176,s-4.819335,s238.105184
188_111,s3.476804,s-3.315904,s239.491727
188_112,s-4.371068,s1.689619,s157.435696
188_113,s4.782012,s0.424149,s356.340618
188_114,s3.907167,s2.331189,s324.330629
188_115,s-1.714770,s-4.587983,s227.876736
188_116,s1.098290,s4.924204,s298.532711
188_117,s4.294340,s-2.598226,s266.143984
188_118,s-4.999714,s-1.068742,s173.191900
188_119,s2.343024,s4.939099,s12.675144
188_120,s3.589270,s-4.100116,s226.983250
188_121,s-5.004868,s0.906860,s170.424739
188_122,s3.876545,s3.587897,s261.663746
188_123,s-2.804516,s-3.596786,s172.899273
188_124,s-0.356429,s4.710164,s40.043337
188_125,s-4.138298,s-4.151996,s155.799099
188_126,s-5.007275,s1.427927,s129.090700
188_127,s5.154514,s1.563226,s33.059399
188_128,s4.658787,s-0.076352,s227.571118
188_129,s-2.732649,s4.745469,s-29.598544
188_130,s-1.265855,s4.881792,s34.708851
188_131,s4.731362,s-2.078476,s233.380374
188_132,s-0.035965,s5.126645,s268.769812
188_133,s-4.017373,s2.836877,s20.365618
188_134,s-4.893638,s2.090481,s42.685430
188_135,s1.785270,s-5.030459,s141.591424
188_136,s4.477406,s3.854134,s-34.540396
188_137,s-1.242053,s-5.794967,s114.725324
188_138,s5.662776,s-1.365988,s174.958822
188_139,s4.079691,s-3.129068,s259.444170
188_140,s0.197074,s-5.575010,s132.849653
188_141,s4.801922,s2.896490,s356.418983
188_142,s-3.615360,s3.445906,s47.108775
188_143,s5.258090,s-0.079694,s316.561725
188_144,s-2.144888,s-5.165410,s230.861264
188_145,s-3.519071,s-4.292018,s218.571041
188_146,s-4.829970,s-3.183271,s312.873102
188_147,s2.837079,s-4.241487,s82.770711
188_148,s-5.517824,s-2.737882,s94.482612
188_149,s-5.634717,s0.360783,s29.168658
188_150,s3.156157,s4.617037,s244.245734
188_151,s-5.002150,s-0.446832,s86.140770
188_152,s-5.651287,s-2.209614,s24.942839
188_153,s-0.908194,s5.610538,s300.439537
188_154,s1.102566,s5.840735,s259.106709
188_155,s5.413858,s-0.532673,s224.629819
188_156,s5.686972,s1.032919,s312.572289
188_157,s-3.705260,s-4.803372,s167.551243
188_158,s-5.477611,s1.752017,s93.518549
188_159,s4.750535,s-3.826386,s273.009353
188_160,s-3.902913,s4.396980,s355.734683
188_161,s-4.733934,s3.122019,s61.840169
188_162,s-5.542989,s-1.412612,s54.966052
188_163,s-6.184898,s-0.345828,s24.909495
188_164,s-2.912796,s5.403724,s82.422558
188_165,s5.522356,s-2.549988,s211.530365
188_166,s0.120755,s5.617266,s12.964432
188_167,s2.645664,s-4.833277,s148.956109
188_168,s3.808426,s4.802365,s52.813045
188_169,s4.969878,s2.431893,s319.365857
188_170,s-5.886530,s2.177670,s57.187625
188_171,s-2.948106,s-5.372579,s211.720590
188_172,s2.021373,s-5.480301,s168.633043
188_173,s6.097528,s-0.525247,s199.159452
188_174,s6.291763,s0.084205,s40.364837
188_175,s3.800934,s-4.781603,s205.887613
188_176,s-4.486427,s3.568570,s12.296348
188_177,s-5.250544,s2.965247,s114.938505
188_178,s-2.090191,s5.364970,s328.530494
188_179,s5.154362,s3.457999,s287.014975
188_180,s2.731688,s5.639214,s24.238898
188_181,s-6.208370,s0.692024,s59.005703
188_182,s5.965716,s-1.849633,s272.006740
188_183,s5.382489,s2.050953,s289.018782
188_184,s-0.797519,s-6.340036,s279.911118
188_185,s0.382334,s6.328461,s256.250252
188_186,s-4.479006,s-3.716302,s116.741848
188_187,s0.559871,s-5.833193,s309.247136
189_0,s-0.531989,s0.009968,s318.600682
189_1,s0.057024,s-0.658110,s49.079244
189_2,s0.461141,s-0.591144,s250.824782
189_3,s-0.507874,s0.868659,s-35.407562
189_4,s0.318565,s0.392812,s262.075967
189_5,s1.330305,s0.802243,s106.119080
189_6,s-0.930705,s-0.341845,s0.458109
189_7,s1.186660,s-1.162711,s223.935017
189_8,s-1.160102,s-0.702610,s105.827112
189_9,s0.708365,s-1.434192,s127.708302
189_10,s0.162568,s1.380395,s233.622197
189_11,s-1.169009,s0.472712,s9.505962
189_12,s1.633407,s-0.039299,s358.951620
189_13,s1.524973,s1.322823,s64.622693
189_14,s-1.865843,s0.595599,s135.950253
189_15,s-1.361615,s1.546185,s115.559541
189_16,s-0.565799,s2.456074,s98.543761
189_17,s0.073748,s-1.285874,s168.277776
189_18,s-2.365523,s-0.224822,s206.372854
189_19,s1.396465,s-0.462887,s76.234256
189_20,s-2.360853,s0.955246,s-13.984062
189_21,s-0.656532,s1.401169,s9.368149
189_22,s-0.688717,s-1.175299,s113.433814
189_23,s2.110278,s0.217862,s326.385137
189_24,s1.616634,s1.776407,s300.000393
189_25,s-0.432156,s-2.076217,s226.978530
189_26,s2.225059,s-0.265339,s193.384574
189_27,s1.481640,s-2.265736,s168.318117
189_28,s-1.191747,s2.696566,s26.105462
189_29,s-2.179042,s-1.865842,s80.419514
189_30,s0.774503,s2.001076,s74.569458
189_31,s0.915810,s-2.129619,s84.749168
189_32,s1.525567,s2.238962,s55.582273
189_33,s1.961365,s-2.101616,s246.526754
189_34,s0.956693,s-3.128898,s109.175302
189_35,s-1.046036,s-1.900918,s172.709602
189_36,s-2.920558,s0.377349,s182.931860
189_37,s-2.130779,s-1.334504,s42.595731
189_38,s-2.686105,s2.342364,s54.835465
189_39,s1.823321,s-0.877249,s233.025168
189_40,s-1.650092,s2.192689,s1.987742
189_41,s0.719025,s2.720289,s28.427876
189_42,s-2.852449,s-2.448641,s147.623418
189_43,s-3.009115,s-0.994084,s85.376557
189_44,s-0.017345,s2.671462,s-9.916690
189_45,s1.598925,s3.160531,s63.308068
189_46,s2.110519,s0.919622,s345.852185
189_47,s2.789101,s-0.578539,s226.265006
189_48,s-0.472413,s-2.828945,s247.989666
189_49,s-2.944112,s1.143082,s62.154730
189_50,s2.345395,s-2.786084,s149.537681
189_51,s2.015529,s2.848326,s258.321962
189_52,s2.625971,s1.027534,s279.774010
189_53,s-1.422640,s-2.884789,s55.157394
189_54,s2.891216,s0.356946,s327.434872
189_55,s2.842452,s-2.460605,s218.135477
189_56,s-3.218723,s-0.289147,s113.598681
189_57,s-2.047259,s2.949935,s318.134721
189_58,s0.207127,s-3.785175,s211.795300
189_59,s3.062386,s1.995655,s241.400617
189_60,s-1.048841,s-3.506057,s157.090604
189_61,s0.801768,s-3.799701,s269.445834
189_62,s2.984740,s-1.320964,s264.609699
189_63,s-3.053006,s-1.637944,s128.680134
189_64,s-0.183368,s3.776267,s263.615112
189_65,s-2.675486,s-3.182184,s292.631633
189_66,s-0.879000,s3.424715,s216.731752
189_67,s3.664919,s0.767203,s373.281581
189_68,s-3.675221,s0.293298,s166.838389
189_69,s-3.614522,s2.905365,s313.757507
189_70,s-4.319754,s0.407989,s132.015454
189_71,s1.764418,s-4.466077,s220.234273
189_72,s2.254242,s3.517886,s374.235541
189_73,s-0.348470,s-3.796503,s116.350272
189_74,s3.744747,s-1.001218,s216.086562
189_75,s3.483475,s-0.557397,s351.895757
189_76,s-3.959697,s-0.815960,s98.033634
189_77,s1.027676,s3.927278,s335.524057
189_78,s2.445426,s-3.452534,s240.433618
189_79,s2.708487,s2.428903,s167.808312
189_80,s3.006854,s-1.983715,s297.608133
189_81,s-1.657812,s-3.622843,s177.681394
189_82,s-1.424936,s3.843733,s17.576214
189_83,s-2.468277,s3.789261,s4.950131
189_84,s4.025205,s1.722636,s245.009198
189_85,s-2.151971,s-3.688932,s154.397469
189_86,s-3.922379,s2.102096,s91.358558
189_87,s-4.164527,s-1.588867,s97.615387
189_88,s3.842818,s0.191032,s268.157425
189_89,s3.086489,s3.892281,s282.075706
189_90,s-4.160036,s0.952475,s321.921287
189_91,s1.179849,s-4.977486,s342.169379
189_92,s-4.246969,s-0.159439,s146.312008
189_93,s3.624584,s2.920035,s299.003572
189_94,s4.114775,s-0.644088,s282.004479
189_95,s-0.928177,s-4.506370,s219.722303
189_96,s0.716668,s4.665898,s120.155757
189_97,s-4.214881,s-2.184840,s128.349551
189_98,s-2.098440,s4.428028,s340.362631
189_99,s-2.260337,s-4.597442,s88.880677
189_100,s3.917388,s-2.063130,s292.173322
189_101,s4.295895,s1.205988,s182.770812
189_102,s3.084861,s3.072871,s188.656834
189_103,s-0.699094,s3.956153,s45.228052
189_104,s3.403865,s-2.425582,s245.614251
189_105,s-3.631158,s-2.668897,s139.771665
189_106,s1.696108,s4.802370,s189.544326
189_107,s-0.119490,s-4.204211,s154.701671
189_108,s-3.286106,s3.714156,s-4.192517
189_109,s4.576755,s-1.389131,s346.833928
189_110,s0.284176,s-4.819335,s238.105184
189_111,s3.476804,s-3.315904,s239.491727
189_112,s-4.371068,s1.689619,s157.435696
189_113,s4.782012,s0.424149,s356.340618
189_114,s3.907167,s2.331189,s324.330629
189_115,s-1.714770,s-4.587983,s227.876736
189_116,s1.098290,s4.924204,s298.532711
189_117,s4.294340,s-2.598226,s266.143984
189_118,s-4.999714,s-1.068742,s173.191900
189_119,s2.343024,s4.939099,s12.675144
189_120,s3.589270,s-4.100116,s226.983250
189_121,s-5.004868,s0.906860,s170.424739
189_122,s3.876545,s3.587897,s261.663746
189_123,s-2.804516,s-3.596786,s172.899273
189_124,s-0.356429,s4.710164,s40.043337
189_125,s-4.138298,s-4.151996,s155.799099
189_126,s-5.007275,s1.427927,s129.090700
189_127,s5.154514,s1.563226,s33.059399
189_128,s4.658787,s-0.076352,s227.571118
189_129,s-2.732649,s4.745469,s-29.598544
189_130,s-1.265855,s4.881792,s34.708851
189_131,s4.731362,s-2.078476,s233.380374
189_132,s-0.035965,s5.126645,s268.769812
189_133,s-4.017373,s2.836877,s20.365618
189_134,s-4.893638,s2.090481,s42.685430
189_135,s1.785270,s-5.030459,s141.591424
189_136,s4.477406,s3.854134,s-34.540396
189_137,s-1.242053,s-5.794967,s114.725324
189_138,s5.662776,s-1.365988,s174.958822
189_139,s4.079691,s-3.129068,s259.444170
189_140,s0.197074,s-5.575010,s132.849653
189_141,s4.801922,s2.896490,s356.418983
189_142,s-3.615360,s3.445906,s47.108775
189_143,s5.258090,s-0.079694,s316.561725
189_144,s-2.144888,s-5.165410,s230.861264
189_145,s-3.519071,s-4.292018,s218.571041
189_146,s-4.829970,s-3.183271,s312.873102
189_147,s2.837079,s-4.241487,s82.770711
189_148,s-5.517824,s-2.737882,s94.482612
189_149,s-5.634717,s0.360783,s29.168658
189_150,s3.156157,s4.617037,s244.245734
189_151,s-5.002150,s-0.446832,s86.140770
189_152,s-5.651287,s-2.209614,s24.942839
189_153,s-0.908194,s5.610538,s300.439537
189_154,s1.102566,s5.840735,s259.106709
189_155,s5.413858,s-0.532673,s224.629819
189_156,s5.686972,s1.032919,s312.572289
189_157,s-3.705260,s-4.803372,s167.551243
189_158,s-5.477611,s1.752017,s93.518549
189_159,s4.750535,s-3.826386,s273.009353
189_160,s-3.902913,s4.396980,s355.734683
189_161,s-4.733934,s3.122019,s61.840169
189_162,s-5.542989,s-1.412612,s54.966052
189_163,s-6.184898,s-0.345828,s24.909495
189_164,s-2.912796,s5.403724,s82.422558
189_165,s5.522356,s-2.549988,s211.530365
189_166,s0.120755,s5.617266,s12.964432
189_167,s2.645664,s-4.833277,s148.956109
189_168,s3.808426,s4.802365,s52.813045
189_169,s4.969878,s2.431893,s319.365857
189_170,s-5.886530,s2.177670,s57.187625
189_171,s-2.948106,s-5.372579,s211.720590
189_172,s2.021373,s-5.480301,s168.633043
189_173,s6.097528,s-0.525247,s199.159452
189_174,s6.291763,s0.084205,s40.364837
189_175,s3.800934,s-4.781603,s205.887613
189_176,s-4.486427,s3.568570,s12.296348
189_177,s-5.250544,s2.965247,s114.938505
189_178,s-2.090191,s5.364970,s328.530494
189_179,s5.154362,s3.457999,s287.014975
189_180,s2.731688,s5.639214,s24.238898
189_181,s-6.208370,s0.692024,s59.005703
189_182,s5.965716,s-1.849633,s272.006740
189_183,s5.382489,s2.050953,s289.018782
189_184,s-0.797519,s-6.340036,s279.911118
189_185,s0.382334,s6.328461,s256.250252
189_186,s-4.479006,s-3.716302,s116.741848
189_187,s0.559871,s-5.833193,s309.247136
189_188,s1.778968,s6.022763,s341.621039
190_0,s-0.531989,s0.009968,s318.600682
190_1,s0.057024,s-0.658110,s49.079244
190_2,s0.461141,s-0.591144,s250.824782
190_3,s-0.507874,s0.868659,s-35.407562
190_4,s0.318565,s0.392812,s262.075967
190_5,s1.330305,s0.802243,s106.119080
190_6,s-0.930705,s-0.341845,s0.458109
190_7,s1.186660,s-1.162711,s223.935017
190_8,s-1.160102,s-0.702610,s105.827112
190_9,s0.708365,s-1.434192,s127.708302
190_10,s0.162568,s1.380395,s233.622197
190_11,s-1.169009,s0.472712,s9.505962
190_12,s1.633407,s-0.039299,s358.951620
190_13,s1.524973,s1.322823,s64.622693
190_14,s-1.865843,s0.595599,s135.950253
190_15,s-1.361615,s1.546185,s115.559541
190_16,s-0.565799,s2.456074,s98.543761
190_17,s0.073748,s-1.285874,s168.277776
190_18,s-2.365523,s-0.224822,s206.372854
190_19,s1.396465,s-0.462887,s76.234256
190_20,s-2.360853,s0.955246,s-13.984062
190_21,s-0.656532,s1.401169,s9.368149
190_22,s-0.688717,s-1.175299,s113.433814
190_23,s2.110278,s0.217862,s326.385137
190_24,s1.616634,s1.776407,s300.000393
190_25,s-0.432156,s-2.076217,s226.978530
190_26,s2.225059,s-0.265339,s193.384574
190_27,s1.481640,s-2.265736,s168.318117
190_28,s-1.191747,s2.696566,s26.105462
190_29,s-2.179042,s-1.865842,s80.419514
190_30,s0.774503,s2.001076,s74.569458
190_31,s0.915810,s-2.129619,s84.749168
190_32,s1.525567,s2.238962,s55.582273
190_33,s1.961365,s-2.101616,s246.526754
190_34,s0.956693,s-3.128898,s109.175302
190_35,s-1.046036,s-1.900918,s172.709602
190_36,s-2.920558,s0.377349,s182.931860
190_37,s-2.130779,s-1.334504,s42.595731
190_38,s-2.686105,s2.342364,s54.835465
190_39,s1.823321,s-0.877249,s233.025168
190_40,s-1.650092,s2.192689,s1.987742
190_41,s0.719025,s2.720289,s28.427876
190_42,s-2.852449,s-2.448641,s147.623418
190_43,s-3.009115,s-0.994084,s85.376557
190_44,s-0.017345,s2.671462,s-9.916690
190_45,s1.598925,s3.160531,s63.308068
190_46,s2.110519,s0.919622,s345.852185
190_47,s2.789101,s-0.578539,s226.265006
190_48,s-0.472413,s-2.828945,s247.989666
190_49,s-2.944112,s1.143082,s62.154730
190_50,s2.345395,s-2.786084,s149.537681
190_51,s2.015529,s2.848326,s258.321962
190_52,s2.625971,s1.027534,s279.774010
190_53,s-1.422640,s-2.884789,s55.157394
190_54,s2.891216,s0.356946,s327.434872
190_55,s2.842452,s-2.460605,s218.135477
190_56,s-3.218723,s-0.289147,s113.598681
190_57,s-2.047259,s2.949935,s318.134721
190_58,s0.207127,s-3.785175,s211.795300
190_59,s3.062386,s1.995655,s241.400617
190_60,s-1.048841,s-3.506057,s157.090604
190_61,s0.801768,s-3.799701,s269.445834
190_62,s2.984740,s-1.320964,s264.609699
190_63,s-3.053006,s-1.637944,s128.680134
190_64,s-0.183368,s3.776267,s263.615112
190_65,s-2.675486,s-3.182184,s292.631633
190_66,s-0.879000,s3.424715,s216.731752
190_67,s3.664919,s0.767203,s373.281581
190_68,s-3.675221,s0.293298,s166.838389
190_69,s-3.614522,s2.905365,s313.757507
190_70,s-4.319754,s0.407989,s132.015454
190_71,s1.764418,s-4.466077,s220.234273
190_72,s2.254242,s3.517886,s374.235541
190_73,s-0.348470,s-3.796503,s116.350272
190_74,s3.744747,s-1.001218,s216.086562
190_75,s3.483475,s-0.557397,s351.895757
190_76,s-3.959697,s-0.815960,s98.033634
190_77,s1.027676,s3.927278,s335.524057
190_78,s2.445426,s-3.452534,s240.433618
190_79,s2.708487,s2.428903,s167.808312
190_80,s3.006854,s-1.983715,s297.608133
190_81,s-1.657812,s-3.622843,s177.681394
190_82,s-1.424936,s3.843733,s17.576214
190_83,s-2.468277,s3.789261,s4.950131
190_84,s4.025205,s1.722636,s245.009198
190_85,s-2.151971,s-3.688932,s154.397469
190_86,s-3.922379,s2.102096,s91.358558
190_87,s-4.164527,s-1.588867,s97.615387
190_88,s3.842818,s0.191032,s268.157425
190_89,s3.086489,s3.892281,s282.075706
190_90,s-4.160036,s0.952475,s321.921287
190_91,s1.179849,s-4.977486,s342.169379
190_92,s-4.246969,s-0.159439,s146.312008
190_93,s3.624584,s2.920035,s299.003572
190_94,s4.114775,s-0.644088,s282.004479
190_95,s-0.928177,s-4.506370,s219.722303
190_96,s0.716668,s4.665898,s120.155757
190_97,s-4.214881,s-2.184840,s128.349551
190_98,s-2.098440,s4.428028,s340.362631
190_99,s-2.260337,s-4.597442,s88.880677
190_100,s3.917388,s-2.063130,s292.173322
190_101,s4.295895,s1.205988,s182.770812
190_102,s3.084861,s3.072871,s188.656834
190_103,s-0.699094,s3.956153,s45.228052
190_104,s3.403865,s-2.425582,s245.614251
190_105,s-3.631158,s-2.668897,s139.771665
190_106,s1.696108,s4.802370,s189.544326
190_107,s-0.119490,s-4.204211,s154.701671
190_108,s-3.286106,s3.714156,s-4.192517
190_109,s4.576755,s-1.389131,s346.833928
190_110,s0.284176,s-4.819335,s238.105184
190_111,s3.476804,s-3.315904,s239.491727
190_112,s-4.371068,s1.689619,s157.435696
190_113,s4.782012,s0.424149,s356.340618
190_114,s3.907167,s2.331189,s324.330629
190_115,s-1.714770,s-4.587983,s227.876736
190_116,s1.098290,s4.924204,s298.532711
190_117,s4.294340,s-2.598226,s266.143984
190_118,s-4.999714,s-1.068742,s173.191900
190_119,s2.343024,s4.939099,s12.675144
190_120,s3.589270,s-4.100116,s226.983250
190_121,s-5.004868,s0.906860,s170.424739
190_122,s3.876545,s3.587897,s261.663746
190_123,s-2.804516,s-3.596786,s172.899273
190_124,s-0.356429,s4.710164,s40.043337
190_125,s-4.138298,s-4.151996,s155.799099
190_126,s-5.007275,s1.427927,s129.090700
190_127,s5.154514,s1.563226,s33.059399
190_128,s4.658787,s-0.076352,s227.571118
190_129,s-2.732649,s4.745469,s-29.598544
190_130,s-1.265855,s4.881792,s34.708851
190_131,s4.731362,s-2.078476,s233.380374
190_132,s-0.035965,s5.126645,s268.769812
190_133,s-4.017373,s2.836877,s20.365618
190_134,s-4.893638,s2.090481,s42.685430
190_135,s1.785270,s-5.030459,s141.591424
190_136,s4.477406,s3.854134,s-34.540396
190_137,s-1.242053,s-5.794967,s114.725324
190_138,s5.662776,s-1.365988,s174.958822
190_139,s4.079691,s-3.129068,s259.444170
190_140,s0.197074,s-5.575010,s132.849653
190_141,s4.801922,s2.896490,s356.418983
190_142,s-3.615360,s3.445906,s47.108775
190_143,s5.258090,s-0.079694,s316.561725
190_144,s-2.144888,s-5.165410,s230.861264
190_145,s-3.519071,s-4.292018,s218.571041
190_146,s-4.829970,s-3.183271,s312.873102
190_147,s2.837079,s-4.241487,s82.770711
190_148,s-5.517824,s-2.737882,s94.482612
190_149,s-5.634717,s0.360783,s29.168658
190_150,s3.156157,s4.617037,s244.245734
190_151,s-5.002150,s-0.446832,s86.140770
190_152,s-5.651287,s-2.209614,s24.942839
190_153,s-0.908194,s5.610538,s300.439537
190_154,s1.102566,s5.840735,s259.106709
190_155,s5.413858,s-0.532673,s224.629819
190_156,s5.686972,s1.032919,s312.572289
190_157,s-3.705260,s-4.803372,s167.551243
190_158,s-5.477611,s1.752017,s93.518549
190_159,s4.750535,s-3.826386,s273.009353
190_160,s-3.902913,s4.396980,s355.734683
190_161,s-4.733934,s3.122019,s61.840169
190_162,s-5.542989,s-1.412612,s54.966052
190_163,s-6.184898,s-0.345828,s24.909495
190_164,s-2.912796,s5.403724,s82.422558
190_165,s5.522356,s-2.549988,s211.530365
190_166,s0.120755,s5.617266,s12.964432
190_167,s2.645664,s-4.833277,s148.956109
190_168,s3.808426,s4.802365,s52.813045
190_169,s4.969878,s2.431893,s319.365857
190_170,s-5.886530,s2.177670,s57.187625
190_171,s-2.948106,s-5.372579,s211.720590
190_172,s2.021373,s-5.480301,s168.633043
190_173,s6.097528,s-0.525247,s199.159452
190_174,s6.291763,s0.084205,s40.364837
190_175,s3.800934,s-4.781603,s205.887613
190_176,s-4.486427,s3.568570,s12.296348
190_177,s-5.250544,s2.965247,s114.938505
190_178,s-2.090191,s5.364970,s328.530494
190_179,s5.154362,s3.457999,s287.014975
190_180,s2.731688,s5.639214,s24.238898
190_181,s-6.208370,s0.692024,s59.005703
190_182,s5.965716,s-1.849633,s272.006740
190_183,s5.382489,s2.050953,s289.018782
190_184,s-0.797519,s-6.340036,s279.911118
190_185,s0.382334,s6.328461,s256.250252
190_186,s-4.479006,s-3.716302,s116.741848
190_187,s0.559871,s-5.833193,s309.247136
190_188,s1.778968,s6.022763,s341.621039
190_189,s4.421853,s-4.388635,s223.324869
191_0,s-0.531989,s0.009968,s318.600682
191_1,s0.057024,s-0.658110,s49.079244
191_2,s0.461141,s-0.591144,s250.824782
191_3,s-0.507874,s0.868659,s-35.407562
191_4,s0.318565,s0.392812,s262.075967
191_5,s1.330305,s0.802243,s106.119080
191_6,s-0.930705,s-0.341845,s0.458109
191_7,s1.186660,s-1.162711,s223.935017
191_8,s-1.160102,s-0.702610,s105.827112
191_9,s0.708365,s-1.434192,s127.708302
191_10,s0.162568,s1.380395,s233.622197
191_11,s-1.169009,s0.472712,s9.505962
191_12,s1.633407,s-0.039299,s358.951620
191_13,s1.524973,s1.322823,s64.622693
191_14,s-1.865843,s0.595599,s135.950253
191_15,s-1.361615,s1.546185,s115.559541
191_16,s-0.565799,s2.456074,s98.543761
191_17,s0.073748,s-1.285874,s168.277776
191_18,s-2.365523,s-0.224822,s206.372854
191_19,s1.396465,s-0.462887,s76.234256
191_20,s-2.360853,s0.955246,s-13.984062
191_21,s-0.656532,s1.401169,s9.368149
191_22,s-0.688717,s-1.175299,s113.433814
191_23,s2.110278,s0.217862,s326.385137
191_24,s1.616634,s1.776407,s300.000393
191_25,s-0.432156,s-2.076217,s226.978530
191_26,s2.225059,s-0.265339,s193.384574
191_27,s1.481640,s-2.265736,s168.318117
191_28,s-1.191747,s2.696566,s26.105462
191_29,s-2.179042,s-1.865842,s80.419514
191_30,s0.774503,s2.001076,s74.569458
191_31,s0.915810,s-2.129619,s84.749168
191_32,s1.525567,s2.238962,s55.582273
191_33,s1.961365,s-2.101616,s246.526754
191_34,s0.956693,s-3.128898,s109.175302
191_35,s-1.046036,s-1.900918,s172.709602
191_36,s-2.920558,s0.377349,s182.931860
191_37,s-2.130779,s-1.334504,s42.595731
191_38,s-2.686105,s2.342364,s54.835465
191_39,s1.823321,s-0.877249,s233.025168
191_40,s-1.650092,s2.192689,s1.987742
191_41,s0.719025,s2.720289,s28.427876
191_42,s-2.852449,s-2.448641,s147.623418
191_43,s-3.009115,s-0.994084,s85.376557
191_44,s-0.017345,s2.671462,s-9.916690
191_45,s1.598925,s3.160531,s63.308068
191_46,s2.110519,s0.919622,s345.852185
191_47,s2.789101,s-0.578539,s226.265006
191_48,s-0.472413,s-2.828945,s247.989666
191_49,s-2.944112,s1.143082,s62.154730
191_50,s2.345395,s-2.786084,s149.537681
191_51,s2.015529,s2.848326,s258.321962
191_52,s2.625971,s1.027534,s279.774010
191_53,s-1.422640,s-2.884789,s55.157394
191_54,s2.891216,s0.356946,s327.434872
191_55,s2.842452,s-2.460605,s218.135477
191_56,s-3.218723,s-0.289147,s113.598681
191_57,s-2.047259,s2.949935,s318.134721
191_58,s0.207127,s-3.785175,s211.795300
191_59,s3.062386,s1.995655,s241.400617
191_60,s-1.048841,s-3.506057,s157.090604
191_61,s0.801768,s-3.799701,s269.445834
191_62,s2.984740,s-1.320964,s264.609699
191_63,s-3.053006,s-1.637944,s128.680134
191_64,s-0.183368,s3.776267,s263.615112
191_65,s-2.675486,s-3.182184,s292.631633
191_66,s-0.879000,s3.424715,s216.731752
191_67,s3.664919,s0.767203,s373.281581
191_68,s-3.675221,s0.293298,s166.838389
191_69,s-3.614522,s2.905365,s313.757507
191_70,s-4.319754,s0.407989,s132.015454
191_71,s1.764418,s-4.466077,s220.234273
191_72,s2.254242,s3.517886,s374.235541
191_73,s-0.348470,s-3.796503,s116.350272
191_74,s3.744747,s-1.001218,s216.086562
191_75,s3.483475,s-0.557397,s351.895757
191_76,s-3.959697,s-0.815960,s98.033634
191_77,s1.027676,s3.927278,s335.524057
191_78,s2.445426,s-3.452534,s240.433618
191_79,s2.708487,s2.428903,s167.808312
191_80,s3.006854,s-1.983715,s297.608133
191_81,s-1.657812,s-3.622843,s177.681394
191_82,s-1.424936,s3.843733,s17.576214
191_83,s-2.468277,s3.789261,s4.950131
191_84,s4.025205,s1.722636,s245.009198
191_85,s-2.151971,s-3.688932,s154.397469
191_86,s-3.922379,s2.102096,s91.358558
191_87,s-4.164527,s-1.588867,s97.615387
191_88,s3.842818,s0.191032,s268.157425
191_89,s3.086489,s3.892281,s282.075706
191_90,s-4.160036,s0.952475,s321.921287
191_91,s1.179849,s-4.977486,s342.169379
191_92,s-4.246969,s-0.159439,s146.312008
191_93,s3.624584,s2.920035,s299.003572
191_94,s4.114775,s-0.644088,s282.004479
191_95,s-0.928177,s-4.506370,s219.722303
191_96,s0.716668,s4.665898,s120.155757
191_97,s-4.214881,s-2.184840,s128.349551
191_98,s-2.098440,s4.428028,s340.362631
191_99,s-2.260337,s-4.597442,s88.880677
191_100,s3.917388,s-2.063130,s292.173322
191_101,s4.295895,s1.205988,s182.770812
191_102,s3.084861,s3.072871,s188.656834
191_103,s-0.699094,s3.956153,s45.228052
191_104,s3.403865,s-2.425582,s245.614251
191_105,s-3.631158,s-2.668897,s139.771665
191_106,s1.696108,s4.802370,s189.544326
191_107,s-0.119490,s-4.204211,s154.701671
191_108,s-3.286106,s3.714156,s-4.192517
191_109,s4.576755,s-1.389131,s346.833928
191_110,s0.284176,s-4.819335,s238.105184
191_111,s3.476804,s-3.315904,s239.491727
191_112,s-4.371068,s1.689619,s157.435696
191_113,s4.782012,s0.424149,s356.340618
191_114,s3.907167,s2.331189,s324.330629
191_115,s-1.714770,s-4.587983,s227.876736
191_116,s1.098290,s4.924204,s298.532711
191_117,s4.294340,s-2.598226,s266.143984
191_118,s-4.999714,s-1.068742,s173.191900
191_119,s2.343024,s4.939099,s12.675144
191_120,s3.589270,s-4.100116,s226.983250
191_121,s-5.004868,s0.906860,s170.424739
191_122,s3.876545,s3.587897,s261.663746
191_123,s-2.804516,s-3.596786,s172.899273
191_124,s-0.356429,s4.710164,s40.043337
191_125,s-4.138298,s-4.151996,s155.799099
191_126,s-5.007275,s1.427927,s129.090700
191_127,s5.154514,s1.563226,s33.059399
191_128,s4.658787,s-0.076352,s227.571118
191_129,s-2.732649,s4.745469,s-29.598544
191_130,s-1.265855,s4.881792,s34.708851
191_131,s4.731362,s-2.078476,s233.380374
191_132,s-0.035965,s5.126645,s268.769812
191_133,s-4.017373,s2.836877,s20.365618
191_134,s-4.893638,s2.090481,s42.685430
191_135,s1.785270,s-5.030459,s141.591424
191_136,s4.477406,s3.854134,s-34.540396
191_137,s-1.242053,s-5.794967,s114.725324
191_138,s5.662776,s-1.365988,s174.958822
191_139,s4.079691,s-3.129068,s259.444170
191_140,s0.197074,s-5.575010,s132.849653
191_141,s4.801922,s2.896490,s356.418983
191_142,s-3.615360,s3.445906,s47.108775
191_143,s5.258090,s-0.079694,s316.561725
191_144,s-2.144888,s-5.165410,s230.861264
191_145,s-3.519071,s-4.292018,s218.571041
191_146,s-4.829970,s-3.183271,s312.873102
191_147,s2.837079,s-4.241487,s82.770711
191_148,s-5.517824,s-2.737882,s94.482612
191_149,s-5.634717,s0.360783,s29.168658
191_150,s3.156157,s4.617037,s244.245734
191_151,s-5.002150,s-0.446832,s86.140770
191_152,s-5.651287,s-2.209614,s24.942839
191_153,s-0.908194,s5.610538,s300.439537
191_154,s1.102566,s5.840735,s259.106709
191_155,s5.413858,s-0.532673,s224.629819
191_156,s5.686972,s1.032919,s312.572289
191_157,s-3.705260,s-4.803372,s167.551243
191_158,s-5.477611,s1.752017,s93.518549
191_159,s4.750535,s-3.826386,s273.009353
191_160,s-3.902913,s4.396980,s355.734683
191_161,s-4.733934,s3.122019,s61.840169
191_162,s-5.542989,s-1.412612,s54.966052
191_163,s-6.184898,s-0.345828,s24.909495
191_164,s-2.912796,s5.403724,s82.422558
191_165,s5.522356,s-2.549988,s211.530365
191_166,s0.120755,s5.617266,s12.964432
191_167,s2.645664,s-4.833277,s148.956109
191_168,s3.808426,s4.802365,s52.813045
191_169,s4.969878,s2.431893,s319.365857
191_170,s-5.886530,s2.177670,s57.187625
191_171,s-2.948106,s-5.372579,s211.720590
191_172,s2.021373,s-5.480301,s168.633043
191_173,s6.097528,s-0.525247,s199.159452
191_174,s6.291763,s0.084205,s40.364837
191_175,s3.800934,s-4.781603,s205.887613
191_176,s-4.486427,s3.568570,s12.296348
191_177,s-5.250544,s2.965247,s114.938505
191_178,s-2.090191,s5.364970,s328.530494
191_179,s5.154362,s3.457999,s287.014975
191_180,s2.731688,s5.639214,s24.238898
191_181,s-6.208370,s0.692024,s59.005703
191_182,s5.965716,s-1.849633,s272.006740
191_183,s5.382489,s2.050953,s289.018782
191_184,s-0.797519,s-6.340036,s279.911118
191_185,s0.382334,s6.328461,s256.250252
191_186,s-4.479006,s-3.716302,s116.741848
191_187,s0.559871,s-5.833193,s309.247136
191_188,s1.778968,s6.022763,s341.621039
191_189,s4.421853,s-4.388635,s223.324869
191_190,s5.978537,s1.716245,s335.250180
192_0,s-0.531989,s0.009968,s318.600682
192_1,s-0.015478,s-0.680986,s53.511209
192_2,s0.391444,s-0.660827,s250.059783
192_3,s-0.507874,s0.868659,s-35.407562
192_4,s0.249141,s0.331192,s267.530373
192_5,s1.291418,s0.899981,s106.734536
192_6,s-0.930705,s-0.341845,s0.458109
192_7,s1.193019,s-1.185142,s217.321579
192_8,s-1.065855,s-0.704751,s110.587585
192_9,s0.708365,s-1.434192,s127.708302
192_10,s0.215663,s1.409250,s228.813671
192_11,s-1.169009,s0.472712,s9.505962
192_12,s1.633407,s-0.039299,s358.951620
192_13,s1.524973,s1.322823,s64.622693
192_14,s-1.820996,s0.551543,s139.869915
192_15,s-1.361615,s1.546185,s115.559541
192_16,s-0.591758,s2.465134,s103.625167
192_17,s0.087067,s-1.298424,s165.642046
192_18,s-2.365523,s-0.224822,s206.372854
192_19,s1.396465,s-0.462887,s76.234256
192_20,s-2.360853,s0.955246,s-13.984062
192_21,s-0.574611,s1.462571,s12.229907
192_22,s-0.688717,s-1.175299,s113.433814
192_23,s2.167001,s0.269319,s325.339143
192_24,s1.616634,s1.776407,s300.000393
192_25,s-0.432156,s-2.076217,s226.978530
192_26,s2.308940,s-0.294741,s190.932938
192_27,s1.481640,s-2.265736,s168.318117
192_28,s-1.201288,s2.739814,s27.589421
192_29,s-2.179042,s-1.865842,s80.419514
192_30,s0.774503,s2.001076,s74.569458
192_31,s0.733754,s-2.313550,s69.337486
192_32,s1.525567,s2.238962,s55.582273
192_33,s1.961365,s-2.101616,s246.526754
192_34,s0.947113,s-3.222429,s112.629900
192_35,s-1.040188,s-1.890996,s169.352221
192_36,s-2.916376,s0.423818,s184.883731
192_37,s-2.130779,s-1.334504,s42.595731
192_38,s-2.586093,s2.475859,s56.634235
192_39,s1.840639,s-0.775553,s238.575877
192_40,s-1.650092,s2.192689,s1.987742
192_41,s0.719025,s2.720289,s28.427876
192_42,s-2.876849,s-2.354634,s147.682288
192_43,s-2.756958,s-1.198258,s87.004741
192_44,s0.083365,s2.679413,s-0.773399
192_45,s1.621468,s2.977500,s65.070114
192_46,s2.110519,s0.919622,s345.852185
192_47,s2.789101,s-0.578539,s226.265006
192_48,s-0.472413,s-2.828945,s247.989666
192_49,s-2.877529,s1.192375,s65.192802
192_50,s2.251466,s-2.818824,s151.935580
192_51,s2.023328,s2.850407,s258.018235
192_52,s2.717531,s1.123629,s284.226056
192_53,s-1.431215,s-2.838979,s56.793164
192_54,s2.933261,s0.378212,s328.873983
192_55,s2.842452,s-2.460605,s218.135477
192_56,s-3.218723,s-0.289147,s113.598681
192_57,s-2.258595,s3.135071,s314.530760
192_58,s0.187932,s-3.734815,s209.946904
192_59,s3.185791,s1.880940,s238.944056
192_60,s-1.048841,s-3.506057,s157.090604
192_61,s0.775336,s-3.934604,s272.268936
192_62,s2.939116,s-1.321285,s267.602805
192_63,s-3.093774,s-1.693712,s132.458907
192_64,s-0.098243,s3.822674,s264.739457
192_65,s-2.746092,s-3.172552,s299.457985
192_66,s-0.807782,s3.522005,s220.206312
192_67,s3.745517,s0.733163,s376.125173
192_68,s-3.679386,s0.354943,s169.961061
192_69,s-3.542762,s2.916071,s317.859800
192_70,s-4.298067,s0.560059,s129.629134
192_71,s1.764418,s-4.466077,s220.234273
192_72,s2.254242,s3.517886,s374.235541
192_73,s-0.309398,s-3.798966,s114.620458
192_74,s3.744747,s-1.001218,s216.086562
192_75,s3.483475,s-0.557397,s351.895757
192_76,s-3.931365,s-0.869639,s94.878833
192_77,s1.107356,s3.856779,s333.681778
192_78,s2.734332,s-3.575351,s253.030910
192_79,s2.835751,s2.429817,s162.274686
192_80,s3.006854,s-1.983715,s297.608133
192_81,s-1.657812,s-3.622843,s177.681394
192_82,s-1.433583,s3.927519,s11.159176
192_83,s-2.468277,s3.789261,s4.950131
192_84,s4.039645,s1.757416,s250.694906
192_85,s-2.151971,s-3.688932,s154.397469
192_86,s-3.788819,s2.059792,s83.507388
192_87,s-4.164527,s-1.588867,s97.615387
192_88,s3.836076,s0.251104,s263.069330
192_89,s3.086489,s3.892281,s282.075706
192_90,s-4.049022,s1.005880,s324.986969
192_91,s1.179849,s-4.977486,s342.169379
192_92,s-4.246969,s-0.159439,s146.312008
192_93,s3.665327,s2.910349,s303.058973
192_94,s4.114775,s-0.644088,s282.004479
192_95,s-0.911709,s-4.672785,s215.910761
192_96,s0.706989,s4.497993,s126.829551
192_97,s-4.192069,s-2.207329,s126.595034
192_98,s-2.134175,s4.361829,s337.638361
192_99,s-2.180188,s-4.641942,s93.040686
192_100,s3.889640,s-2.163859,s299.216786
192_101,s4.275800,s1.210927,s182.536657
192_102,s3.103493,s3.103879,s189.407496
192_103,s-0.770692,s3.990113,s47.627098
192_104,s3.403865,s-2.425582,s245.614251
192_105,s-3.623882,s-2.443953,s140.175171
192_106,s1.696108,s4.802370,s189.544326
192_107,s-0.081926,s-4.226810,s161.224718
192_108,s-3.286106,s3.714156,s-4.192517
192_109,s4.576755,s-1.389131,s346.833928
192_110,s0.209165,s-4.828119,s238.613274
192_111,s3.381231,s-3.322085,s236.149698
192_112,s-4.503206,s1.740311,s165.728000
192_113,s4.782222,s0.360626,s357.564646
192_114,s4.001322,s2.206063,s326.678789
192_115,s-1.749041,s-4.652836,s214.943054
192_116,s1.098290,s4.924204,s298.532711
192_117,s4.391359,s-2.617398,s261.248576
192_118,s-5.026191,s-1.099290,s178.073371
192_119,s2.343024,s4.939099,s12.675144
192_120,s3.589270,s-4.100116,s226.983250
192_121,s-4.909631,s0.872290,s166.352612
192_122,s3.876545,s3.587897,s261.663746
192_123,s-2.798614,s-3.737991,s167.581662
192_124,s-0.356429,s4.710164,s40.043337
192_125,s-4.257116,s-4.179551,s149.691142
192_126,s-5.026836,s1.431159,s125.161871
192_127,s5.280439,s1.509118,s28.407987
192_128,s4.658787,s-0.076352,s227.571118
192_129,s-2.742484,s4.709778,s-26.887916
192_130,s-1.257362,s4.894010,s45.497547
192_131,s4.731362,s-2.078476,s233.380374
192_132,s-0.035965,s5.126645,s268.769812
192_133,s-4.017373,s2.836877,s20.365618
192_134,s-4.815970,s2.071310,s45.396884
192_135,s1.785270,s-5.030459,s141.591424
192_136,s4.477406,s3.854134,s-34.540396
192_137,s-1.121124,s-5.710809,s108.989414
192_138,s5.550306,s-1.377412,s167.564216
192_139,s4.047722,s-3.123863,s261.642114
192_140,s0.185545,s-5.620337,s128.782151
192_141,s4.760973,s2.952504,s352.975718
192_142,s-3.615360,s3.445906,s47.108775
192_143,s5.299639,s-0.021724,s322.192976
192_144,s-2.144888,s-5.165410,s230.861264
192_145,s-3.654327,s-4.226941,s223.338513
192_146,s-4.904703,s-3.164383,s305.110498
192_147,s2.869257,s-4.253676,s81.852366
192_148,s-5.509284,s-2.705381,s100.022147
192_149,s-5.634717,s0.360783,s29.168658
192_150,s3.109187,s4.595049,s239.772100
192_151,s-4.906844,s-0.445553,s78.105265
192_152,s-5.712745,s-2.189017,s37.638569
192_153,s-0.915576,s5.797040,s308.121076
192_154,s1.102566,s5.840735,s259.106709
192_155,s5.413858,s-0.532673,s224.629819
192_156,s5.477417,s0.941074,s296.524128
192_157,s-3.731423,s-4.828196,s160.621579
192_158,s-5.477611,s1.752017,s93.518549
192_159,s4.760542,s-3.811338,s279.071583
192_160,s-3.844480,s4.405656,s339.504453
192_161,s-4.733934,s3.122019,s61.840169
192_162,s-5.582774,s-1.385487,s55.122952
192_163,s-6.110565,s-0.414264,s26.620831
192_164,s-2.872058,s5.401173,s89.016373
192_165,s5.601977,s-2.524048,s195.733261
192_166,s0.148581,s5.760748,s10.095050
192_167,s2.645664,s-4.833277,s148.956109
192_168,s4.052888,s5.046256,s37.732018
192_169,s4.826758,s2.347814,s314.313494
192_170,s-5.886530,s2.177670,s57.187625
192_171,s-2.948106,s-5.372579,s211.720590
192_172,s2.054179,s-5.521435,s163.540654
192_173,s6.105270,s-0.513685,s197.291958
192_174,s6.291763,s0.084205,s40.364837
192_175,s3.800934,s-4.781603,s205.887613
192_176,s-4.486427,s3.568570,s12.296348
192_177,s-5.353130,s3.057508,s117.733161
192_178,s-2.090191,s5.364970,s328.530494
192_179,s5.191443,s3.549206,s286.881655
192_180,s2.645091,s5.654589,s24.006986
192_181,s-6.208370,s0.692024,s59.005703
192_182,s5.839026,s-1.972104,s269.068937
192_183,s5.382489,s2.050953,s289.018782
192_184,s-0.847209,s-6.335915,s276.748289
192_185,s0.379705,s6.349364,s255.872936
192_186,s-4.474151,s-3.619018,s124.924137
192_187,s0.657101,s-5.803748,s299.268233
192_188,s1.778968,s6.022763,s341.621039
192_189,s4.421853,s-4.388635,s223.324869
192_190,s5.978537,s1.716245,s335.250180
192_191,s-3.363999,s-5.491549,s148.797473
193_0,s-0.531989,s0.009968,s318.600682
193_1,s-0.015478,s-0.680986,s53.511209
193_2,s0.391444,s-0.660827,s250.059783
193_3,s-0.507874,s0.868659,s-35.407562
193_4,s0.249141,s0.331192,s267.530373
193_5,s1.291418,s0.899981,s106.734536
193_6,s-0.930705,s-0.341845,s0.458109
193_7,s1.193019,s-1.185142,s217.321579
193_8,s-1.065855,s-0.704751,s110.587585
193_9,s0.708365,s-1.434192,s127.708302
193_10,s0.215663,s1.409250,s228.813671
193_11,s-1.169009,s0.472712,s9.505962
193_12,s1.633407,s-0.039299,s358.951620
193_13,s1.524973,s1.322823,s64.622693
193_14,s-1.820996,s0.551543,s139.869915
193_15,s-1.361615,s1.546185,s115.559541
193_16,s-0.591758,s2.465134,s103.625167
193_17,s0.087067,s-1.298424,s165.642046
193_18,s-2.365523,s-0.224822,s206.372854
193_19,s1.396465,s-0.462887,s76.234256
193_20,s-2.360853,s0.955246,s-13.984062
193_21,s-0.574611,s1.462571,s12.229907
193_22,s-0.688717,s-1.175299,s113.433814
193_23,s2.167001,s0.269319,s325.339143
193_24,s1.616634,s1.776407,s300.000393
193_25,s-0.432156,s-2.076217,s226.978530
193_26,s2.308940,s-0.294741,s190.932938
193_27,s1.481640,s-2.265736,s168.318117
193_28,s-1.201288,s2.739814,s27.589421
193_29,s-2.179042,s-1.865842,s80.419514
193_30,s0.774503,s2.001076,s74.569458
193_31,s0.733754,s-2.313550,s69.337486
193_32,s1.525567,s2.238962,s55.582273
193_33,s1.961365,s-2.101616,s246.526754
193_34,s0.947113,s-3.222429,s112.629900
193_35,s-1.040188,s-1.890996,s169.352221
193_36,s-2.916376,s0.423818,s184.883731
193_37,s-2.130779,s-1.334504,s42.595731
193_38,s-2.586093,s2.475859,s56.634235
193_39,s1.840639,s-0.775553,s238.575877
193_40,s-1.650092,s2.192689,s1.987742
193_41,s0.719025,s2.720289,s28.427876
193_42,s-2.876849,s-2.354634,s147.682288
193_43,s-2.756958,s-1.198258,s87.004741
193_44,s0.083365,s2.679413,s-0.773399
193_45,s1.621468,s2.977500,s65.070114
193_46,s2.110519,s0.919622,s345.852185
193_47,s2.789101,s-0.578539,s226.265006
193_48,s-0.472413,s-2.828945,s247.989666
193_49,s-2.877529,s1.192375,s65.192802
193_50,s2.251466,s-2.818824,s151.935580
193_51,s2.023328,s2.850407,s258.018235
193_52,s2.717531,s1.123629,s284.226056
193_53,s-1.431215,s-2.838979,s56.793164
193_54,s2.933261,s0.378212,s328.873983
193_55,s2.842452,s-2.460605,s218.135477
193_56,s-3.218723,s-0.289147,s113.598681
193_57,s-2.258595,s3.135071,s314.530760
193_58,s0.187932,s-3.734815,s209.946904
193_59,s3.185791,s1.880940,s238.944056
193_60,s-1.048841,s-3.506057,s157.090604
193_61,s0.775336,s-3.934604,s272.268936
193_62,s2.939116,s-1.321285,s267.602805
193_63,s-3.093774,s-1.693712,s132.458907
193_64,s-0.098243,s3.822674,s264.739457
193_65,s-2.746092,s-3.172552,s299.457985
193_66,s-0.807782,s3.522005,s220.206312
193_67,s3.745517,s0.733163,s376.125173
193_68,s-3.679386,s0.354943,s169.961061
193_69,s-3.542762,s2.916071,s317.859800
193_70,s-4.298067,s0.560059,s129.629134
193_71,s1.764418,s-4.466077,s220.234273
193_72,s2.254242,s3.517886,s374.235541
193_73,s-0.309398,s-3.798966,s114.620458
193_74,s3.744747,s-1.001218,s216.086562
193_75,s3.483475,s-0.557397,s351.895757
193_76,s-3.931365,s-0.869639,s94.878833
193_77,s1.107356,s3.856779,s333.681778
193_78,s2.734332,s-3.575351,s253.030910
193_79,s2.835751,s2.429817,s162.274686
193_80,s3.006854,s-1.983715,s297.608133
193_81,s-1.657812,s-3.622843,s177.681394
193_82,s-1.433583,s3.927519,s11.159176
193_83,s-2.468277,s3.789261,s4.950131
193_84,s4.039645,s1.757416,s250.694906
193_85,s-2.151971,s-3.688932,s154.397469
193_86,s-3.788819,s2.059792,s83.507388
193_87,s-4.164527,s-1.588867,s97.615387
193_88,s3.836076,s0.251104,s263.069330
193_89,s3.086489,s3.892281,s282.075706
193_90,s-4.049022,s1.005880,s324.986969
193_91,s1.179849,s-4.977486,s342.169379
193_92,s-4.246969,s-0.159439,s146.312008
193_93,s3.665327,s2.910349,s303.058973
193_94,s4.114775,s-0.644088,s282.004479
193_95,s-0.911709,s-4.672785,s215.910761
193_96,s0.706989,s4.497993,s126.829551
193_97,s-4.192069,s-2.207329,s126.595034
193_98,s-2.134175,s4.361829,s337.638361
193_99,s-2.180188,s-4.641942,s93.040686
193_100,s3.889640,s-2.163859,s299.216786
193_101,s4.275800,s1.210927,s182.536657
193_102,s3.103493,s3.103879,s189.407496
193_103,s-0.770692,s3.990113,s47.627098
193_104,s3.403865,s-2.425582,s245.614251
193_105,s-3.623882,s-2.443953,s140.175171
193_106,s1.696108,s4.802370,s189.544326
193_107,s-0.081926,s-4.226810,s161.224718
193_108,s-3.286106,s3.714156,s-4.192517
193_109,s4.576755,s-1.389131,s346.833928
193_110,s0.209165,s-4.828119,s238.613274
193_111,s3.381231,s-3.322085,s236.149698
193_112,s-4.503206,s1.740311,s165.728000
193_113,s4.782222,s0.360626,s357.564646
193_114,s4.001322,s2.206063,s326.678789
193_115,s-1.749041,s-4.652836,s214.943054
193_116,s1.098290,s4.924204,s298.532711
193_117,s4.391359,s-2.617398,s261.248576
193_118,s-5.026191,s-1.099290,s178.073371
193_119,s2.343024,s4.939099,s12.675144
193_120,s3.589270,s-4.100116,s226.983250
193_121,s-4.909631,s0.872290,s166.352612
193_122,s3.876545,s3.587897,s261.663746
193_123,s-2.798614,s-3.737991,s167.581662
193_124,s-0.356429,s4.710164,s40.043337
193_125,s-4.257116,s-4.179551,s149.691142
193_126,s-5.026836,s1.431159,s125.161871
193_127,s5.280439,s1.509118,s28.407987
193_128,s4.658787,s-0.076352,s227.571118
193_129,s-2.742484,s4.709778,s-26.887916
193_130,s-1.257362,s4.894010,s45.497547
193_131,s4.731362,s-2.078476,s233.380374
193_132,s-0.035965,s5.126645,s268.769812
193_133,s-4.017373,s2.836877,s20.365618
193_134,s-4.815970,s2.071310,s45.396884
193_135,s1.785270,s-5.030459,s141.591424
193_136,s4.477406,s3.854134,s-34.540396
193_137,s-1.121124,s-5.710809,s108.989414
193_138,s5.550306,s-1.377412,s167.564216
193_139,s4.047722,s-3.123863,s261.642114
193_140,s0.185545,s-5.620337,s128.782151
193_141,s4.760973,s2.952504,s352.975718
193_142,s-3.615360,s3.445906,s47.108775
193_143,s5.299639,s-0.021724,s322.192976
193_144,s-2.144888,s-5.165410,s230.861264
193_145,s-3.654327,s-4.226941,s223.338513
193_146,s-4.904703,s-3.164383,s305.110498
193_147,s2.869257,s-4.253676,s81.852366
193_148,s-5.509284,s-2.705381,s100.022147
193_149,s-5.634717,s0.360783,s29.168658
193_150,s3.109187,s4.595049,s239.772100
193_151,s-4.906844,s-0.445553,s78.105265
193_152,s-5.712745,s-2.189017,s37.638569
193_153,s-0.915576,s5.797040,s308.121076
193_154,s1.102566,s5.840735,s259.106709
193_155,s5.413858,s-0.532673,s224.629819
193_156,s5.477417,s0.941074,s296.524128
193_157,s-3.731423,s-4.828196,s160.621579
193_158,s-5.477611,s1.752017,s93.518549
193_159,s4.760542,s-3.811338,s279.071583
193_160,s-3.844480,s4.405656,s339.504453
193_161,s-4.733934,s3.122019,s61.840169
193_162,s-5.582774,s-1.385487,s55.122952
193_163,s-6.110565,s-0.414264,s26.620831
193_164,s-2.872058,s5.401173,s89.016373
193_165,s5.601977,s-2.524048,s195.733261
193_166,s0.148581,s5.760748,s10.095050
193_167,s2.645664,s-4.833277,s148.956109
193_168,s4.052888,s5.046256,s37.732018
193_169,s4.826758,s2.347814,s314.313494
193_170,s-5.886530,s2.177670,s57.187625
193_171,s-2.948106,s-5.372579,s211.720590
193_172,s2.054179,s-5.521435,s163.540654
193_173,s6.105270,s-0.513685,s197.291958
193_174,s6.291763,s0.084205,s40.364837
193_175,s3.800934,s-4.781603,s205.887613
193_176,s-4.486427,s3.568570,s12.296348
193_177,s-5.353130,s3.057508,s117.733161
193_178,s-2.090191,s5.364970,s328.530494
193_179,s5.191443,s3.549206,s286.881655
193_180,s2.645091,s5.654589,s24.006986
193_181,s-6.208370,s0.692024,s59.005703
193_182,s5.839026,s-1.972104,s269.068937
193_183,s5.382489,s2.050953,s289.018782
193_184,s-0.847209,s-6.335915,s276.748289
193_185,s0.379705,s6.349364,s255.872936
193_186,s-4.474151,s-3.619018,s124.924137
193_187,s0.657101,s-5.803748,s299.268233
193_188,s1.778968,s6.022763,s341.621039
193_189,s4.421853,s-4.388635,s223.324869
193_190,s5.978537,s1.716245,s335.250180
193_191,s-3.363999,s-5.491549,s148.797473
193_192,s-1.204171,s6.194035,s73.016019
194_0,s-0.484303,s0.070116,s313.223594
194_1,s-0.015478,s-0.680986,s53.511209
194_2,s0.471508,s-0.704674,s244.131385
194_3,s-0.507874,s0.868659,s-35.407562
194_4,s0.249141,s0.331192,s267.530373
194_5,s1.291418,s0.899981,s106.734536
194_6,s-0.930705,s-0.341845,s0.458109
194_7,s1.305506,s-1.243261,s218.234037
194_8,s-1.065855,s-0.704751,s110.587585
194_9,s0.708365,s-1.434192,s127.708302
194_10,s0.355033,s1.364764,s249.436797
194_11,s-1.169009,s0.472712,s9.505962
194_12,s1.633407,s-0.039299,s358.951620
194_13,s1.524973,s1.322823,s64.622693
194_14,s-1.861875,s0.573373,s133.038287
194_15,s-1.361615,s1.546185,s115.559541
194_16,s-0.591758,s2.465134,s103.625167
194_17,s0.087067,s-1.298424,s165.642046
194_18,s-2.181608,s-0.308922,s207.485724
194_19,s1.396465,s-0.462887,s76.234256
194_20,s-2.360853,s0.955246,s-13.984062
194_21,s-0.574611,s1.462571,s12.229907
194_22,s-0.688717,s-1.175299,s113.433814
194_23,s2.167001,s0.269319,s325.339143
194_24,s1.616634,s1.776407,s300.000393
194_25,s-0.432156,s-2.076217,s226.978530
194_26,s2.315239,s-0.163506,s187.264217
194_27,s1.481640,s-2.265736,s168.318117
194_28,s-1.201288,s2.739814,s27.589421
194_29,s-2.179042,s-1.865842,s80.419514
194_30,s0.774503,s2.001076,s74.569458
194_31,s0.733754,s-2.313550,s69.337486
194_32,s1.525567,s2.238962,s55.582273
194_33,s1.961365,s-2.101616,s246.526754
194_34,s0.947113,s-3.222429,s112.629900
194_35,s-1.040188,s-1.890996,s169.352221
194_36,s-2.916376,s0.423818,s184.883731
194_37,s-2.130779,s-1.334504,s42.595731
194_38,s-2.586093,s2.475859,s56.634235
194_39,s1.841873,s-0.751069,s240.491885
194_40,s-1.650092,s2.192689,s1.987742
194_41,s0.719025,s2.720289,s28.427876
194_42,s-2.711328,s-2.257490,s145.672433
194_43,s-2.756958,s-1.198258,s87.004741
194_44,s0.083365,s2.679413,s-0.773399
194_45,s1.586934,s3.131146,s59.334601
194_46,s1.958440,s0.855948,s325.612671
194_47,s2.789101,s-0.578539,s226.265006
194_48,s-0.586975,s-2.861174,s249.103136
194_49,s-2.877529,s1.192375,s65.192802
194_50,s2.119642,s-2.948738,s169.962809
194_51,s2.045106,s2.859753,s254.706996
194_52,s2.644834,s1.255504,s280.024079
194_53,s-1.431215,s-2.838979,s56.793164
194_54,s2.933261,s0.378212,s328.873983
194_55,s2.842452,s-2.460605,s218.135477
194_56,s-3.218723,s-0.289147,s113.598681
194_57,s-2.258595,s3.135071,s314.530760
194_58,s0.187932,s-3.734815,s209.946904
194_59,s3.185791,s1.880940,s238.944056
194_60,s-1.048841,s-3.506057,s157.090604
194_61,s0.775336,s-3.934604,s272.268936
194_62,s2.939116,s-1.321285,s267.602805
194_63,s-3.093774,s-1.693712,s132.458907
194_64,s-0.024602,s3.720210,s263.838375
194_65,s-2.885614,s-3.188724,s299.332521
194_66,s-0.772700,s3.566409,s219.905240
194_67,s3.745517,s0.733163,s376.125173
194_68,s-3.679386,s0.354943,s169.961061
194_69,s-3.542762,s2.916071,s317.859800
194_70,s-4.298067,s0.560059,s129.629134
194_71,s1.764418,s-4.466077,s220.234273
194_72,s2.329472,s3.514131,s372.978497
194_73,s-0.309398,s-3.798966,s114.620458
194_74,s3.744747,s-1.001218,s216.086562
194_75,s3.483475,s-0.557397,s351.895757
194_76,s-3.931365,s-0.869639,s94.878833
194_77,s1.042527,s3.837837,s330.490523
194_78,s2.574860,s-3.581659,s253.730732
194_79,s2.835751,s2.429817,s162.274686
194_80,s3.006854,s-1.983715,s297.608133
194_81,s-1.657812,s-3.622843,s177.681394
194_82,s-1.554493,s3.861804,s2.490537
194_83,s-2.468277,s3.789261,s4.950131
194_84,s4.039645,s1.757416,s250.694906
194_85,s-2.151971,s-3.688932,s154.397469
194_86,s-3.788819,s2.059792,s83.507388
194_87,s-4.071273,s-1.566278,s102.091586
194_88,s3.836076,s0.251104,s263.069330
194_89,s3.026210,s3.898076,s283.608171
194_90,s-3.991977,s0.924933,s333.408553
194_91,s1.179849,s-4.977486,s342.169379
194_92,s-4.246969,s-0.159439,s146.312008
194_93,s3.665327,s2.910349,s303.058973
194_94,s4.114775,s-0.644088,s282.004479
194_95,s-0.911709,s-4.672785,s215.910761
194_96,s0.706989,s4.497993,s126.829551
194_97,s-4.227824,s-2.138928,s109.003132
194_98,s-2.037684,s4.412518,s339.454404
194_99,s-2.180188,s-4.641942,s93.040686
194_100,s3.889640,s-2.163859,s299.216786
194_101,s4.275800,s1.210927,s182.536657
194_102,s3.131504,s3.147654,s197.191176
194_103,s-0.770692,s3.990113,s47.627098
194_104,s3.403865,s-2.425582,s245.614251
194_105,s-3.623882,s-2.443953,s140.175171
194_106,s1.827782,s4.777955,s191.491834
194_107,s-0.081926,s-4.226810,s161.224718
194_108,s-3.286106,s3.714156,s-4.192517
194_109,s4.791583,s-1.496103,s351.217589
194_110,s0.293693,s-4.834438,s235.045372
194_111,s3.465878,s-3.317125,s237.526376
194_112,s-4.503206,s1.740311,s165.728000
194_113,s4.782222,s0.360626,s357.564646
194_114,s4.001322,s2.206063,s326.678789
194_115,s-1.715528,s-4.681267,s194.265559
194_116,s1.098290,s4.924204,s298.532711
194_117,s4.391359,s-2.617398,s261.248576
194_118,s-5.026191,s-1.099290,s178.073371
194_119,s2.343024,s4.939099,s12.675144
194_120,s3.589270,s-4.100116,s226.983250
194_121,s-4.980937,s0.792298,s163.493309
194_122,s3.862064,s3.615120,s267.566784
194_123,s-2.938750,s-3.889657,s162.464247
194_124,s-0.430575,s4.670405,s37.957774
194_125,s-4.257116,s-4.179551,s149.691142
194_126,s-4.937356,s1.290700,s118.063564
194_127,s5.280439,s1.509118,s28.407987
194_128,s4.658787,s-0.076352,s227.571118
194_129,s-2.742484,s4.709778,s-26.887916
194_130,s-1.257362,s4.894010,s45.497547
194_131,s4.731362,s-2.078476,s233.380374
194_132,s-0.035965,s5.126645,s268.769812
194_133,s-4.017373,s2.836877,s20.365618
194_134,s-4.853466,s2.218440,s48.033473
194_135,s1.785270,s-5.030459,s141.591424
194_136,s4.507720,s4.031787,s-36.320671
194_137,s-1.121124,s-5.710809,s108.989414
194_138,s5.438802,s-1.636072,s170.833471
194_139,s4.047722,s-3.123863,s261.642114
194_140,s0.185545,s-5.620337,s128.782151
194_141,s4.760973,s2.952504,s352.975718
194_142,s-3.615360,s3.445906,s47.108775
194_143,s5.303441,s-0.048390,s321.817284
194_144,s-2.144888,s-5.165410,s230.861264
194_145,s-3.708168,s-4.242166,s219.646913
194_146,s-4.924339,s-3.099360,s302.085813
194_147,s2.869257,s-4.253676,s81.852366
194_148,s-5.462612,s-2.722155,s102.663383
194_149,s-5.497174,s0.434350,s36.195814
194_150,s3.109187,s4.595049,s239.772100
194_151,s-4.859702,s-0.349005,s77.570689
194_152,s-5.712745,s-2.189017,s37.638569
194_153,s-0.915576,s5.797040,s308.121076
194_154,s1.102566,s5.840735,s259.106709
194_155,s5.413858,s-0.532673,s224.629819
194_156,s5.477417,s0.941074,s296.524128
194_157,s-3.731423,s-4.828196,s160.621579
194_158,s-5.494361,s1.638405,s94.092727
194_159,s4.760542,s-3.811338,s279.071583
194_160,s-3.844480,s4.405656,s339.504453
194_161,s-4.731185,s3.160734,s56.707129
194_162,s-5.582774,s-1.385487,s55.122952
194_163,s-6.110565,s-0.414264,s26.620831
194_164,s-3.057975,s5.447112,s85.238107
194_165,s5.601977,s-2.524048,s195.733261
194_166,s0.148581,s5.760748,s10.095050
194_167,s2.645664,s-4.833277,s148.956109
194_168,s4.023456,s5.064344,s30.172826
194_169,s4.826758,s2.347814,s314.313494
194_170,s-5.886530,s2.177670,s57.187625
194_171,s-2.948106,s-5.372579,s211.720590
194_172,s2.054179,s-5.521435,s163.540654
194_173,s6.105270,s-0.513685,s197.291958
194_174,s6.291763,s0.084205,s40.364837
194_175,s3.800934,s-4.781603,s205.887613
194_176,s-4.486427,s3.568570,s12.296348
194_177,s-5.353130,s3.057508,s117.733161
194_178,s-2.090191,s5.364970,s328.530494
194_179,s5.191443,s3.549206,s286.881655
194_180,s2.645091,s5.654589,s24.006986
194_181,s-6.161689,s0.666484,s66.880219
194_182,s5.834139,s-1.908195,s271.895935
194_183,s5.382489,s2.050953,s289.018782
194_184,s-0.847209,s-6.335915,s276.748289
194_185,s0.379705,s6.349364,s255.872936
194_186,s-4.474151,s-3.619018,s124.924137
194_187,s0.657101,s-5.803748,s299.268233
194_188,s1.778968,s6.022763,s341.621039
194_189,s4.421853,s-4.388635,s223.324869
194_190,s5.978537,s1.716245,s335.250180
194_191,s-3.363999,s-5.491549,s148.797473
194_192,s-1.148050,s6.291869,s69.943390
194_193,s-4.890491,s4.018955,s57.182541
195_0,s-0.484303,s0.070116,s313.223594
195_1,s-0.015478,s-0.680986,s53.511209
195_2,s0.471508,s-0.704674,s244.131385
195_3,s-0.571167,s0.856429,s-31.039410
195_4,s0.411221,s0.068389,s256.190463
195_5,s1.291418,s0.899981,s106.734536
195_6,s-0.930705,s-0.341845,s0.458109
195_7,s1.305506,s-1.243261,s218.234037
195_8,s-1.065855,s-0.704751,s110.587585
195_9,s0.708365,s-1.434192,s127.708302
195_10,s0.285584,s1.446628,s254.143250
195_11,s-1.169009,s0.472712,s9.505962
195_12,s1.633407,s-0.039299,s358.951620
195_13,s1.524973,s1.322823,s64.622693
195_14,s-1.843363,s0.558650,s130.589916
195_15,s-1.361615,s1.546185,s115.559541
195_16,s-0.591758,s2.465134,s103.625167
195_17,s0.064273,s-1.290260,s163.509514
195_18,s-2.249314,s-0.408415,s211.026512
195_19,s1.396465,s-0.462887,s76.234256
195_20,s-2.360853,s0.955246,s-13.984062
195_21,s-0.574611,s1.462571,s12.229907
195_22,s-0.688717,s-1.175299,s113.433814
195_23,s2.167001,s0.269319,s325.339143
195_24,s1.616634,s1.776407,s300.000393
195_25,s-0.433454,s-2.208181,s241.717663
195_26,s2.315239,s-0.163506,s187.264217
195_27,s1.481640,s-2.265736,s168.318117
195_28,s-1.201288,s2.739814,s27.589421
195_29,s-2.179042,s-1.865842,s80.419514
195_30,s0.609832,s2.084291,s77.684303
195_31,s0.733754,s-2.313550,s69.337486
195_32,s1.525256,s2.266451,s59.849443
195_33,s1.961365,s-2.101616,s246.526754
195_34,s0.947113,s-3.222429,s112.629900
195_35,s-0.968980,s-1.954092,s178.701985
195_36,s-2.723092,s0.449267,s187.415957
195_37,s-2.130779,s-1.334504,s42.595731
195_38,s-2.586093,s2.475859,s56.634235
195_39,s1.851843,s-0.816782,s242.398893
195_40,s-1.814271,s2.420017,s4.454732
195_41,s0.719025,s2.720289,s28.427876
195_42,s-2.723749,s-2.260920,s138.292373
195_43,s-2.756958,s-1.198258,s87.004741
195_44,s0.083365,s2.679413,s-0.773399
195_45,s1.665885,s3.102912,s57.757974
195_46,s1.958440,s0.855948,s325.612671
195_47,s2.849761,s-0.566359,s233.953499
195_48,s-0.586975,s-2.861174,s249.103136
195_49,s-2.877529,s1.192375,s65.192802
195_50,s2.019711,s-2.978833,s163.627344
195_51,s2.045106,s2.859753,s254.706996
195_52,s2.644834,s1.255504,s280.024079
195_53,s-1.441367,s-2.947800,s64.875830
195_54,s2.933261,s0.378212,s328.873983
195_55,s2.884931,s-2.483487,s222.225859
195_56,s-3.218723,s-0.289147,s113.598681
195_57,s-2.456798,s3.243773,s316.648750
195_58,s0.187932,s-3.734815,s209.946904
195_59,s3.150344,s1.954972,s243.349473
195_60,s-1.048841,s-3.506057,s157.090604
195_61,s0.918122,s-3.994958,s267.045893
195_62,s2.939116,s-1.321285,s267.602805
195_63,s-3.034591,s-1.672676,s125.169233
195_64,s-0.024602,s3.720210,s263.838375
195_65,s-2.885614,s-3.188724,s299.332521
195_66,s-0.772700,s3.566409,s219.905240
195_67,s3.629632,s0.774028,s371.778374
195_68,s-3.679386,s0.354943,s169.961061
195_69,s-3.542762,s2.916071,s317.859800
195_70,s-4.298067,s0.560059,s129.629134
195_71,s1.764418,s-4.466077,s220.234273
195_72,s2.476431,s3.444296,s365.995817
195_73,s-0.309398,s-3.798966,s114.620458
195_74,s3.744747,s-1.001218,s216.086562
195_75,s3.483475,s-0.557397,s351.895757
195_76,s-3.980981,s-0.925901,s96.544943
195_77,s0.970085,s3.807524,s332.681896
195_78,s2.561836,s-3.610646,s246.868707
195_79,s2.835751,s2.429817,s162.274686
195_80,s3.027265,s-1.950476,s302.100325
195_81,s-1.657812,s-3.622843,s177.681394
195_82,s-1.554493,s3.861804,s2.490537
195_83,s-2.575090,s3.884015,s4.396881
195_84,s4.039645,s1.757416,s250.694906
195_85,s-2.270272,s-3.669494,s156.641347
195_86,s-3.962186,s2.123944,s74.661025
195_87,s-4.071273,s-1.566278,s102.091586
195_88,s3.836076,s0.251104,s263.069330
195_89,s2.968903,s3.806270,s293.259551
195_90,s-3.991977,s0.924933,s333.408553
195_91,s1.179849,s-4.977486,s342.169379
195_92,s-4.246969,s-0.159439,s146.312008
195_93,s3.665327,s2.910349,s303.058973
195_94,s4.114775,s-0.644088,s282.004479
195_95,s-1.068663,s-4.542312,s215.067542
195_96,s0.706989,s4.497993,s126.829551
195_97,s-4.227824,s-2.138928,s109.003132
195_98,s-2.037684,s4.412518,s339.454404
195_99,s-2.180188,s-4.641942,s93.040686
195_100,s3.932842,s-2.216795,s302.492536
195_101,s4.247809,s1.149755,s181.310023
195_102,s3.160695,s3.192886,s202.347737
195_103,s-0.822752,s3.969661,s37.345262
195_104,s3.403865,s-2.425582,s245.614251
195_105,s-3.645518,s-2.445042,s142.942992
195_106,s1.827782,s4.777955,s191.491834
195_107,s0.063525,s-4.301060,s149.364556
195_108,s-3.286106,s3.714156,s-4.192517
195_109,s4.754954,s-1.667260,s335.782562
195_110,s0.227486,s-4.867392,s238.866197
195_111,s3.465878,s-3.317125,s237.526376
195_112,s-4.427414,s1.810185,s161.452495
195_113,s4.782222,s0.360626,s357.564646
195_114,s4.001322,s2.206063,s326.678789
195_115,s-1.693089,s-4.705968,s187.360194
195_116,s1.257423,s4.880211,s301.284052
195_117,s4.391359,s-2.617398,s261.248576
195_118,s-5.026191,s-1.099290,s178.073371
195_119,s2.343024,s4.939099,s12.675144
195_120,s3.623304,s-3.997880,s219.198995
195_121,s-4.980937,s0.792298,s163.493309
195_122,s3.847875,s3.605525,s269.485763
195_123,s-2.953562,s-3.798515,s158.976832
195_124,s-0.533680,s4.708939,s34.681844
195_125,s-4.257116,s-4.179551,s149.691142
195_126,s-4.937356,s1.290700,s118.063564
195_127,s5.280439,s1.509118,s28.407987
195_128,s4.658787,s-0.076352,s227.571118
195_129,s-2.766848,s4.772270,s-19.413207
195_130,s-1.257362,s4.894010,s45.497547
195_131,s4.731362,s-2.078476,s233.380374
195_132,s-0.035965,s5.126645,s268.769812
195_133,s-4.017373,s2.836877,s20.365618
195_134,s-4.853466,s2.218440,s48.033473
195_135,s1.785270,s-5.030459,s141.591424
195_136,s4.507720,s4.031787,s-36.320671
195_137,s-1.126628,s-5.723224,s118.166370
195_138,s5.438802,s-1.636072,s170.833471
195_139,s4.047722,s-3.123863,s261.642114
195_140,s0.185545,s-5.620337,s128.782151
195_141,s4.760973,s2.952504,s352.975718
195_142,s-3.615360,s3.445906,s47.108775
195_143,s5.303441,s-0.048390,s321.817284
195_144,s-2.144888,s-5.165410,s230.861264
195_145,s-3.708168,s-4.242166,s219.646913
195_146,s-5.017288,s-3.105696,s308.537231
195_147,s2.869257,s-4.253676,s81.852366
195_148,s-5.438556,s-2.699362,s91.921105
195_149,s-5.497174,s0.434350,s36.195814
195_150,s3.109187,s4.595049,s239.772100
195_151,s-4.878538,s-0.436280,s85.686669
195_152,s-5.758396,s-2.171649,s31.970390
195_153,s-0.871922,s5.730730,s302.053127
195_154,s1.102566,s5.840735,s259.106709
195_155,s5.377303,s-0.507245,s226.604440
195_156,s5.477417,s0.941074,s296.524128
195_157,s-3.731423,s-4.828196,s160.621579
195_158,s-5.494361,s1.638405,s94.092727
195_159,s4.757172,s-3.878387,s280.140117
195_160,s-3.844480,s4.405656,s339.504453
195_161,s-4.731185,s3.160734,s56.707129
195_162,s-5.493727,s-1.456949,s65.548610
195_163,s-6.165078,s-0.588137,s17.331137
195_164,s-3.057975,s5.447112,s85.238107
195_165,s5.623114,s-2.503598,s196.463489
195_166,s0.148581,s5.760748,s10.095050
195_167,s2.645664,s-4.833277,s148.956109
195_168,s4.023456,s5.064344,s30.172826
195_169,s4.826758,s2.347814,s314.313494
195_170,s-5.900427,s2.212748,s60.299569
195_171,s-2.948106,s-5.372579,s211.720590
195_172,s2.054179,s-5.521435,s163.540654
195_173,s6.105270,s-0.513685,s197.291958
195_174,s6.260384,s0.107684,s37.194846
195_175,s3.730456,s-4.847640,s199.649881
195_176,s-4.486427,s3.568570,s12.296348
195_177,s-5.353130,s3.057508,s117.733161
195_178,s-2.090191,s5.364970,s328.530494
195_179,s5.148924,s3.496386,s292.844544
195_180,s2.686714,s5.709808,s29.025955
195_181,s-6.160703,s0.752385,s64.594044
195_182,s5.834139,s-1.908195,s271.895935
195_183,s5.382489,s2.050953,s289.018782
195_184,s-0.847209,s-6.335915,s276.748289
195_185,s0.379705,s6.349364,s255.872936
195_186,s-4.474151,s-3.619018,s124.924137
195_187,s0.721160,s-5.952971,s289.440755
195_188,s1.908214,s6.023422,s338.818658
195_189,s4.531916,s-4.364255,s226.751749
195_190,s5.978537,s1.716245,s335.250180
195_191,s-3.334241,s-5.544238,s148.593459
195_192,s-1.148050,s6.291869,s69.943390
195_193,s-4.890491,s4.018955,s57.182541
195_194,s2.697649,s-5.439718,s256.710559
196_0,s-0.484303,s0.070116,s313.223594
196_1,s-0.015478,s-0.680986,s53.511209
196_2,s0.471508,s-0.704674,s244.131385
196_3,s-0.571167,s0.856429,s-31.039410
196_4,s0.411221,s0.068389,s256.190463
196_5,s1.291418,s0.899981,s106.734536
196_6,s-0.930705,s-0.341845,s0.458109
196_7,s1.305506,s-1.243261,s218.234037
196_8,s-1.065855,s-0.704751,s110.587585
196_9,s0.708365,s-1.434192,s127.708302
196_10,s0.285584,s1.446628,s254.143250
196_11,s-1.169009,s0.472712,s9.505962
196_12,s1.633407,s-0.039299,s358.951620
196_13,s1.524973,s1.322823,s64.622693
196_14,s-1.843363,s0.558650,s130.589916
196_15,s-1.361615,s1.546185,s115.559541
196_16,s-0.591758,s2.465134,s103.625167
196_17,s0.064273,s-1.290260,s163.509514
196_18,s-2.249314,s-0.408415,s211.026512
196_19,s1.396465,s-0.462887,s76.234256
196_20,s-2.360853,s0.955246,s-13.984062
196_21,s-0.574611,s1.462571,s12.229907
196_22,s-0.688717,s-1.175299,s113.433814
196_23,s2.167001,s0.269319,s325.339143
196_24,s1.616634,s1.776407,s300.000393
196_25,s-0.433454,s-2.208181,s241.717663
196_26,s2.315239,s-0.163506,s187.264217
196_27,s1.481640,s-2.265736,s168.318117
196_28,s-1.201288,s2.739814,s27.589421
196_29,s-2.179042,s-1.865842,s80.419514
196_30,s0.609832,s2.084291,s77.684303
196_31,s0.733754,s-2.313550,s69.337486
196_32,s1.525256,s2.266451,s59.849443
196_33,s1.961365,s-2.101616,s246.526754
196_34,s0.947113,s-3.222429,s112.629900
196_35,s-0.968980,s-1.954092,s178.701985
196_36,s-2.723092,s0.449267,s187.415957
196_37,s-2.130779,s-1.334504,s42.595731
196_38,s-2.586093,s2.475859,s56.634235
196_39,s1.851843,s-0.816782,s242.398893
196_40,s-1.814271,s2.420017,s4.454732
196_41,s0.719025,s2.720289,s28.427876
196_42,s-2.723749,s-2.260920,s138.292373
196_43,s-2.756958,s-1.198258,s87.004741
196_44,s0.083365,s2.679413,s-0.773399
196_45,s1.665885,s3.102912,s57.757974
196_46,s1.958440,s0.855948,s325.612671
196_47,s2.849761,s-0.566359,s233.953499
196_48,s-0.586975,s-2.861174,s249.103136
196_49,s-2.877529,s1.192375,s65.192802
196_50,s2.019711,s-2.978833,s163.627344
196_51,s2.045106,s2.859753,s254.706996
196_52,s2.644834,s1.255504,s280.024079
196_53,s-1.441367,s-2.947800,s64.875830
196_54,s2.933261,s0.378212,s328.873983
196_55,s2.884931,s-2.483487,s222.225859
196_56,s-3.218723,s-0.289147,s113.598681
196_57,s-2.456798,s3.243773,s316.648750
196_58,s0.187932,s-3.734815,s209.946904
196_59,s3.150344,s1.954972,s243.349473
196_60,s-1.048841,s-3.506057,s157.090604
196_61,s0.918122,s-3.994958,s267.045893
196_62,s2.939116,s-1.321285,s267.602805
196_63,s-3.034591,s-1.672676,s125.169233
196_64,s-0.024602,s3.720210,s263.838375
196_65,s-2.885614,s-3.188724,s299.332521
196_66,s-0.772700,s3.566409,s219.905240
196_67,s3.629632,s0.774028,s371.778374
196_68,s-3.679386,s0.354943,s169.961061
196_69,s-3.542762,s2.916071,s317.859800
196_70,s-4.298067,s0.560059,s129.629134
196_71,s1.764418,s-4.466077,s220.234273
196_72,s2.476431,s3.444296,s365.995817
196_73,s-0.309398,s-3.798966,s114.620458
196_74,s3.744747,s-1.001218,s216.086562
196_75,s3.483475,s-0.557397,s351.895757
196_76,s-3.980981,s-0.925901,s96.544943
196_77,s0.970085,s3.807524,s332.681896
196_78,s2.561836,s-3.610646,s246.868707
196_79,s2.835751,s2.429817,s162.274686
196_80,s3.027265,s-1.950476,s302.100325
196_81,s-1.657812,s-3.622843,s177.681394
196_82,s-1.554493,s3.861804,s2.490537
196_83,s-2.575090,s3.884015,s4.396881
196_84,s4.039645,s1.757416,s250.694906
196_85,s-2.270272,s-3.669494,s156.641347
196_86,s-3.962186,s2.123944,s74.661025
196_87,s-4.071273,s-1.566278,s102.091586
196_88,s3.836076,s0.251104,s263.069330
196_89,s2.968903,s3.806270,s293.259551
196_90,s-3.991977,s0.924933,s333.408553
196_91,s1.179849,s-4.977486,s342.169379
196_92,s-4.246969,s-0.159439,s146.312008
196_93,s3.665327,s2.910349,s303.058973
196_94,s4.114775,s-0.644088,s282.004479
196_95,s-1.068663,s-4.542312,s215.067542
196_96,s0.706989,s4.497993,s126.829551
196_97,s-4.227824,s-2.138928,s109.003132
196_98,s-2.037684,s4.412518,s339.454404
196_99,s-2.180188,s-4.641942,s93.040686
196_100,s3.932842,s-2.216795,s302.492536
196_101,s4.247809,s1.149755,s181.310023
196_102,s3.160695,s3.192886,s202.347737
196_103,s-0.822752,s3.969661,s37.345262
196_104,s3.403865,s-2.425582,s245.614251
196_105,s-3.645518,s-2.445042,s142.942992
196_106,s1.827782,s4.777955,s191.491834
196_107,s0.063525,s-4.301060,s149.364556
196_108,s-3.286106,s3.714156,s-4.192517
196_109,s4.754954,s-1.667260,s335.782562
196_110,s0.227486,s-4.867392,s238.866197
196_111,s3.465878,s-3.317125,s237.526376
196_112,s-4.427414,s1.810185,s161.452495
196_113,s4.782222,s0.360626,s357.564646
196_114,s4.001322,s2.206063,s326.678789
196_115,s-1.693089,s-4.705968,s187.360194
196_116,s1.257423,s4.880211,s301.284052
196_117,s4.391359,s-2.617398,s261.248576
196_118,s-5.026191,s-1.099290,s178.073371
196_119,s2.343024,s4.939099,s12.675144
196_120,s3.623304,s-3.997880,s219.198995
196_121,s-4.980937,s0.792298,s163.493309
196_122,s3.847875,s3.605525,s269.485763
196_123,s-2.953562,s-3.798515,s158.976832
196_124,s-0.533680,s4.708939,s34.681844
196_125,s-4.257116,s-4.179551,s149.691142
196_126,s-4.937356,s1.290700,s118.063564
196_127,s5.280439,s1.509118,s28.407987
196_128,s4.658787,s-0.076352,s227.571118
196_129,s-2.766848,s4.772270,s-19.413207
196_130,s-1.257362,s4.894010,s45.497547
196_131,s4.731362,s-2.078476,s233.380374
196_132,s-0.035965,s5.126645,s268.769812
196_133,s-4.017373,s2.836877,s20.365618
196_134,s-4.853466,s2.218440,s48.033473
196_135,s1.785270,s-5.030459,s141.591424
196_136,s4.507720,s4.031787,s-36.320671
196_137,s-1.126628,s-5.723224,s118.166370
196_138,s5.438802,s-1.636072,s170.833471
196_139,s4.047722,s-3.123863,s261.642114
196_140,s0.185545,s-5.620337,s128.782151
196_141,s4.760973,s2.952504,s352.975718
196_142,s-3.615360,s3.445906,s47.108775
196_143,s5.303441,s-0.048390,s321.817284
196_144,s-2.144888,s-5.165410,s230.861264
196_145,s-3.708168,s-4.242166,s219.646913
196_146,s-5.017288,s-3.105696,s308.537231
196_147,s2.869257,s-4.253676,s81.852366
196_148,s-5.438556,s-2.699362,s91.921105
196_149,s-5.497174,s0.434350,s36.195814
196_150,s3.109187,s4.595049,s239.772100
196_151,s-4.878538,s-0.436280,s85.686669
196_152,s-5.758396,s-2.171649,s31.970390
196_153,s-0.871922,s5.730730,s302.053127
196_154,s1.102566,s5.840735,s259.106709
196_155,s5.377303,s-0.507245,s226.604440
196_156,s5.477417,s0.941074,s296.524128
196_157,s-3.731423,s-4.828196,s160.621579
196_158,s-5.494361,s1.638405,s94.092727
196_159,s4.757172,s-3.878387,s280.140117
196_160,s-3.844480,s4.405656,s339.504453
196_161,s-4.731185,s3.160734,s56.707129
196_162,s-5.493727,s-1.456949,s65.548610
196_163,s-6.165078,s-0.588137,s17.331137
196_164,s-3.057975,s5.447112,s85.238107
196_165,s5.623114,s-2.503598,s196.463489
196_166,s0.148581,s5.760748,s10.095050
196_167,s2.645664,s-4.833277,s148.956109
196_168,s4.023456,s5.064344,s30.172826
196_169,s4.826758,s2.347814,s314.313494
196_170,s-5.900427,s2.212748,s60.299569
196_171,s-2.948106,s-5.372579,s211.720590
196_172,s2.054179,s-5.521435,s163.540654
196_173,s6.105270,s-0.513685,s197.291958
196_174,s6.260384,s0.107684,s37.194846
196_175,s3.730456,s-4.847640,s199.649881
196_176,s-4.486427,s3.568570,s12.296348
196_177,s-5.353130,s3.057508,s117.733161
196_178,s-2.090191,s5.364970,s328.530494
196_179,s5.148924,s3.496386,s292.844544
196_180,s2.686714,s5.709808,s29.025955
196_181,s-6.160703,s0.752385,s64.594044
196_182,s5.834139,s-1.908195,s271.895935
196_183,s5.382489,s2.050953,s289.018782
196_184,s-0.847209,s-6.335915,s276.748289
196_185,s0.379705,s6.349364,s255.872936
196_186,s-4.474151,s-3.619018,s124.924137
196_187,s0.721160,s-5.952971,s289.440755
196_188,s1.908214,s6.023422,s338.818658
196_189,s4.531916,s-4.364255,s226.751749
196_190,s5.978537,s1.716245,s335.250180
196_191,s-3.334241,s-5.544238,s148.593459
196_192,s-1.148050,s6.291869,s69.943390
196_193,s-4.890491,s4.018955,s57.182541
196_194,s2.697649,s-5.439718,s256.710559
196_195,s-3.916989,s5.073982,s13.136367
197_0,s-0.484303,s0.070116,s313.223594
197_1,s-0.015478,s-0.680986,s53.511209
197_2,s0.471508,s-0.704674,s244.131385
197_3,s-0.571167,s0.856429,s-31.039410
197_4,s0.411221,s0.068389,s256.190463
197_5,s1.291418,s0.899981,s106.734536
197_6,s-0.930705,s-0.341845,s0.458109
197_7,s1.305506,s-1.243261,s218.234037
197_8,s-1.065855,s-0.704751,s110.587585
197_9,s0.708365,s-1.434192,s127.708302
197_10,s0.285584,s1.446628,s254.143250
197_11,s-1.169009,s0.472712,s9.505962
197_12,s1.633407,s-0.039299,s358.951620
197_13,s1.524973,s1.322823,s64.622693
197_14,s-1.843363,s0.558650,s130.589916
197_15,s-1.361615,s1.546185,s115.559541
197_16,s-0.591758,s2.465134,s103.625167
197_17,s0.064273,s-1.290260,s163.509514
197_18,s-2.249314,s-0.408415,s211.026512
197_19,s1.396465,s-0.462887,s76.234256
197_20,s-2.360853,s0.955246,s-13.984062
197_21,s-0.574611,s1.462571,s12.229907
197_22,s-0.688717,s-1.175299,s113.433814
197_23,s2.167001,s0.269319,s325.339143
197_24,s1.616634,s1.776407,s300.000393
197_25,s-0.433454,s-2.208181,s241.717663
197_26,s2.315239,s-0.163506,s187.264217
197_27,s1.481640,s-2.265736,s168.318117
197_28,s-1.201288,s2.739814,s27.589421
197_29,s-2.179042,s-1.865842,s80.419514
197_30,s0.609832,s2.084291,s77.684303
197_31,s0.733754,s-2.313550,s69.337486
197_32,s1.525256,s2.266451,s59.849443
197_33,s1.961365,s-2.101616,s246.526754
197_34,s0.947113,s-3.222429,s112.629900
197_35,s-0.968980,s-1.954092,s178.701985
197_36,s-2.723092,s0.449267,s187.415957
197_37,s-2.130779,s-1.334504,s42.595731
197_38,s-2.586093,s2.475859,s56.634235
197_39,s1.851843,s-0.816782,s242.398893
197_40,s-1.814271,s2.420017,s4.454732
197_41,s0.719025,s2.720289,s28.427876
197_42,s-2.723749,s-2.260920,s138.292373
197_43,s-2.756958,s-1.198258,s87.004741
197_44,s0.083365,s2.679413,s-0.773399
197_45,s1.665885,s3.102912,s57.757974
197_46,s1.958440,s0.855948,s325.612671
197_47,s2.849761,s-0.566359,s233.953499
197_48,s-0.586975,s-2.861174,s249.103136
197_49,s-2.877529,s1.192375,s65.192802
197_50,s2.019711,s-2.978833,s163.627344
197_51,s2.045106,s2.859753,s254.706996
197_52,s2.644834,s1.255504,s280.024079
197_53,s-1.441367,s-2.947800,s64.875830
197_54,s2.933261,s0.378212,s328.873983
197_55,s2.884931,s-2.483487,s222.225859
197_56,s-3.218723,s-0.289147,s113.598681
197_57,s-2.456798,s3.243773,s316.648750
197_58,s0.187932,s-3.734815,s209.946904
197_59,s3.150344,s1.954972,s243.349473
197_60,s-1.048841,s-3.506057,s157.090604
197_61,s0.918122,s-3.994958,s267.045893
197_62,s2.939116,s-1.321285,s267.602805
197_63,s-3.034591,s-1.672676,s125.169233
197_64,s-0.024602,s3.720210,s263.838375
197_65,s-2.885614,s-3.188724,s299.332521
197_66,s-0.772700,s3.566409,s219.905240
197_67,s3.629632,s0.774028,s371.778374
197_68,s-3.679386,s0.354943,s169.961061
197_69,s-3.542762,s2.916071,s317.859800
197_70,s-4.298067,s0.560059,s129.629134
197_71,s1.764418,s-4.466077,s220.234273
197_72,s2.476431,s3.444296,s365.995817
197_73,s-0.309398,s-3.798966,s114.620458
197_74,s3.744747,s-1.001218,s216.086562
197_75,s3.483475,s-0.557397,s351.895757
197_76,s-3.980981,s-0.925901,s96.544943
197_77,s0.970085,s3.807524,s332.681896
197_78,s2.561836,s-3.610646,s246.868707
197_79,s2.835751,s2.429817,s162.274686
197_80,s3.027265,s-1.950476,s302.100325
197_81,s-1.657812,s-3.622843,s177.681394
197_82,s-1.554493,s3.861804,s2.490537
197_83,s-2.575090,s3.884015,s4.396881
197_84,s4.039645,s1.757416,s250.694906
197_85,s-2.270272,s-3.669494,s156.641347
197_86,s-3.962186,s2.123944,s74.661025
197_87,s-4.071273,s-1.566278,s102.091586
197_88,s3.836076,s0.251104,s263.069330
197_89,s2.968903,s3.806270,s293.259551
197_90,s-3.991977,s0.924933,s333.408553
197_91,s1.179849,s-4.977486,s342.169379
197_92,s-4.246969,s-0.159439,s146.312008
197_93,s3.665327,s2.910349,s303.058973
197_94,s4.114775,s-0.644088,s282.004479
197_95,s-1.068663,s-4.542312,s215.067542
197_96,s0.706989,s4.497993,s126.829551
197_97,s-4.227824,s-2.138928,s109.003132
197_98,s-2.037684,s4.412518,s339.454404
197_99,s-2.180188,s-4.641942,s93.040686
197_100,s3.932842,s-2.216795,s302.492536
197_101,s4.247809,s1.149755,s181.310023
197_102,s3.160695,s3.192886,s202.347737
197_103,s-0.822752,s3.969661,s37.345262
197_104,s3.403865,s-2.425582,s245.614251
197_105,s-3.645518,s-2.445042,s142.942992
197_106,s1.827782,s4.777955,s191.491834
197_107,s0.063525,s-4.301060,s149.364556
197_108,s-3.286106,s3.714156,s-4.192517
197_109,s4.754954,s-1.667260,s335.782562
197_110,s0.227486,s-4.867392,s238.866197
197_111,s3.465878,s-3.317125,s237.526376
197_112,s-4.427414,s1.810185,s161.452495
197_113,s4.782222,s0.360626,s357.564646
197_114,s4.001322,s2.206063,s326.678789
197_115,s-1.693089,s-4.705968,s187.360194
197_116,s1.257423,s4.880211,s301.284052
197_117,s4.391359,s-2.617398,s261.248576
197_118,s-5.026191,s-1.099290,s178.073371
197_119,s2.343024,s4.939099,s12.675144
197_120,s3.623304,s-3.997880,s219.198995
197_121,s-4.980937,s0.792298,s163.493309
197_122,s3.847875,s3.605525,s269.485763
197_123,s-2.953562,s-3.798515,s158.976832
197_124,s-0.533680,s4.708939,s34.681844
197_125,s-4.257116,s-4.179551,s149.691142
197_126,s-4.937356,s1.290700,s118.063564
197_127,s5.280439,s1.509118,s28.407987
197_128,s4.658787,s-0.076352,s227.571118
197_129,s-2.766848,s4.772270,s-19.413207
197_130,s-1.257362,s4.894010,s45.497547
197_131,s4.731362,s-2.078476,s233.380374
197_132,s-0.035965,s5.126645,s268.769812
197_133,s-4.017373,s2.836877,s20.365618
197_134,s-4.853466,s2.218440,s48.033473
197_135,s1.785270,s-5.030459,s141.591424
197_136,s4.507720,s4.031787,s-36.320671
197_137,s-1.126628,s-5.723224,s118.166370
197_138,s5.438802,s-1.636072,s170.833471
197_139,s4.047722,s-3.123863,s261.642114
197_140,s0.185545,s-5.620337,s128.782151
197_141,s4.760973,s2.952504,s352.975718
197_142,s-3.615360,s3.445906,s47.108775
197_143,s5.303441,s-0.048390,s321.817284
197_144,s-2.144888,s-5.165410,s230.861264
197_145,s-3.708168,s-4.242166,s219.646913
197_146,s-5.017288,s-3.105696,s308.537231
197_147,s2.869257,s-4.253676,s81.852366
197_148,s-5.438556,s-2.699362,s91.921105
197_149,s-5.497174,s0.434350,s36.195814
197_150,s3.109187,s4.595049,s239.772100
197_151,s-4.878538,s-0.436280,s85.686669
197_152,s-5.758396,s-2.171649,s31.970390
197_153,s-0.871922,s5.730730,s302.053127
197_154,s1.102566,s5.840735,s259.106709
197_155,s5.377303,s-0.507245,s226.604440
197_156,s5.477417,s0.941074,s296.524128
197_157,s-3.731423,s-4.828196,s160.621579
197_158,s-5.494361,s1.638405,s94.092727
197_159,s4.757172,s-3.878387,s280.140117
197_160,s-3.844480,s4.405656,s339.504453
197_161,s-4.731185,s3.160734,s56.707129
197_162,s-5.493727,s-1.456949,s65.548610
197_163,s-6.165078,s-0.588137,s17.331137
197_164,s-3.057975,s5.447112,s85.238107
197_165,s5.623114,s-2.503598,s196.463489
197_166,s0.148581,s5.760748,s10.095050
197_167,s2.645664,s-4.833277,s148.956109
197_168,s4.023456,s5.064344,s30.172826
197_169,s4.826758,s2.347814,s314.313494
197_170,s-5.900427,s2.212748,s60.299569
197_171,s-2.948106,s-5.372579,s211.720590
197_172,s2.054179,s-5.521435,s163.540654
197_173,s6.105270,s-0.513685,s197.291958
197_174,s6.260384,s0.107684,s37.194846
197_175,s3.730456,s-4.847640,s199.649881
197_176,s-4.486427,s3.568570,s12.296348
197_177,s-5.353130,s3.057508,s117.733161
197_178,s-2.090191,s5.364970,s328.530494
197_179,s5.148924,s3.496386,s292.844544
197_180,s2.686714,s5.709808,s29.025955
197_181,s-6.160703,s0.752385,s64.594044
197_182,s5.834139,s-1.908195,s271.895935
197_183,s5.382489,s2.050953,s289.018782
197_184,s-0.847209,s-6.335915,s276.748289
197_185,s0.379705,s6.349364,s255.872936
197_186,s-4.474151,s-3.619018,s124.924137
197_187,s0.721160,s-5.952971,s289.440755
197_188,s1.908214,s6.023422,s338.818658
197_189,s4.531916,s-4.364255,s226.751749
197_190,s5.978537,s1.716245,s335.250180
197_191,s-3.334241,s-5.544238,s148.593459
197_192,s-1.148050,s6.291869,s69.943390
197_193,s-4.890491,s4.018955,s57.182541
197_194,s2.697649,s-5.439718,s256.710559
197_195,s-3.916989,s5.073982,s13.136367
197_196,s0.107552,s-6.349089,s272.732281
198_0,s-0.484303,s0.070116,s313.223594
198_1,s-0.015478,s-0.680986,s53.511209
198_2,s0.471508,s-0.704674,s244.131385
198_3,s-0.571167,s0.856429,s-31.039410
198_4,s0.411221,s0.068389,s256.190463
198_5,s1.291418,s0.899981,s106.734536
198_6,s-0.930705,s-0.341845,s0.458109
198_7,s1.305506,s-1.243261,s218.234037
198_8,s-1.065855,s-0.704751,s110.587585
198_9,s0.708365,s-1.434192,s127.708302
198_10,s0.285584,s1.446628,s254.143250
198_11,s-1.169009,s0.472712,s9.505962
198_12,s1.633407,s-0.039299,s358.951620
198_13,s1.524973,s1.322823,s64.622693
198_14,s-1.843363,s0.558650,s130.589916
198_15,s-1.361615,s1.546185,s115.559541
198_16,s-0.591758,s2.465134,s103.625167
198_17,s0.064273,s-1.290260,s163.509514
198_18,s-2.249314,s-0.408415,s211.026512
198_19,s1.396465,s-0.462887,s76.234256
198_20,s-2.360853,s0.955246,s-13.984062
198_21,s-0.574611,s1.462571,s12.229907
198_22,s-0.688717,s-1.175299,s113.433814
198_23,s2.167001,s0.269319,s325.339143
198_24,s1.616634,s1.776407,s300.000393
198_25,s-0.433454,s-2.208181,s241.717663
198_26,s2.315239,s-0.163506,s187.264217
198_27,s1.481640,s-2.265736,s168.318117
198_28,s-1.201288,s2.739814,s27.589421
198_29,s-2.179042,s-1.865842,s80.419514
198_30,s0.609832,s2.084291,s77.684303
198_31,s0.733754,s-2.313550,s69.337486
198_32,s1.525256,s2.266451,s59.849443
198_33,s1.961365,s-2.101616,s246.526754
198_34,s0.947113,s-3.222429,s112.629900
198_35,s-0.968980,s-1.954092,s178.701985
198_36,s-2.723092,s0.449267,s187.415957
198_37,s-2.130779,s-1.334504,s42.595731
198_38,s-2.586093,s2.475859,s56.634235
198_39,s1.851843,s-0.816782,s242.398893
198_40,s-1.814271,s2.420017,s4.454732
198_41,s0.719025,s2.720289,s28.427876
198_42,s-2.723749,s-2.260920,s138.292373
198_43,s-2.756958,s-1.198258,s87.004741
198_44,s0.083365,s2.679413,s-0.773399
198_45,s1.665885,s3.102912,s57.757974
198_46,s1.958440,s0.855948,s325.612671
198_47,s2.849761,s-0.566359,s233.953499
198_48,s-0.586975,s-2.861174,s249.103136
198_49,s-2.877529,s1.192375,s65.192802
198_50,s2.019711,s-2.978833,s163.627344
198_51,s2.045106,s2.859753,s254.706996
198_52,s2.644834,s1.255504,s280.024079
198_53,s-1.441367,s-2.947800,s64.875830
198_54,s2.933261,s0.378212,s328.873983
198_55,s2.884931,s-2.483487,s222.225859
198_56,s-3.218723,s-0.289147,s113.598681
198_57,s-2.456798,s3.243773,s316.648750
198_58,s0.187932,s-3.734815,s209.946904
198_59,s3.150344,s1.954972,s243.349473
198_60,s-1.048841,s-3.506057,s157.090604
198_61,s0.918122,s-3.994958,s267.045893
198_62,s2.939116,s-1.321285,s267.602805
198_63,s-3.034591,s-1.672676,s125.169233
198_64,s-0.024602,s3.720210,s263.838375
198_65,s-2.885614,s-3.188724,s299.332521
198_66,s-0.772700,s3.566409,s219.905240
198_67,s3.629632,s0.774028,s371.778374
198_68,s-3.679386,s0.354943,s169.961061
198_69,s-3.542762,s2.916071,s317.859800
198_70,s-4.298067,s0.560059,s129.629134
198_71,s1.764418,s-4.466077,s220.234273
198_72,s2.476431,s3.444296,s365.995817
198_73,s-0.309398,s-3.798966,s114.620458
198_74,s3.744747,s-1.001218,s216.086562
198_75,s3.483475,s-0.557397,s351.895757
198_76,s-3.980981,s-0.925901,s96.544943
198_77,s0.970085,s3.807524,s332.681896
198_78,s2.561836,s-3.610646,s246.868707
198_79,s2.835751,s2.429817,s162.274686
198_80,s3.027265,s-1.950476,s302.100325
198_81,s-1.657812,s-3.622843,s177.681394
198_82,s-1.554493,s3.861804,s2.490537
198_83,s-2.575090,s3.884015,s4.396881
198_84,s4.039645,s1.757416,s250.694906
198_85,s-2.270272,s-3.669494,s156.641347
198_86,s-3.962186,s2.123944,s74.661025
198_87,s-4.071273,s-1.566278,s102.091586
198_88,s3.836076,s0.251104,s263.069330
198_89,s2.968903,s3.806270,s293.259551
198_90,s-3.991977,s0.924933,s333.408553
198_91,s1.179849,s-4.977486,s342.169379
198_92,s-4.246969,s-0.159439,s146.312008
198_93,s3.665327,s2.910349,s303.058973
198_94,s4.114775,s-0.644088,s282.004479
198_95,s-1.068663,s-4.542312,s215.067542
198_96,s0.706989,s4.497993,s126.829551
198_97,s-4.227824,s-2.138928,s109.003132
198_98,s-2.037684,s4.412518,s339.454404
198_99,s-2.180188,s-4.641942,s93.040686
198_100,s3.932842,s-2.216795,s302.492536
198_101,s4.247809,s1.149755,s181.310023
198_102,s3.160695,s3.192886,s202.347737
198_103,s-0.822752,s3.969661,s37.345262
198_104,s3.403865,s-2.425582,s245.614251
198_105,s-3.645518,s-2.445042,s142.942992
198_106,s1.827782,s4.777955,s191.491834
198_107,s0.063525,s-4.301060,s149.364556
198_108,s-3.286106,s3.714156,s-4.192517
198_109,s4.754954,s-1.667260,s335.782562
198_110,s0.227486,s-4.867392,s238.866197
198_111,s3.465878,s-3.317125,s237.526376
198_112,s-4.427414,s1.810185,s161.452495
198_113,s4.782222,s0.360626,s357.564646
198_114,s4.001322,s2.206063,s326.678789
198_115,s-1.693089,s-4.705968,s187.360194
198_116,s1.257423,s4.880211,s301.284052
198_117,s4.391359,s-2.617398,s261.248576
198_118,s-5.026191,s-1.099290,s178.073371
198_119,s2.343024,s4.939099,s12.675144
198_120,s3.623304,s-3.997880,s219.198995
198_121,s-4.980937,s0.792298,s163.493309
198_122,s3.847875,s3.605525,s269.485763
198_123,s-2.953562,s-3.798515,s158.976832
198_124,s-0.533680,s4.708939,s34.681844
198_125,s-4.257116,s-4.179551,s149.691142
198_126,s-4.937356,s1.290700,s118.063564
198_127,s5.280439,s1.509118,s28.407987
198_128,s4.658787,s-0.076352,s227.571118
198_129,s-2.766848,s4.772270,s-19.413207
198_130,s-1.257362,s4.894010,s45.497547
198_131,s4.731362,s-2.078476,s233.380374
198_132,s-0.035965,s5.126645,s268.769812
198_133,s-4.017373,s2.836877,s20.365618
198_134,s-4.853466,s2.218440,s48.033473
198_135,s1.785270,s-5.030459,s141.591424
198_136,s4.507720,s4.031787,s-36.320671
198_137,s-1.126628,s-5.723224,s118.166370
198_138,s5.438802,s-1.636072,s170.833471
198_139,s4.047722,s-3.123863,s261.642114
198_140,s0.185545,s-5.620337,s128.782151
198_141,s4.760973,s2.952504,s352.975718
198_142,s-3.615360,s3.445906,s47.108775
198_143,s5.303441,s-0.048390,s321.817284
198_144,s-2.144888,s-5.165410,s230.861264
198_145,s-3.708168,s-4.242166,s219.646913
198_146,s-5.017288,s-3.105696,s308.537231
198_147,s2.869257,s-4.253676,s81.852366
198_148,s-5.438556,s-2.699362,s91.921105
198_149,s-5.497174,s0.434350,s36.195814
198_150,s3.109187,s4.595049,s239.772100
198_151,s-4.878538,s-0.436280,s85.686669
198_152,s-5.758396,s-2.171649,s31.970390
198_153,s-0.871922,s5.730730,s302.053127
198_154,s1.102566,s5.840735,s259.106709
198_155,s5.377303,s-0.507245,s226.604440
198_156,s5.477417,s0.941074,s296.524128
198_157,s-3.731423,s-4.828196,s160.621579
198_158,s-5.494361,s1.638405,s94.092727
198_159,s4.757172,s-3.878387,s280.140117
198_160,s-3.844480,s4.405656,s339.504453
198_161,s-4.731185,s3.160734,s56.707129
198_162,s-5.493727,s-1.456949,s65.548610
198_163,s-6.165078,s-0.588137,s17.331137
198_164,s-3.057975,s5.447112,s85.238107
198_165,s5.623114,s-2.503598,s196.463489
198_166,s0.148581,s5.760748,s10.095050
198_167,s2.645664,s-4.833277,s148.956109
198_168,s4.023456,s5.064344,s30.172826
198_169,s4.826758,s2.347814,s314.313494
198_170,s-5.900427,s2.212748,s60.299569
198_171,s-2.948106,s-5.372579,s211.720590
198_172,s2.054179,s-5.521435,s163.540654
198_173,s6.105270,s-0.513685,s197.291958
198_174,s6.260384,s0.107684,s37.194846
198_175,s3.730456,s-4.847640,s199.649881
198_176,s-4.486427,s3.568570,s12.296348
198_177,s-5.353130,s3.057508,s117.733161
198_178,s-2.090191,s5.364970,s328.530494
198_179,s5.148924,s3.496386,s292.844544
198_180,s2.686714,s5.709808,s29.025955
198_181,s-6.160703,s0.752385,s64.594044
198_182,s5.834139,s-1.908195,s271.895935
198_183,s5.382489,s2.050953,s289.018782
198_184,s-0.847209,s-6.335915,s276.748289
198_185,s0.379705,s6.349364,s255.872936
198_186,s-4.474151,s-3.619018,s124.924137
198_187,s0.721160,s-5.952971,s289.440755
198_188,s1.908214,s6.023422,s338.818658
198_189,s4.531916,s-4.364255,s226.751749
198_190,s5.978537,s1.716245,s335.250180
198_191,s-3.334241,s-5.544238,s148.593459
198_192,s-1.148050,s6.291869,s69.943390
198_193,s-4.890491,s4.018955,s57.182541
198_194,s2.697649,s-5.439718,s256.710559
198_195,s-3.916989,s5.073982,s13.136367
198_196,s0.107552,s-6.349089,s272.732281
198_197,s-5.203645,s-3.479897,s149.449223
199_0,s-0.484303,s0.070116,s313.223594
199_1,s-0.036425,s-0.777120,s60.704939
199_2,s0.471508,s-0.704674,s244.131385
199_3,s-0.571167,s0.856429,s-31.039410
199_4,s0.411221,s0.068389,s256.190463
199_5,s1.295169,s0.765191,s94.327097
199_6,s-0.930705,s-0.341845,s0.458109
199_7,s1.305506,s-1.243261,s218.234037
199_8,s-1.065855,s-0.704751,s110.587585
199_9,s0.708365,s-1.434192,s127.708302
199_10,s0.300063,s1.346845,s252.934609
199_11,s-1.169009,s0.472712,s9.505962
199_12,s1.603491,s-0.083206,s366.941124
199_13,s1.524973,s1.322823,s64.622693
199_14,s-1.843363,s0.558650,s130.589916
199_15,s-1.325089,s1.652750,s118.906427
199_16,s-0.524311,s2.492704,s101.179965
199_17,s0.064273,s-1.290260,s163.509514
199_18,s-2.389939,s-0.345831,s212.347656
199_19,s1.396465,s-0.462887,s76.234256
199_20,s-2.360853,s0.955246,s-13.984062
199_21,s-0.574611,s1.462571,s12.229907
199_22,s-0.688717,s-1.175299,s113.433814
199_23,s2.167001,s0.269319,s325.339143
199_24,s1.616634,s1.776407,s300.000393
199_25,s-0.458423,s-2.149207,s244.827733
199_26,s2.315239,s-0.163506,s187.264217
199_27,s1.481640,s-2.265736,s168.318117
199_28,s-1.201288,s2.739814,s27.589421
199_29,s-2.179042,s-1.865842,s80.419514
199_30,s0.609832,s2.084291,s77.684303
199_31,s0.733754,s-2.313550,s69.337486
199_32,s1.525256,s2.266451,s59.849443
199_33,s1.961365,s-2.101616,s246.526754
199_34,s0.924072,s-3.049864,s116.467010
199_35,s-0.968980,s-1.954092,s178.701985
199_36,s-2.723092,s0.449267,s187.415957
199_37,s-2.130779,s-1.334504,s42.595731
199_38,s-2.586093,s2.475859,s56.634235
199_39,s1.797485,s-0.875638,s240.293480
199_40,s-1.803663,s2.398500,s-0.417925
199_41,s0.719025,s2.720289,s28.427876
199_42,s-2.723749,s-2.260920,s138.292373
199_43,s-2.756958,s-1.198258,s87.004741
199_44,s0.083365,s2.679413,s-0.773399
199_45,s1.665885,s3.102912,s57.757974
199_46,s1.958440,s0.855948,s325.612671
199_47,s2.849761,s-0.566359,s233.953499
199_48,s-0.439310,s-2.855083,s243.758152
199_49,s-2.883254,s1.153436,s68.006259
199_50,s2.019711,s-2.978833,s163.627344
199_51,s2.045106,s2.859753,s254.706996
199_52,s2.644834,s1.255504,s280.024079
199_53,s-1.466513,s-2.949016,s59.545024
199_54,s2.933261,s0.378212,s328.873983
199_55,s2.884931,s-2.483487,s222.225859
199_56,s-3.218723,s-0.289147,s113.598681
199_57,s-2.334216,s3.151924,s311.627716
199_58,s0.187932,s-3.734815,s209.946904
199_59,s3.150344,s1.954972,s243.349473
199_60,s-1.048841,s-3.506057,s157.090604
199_61,s1.044291,s-3.869852,s265.940492
199_62,s2.939116,s-1.321285,s267.602805
199_63,s-3.034591,s-1.672676,s125.169233
199_64,s-0.024602,s3.720210,s263.838375
199_65,s-2.889282,s-3.202136,s298.788941
199_66,s-0.772700,s3.566409,s219.905240
199_67,s3.629632,s0.774028,s371.778374
199_68,s-3.679386,s0.354943,s169.961061
199_69,s-3.542762,s2.916071,s317.859800
199_70,s-4.159761,s0.521041,s127.730250
199_71,s1.764418,s-4.466077,s220.234273
199_72,s2.476431,s3.444296,s365.995817
199_73,s-0.210541,s-3.747927,s118.484132
199_74,s3.744747,s-1.001218,s216.086562
199_75,s3.483475,s-0.557397,s351.895757
199_76,s-3.980981,s-0.925901,s96.544943
199_77,s1.147568,s3.855000,s342.616013
199_78,s2.561836,s-3.610646,s246.868707
199_79,s2.835751,s2.429817,s162.274686
199_80,s3.027265,s-1.950476,s302.100325
199_81,s-1.733399,s-3.550890,s179.644884
199_82,s-1.554493,s3.861804,s2.490537
199_83,s-2.526573,s3.718383,s4.947732
199_84,s4.039645,s1.757416,s250.694906
199_85,s-2.270272,s-3.669494,s156.641347
199_86,s-3.962186,s2.123944,s74.661025
199_87,s-4.130273,s-1.548627,s99.956425
199_88,s3.836076,s0.251104,s263.069330
199_89,s3.002385,s3.841597,s294.747295
199_90,s-4.028526,s1.080772,s335.820237
199_91,s1.179849,s-4.977486,s342.169379
199_92,s-4.246969,s-0.159439,s146.312008
199_93,s3.665327,s2.910349,s303.058973
199_94,s4.114775,s-0.644088,s282.004479
199_95,s-1.041010,s-4.518486,s220.854628
199_96,s0.706989,s4.497993,s126.829551
199_97,s-4.227824,s-2.138928,s109.003132
199_98,s-2.131948,s4.267131,s340.642993
199_99,s-2.180188,s-4.641942,s93.040686
199_100,s3.932842,s-2.216795,s302.492536
199_101,s4.220488,s1.204758,s182.453184
199_102,s3.053785,s3.131846,s209.664029
199_103,s-0.822752,s3.969661,s37.345262
199_104,s3.403865,s-2.425582,s245.614251
199_105,s-3.645518,s-2.445042,s142.942992
199_106,s1.827782,s4.777955,s191.491834
199_107,s0.063525,s-4.301060,s149.364556
199_108,s-3.252571,s3.712691,s-6.689917
199_109,s4.754954,s-1.667260,s335.782562
199_110,s0.227486,s-4.867392,s238.866197
199_111,s3.465878,s-3.317125,s237.526376
199_112,s-4.427414,s1.810185,s161.452495
199_113,s4.782222,s0.360626,s357.564646
199_114,s4.092355,s2.222652,s325.611285
199_115,s-1.693089,s-4.705968,s187.360194
199_116,s1.257423,s4.880211,s301.284052
199_117,s4.391359,s-2.617398,s261.248576
199_118,s-5.026191,s-1.099290,s178.073371
199_119,s2.343024,s4.939099,s12.675144
199_120,s3.623304,s-3.997880,s219.198995
199_121,s-4.980937,s0.792298,s163.493309
199_122,s3.847875,s3.605525,s269.485763
199_123,s-2.926598,s-3.807652,s165.551533
199_124,s-0.533680,s4.708939,s34.681844
199_125,s-4.257116,s-4.179551,s149.691142
199_126,s-4.937356,s1.290700,s118.063564
199_127,s5.280439,s1.509118,s28.407987
199_128,s4.658787,s-0.076352,s227.571118
199_129,s-2.840939,s4.887132,s-17.672356
199_130,s-1.249026,s4.866320,s35.817655
199_131,s4.731362,s-2.078476,s233.380374
199_132,s-0.035965,s5.126645,s268.769812
199_133,s-4.017373,s2.836877,s20.365618
199_134,s-4.853466,s2.218440,s48.033473
199_135,s1.785270,s-5.030459,s141.591424
199_136,s4.461358,s4.090396,s-51.111031
199_137,s-0.928753,s-5.538431,s125.652507
199_138,s5.438802,s-1.636072,s170.833471
199_139,s4.047722,s-3.123863,s261.642114
199_140,s0.185545,s-5.620337,s128.782151
199_141,s4.757515,s2.928586,s358.991270
199_142,s-3.615360,s3.445906,s47.108775
199_143,s5.324894,s-0.031238,s330.443426
199_144,s-2.144888,s-5.165410,s230.861264
199_145,s-3.582666,s-4.331315,s219.256103
199_146,s-5.017288,s-3.105696,s308.537231
199_147,s2.869257,s-4.253676,s81.852366
199_148,s-5.535228,s-2.738630,s85.938373
199_149,s-5.497174,s0.434350,s36.195814
199_150,s3.109187,s4.595049,s239.772100
199_151,s-4.878538,s-0.436280,s85.686669
199_152,s-5.758396,s-2.171649,s31.970390
199_153,s-0.950314,s5.628960,s306.980655
199_154,s1.102566,s5.840735,s259.106709
199_155,s5.377303,s-0.507245,s226.604440
199_156,s5.486157,s0.937257,s293.418819
199_157,s-3.731423,s-4.828196,s160.621579
199_158,s-5.533479,s1.588295,s89.522802
199_159,s4.757172,s-3.878387,s280.140117
199_160,s-3.844480,s4.405656,s339.504453
199_161,s-4.731185,s3.160734,s56.707129
199_162,s-5.493727,s-1.456949,s65.548610
199_163,s-6.165078,s-0.588137,s17.331137
199_164,s-3.057975,s5.447112,s85.238107
199_165,s5.593332,s-2.529290,s198.432138
199_166,s0.148581,s5.760748,s10.095050
199_167,s2.645664,s-4.833277,s148.956109
199_168,s4.023456,s5.064344,s30.172826
199_169,s4.826758,s2.347814,s314.313494
199_170,s-5.900427,s2.212748,s60.299569
199_171,s-2.948106,s-5.372579,s211.720590
199_172,s1.997493,s-5.535106,s166.093214
199_173,s6.105270,s-0.513685,s197.291958
199_174,s6.226015,s0.201223,s25.214969
199_175,s3.667708,s-4.768847,s192.996045
199_176,s-4.486427,s3.568570,s12.296348
199_177,s-5.372763,s3.176872,s119.594045
199_178,s-2.090191,s5.364970,s328.530494
199_179,s5.148924,s3.496386,s292.844544
199_180,s2.686714,s5.709808,s29.025955
199_181,s-6.122668,s0.783851,s65.387393
199_182,s5.834139,s-1.908195,s271.895935
199_183,s5.382489,s2.050953,s289.018782
199_184,s-0.888627,s-6.393784,s263.774976
199_185,s0.401622,s6.365149,s263.989253
199_186,s-4.474151,s-3.619018,s124.924137
199_187,s0.721160,s-5.952971,s289.440755
199_188,s1.932101,s5.987702,s329.976698
199_189,s4.531916,s-4.364255,s226.751749
199_190,s5.978537,s1.716245,s335.250180
199_191,s-3.334241,s-5.544238,s148.593459
199_192,s-1.175867,s6.393576,s64.106836
199_193,s-4.890491,s4.018955,s57.182541
199_194,s2.697649,s-5.439718,s256.710559
199_195,s-3.916989,s5.073982,s13.136367
199_196,s0.107552,s-6.349089,s272.732281
199_197,s-5.203645,s-3.479897,s149.449223
199_198,s-4.403600,s4.566148,s30.641217
200_0,s-0.484303,s0.070116,s313.223594
200_1,s-0.036425,s-0.777120,s60.704939
200_2,s0.471508,s-0.704674,s244.131385
200_3,s-0.571167,s0.856429,s-31.039410
200_4,s0.411221,s0.068389,s256.190463
200_5,s1.295169,s0.765191,s94.327097
200_6,s-0.930705,s-0.341845,s0.458109
200_7,s1.305506,s-1.243261,s218.234037
200_8,s-1.065855,s-0.704751,s110.587585
200_9,s0.708365,s-1.434192,s127.708302
200_10,s0.300063,s1.346845,s252.934609
200_11,s-1.169009,s0.472712,s9.505962
200_12,s1.603491,s-0.083206,s366.941124
200_13,s1.524973,s1.322823,s64.622693
200_14,s-1.843363,s0.558650,s130.589916
200_15,s-1.325089,s1.652750,s118.906427
200_16,s-0.524311,s2.492704,s101.179965
200_17,s0.064273,s-1.290260,s163.509514
200_18,s-2.389939,s-0.345831,s212.347656
200_19,s1.396465,s-0.462887,s76.234256
200_20,s-2.360853,s0.955246,s-13.984062
200_21,s-0.574611,s1.462571,s12.229907
200_22,s-0.688717,s-1.175299,s113.433814
200_23,s2.167001,s0.269319,s325.339143
200_24,s1.616634,s1.776407,s300.000393
200_25,s-0.458423,s-2.149207,s244.827733
200_26,s2.315239,s-0.163506,s187.264217
200_27,s1.481640,s-2.265736,s168.318117
200_28,s-1.201288,s2.739814,s27.589421
200_29,s-2.179042,s-1.865842,s80.419514
200_30,s0.609832,s2.084291,s77.684303
200_31,s0.733754,s-2.313550,s69.337486
200_32,s1.525256,s2.266451,s59.849443
200_33,s1.961365,s-2.101616,s246.526754
200_34,s0.924072,s-3.049864,s116.467010
200_35,s-0.968980,s-1.954092,s178.701985
200_36,s-2.723092,s0.449267,s187.415957
200_37,s-2.130779,s-1.334504,s42.595731
200_38,s-2.586093,s2.475859,s56.634235
200_39,s1.797485,s-0.875638,s240.293480
200_40,s-1.803663,s2.398500,s-0.417925
200_41,s0.719025,s2.720289,s28.427876
200_42,s-2.723749,s-2.260920,s138.292373
200_43,s-2.756958,s-1.198258,s87.004741
200_44,s0.083365,s2.679413,s-0.773399
200_45,s1.665885,s3.102912,s57.757974
200_46,s1.958440,s0.855948,s325.612671
200_47,s2.849761,s-0.566359,s233.953499
200_48,s-0.439310,s-2.855083,s243.758152
200_49,s-2.883254,s1.153436,s68.006259
200_50,s2.019711,s-2.978833,s163.627344
200_51,s2.045106,s2.859753,s254.706996
200_52,s2.644834,s1.255504,s280.024079
200_53,s-1.466513,s-2.949016,s59.545024
200_54,s2.933261,s0.378212,s328.873983
200_55,s2.884931,s-2.483487,s222.225859
200_56,s-3.218723,s-0.289147,s113.598681
200_57,s-2.334216,s3.151924,s311.627716
200_58,s0.187932,s-3.734815,s209.946904
200_59,s3.150344,s1.954972,s243.349473
200_60,s-1.048841,s-3.506057,s157.090604
200_61,s1.044291,s-3.869852,s265.940492
200_62,s2.939116,s-1.321285,s267.602805
200_63,s-3.034591,s-1.672676,s125.169233
200_64,s-0.024602,s3.720210,s263.838375
200_65,s-2.889282,s-3.202136,s298.788941
200_66,s-0.772700,s3.566409,s219.905240
200_67,s3.629632,s0.774028,s371.778374
200_68,s-3.679386,s0.354943,s169.961061
200_69,s-3.542762,s2.916071,s317.859800
200_70,s-4.159761,s0.521041,s127.730250
200_71,s1.764418,s-4.466077,s220.234273
200_72,s2.476431,s3.444296,s365.995817
200_73,s-0.210541,s-3.747927,s118.484132
200_74,s3.744747,s-1.001218,s216.086562
200_75,s3.483475,s-0.557397,s351.895757
200_76,s-3.980981,s-0.925901,s96.544943
200_77,s1.147568,s3.855000,s342.616013
200_78,s2.561836,s-3.610646,s246.868707
200_79,s2.835751,s2.429817,s162.274686
200_80,s3.027265,s-1.950476,s302.100325
200_81,s-1.733399,s-3.550890,s179.644884
200_82,s-1.554493,s3.861804,s2.490537
200_83,s-2.526573,s3.718383,s4.947732
200_84,s4.039645,s1.757416,s250.694906
200_85,s-2.270272,s-3.669494,s156.641347
200_86,s-3.962186,s2.123944,s74.661025
200_87,s-4.130273,s-1.548627,s99.956425
200_88,s3.836076,s0.251104,s263.069330
200_89,s3.002385,s3.841597,s294.747295
200_90,s-4.028526,s1.080772,s335.820237
200_91,s1.179849,s-4.977486,s342.169379
200_92,s-4.246969,s-0.159439,s146.312008
200_93,s3.665327,s2.910349,s303.058973
200_94,s4.114775,s-0.644088,s282.004479
200_95,s-1.041010,s-4.518486,s220.854628
200_96,s0.706989,s4.497993,s126.829551
200_97,s-4.227824,s-2.138928,s109.003132
200_98,s-2.131948,s4.267131,s340.642993
200_99,s-2.180188,s-4.641942,s93.040686
200_100,s3.932842,s-2.216795,s302.492536
200_101,s4.220488,s1.204758,s182.453184
200_102,s3.053785,s3.131846,s209.664029
200_103,s-0.822752,s3.969661,s37.345262
200_104,s3.403865,s-2.425582,s245.614251
200_105,s-3.645518,s-2.445042,s142.942992
200_106,s1.827782,s4.777955,s191.491834
200_107,s0.063525,s-4.301060,s149.364556
200_108,s-3.252571,s3.712691,s-6.689917
200_109,s4.754954,s-1.667260,s335.782562
200_110,s0.227486,s-4.867392,s238.866197
200_111,s3.465878,s-3.317125,s237.526376
200_112,s-4.427414,s1.810185,s161.452495
200_113,s4.782222,s0.360626,s357.564646
200_114,s4.092355,s2.222652,s325.611285
200_115,s-1.693089,s-4.705968,s187.360194
200_116,s1.257423,s4.880211,s301.284052
200_117,s4.391359,s-2.617398,s261.248576
200_118,s-5.026191,s-1.099290,s178.073371
200_119,s2.343024,s4.939099,s12.675144
200_120,s3.623304,s-3.997880,s219.198995
200_121,s-4.980937,s0.792298,s163.493309
200_122,s3.847875,s3.605525,s269.485763
200_123,s-2.926598,s-3.807652,s165.551533
200_124,s-0.533680,s4.708939,s34.681844
200_125,s-4.257116,s-4.179551,s149.691142
200_126,s-4.937356,s1.290700,s118.063564
200_127,s5.280439,s1.509118,s28.407987
200_128,s4.658787,s-0.076352,s227.571118
200_129,s-2.840939,s4.887132,s-17.672356
200_130,s-1.249026,s4.866320,s35.817655
200_131,s4.731362,s-2.078476,s233.380374
200_132,s-0.035965,s5.126645,s268.769812
200_133,s-4.017373,s2.836877,s20.365618
200_134,s-4.853466,s2.218440,s48.033473
200_135,s1.785270,s-5.030459,s141.591424
200_136,s4.461358,s4.090396,s-51.111031
200_137,s-0.928753,s-5.538431,s125.652507
200_138,s5.438802,s-1.636072,s170.833471
200_139,s4.047722,s-3.123863,s261.642114
200_140,s0.185545,s-5.620337,s128.782151
200_141,s4.757515,s2.928586,s358.991270
200_142,s-3.615360,s3.445906,s47.108775
200_143,s5.324894,s-0.031238,s330.443426
200_144,s-2.144888,s-5.165410,s230.861264
200_145,s-3.582666,s-4.331315,s219.256103
200_146,s-5.017288,s-3.105696,s308.537231
200_147,s2.869257,s-4.253676,s81.852366
200_148,s-5.535228,s-2.738630,s85.938373
200_149,s-5.497174,s0.434350,s36.195814
200_150,s3.109187,s4.595049,s239.772100
200_151,s-4.878538,s-0.436280,s85.686669
200_152,s-5.758396,s-2.171649,s31.970390
200_153,s-0.950314,s5.628960,s306.980655
200_154,s1.102566,s5.840735,s259.106709
200_155,s5.377303,s-0.507245,s226.604440
200_156,s5.486157,s0.937257,s293.418819
200_157,s-3.731423,s-4.828196,s160.621579
200_158,s-5.533479,s1.588295,s89.522802
200_159,s4.757172,s-3.878387,s280.140117
200_160,s-3.844480,s4.405656,s339.504453
200_161,s-4.731185,s3.160734,s56.707129
200_162,s-5.493727,s-1.456949,s65.548610
200_163,s-6.165078,s-0.588137,s17.331137
200_164,s-3.057975,s5.447112,s85.238107
200_165,s5.593332,s-2.529290,s198.432138
200_166,s0.148581,s5.760748,s10.095050
200_167,s2.645664,s-4.833277,s148.956109
200_168,s4.023456,s5.064344,s30.172826
200_169,s4.826758,s2.347814,s314.313494
200_170,s-5.900427,s2.212748,s60.299569
200_171,s-2.948106,s-5.372579,s211.720590
200_172,s1.997493,s-5.535106,s166.093214
200_173,s6.105270,s-0.513685,s197.291958
200_174,s6.226015,s0.201223,s25.214969
200_175,s3.667708,s-4.768847,s192.996045
200_176,s-4.486427,s3.568570,s12.296348
200_177,s-5.372763,s3.176872,s119.594045
200_178,s-2.090191,s5.364970,s328.530494
200_179,s5.148924,s3.496386,s292.844544
200_180,s2.686714,s5.709808,s29.025955
200_181,s-6.122668,s0.783851,s65.387393
200_182,s5.834139,s-1.908195,s271.895935
200_183,s5.382489,s2.050953,s289.018782
200_184,s-0.888627,s-6.393784,s263.774976
200_185,s0.401622,s6.365149,s263.989253
200_186,s-4.474151,s-3.619018,s124.924137
200_187,s0.721160,s-5.952971,s289.440755
200_188,s1.932101,s5.987702,s329.976698
200_189,s4.531916,s-4.364255,s226.751749
200_190,s5.978537,s1.716245,s335.250180
200_191,s-3.334241,s-5.544238,s148.593459
200_192,s-1.175867,s6.393576,s64.106836
200_193,s-4.890491,s4.018955,s57.182541
200_194,s2.697649,s-5.439718,s256.710559
200_195,s-3.916989,s5.073982,s13.136367
200_196,s0.107552,s-6.349089,s272.732281
200_197,s-5.203645,s-3.479897,s149.449223
200_198,s-4.403600,s4.566148,s30.641217
200_199,s-2.627447,s5.725952,s299.621152
