id,x,y,deg
001_0,s0.000000,s0.000000,s111.884373
002_0,s0.000000,s0.000000,s111.884373
002_1,s0.287201,s-0.208664,s220.195624
003_0,s-0.188873,s0.079339,s160.705253
003_1,s0.515981,s-0.083738,s136.838437
003_2,s0.259243,s0.325563,s64.922359
004_0,s0.089162,s0.062207,s143.134055
004_1,s0.342785,s-0.511798,s106.080055
004_2,s0.490410,s0.385203,s75.235020
004_3,s-0.427112,s0.109879,s38.278850
005_0,s0.168303,s0.076737,s142.563451
005_1,s0.270867,s-0.605381,s110.871502
005_2,s0.850461,s0.614010,s111.856107
005_3,s-0.389090,s0.140643,s33.227428
005_4,s0.710051,s-0.153457,s197.578659
006_0,s0.198760,s0.153068,s143.044274
006_1,s0.218083,s-0.556152,s126.613824
006_2,s0.671929,s0.312387,s41.724780
006_3,s-0.177873,s0.604707,s65.435547
006_4,s0.608150,s-0.189091,s193.513923
006_5,s-0.473024,s-0.346805,s39.910750
007_0,s0.075760,s0.279976,s158.884170
007_1,s0.218083,s-0.556152,s126.613824
007_2,s0.688240,s0.593012,s162.613843
007_3,s-0.373096,s0.836819,s164.277522
007_4,s0.749148,s-0.307695,s251.241214
007_5,s-0.461422,s-0.302096,s145.702912
007_6,s0.345315,s1.033870,s143.659719
008_0,s-0.078682,s0.316612,s171.287805
008_1,s0.221688,s-0.672559,s94.601964
008_2,s0.537726,s0.517181,s167.588791
008_3,s-0.532146,s0.726688,s84.984472
008_4,s0.784197,s-0.287279,s153.675453
008_5,s-0.461422,s-0.302096,s145.702912
008_6,s0.408452,s1.189478,s70.813052
008_7,s-0.941556,s-0.253174,s66.548773
009_0,s-0.078682,s0.316612,s171.287805
009_1,s0.157252,s-0.617727,s112.320144
009_2,s0.594791,s0.786852,s66.570897
009_3,s-0.508349,s0.669925,s75.658442
009_4,s1.149062,s-0.353182,s131.600624
009_5,s-0.461422,s-0.302096,s145.702912
009_6,s0.346018,s1.296018,s31.539361
009_7,s-0.965063,s-0.298385,s67.631337
009_8,s1.014246,s0.239160,s340.019043
010_0,s0.014179,s0.219254,s286.665796
010_1,s0.306416,s-0.428453,s226.359120
010_2,s0.301407,s0.746584,s64.857236
010_3,s-0.601056,s0.557655,s52.798062
010_4,s1.175531,s-0.719522,s214.934163
010_5,s-0.358140,s-0.331154,s143.709959
010_6,s0.245419,s1.265841,s18.420188
010_7,s-1.082912,s-0.203916,s67.684545
010_8,s1.253886,s0.251076,s135.106911
010_9,s-0.489004,s-1.168283,s287.025606
011_0,s-0.073744,s0.132285,s292.317205
011_1,s0.093875,s-0.402819,s236.619830
011_2,s0.228840,s0.795271,s58.894438
011_3,s-0.608106,s0.506246,s50.048505
011_4,s1.214942,s-0.671898,s322.093833
011_5,s-0.358140,s-0.331154,s143.709959
011_6,s0.329761,s1.305950,s25.676698
011_7,s-0.869002,s-0.359818,s82.714304
011_8,s1.302961,s0.205088,s126.759944
011_9,s-0.480358,s-1.124173,s274.332226
011_10,s0.643963,s0.992791,s289.133417
012_0,s-0.045977,s0.318897,s281.979565
012_1,s0.093794,s-0.374401,s307.476708
012_2,s0.274019,s0.914223,s66.231886
012_3,s-0.580506,s0.702077,s161.204691
012_4,s1.190701,s-0.527851,s325.488445
012_5,s-0.589051,s-0.374207,s72.116974
012_6,s-0.089355,s1.465076,s33.613468
012_7,s-0.970381,s-0.776421,s96.731138
012_8,s1.159371,s0.284363,s332.399677
012_9,s-0.528989,s-1.102131,s270.613750
012_10,s0.820688,s1.061086,s327.532061
012_11,s0.741586,s-0.923197,s256.389023
013_0,s-0.171190,s0.457455,s126.405631
013_1,s0.197102,s-0.464616,s311.456352
013_2,s0.228129,s0.854986,s85.913983
013_3,s-0.665484,s0.628570,s85.516349
013_4,s1.190144,s-0.678432,s342.108133
013_5,s-0.457280,s-0.248322,s75.355891
013_6,s0.133605,s1.392608,s53.552171
013_7,s-0.900463,s-0.962506,s89.168811
013_8,s1.267853,s0.468872,s75.603006
013_9,s-0.337550,s-0.906660,s266.596814
013_10,s0.860587,s1.043664,s331.082366
013_11,s0.677312,s-1.160520,s2.261839
013_12,s-0.716167,s1.232873,s39.061710
014_0,s-0.455027,s0.409711,s122.396040
014_1,s0.022918,s-0.416776,s322.431516
014_2,s0.252964,s0.776902,s79.689029
014_3,s-0.901939,s0.641900,s80.783845
014_4,s1.247589,s-0.482712,s32.331537
014_5,s-0.859378,s-0.307326,s63.646705
014_6,s0.102654,s1.356944,s72.124047
014_7,s-1.003501,s-1.351234,s321.626979
014_8,s1.554266,s0.266423,s339.187944
014_9,s-0.269859,s-0.831896,s270.543052
014_10,s0.830713,s1.151929,s303.311167
014_11,s0.650426,s-1.070450,s211.765239
014_12,s-0.853110,s1.103192,s49.533978
014_13,s-0.262532,s-1.328721,s139.215979
015_0,s-0.455027,s0.409711,s122.396040
015_1,s-0.053788,s-0.133737,s307.476708
015_2,s0.032383,s0.654581,s42.630251
015_3,s-0.901939,s0.641900,s80.783845
015_4,s1.121165,s-0.565026,s28.386007
015_5,s-0.859378,s-0.307326,s63.646705
015_6,s0.300720,s1.264923,s76.144630
015_7,s-0.972070,s-1.365807,s117.445652
015_8,s1.554266,s0.266423,s339.187944
015_9,s-0.269859,s-0.831896,s270.543052
015_10,s0.889283,s0.991615,s287.050031
015_11,s0.815990,s-1.198689,s203.699830
015_12,s-0.853110,s1.103192,s49.533978
015_13,s-0.262532,s-1.328721,s139.215979
015_14,s1.294448,s-1.021235,s323.867476
016_0,s-0.455027,s0.409711,s122.396040
016_1,s-0.053788,s-0.133737,s307.476708
016_2,s0.032383,s0.654581,s42.630251
016_3,s-0.901939,s0.641900,s80.783845
016_4,s1.121165,s-0.565026,s28.386007
016_5,s-0.859378,s-0.307326,s63.646705
016_6,s0.300720,s1.264923,s76.144630
016_7,s-0.972070,s-1.365807,s117.445652
016_8,s1.554266,s0.266423,s339.187944
016_9,s-0.269859,s-0.831896,s270.543052
016_10,s0.889283,s0.991615,s287.050031
016_11,s0.815990,s-1.198689,s203.699830
016_12,s-0.853110,s1.103192,s49.533978
016_13,s-0.262532,s-1.328721,s139.215979
016_14,s1.294448,s-1.021235,s323.867476
016_15,s-1.322743,s-0.961029,s0.595434
017_0,s-0.455027,s0.409711,s122.396040
017_1,s-0.053788,s-0.133737,s307.476708
017_2,s0.032383,s0.654581,s42.630251
017_3,s-0.901939,s0.641900,s80.783845
017_4,s1.121165,s-0.565026,s28.386007
017_5,s-0.859378,s-0.307326,s63.646705
017_6,s0.300720,s1.264923,s76.144630
017_7,s-0.972070,s-1.365807,s117.445652
017_8,s1.535156,s0.242420,s68.277349
017_9,s-0.210164,s-0.706171,s30.591628
017_10,s0.827170,s1.019195,s284.448662
017_11,s0.561660,s-1.196068,s94.479451
017_12,s-0.853110,s1.103192,s49.533978
017_13,s-0.447648,s-1.413723,s155.895544
017_14,s1.243373,s-1.159732,s339.082997
017_15,s-1.322743,s-0.961029,s0.595434
017_16,s-1.669305,s-0.378231,s27.908382
018_0,s-0.455027,s0.409711,s122.396040
018_1,s-0.103166,s-0.137293,s292.492782
018_2,s0.032383,s0.654581,s42.630251
018_3,s-0.901939,s0.641900,s80.783845
018_4,s1.121165,s-0.565026,s28.386007
018_5,s-0.859378,s-0.307326,s63.646705
018_6,s0.300720,s1.264923,s76.144630
018_7,s-0.904302,s-1.498930,s119.527801
018_8,s1.596604,s0.201427,s72.954221
018_9,s-0.327735,s-0.896570,s21.634421
018_10,s0.827170,s1.019195,s284.448662
018_11,s0.672357,s-1.177947,s67.783165
018_12,s-0.829478,s1.128482,s30.889985
018_13,s-0.453303,s-1.417474,s262.063030
018_14,s1.243373,s-1.159732,s339.082997
018_15,s-1.322743,s-0.961029,s0.595434
018_16,s-1.772353,s-0.324498,s43.574684
018_17,s0.542325,s1.669104,s18.979052
019_0,s-0.468944,s0.370392,s105.788950
019_1,s-0.043855,s-0.244318,s297.766440
019_2,s0.148837,s0.449905,s31.208786
019_3,s-1.039714,s0.595746,s49.424034
019_4,s1.192530,s-0.594781,s-0.483241
019_5,s-0.859378,s-0.307326,s63.646705
019_6,s0.235540,s1.247411,s57.133882
019_7,s-0.810954,s-1.630895,s101.728049
019_8,s1.702462,s-0.172502,s237.349552
019_9,s-0.249076,s-0.858086,s14.678983
019_10,s0.979591,s0.645197,s61.354874
019_11,s0.672357,s-1.177947,s67.783165
019_12,s-0.687891,s1.103259,s37.343760
019_13,s-0.425442,s-1.475661,s280.224522
019_14,s1.267170,s-1.180091,s311.259671
019_15,s-1.286187,s-1.016649,s115.982271
019_16,s-1.732431,s-0.064497,s163.971539
019_17,s0.548956,s1.626371,s259.382885
019_18,s0.534076,s-1.645567,s143.487524
020_0,s-0.419006,s0.537746,s293.383779
020_1,s0.126882,s-0.062448,s85.058711
020_2,s0.118856,s0.509190,s167.306764
020_3,s-1.059173,s0.633078,s81.742152
020_4,s1.241806,s-0.381078,s192.885113
020_5,s-0.789961,s-0.478372,s1.095131
020_6,s0.321354,s1.209870,s69.906545
020_7,s-1.031538,s-1.587730,s287.414595
020_8,s1.523977,s0.054099,s335.714450
020_9,s-0.180740,s-0.555218,s71.009692
020_10,s0.970929,s0.262111,s139.755829
020_11,s0.688265,s-1.053777,s151.455487
020_12,s-1.068593,s1.394563,s301.147992
020_13,s-0.060776,s-1.665699,s-4.967160
020_14,s1.442169,s-1.393711,s200.463943
020_15,s-1.571328,s-0.709443,s23.030581
020_16,s-1.801474,s0.219589,s2.314511
020_17,s0.577241,s1.648483,s161.752137
020_18,s0.836993,s-1.741941,s303.754787
020_19,s1.478723,s0.838431,s63.533547
021_0,s-0.419006,s0.537746,s293.383779
021_1,s0.126882,s-0.062448,s85.058711
021_2,s0.118856,s0.509190,s167.306764
021_3,s-1.059173,s0.633078,s81.742152
021_4,s1.241806,s-0.381078,s192.885113
021_5,s-0.789961,s-0.478372,s1.095131
021_6,s0.321354,s1.209870,s69.906545
021_7,s-1.031538,s-1.587730,s287.414595
021_8,s1.523977,s0.054099,s335.714450
021_9,s-0.180740,s-0.555218,s71.009692
021_10,s0.970929,s0.262111,s139.755829
021_11,s0.688265,s-1.053777,s151.455487
021_12,s-1.068593,s1.394563,s301.147992
021_13,s-0.060776,s-1.665699,s-4.967160
021_14,s1.442169,s-1.393711,s200.463943
021_15,s-1.571328,s-0.709443,s23.030581
021_16,s-1.801474,s0.219589,s2.314511
021_17,s0.577241,s1.648483,s161.752137
021_18,s0.836993,s-1.741941,s303.754787
021_19,s1.478723,s0.838431,s63.533547
021_20,s1.820732,s-0.593429,s338.958621
022_0,s-0.419006,s0.537746,s293.383779
022_1,s0.126882,s-0.062448,s85.058711
022_2,s0.118856,s0.509190,s167.306764
022_3,s-1.059173,s0.633078,s81.742152
022_4,s1.241806,s-0.381078,s192.885113
022_5,s-0.789961,s-0.478372,s1.095131
022_6,s0.321354,s1.209870,s69.906545
022_7,s-1.031538,s-1.587730,s287.414595
022_8,s1.523977,s0.054099,s335.714450
022_9,s-0.180740,s-0.555218,s71.009692
022_10,s0.970929,s0.262111,s139.755829
022_11,s0.688265,s-1.053777,s151.455487
022_12,s-1.068593,s1.394563,s301.147992
022_13,s-0.060776,s-1.665699,s-4.967160
022_14,s1.442169,s-1.393711,s200.463943
022_15,s-1.571328,s-0.709443,s23.030581
022_16,s-1.801474,s0.219589,s2.314511
022_17,s0.577241,s1.648483,s161.752137
022_18,s0.836993,s-1.741941,s303.754787
022_19,s1.478723,s0.838431,s63.533547
022_20,s1.820732,s-0.593429,s338.958621
022_21,s-1.464321,s1.063891,s-1.372790
023_0,s-0.419006,s0.537746,s293.383779
023_1,s0.126882,s-0.062448,s85.058711
023_2,s0.118856,s0.509190,s167.306764
023_3,s-1.059173,s0.633078,s81.742152
023_4,s1.241806,s-0.381078,s192.885113
023_5,s-0.789961,s-0.478372,s1.095131
023_6,s0.321354,s1.209870,s69.906545
023_7,s-1.031538,s-1.587730,s287.414595
023_8,s1.523977,s0.054099,s335.714450
023_9,s-0.180740,s-0.555218,s71.009692
023_10,s0.970929,s0.262111,s139.755829
023_11,s0.688265,s-1.053777,s151.455487
023_12,s-1.068593,s1.394563,s301.147992
023_13,s-0.060776,s-1.665699,s-4.967160
023_14,s1.442169,s-1.393711,s200.463943
023_15,s-1.571328,s-0.709443,s23.030581
023_16,s-1.801474,s0.219589,s2.314511
023_17,s0.577241,s1.648483,s161.752137
023_18,s0.836993,s-1.741941,s303.754787
023_19,s1.478723,s0.838431,s63.533547
023_20,s1.820732,s-0.593429,s338.958621
023_21,s-1.464321,s1.063891,s-1.372790
023_22,s-1.541576,s-1.210432,s288.554678
024_0,s-0.419006,s0.537746,s293.383779
024_1,s0.126882,s-0.062448,s85.058711
024_2,s0.118856,s0.509190,s167.306764
024_3,s-1.059173,s0.633078,s81.742152
024_4,s1.241806,s-0.381078,s192.885113
024_5,s-0.789961,s-0.478372,s1.095131
024_6,s0.321354,s1.209870,s69.906545
024_7,s-1.031538,s-1.587730,s287.414595
024_8,s1.523977,s0.054099,s335.714450
024_9,s-0.180740,s-0.555218,s71.009692
024_10,s0.970929,s0.262111,s139.755829
024_11,s0.688265,s-1.053777,s151.455487
024_12,s-1.068593,s1.394563,s301.147992
024_13,s-0.060776,s-1.665699,s-4.967160
024_14,s1.442169,s-1.393711,s200.463943
024_15,s-1.571328,s-0.709443,s23.030581
024_16,s-1.801474,s0.219589,s2.314511
024_17,s0.577241,s1.648483,s161.752137
024_18,s0.836993,s-1.741941,s303.754787
024_19,s1.478723,s0.838431,s63.533547
024_20,s1.820732,s-0.593429,s338.958621
024_21,s-1.464321,s1.063891,s-1.372790
024_22,s-1.541576,s-1.210432,s288.554678
024_23,s0.970358,s1.598532,s250.164215
025_0,s-0.419006,s0.537746,s293.383779
025_1,s0.126882,s-0.062448,s85.058711
025_2,s0.118856,s0.509190,s167.306764
025_3,s-1.059173,s0.633078,s81.742152
025_4,s1.241806,s-0.381078,s192.885113
025_5,s-0.789961,s-0.478372,s1.095131
025_6,s0.321354,s1.209870,s69.906545
025_7,s-1.031538,s-1.587730,s287.414595
025_8,s1.523977,s0.054099,s335.714450
025_9,s-0.180740,s-0.555218,s71.009692
025_10,s0.970929,s0.262111,s139.755829
025_11,s0.688265,s-1.053777,s151.455487
025_12,s-1.068593,s1.394563,s301.147992
025_13,s-0.060776,s-1.665699,s-4.967160
025_14,s1.442169,s-1.393711,s200.463943
025_15,s-1.571328,s-0.709443,s23.030581
025_16,s-1.801474,s0.219589,s2.314511
025_17,s0.577241,s1.648483,s161.752137
025_18,s0.836993,s-1.741941,s303.754787
025_19,s1.478723,s0.838431,s63.533547
025_20,s1.820732,s-0.593429,s338.958621
025_21,s-1.464321,s1.063891,s-1.372790
025_22,s-1.541576,s-1.210432,s288.554678
025_23,s0.970358,s1.598532,s250.164215
025_24,s0.165145,s1.877752,s84.984472
026_0,s-0.419006,s0.537746,s293.383779
026_1,s0.126882,s-0.062448,s85.058711
026_2,s0.118856,s0.509190,s167.306764
026_3,s-1.059173,s0.633078,s81.742152
026_4,s1.241806,s-0.381078,s192.885113
026_5,s-0.789961,s-0.478372,s1.095131
026_6,s0.321354,s1.209870,s69.906545
026_7,s-1.031538,s-1.587730,s287.414595
026_8,s1.523977,s0.054099,s335.714450
026_9,s-0.180740,s-0.555218,s71.009692
026_10,s0.970929,s0.262111,s139.755829
026_11,s0.688265,s-1.053777,s151.455487
026_12,s-1.068593,s1.394563,s301.147992
026_13,s-0.060776,s-1.665699,s-4.967160
026_14,s1.442169,s-1.393711,s200.463943
026_15,s-1.571328,s-0.709443,s23.030581
026_16,s-1.801474,s0.219589,s2.314511
026_17,s0.577241,s1.648483,s161.752137
026_18,s0.836993,s-1.741941,s303.754787
026_19,s1.478723,s0.838431,s63.533547
026_20,s1.820732,s-0.593429,s338.958621
026_21,s-1.464321,s1.063891,s-1.372790
026_22,s-1.541576,s-1.210432,s288.554678
026_23,s0.970358,s1.598532,s250.164215
026_24,s0.165145,s1.877752,s84.984472
026_25,s0.376077,s-1.994860,s191.717213
027_0,s-0.419006,s0.537746,s293.383779
027_1,s0.126882,s-0.062448,s85.058711
027_2,s0.118856,s0.509190,s167.306764
027_3,s-1.059173,s0.633078,s81.742152
027_4,s1.241806,s-0.381078,s192.885113
027_5,s-0.789961,s-0.478372,s1.095131
027_6,s0.321354,s1.209870,s69.906545
027_7,s-1.031538,s-1.587730,s287.414595
027_8,s1.523977,s0.054099,s335.714450
027_9,s-0.180740,s-0.555218,s71.009692
027_10,s0.970929,s0.262111,s139.755829
027_11,s0.688265,s-1.053777,s151.455487
027_12,s-1.068593,s1.394563,s301.147992
027_13,s-0.060776,s-1.665699,s-4.967160
027_14,s1.442169,s-1.393711,s200.463943
027_15,s-1.571328,s-0.709443,s23.030581
027_16,s-1.801474,s0.219589,s2.314511
027_17,s0.577241,s1.648483,s161.752137
027_18,s0.836993,s-1.741941,s303.754787
027_19,s1.478723,s0.838431,s63.533547
027_20,s1.820732,s-0.593429,s338.958621
027_21,s-1.464321,s1.063891,s-1.372790
027_22,s-1.541576,s-1.210432,s288.554678
027_23,s0.970358,s1.598532,s250.164215
027_24,s0.165145,s1.877752,s84.984472
027_25,s0.376077,s-1.994860,s191.717213
027_26,s2.062533,s0.658165,s266.222515
028_0,s-0.419006,s0.537746,s293.383779
028_1,s0.126882,s-0.062448,s85.058711
028_2,s0.118856,s0.509190,s167.306764
028_3,s-0.900681,s0.755100,s97.816299
028_4,s1.237269,s-0.460597,s204.796269
028_5,s-0.789961,s-0.478372,s1.095131
028_6,s0.321354,s1.209870,s69.906545
028_7,s-1.266646,s-1.589618,s295.275041
028_8,s1.463884,s-0.057473,s341.153447
028_9,s-0.180740,s-0.555218,s71.009692
028_10,s0.950067,s0.022918,s125.805106
028_11,s0.827461,s-1.237559,s32.461180
028_12,s-1.096551,s1.389712,s287.414595
028_13,s0.063689,s-1.532506,s-11.224306
028_14,s1.442169,s-1.393711,s200.463943
028_15,s-1.587731,s-0.822113,s14.254735
028_16,s-1.848829,s0.168956,s0.588667
028_17,s0.577241,s1.648483,s161.752137
028_18,s0.836993,s-1.741941,s303.754787
028_19,s1.478723,s0.838431,s63.533547
028_20,s1.798238,s-0.673603,s232.292779
028_21,s-1.550057,s1.083348,s-4.118242
028_22,s-1.519936,s-1.230595,s116.573221
028_23,s0.965728,s1.600474,s251.551305
028_24,s0.165145,s1.877752,s84.984472
028_25,s0.225539,s-1.995755,s199.783752
028_26,s2.063893,s0.790503,s229.861651
028_27,s-0.653221,s-1.988542,s200.731066
029_0,s-0.419006,s0.537746,s293.383779
029_1,s0.126882,s-0.062448,s85.058711
029_2,s0.118856,s0.509190,s167.306764
029_3,s-0.900681,s0.755100,s97.816299
029_4,s1.237766,s-0.531418,s222.414073
029_5,s-0.789961,s-0.478372,s1.095131
029_6,s0.321354,s1.209870,s69.906545
029_7,s-1.173459,s-1.380189,s294.371419
029_8,s1.426924,s-0.059935,s351.335085
029_9,s-0.180740,s-0.555218,s71.009692
029_10,s0.950067,s0.022918,s125.805106
029_11,s0.827461,s-1.237559,s32.461180
029_12,s-1.190928,s1.405760,s285.774390
029_13,s0.121241,s-1.557175,s-4.783022
029_14,s1.442169,s-1.393711,s200.463943
029_15,s-1.587731,s-0.822113,s14.254735
029_16,s-2.066894,s0.083044,s-5.116568
029_17,s0.577241,s1.648483,s161.752137
029_18,s0.836993,s-1.741941,s303.754787
029_19,s1.337222,s0.925320,s65.367649
029_20,s1.871244,s-0.394167,s213.807339
029_21,s-1.496459,s1.116737,s79.460238
029_22,s-1.519936,s-1.230595,s116.573221
029_23,s0.965728,s1.600474,s251.551305
029_24,s-0.358106,s2.041671,s64.334227
029_25,s0.286442,s-1.947584,s202.952595
029_26,s2.048361,s0.784298,s224.492859
029_27,s-0.692619,s-1.759066,s222.270032
029_28,s0.564038,s2.012452,s307.476708
030_0,s-0.419006,s0.537746,s293.383779
030_1,s0.126882,s-0.062448,s85.058711
030_2,s0.118856,s0.509190,s167.306764
030_3,s-0.900681,s0.755100,s97.816299
030_4,s1.237766,s-0.531418,s222.414073
030_5,s-0.789961,s-0.478372,s1.095131
030_6,s0.321354,s1.209870,s69.906545
030_7,s-1.173459,s-1.380189,s294.371419
030_8,s1.426924,s-0.059935,s351.335085
030_9,s-0.180740,s-0.555218,s71.009692
030_10,s0.950067,s0.022918,s125.805106
030_11,s0.827461,s-1.237559,s32.461180
030_12,s-1.190928,s1.405760,s285.774390
030_13,s0.121241,s-1.557175,s-4.783022
030_14,s1.442169,s-1.393711,s200.463943
030_15,s-1.587731,s-0.822113,s14.254735
030_16,s-2.066894,s0.083044,s-5.116568
030_17,s0.577241,s1.648483,s161.752137
030_18,s0.836993,s-1.741941,s303.754787
030_19,s1.337222,s0.925320,s65.367649
030_20,s1.871244,s-0.394167,s213.807339
030_21,s-1.496459,s1.116737,s79.460238
030_22,s-1.519936,s-1.230595,s116.573221
030_23,s0.965728,s1.600474,s251.551305
030_24,s-0.358106,s2.041671,s64.334227
030_25,s0.286442,s-1.947584,s202.952595
030_26,s2.018333,s0.737083,s225.683208
030_27,s-0.692619,s-1.759066,s222.270032
030_28,s0.564038,s2.012452,s307.476708
030_29,s-2.049976,s-0.540367,s98.194751
031_0,s-0.419006,s0.537746,s293.383779
031_1,s0.126882,s-0.062448,s85.058711
031_2,s0.118856,s0.509190,s167.306764
031_3,s-0.900681,s0.755100,s97.816299
031_4,s1.237766,s-0.531418,s222.414073
031_5,s-0.789961,s-0.478372,s1.095131
031_6,s0.321354,s1.209870,s69.906545
031_7,s-1.173459,s-1.380189,s294.371419
031_8,s1.426924,s-0.059935,s351.335085
031_9,s-0.180740,s-0.555218,s71.009692
031_10,s0.950067,s0.022918,s125.805106
031_11,s0.827461,s-1.237559,s32.461180
031_12,s-1.190928,s1.405760,s285.774390
031_13,s0.121241,s-1.557175,s-4.783022
031_14,s1.442169,s-1.393711,s200.463943
031_15,s-1.587731,s-0.822113,s14.254735
031_16,s-2.066894,s0.083044,s-5.116568
031_17,s0.577241,s1.648483,s161.752137
031_18,s0.836993,s-1.741941,s303.754787
031_19,s1.337222,s0.925320,s65.367649
031_20,s1.871244,s-0.394167,s213.807339
031_21,s-1.496459,s1.116737,s79.460238
031_22,s-1.519936,s-1.230595,s116.573221
031_23,s0.965728,s1.600474,s251.551305
031_24,s-0.358106,s2.041671,s64.334227
031_25,s0.286442,s-1.947584,s202.952595
031_26,s1.989654,s0.763885,s227.873117
031_27,s-0.692619,s-1.759066,s222.270032
031_28,s0.564038,s2.012452,s307.476708
031_29,s-2.049976,s-0.540367,s98.194751
031_30,s1.775792,s1.290189,s305.692611
032_0,s-0.419006,s0.537746,s293.383779
032_1,s0.126882,s-0.062448,s85.058711
032_2,s0.118856,s0.509190,s167.306764
032_3,s-0.900681,s0.755100,s97.816299
032_4,s1.237766,s-0.531418,s222.414073
032_5,s-0.789961,s-0.478372,s1.095131
032_6,s0.321354,s1.209870,s69.906545
032_7,s-1.173459,s-1.380189,s294.371419
032_8,s1.426924,s-0.059935,s351.335085
032_9,s-0.180740,s-0.555218,s71.009692
032_10,s0.950067,s0.022918,s125.805106
032_11,s0.827461,s-1.237559,s32.461180
032_12,s-1.190928,s1.405760,s285.774390
032_13,s0.121241,s-1.557175,s-4.783022
032_14,s1.442169,s-1.393711,s200.463943
032_15,s-1.587731,s-0.822113,s14.254735
032_16,s-2.066894,s0.083044,s-5.116568
032_17,s0.577241,s1.648483,s161.752137
032_18,s0.836993,s-1.741941,s303.754787
032_19,s1.337222,s0.925320,s65.367649
032_20,s1.871244,s-0.394167,s213.807339
032_21,s-1.496459,s1.116737,s79.460238
032_22,s-1.519936,s-1.230595,s116.573221
032_23,s0.965728,s1.600474,s251.551305
032_24,s-0.358106,s2.041671,s64.334227
032_25,s0.286442,s-1.947584,s202.952595
032_26,s1.989654,s0.763885,s227.873117
032_27,s-0.692619,s-1.759066,s222.270032
032_28,s0.564038,s2.012452,s307.476708
032_29,s-2.049976,s-0.540367,s98.194751
032_30,s1.775792,s1.290189,s305.692611
032_31,s-1.202538,s-1.818324,s141.415862
033_0,s-0.419006,s0.537746,s293.383779
033_1,s0.126882,s-0.062448,s85.058711
033_2,s0.118856,s0.509190,s167.306764
033_3,s-0.763666,s0.799876,s109.791315
033_4,s1.189935,s-0.533263,s222.542666
033_5,s-0.789961,s-0.478372,s1.095131
033_6,s0.321354,s1.209870,s69.906545
033_7,s-1.201869,s-1.348682,s300.400534
033_8,s1.426924,s-0.059935,s351.335085
033_9,s-0.180740,s-0.555218,s71.009692
033_10,s0.883442,s0.106860,s130.125822
033_11,s0.827461,s-1.237559,s32.461180
033_12,s-1.190928,s1.405760,s285.774390
033_13,s0.108468,s-1.636782,s-5.942162
033_14,s1.442169,s-1.393711,s200.463943
033_15,s-1.437366,s-0.771255,s8.187428
033_16,s-2.122150,s0.067893,s353.472729
033_17,s0.577241,s1.648483,s161.752137
033_18,s0.836993,s-1.741941,s303.754787
033_19,s1.337222,s0.925320,s65.367649
033_20,s1.885119,s-0.366415,s216.434161
033_21,s-1.496459,s1.116737,s79.460238
033_22,s-1.519936,s-1.230595,s116.573221
033_23,s0.965728,s1.600474,s251.551305
033_24,s-0.413005,s1.998410,s59.496822
033_25,s0.305232,s-2.040673,s143.533235
033_26,s1.909130,s0.718485,s206.160931
033_27,s-0.494304,s-1.574964,s204.516644
033_28,s0.702212,s2.040095,s311.229859
033_29,s-2.015975,s-0.515461,s85.693957
033_30,s1.775792,s1.290189,s305.692611
033_31,s-1.410543,s-1.835991,s149.603841
033_32,s1.265441,s2.074502,s254.953416
034_0,s-0.419006,s0.537746,s293.383779
034_1,s0.126882,s-0.062448,s85.058711
034_2,s0.118856,s0.509190,s167.306764
034_3,s-0.763666,s0.799876,s109.791315
034_4,s1.189935,s-0.533263,s222.542666
034_5,s-0.789961,s-0.478372,s1.095131
034_6,s0.321354,s1.209870,s69.906545
034_7,s-1.201869,s-1.348682,s300.400534
034_8,s1.426924,s-0.059935,s351.335085
034_9,s-0.180740,s-0.555218,s71.009692
034_10,s0.883442,s0.106860,s130.125822
034_11,s0.827461,s-1.237559,s32.461180
034_12,s-1.190928,s1.405760,s285.774390
034_13,s0.187517,s-1.608339,s-5.579548
034_14,s1.442169,s-1.393711,s200.463943
034_15,s-1.393353,s-0.659721,s14.673527
034_16,s-2.438889,s-0.007255,s357.953091
034_17,s0.577241,s1.648483,s161.752137
034_18,s0.836993,s-1.741941,s303.754787
034_19,s1.337222,s0.925320,s65.367649
034_20,s1.980396,s-0.306810,s206.276942
034_21,s-1.496459,s1.116737,s79.460238
034_22,s-1.640700,s-1.284902,s98.435308
034_23,s0.965728,s1.600474,s251.551305
034_24,s-0.228005,s1.839091,s66.572210
034_25,s0.237398,s-2.092649,s254.953416
034_26,s1.909130,s0.718485,s206.160931
034_27,s-0.494304,s-1.574964,s204.516644
034_28,s0.702212,s2.040095,s311.229859
034_29,s-2.015975,s-0.515461,s85.693957
034_30,s1.775792,s1.290189,s305.692611
034_31,s-1.157883,s-1.908355,s164.565829
034_32,s1.265441,s2.074502,s254.953416
034_33,s-1.510739,s1.653865,s34.226905
035_0,s-0.419006,s0.537746,s293.383779
035_1,s0.126882,s-0.062448,s85.058711
035_2,s0.118856,s0.509190,s167.306764
035_3,s-0.688584,s0.938938,s103.006827
035_4,s1.278301,s-0.490568,s217.869209
035_5,s-0.789961,s-0.478372,s1.095131
035_6,s0.321354,s1.209870,s69.906545
035_7,s-1.054127,s-1.223779,s316.801416
035_8,s1.426924,s-0.059935,s351.335085
035_9,s-0.180740,s-0.555218,s71.009692
035_10,s0.828150,s0.165336,s132.424063
035_11,s0.710112,s-1.113530,s33.402417
035_12,s-1.186645,s1.376679,s292.662912
035_13,s0.182727,s-1.661310,s-4.986052
035_14,s1.442169,s-1.393711,s200.463943
035_15,s-1.309911,s-0.447036,s146.717102
035_16,s-2.773248,s0.391035,s302.743223
035_17,s0.577241,s1.648483,s161.752137
035_18,s0.836993,s-1.741941,s303.754787
035_19,s1.287863,s0.887265,s85.319960
035_20,s1.862553,s-0.611302,s292.355246
035_21,s-1.457538,s1.149048,s92.740738
035_22,s-1.501713,s-1.444669,s115.795843
035_23,s1.033457,s1.706751,s241.989823
035_24,s-0.228005,s1.839091,s66.572210
035_25,s0.237398,s-2.092649,s254.953416
035_26,s2.111354,s0.875371,s209.284909
035_27,s-0.663017,s-1.663264,s200.995665
035_28,s0.411459,s2.230559,s284.241511
035_29,s-2.000446,s-0.522008,s85.367139
035_30,s2.087605,s1.330957,s288.255092
035_31,s-1.178244,s-1.923084,s160.171650
035_32,s1.505283,s2.136689,s258.629697
035_33,s-1.495440,s1.667125,s41.681754
035_34,s-0.769452,s2.368131,s1.779766
036_0,s-0.419006,s0.537746,s293.383779
036_1,s0.126882,s-0.062448,s85.058711
036_2,s0.118856,s0.509190,s167.306764
036_3,s-0.688584,s0.938938,s103.006827
036_4,s1.278301,s-0.490568,s217.869209
036_5,s-0.789961,s-0.478372,s1.095131
036_6,s0.321354,s1.209870,s69.906545
036_7,s-1.054127,s-1.223779,s316.801416
036_8,s1.426924,s-0.059935,s351.335085
036_9,s-0.180740,s-0.555218,s71.009692
036_10,s0.828150,s0.165336,s132.424063
036_11,s0.710112,s-1.113530,s33.402417
036_12,s-1.186645,s1.376679,s292.662912
036_13,s0.182727,s-1.661310,s-4.986052
036_14,s1.442169,s-1.393711,s200.463943
036_15,s-1.309911,s-0.447036,s146.717102
036_16,s-2.773248,s0.391035,s302.743223
036_17,s0.577241,s1.648483,s161.752137
036_18,s0.836993,s-1.741941,s303.754787
036_19,s1.287863,s0.887265,s85.319960
036_20,s1.862553,s-0.611302,s292.355246
036_21,s-1.457538,s1.149048,s92.740738
036_22,s-1.501713,s-1.444669,s115.795843
036_23,s1.033457,s1.706751,s241.989823
036_24,s-0.228005,s1.839091,s66.572210
036_25,s0.237398,s-2.092649,s254.953416
036_26,s2.111354,s0.875371,s209.284909
036_27,s-0.663017,s-1.663264,s200.995665
036_28,s0.411459,s2.230559,s284.241511
036_29,s-2.000446,s-0.522008,s85.367139
036_30,s2.087605,s1.330957,s288.255092
036_31,s-1.178244,s-1.923084,s160.171650
036_32,s1.505283,s2.136689,s258.629697
036_33,s-1.495440,s1.667125,s41.681754
036_34,s-0.769452,s2.368131,s1.779766
036_35,s-0.781813,s-2.406173,s118.840259
037_0,s-0.419006,s0.537746,s293.383779
037_1,s0.126882,s-0.062448,s85.058711
037_2,s0.118856,s0.509190,s167.306764
037_3,s-0.688584,s0.938938,s103.006827
037_4,s1.278301,s-0.490568,s217.869209
037_5,s-0.789961,s-0.478372,s1.095131
037_6,s0.321354,s1.209870,s69.906545
037_7,s-1.054127,s-1.223779,s316.801416
037_8,s1.426924,s-0.059935,s351.335085
037_9,s-0.180740,s-0.555218,s71.009692
037_10,s0.828150,s0.165336,s132.424063
037_11,s0.710112,s-1.113530,s33.402417
037_12,s-1.186645,s1.376679,s292.662912
037_13,s0.182727,s-1.661310,s-4.986052
037_14,s1.442169,s-1.393711,s200.463943
037_15,s-1.309911,s-0.447036,s146.717102
037_16,s-2.773248,s0.391035,s302.743223
037_17,s0.577241,s1.648483,s161.752137
037_18,s0.836993,s-1.741941,s303.754787
037_19,s1.287863,s0.887265,s85.319960
037_20,s1.862553,s-0.611302,s292.355246
037_21,s-1.457538,s1.149048,s92.740738
037_22,s-1.501713,s-1.444669,s115.795843
037_23,s1.033457,s1.706751,s241.989823
037_24,s-0.228005,s1.839091,s66.572210
037_25,s0.237398,s-2.092649,s254.953416
037_26,s2.111354,s0.875371,s209.284909
037_27,s-0.663017,s-1.663264,s200.995665
037_28,s0.411459,s2.230559,s284.241511
037_29,s-2.000446,s-0.522008,s85.367139
037_30,s2.087605,s1.330957,s288.255092
037_31,s-1.178244,s-1.923084,s160.171650
037_32,s1.505283,s2.136689,s258.629697
037_33,s-1.495440,s1.667125,s41.681754
037_34,s-0.769452,s2.368131,s1.779766
037_35,s-0.781813,s-2.406173,s118.840259
037_36,s2.220718,s-0.986565,s264.361824
038_0,s-0.419006,s0.537746,s293.383779
038_1,s0.126882,s-0.062448,s85.058711
038_2,s0.118856,s0.509190,s167.306764
038_3,s-0.635982,s0.940750,s112.064344
038_4,s1.278301,s-0.490568,s217.869209
038_5,s-0.789961,s-0.478372,s1.095131
038_6,s0.321354,s1.209870,s69.906545
038_7,s-1.054127,s-1.223779,s316.801416
038_8,s1.426924,s-0.059935,s351.335085
038_9,s-0.180740,s-0.555218,s71.009692
038_10,s0.962499,s0.096806,s132.868041
038_11,s0.710112,s-1.113530,s33.402417
038_12,s-1.186645,s1.376679,s292.662912
038_13,s0.182727,s-1.661310,s-4.986052
038_14,s1.442169,s-1.393711,s200.463943
038_15,s-1.301133,s-0.500753,s163.241783
038_16,s-2.718153,s0.369732,s305.933531
038_17,s0.577241,s1.648483,s161.752137
038_18,s0.836993,s-1.741941,s303.754787
038_19,s1.287863,s0.887265,s85.319960
038_20,s1.997799,s-0.379577,s294.171471
038_21,s-1.457538,s1.149048,s92.740738
038_22,s-1.501713,s-1.444669,s115.795843
038_23,s1.033457,s1.706751,s241.989823
038_24,s-0.228005,s1.839091,s66.572210
038_25,s0.237398,s-2.092649,s254.953416
038_26,s2.111354,s0.875371,s209.284909
038_27,s-0.339581,s-1.830440,s199.682181
038_28,s0.420483,s2.200130,s265.960496
038_29,s-2.257064,s-0.533679,s327.577139
038_30,s2.087605,s1.330957,s288.255092
038_31,s-1.178244,s-1.923084,s160.171650
038_32,s1.700526,s1.986041,s41.485470
038_33,s-1.495440,s1.667125,s41.681754
038_34,s-0.769452,s2.368131,s1.779766
038_35,s-0.781813,s-2.406173,s118.840259
038_36,s2.237112,s-1.060123,s259.573295
038_37,s-1.400476,s2.333955,s224.451911
039_0,s-0.419006,s0.537746,s293.383779
039_1,s0.126882,s-0.062448,s85.058711
039_2,s0.118856,s0.509190,s167.306764
039_3,s-0.635982,s0.940750,s112.064344
039_4,s1.278301,s-0.490568,s217.869209
039_5,s-0.789961,s-0.478372,s1.095131
039_6,s0.321354,s1.209870,s69.906545
039_7,s-1.017628,s-1.355295,s320.777551
039_8,s1.426924,s-0.059935,s351.335085
039_9,s-0.180740,s-0.555218,s71.009692
039_10,s0.962499,s0.096806,s132.868041
039_11,s0.751284,s-1.029897,s265.185385
039_12,s-1.186645,s1.376679,s292.662912
039_13,s0.207538,s-1.549289,s-2.328496
039_14,s1.442169,s-1.393711,s200.463943
039_15,s-1.301133,s-0.500753,s163.241783
039_16,s-2.690353,s0.304712,s309.016212
039_17,s0.577241,s1.648483,s161.752137
039_18,s0.836993,s-1.741941,s303.754787
039_19,s1.260369,s0.910343,s98.299831
039_20,s1.997799,s-0.379577,s294.171471
039_21,s-1.607040,s1.104954,s95.435808
039_22,s-1.501713,s-1.444669,s115.795843
039_23,s1.033457,s1.706751,s241.989823
039_24,s-0.228005,s1.839091,s66.572210
039_25,s0.237398,s-2.092649,s254.953416
039_26,s2.111354,s0.875371,s209.284909
039_27,s-0.339581,s-1.830440,s199.682181
039_28,s0.420483,s2.200130,s265.960496
039_29,s-2.257064,s-0.533679,s327.577139
039_30,s2.055954,s1.604709,s290.593456
039_31,s-1.178244,s-1.923084,s160.171650
039_32,s1.885612,s2.167731,s46.756446
039_33,s-1.495440,s1.667125,s41.681754
039_34,s-0.769452,s2.368131,s1.779766
039_35,s-0.745193,s-2.385069,s116.512781
039_36,s2.122391,s-1.039022,s243.882956
039_37,s-1.400476,s2.333955,s224.451911
039_38,s-2.026588,s1.472402,s64.827705
040_0,s-0.419006,s0.537746,s66.484591
040_1,s0.126882,s-0.062448,s64.232606
040_2,s0.118856,s0.509190,s67.395859
040_3,s-0.456521,s1.112073,s32.461180
040_4,s1.369071,s-0.424726,s230.913639
040_5,s-0.685309,s-0.471245,s21.338376
040_6,s0.321354,s1.209870,s34.868320
040_7,s-0.970112,s-1.408912,s294.908205
040_8,s1.426924,s-0.059935,s195.478794
040_9,s-0.180740,s-0.555218,s162.674387
040_10,s0.997510,s0.212153,s154.298501
040_11,s0.677224,s-0.877666,s146.588705
040_12,s-1.196238,s1.417503,s227.864541
040_13,s0.203848,s-1.380600,s307.476708
040_14,s1.584561,s-1.378642,s149.170438
040_15,s-1.384082,s-0.144191,s143.453750
040_16,s-2.459579,s0.640505,s260.282159
040_17,s0.577241,s1.648483,s168.765257
040_18,s0.787760,s-1.835927,s339.614030
040_19,s1.370569,s0.969814,s133.710443
040_20,s2.094370,s-0.451990,s10.817498
040_21,s-1.411775,s1.029080,s287.414595
040_22,s-1.651204,s-1.317986,s195.079776
040_23,s1.098819,s1.743912,s284.951291
040_24,s-0.228005,s1.839091,s68.166571
040_25,s0.382131,s-2.220847,s33.699198
040_26,s1.897603,s0.830610,s164.238410
040_27,s-0.405399,s-1.733201,s326.457598
040_28,s0.420483,s2.200130,s113.652646
040_29,s-2.297736,s-0.560338,s226.073115
040_30,s2.064209,s1.685409,s117.445652
040_31,s-1.181450,s-1.865694,s117.445652
040_32,s1.889070,s2.292872,s200.013867
040_33,s-1.495440,s1.667125,s140.859474
040_34,s-0.731044,s2.377360,s97.327406
040_35,s-0.778602,s-2.397564,s-4.760699
040_36,s2.344603,s-1.239051,s145.254254
040_37,s-1.463591,s2.406286,s85.585461
040_38,s-2.135887,s1.349201,s117.445652
040_39,s0.135193,s2.516911,s299.438252
041_0,s-0.419006,s0.537746,s66.484591
041_1,s0.126882,s-0.062448,s64.232606
041_2,s0.118856,s0.509190,s67.395859
041_3,s-0.456521,s1.112073,s32.461180
041_4,s1.369071,s-0.424726,s230.913639
041_5,s-0.685309,s-0.471245,s21.338376
041_6,s0.321354,s1.209870,s34.868320
041_7,s-0.970112,s-1.408912,s294.908205
041_8,s1.426924,s-0.059935,s195.478794
041_9,s-0.180740,s-0.555218,s162.674387
041_10,s0.997510,s0.212153,s154.298501
041_11,s0.677224,s-0.877666,s146.588705
041_12,s-1.196238,s1.417503,s227.864541
041_13,s0.203848,s-1.380600,s307.476708
041_14,s1.584561,s-1.378642,s149.170438
041_15,s-1.384082,s-0.144191,s143.453750
041_16,s-2.459579,s0.640505,s260.282159
041_17,s0.577241,s1.648483,s168.765257
041_18,s0.787760,s-1.835927,s339.614030
041_19,s1.370569,s0.969814,s133.710443
041_20,s2.094370,s-0.451990,s10.817498
041_21,s-1.411775,s1.029080,s287.414595
041_22,s-1.651204,s-1.317986,s195.079776
041_23,s1.098819,s1.743912,s284.951291
041_24,s-0.228005,s1.839091,s68.166571
041_25,s0.382131,s-2.220847,s33.699198
041_26,s1.897603,s0.830610,s164.238410
041_27,s-0.405399,s-1.733201,s326.457598
041_28,s0.420483,s2.200130,s113.652646
041_29,s-2.297736,s-0.560338,s226.073115
041_30,s2.064209,s1.685409,s117.445652
041_31,s-1.181450,s-1.865694,s117.445652
041_32,s1.889070,s2.292872,s200.013867
041_33,s-1.495440,s1.667125,s140.859474
041_34,s-0.731044,s2.377360,s97.327406
041_35,s-0.778602,s-2.397564,s-4.760699
041_36,s2.344603,s-1.239051,s145.254254
041_37,s-1.463591,s2.406286,s85.585461
041_38,s-2.135887,s1.349201,s117.445652
041_39,s0.135193,s2.516911,s299.438252
041_40,s2.370000,s0.000000,s313.073065
042_0,s-0.419006,s0.537746,s66.484591
042_1,s0.126882,s-0.062448,s64.232606
042_2,s0.118856,s0.509190,s67.395859
042_3,s-0.456521,s1.112073,s32.461180
042_4,s1.369071,s-0.424726,s230.913639
042_5,s-0.685309,s-0.471245,s21.338376
042_6,s0.321354,s1.209870,s34.868320
042_7,s-0.970112,s-1.408912,s294.908205
042_8,s1.426924,s-0.059935,s195.478794
042_9,s-0.180740,s-0.555218,s162.674387
042_10,s0.997510,s0.212153,s154.298501
042_11,s0.677224,s-0.877666,s146.588705
042_12,s-1.196238,s1.417503,s227.864541
042_13,s0.203848,s-1.380600,s307.476708
042_14,s1.584561,s-1.378642,s149.170438
042_15,s-1.384082,s-0.144191,s143.453750
042_16,s-2.459579,s0.640505,s260.282159
042_17,s0.577241,s1.648483,s168.765257
042_18,s0.787760,s-1.835927,s339.614030
042_19,s1.370569,s0.969814,s133.710443
042_20,s2.094370,s-0.451990,s10.817498
042_21,s-1.411775,s1.029080,s287.414595
042_22,s-1.651204,s-1.317986,s195.079776
042_23,s1.098819,s1.743912,s284.951291
042_24,s-0.228005,s1.839091,s68.166571
042_25,s0.382131,s-2.220847,s33.699198
042_26,s1.897603,s0.830610,s164.238410
042_27,s-0.405399,s-1.733201,s326.457598
042_28,s0.420483,s2.200130,s113.652646
042_29,s-2.297736,s-0.560338,s226.073115
042_30,s2.064209,s1.685409,s117.445652
042_31,s-1.181450,s-1.865694,s117.445652
042_32,s1.889070,s2.292872,s200.013867
042_33,s-1.495440,s1.667125,s140.859474
042_34,s-0.731044,s2.377360,s97.327406
042_35,s-0.778602,s-2.397564,s-4.760699
042_36,s2.344603,s-1.239051,s145.254254
042_37,s-1.463591,s2.406286,s85.585461
042_38,s-2.135887,s1.349201,s117.445652
042_39,s0.135193,s2.516911,s299.438252
042_40,s2.370000,s0.000000,s313.073065
042_41,s-2.230205,s-1.107379,s145.792120
043_0,s-0.419006,s0.537746,s66.484591
043_1,s0.126882,s-0.062448,s64.232606
043_2,s0.118856,s0.509190,s67.395859
043_3,s-0.456521,s1.112073,s32.461180
043_4,s1.369071,s-0.424726,s230.913639
043_5,s-0.685309,s-0.471245,s21.338376
043_6,s0.321354,s1.209870,s34.868320
043_7,s-0.970112,s-1.408912,s294.908205
043_8,s1.426924,s-0.059935,s195.478794
043_9,s-0.180740,s-0.555218,s162.674387
043_10,s0.997510,s0.212153,s154.298501
043_11,s0.677224,s-0.877666,s146.588705
043_12,s-1.196238,s1.417503,s227.864541
043_13,s0.203848,s-1.380600,s307.476708
043_14,s1.584561,s-1.378642,s149.170438
043_15,s-1.384082,s-0.144191,s143.453750
043_16,s-2.459579,s0.640505,s260.282159
043_17,s0.577241,s1.648483,s168.765257
043_18,s0.787760,s-1.835927,s339.614030
043_19,s1.370569,s0.969814,s133.710443
043_20,s2.094370,s-0.451990,s10.817498
043_21,s-1.411775,s1.029080,s287.414595
043_22,s-1.651204,s-1.317986,s195.079776
043_23,s1.098819,s1.743912,s284.951291
043_24,s-0.228005,s1.839091,s68.166571
043_25,s0.382131,s-2.220847,s33.699198
043_26,s1.897603,s0.830610,s164.238410
043_27,s-0.405399,s-1.733201,s326.457598
043_28,s0.420483,s2.200130,s113.652646
043_29,s-2.297736,s-0.560338,s226.073115
043_30,s2.064209,s1.685409,s117.445652
043_31,s-1.181450,s-1.865694,s117.445652
043_32,s1.889070,s2.292872,s200.013867
043_33,s-1.495440,s1.667125,s140.859474
043_34,s-0.731044,s2.377360,s97.327406
043_35,s-0.778602,s-2.397564,s-4.760699
043_36,s2.344603,s-1.239051,s145.254254
043_37,s-1.463591,s2.406286,s85.585461
043_38,s-2.135887,s1.349201,s117.445652
043_39,s0.135193,s2.516911,s299.438252
043_40,s2.370000,s0.000000,s313.073065
043_41,s-2.230205,s-1.107379,s145.792120
043_42,s-2.400000,s0.000000,s254.953416
044_0,s-0.419006,s0.537746,s66.484591
044_1,s0.089164,s-0.117635,s77.559809
044_2,s0.118856,s0.509190,s67.395859
044_3,s-0.456521,s1.112073,s32.461180
044_4,s1.369071,s-0.424726,s230.913639
044_5,s-0.638570,s-0.535648,s40.649168
044_6,s0.321354,s1.209870,s34.868320
044_7,s-0.970112,s-1.408912,s294.908205
044_8,s1.426924,s-0.059935,s195.478794
044_9,s-0.180740,s-0.555218,s162.674387
044_10,s0.972969,s0.142908,s152.919136
044_11,s0.677224,s-0.877666,s146.588705
044_12,s-1.196238,s1.417503,s227.864541
044_13,s0.203848,s-1.380600,s307.476708
044_14,s1.545883,s-1.429740,s206.467247
044_15,s-1.384082,s-0.144191,s143.453750
044_16,s-2.644259,s0.733859,s267.875165
044_17,s0.577241,s1.648483,s168.765257
044_18,s0.787760,s-1.835927,s339.614030
044_19,s1.182761,s1.080688,s136.551439
044_20,s2.011156,s-0.405505,s1.520509
044_21,s-1.411775,s1.029080,s287.414595
044_22,s-1.651204,s-1.317986,s195.079776
044_23,s1.098819,s1.743912,s284.951291
044_24,s-0.228005,s1.839091,s68.166571
044_25,s0.382131,s-2.220847,s33.699198
044_26,s1.869250,s0.751289,s154.018683
044_27,s-0.426259,s-1.770901,s328.737687
044_28,s0.420483,s2.200130,s113.652646
044_29,s-2.297736,s-0.560338,s226.073115
044_30,s2.064209,s1.685409,s117.445652
044_31,s-1.181450,s-1.865694,s117.445652
044_32,s1.889070,s2.292872,s200.013867
044_33,s-1.495440,s1.667125,s140.859474
044_34,s-0.731044,s2.377360,s97.327406
044_35,s-0.810134,s-2.516649,s257.713039
044_36,s2.476479,s-1.060998,s161.635991
044_37,s-1.463591,s2.406286,s85.585461
044_38,s-2.274932,s1.525922,s-24.936810
044_39,s0.135193,s2.516911,s299.438252
044_40,s2.370000,s0.000000,s313.073065
044_41,s-2.389168,s-1.045815,s144.294727
044_42,s-2.341972,s0.184125,s242.701871
044_43,s0.762607,s-2.241242,s220.576842
045_0,s-0.419006,s0.537746,s66.484591
045_1,s0.089164,s-0.117635,s77.559809
045_2,s0.118856,s0.509190,s67.395859
045_3,s-0.456521,s1.112073,s32.461180
045_4,s1.369071,s-0.424726,s230.913639
045_5,s-0.638570,s-0.535648,s40.649168
045_6,s0.321354,s1.209870,s34.868320
045_7,s-0.970112,s-1.408912,s294.908205
045_8,s1.426924,s-0.059935,s195.478794
045_9,s-0.180740,s-0.555218,s162.674387
045_10,s0.972969,s0.142908,s152.919136
045_11,s0.677224,s-0.877666,s146.588705
045_12,s-1.196238,s1.417503,s227.864541
045_13,s0.203848,s-1.380600,s307.476708
045_14,s1.506772,s-1.413987,s220.141595
045_15,s-1.283596,s-0.215527,s146.783135
045_16,s-2.670310,s0.775564,s144.023699
045_17,s0.577241,s1.648483,s168.765257
045_18,s0.935901,s-1.808807,s348.749353
045_19,s1.182761,s1.080688,s136.551439
045_20,s2.011156,s-0.405505,s1.520509
045_21,s-1.411775,s1.029080,s287.414595
045_22,s-1.651204,s-1.317986,s195.079776
045_23,s1.098819,s1.743912,s284.951291
045_24,s-0.228005,s1.839091,s68.166571
045_25,s0.382131,s-2.220847,s33.699198
045_26,s1.869250,s0.751289,s154.018683
045_27,s-0.426259,s-1.770901,s328.737687
045_28,s0.420483,s2.200130,s113.652646
045_29,s-2.297736,s-0.560338,s226.073115
045_30,s2.064209,s1.685409,s117.445652
045_31,s-1.181450,s-1.865694,s117.445652
045_32,s1.822118,s2.332353,s30.895617
045_33,s-1.495440,s1.667125,s140.859474
045_34,s-0.731044,s2.377360,s97.327406
045_35,s-0.810134,s-2.516649,s257.713039
045_36,s2.557213,s-1.091507,s168.445065
045_37,s-1.463591,s2.406286,s85.585461
045_38,s-2.274932,s1.525922,s-24.936810
045_39,s0.135193,s2.516911,s299.438252
045_40,s2.370000,s0.000000,s313.073065
045_41,s-2.389168,s-1.045815,s144.294727
045_42,s-2.341972,s0.184125,s242.701871
045_43,s0.762607,s-2.241242,s220.576842
045_44,s-2.711400,s-0.537618,s65.264911
046_0,s-0.419006,s0.537746,s66.484591
046_1,s0.080343,s-0.093266,s80.696339
046_2,s0.118856,s0.509190,s67.395859
046_3,s-0.456521,s1.112073,s32.461180
046_4,s1.369071,s-0.424726,s230.913639
046_5,s-0.638570,s-0.535648,s40.649168
046_6,s0.321354,s1.209870,s34.868320
046_7,s-0.970112,s-1.408912,s294.908205
046_8,s1.426924,s-0.059935,s195.478794
046_9,s-0.180740,s-0.555218,s162.674387
046_10,s1.008519,s0.242623,s145.835664
046_11,s0.677224,s-0.877666,s146.588705
046_12,s-1.196238,s1.417503,s227.864541
046_13,s0.203848,s-1.380600,s307.476708
046_14,s1.710210,s-1.211786,s229.911947
046_15,s-1.283596,s-0.215527,s146.783135
046_16,s-2.409120,s1.131938,s224.074625
046_17,s0.577241,s1.648483,s168.765257
046_18,s0.906585,s-1.843747,s345.760352
046_19,s1.311450,s1.037623,s139.861835
046_20,s2.081214,s-0.461987,s12.329552
046_21,s-1.411775,s1.029080,s287.414595
046_22,s-1.651204,s-1.317986,s195.079776
046_23,s1.098819,s1.743912,s284.951291
046_24,s-0.228005,s1.839091,s68.166571
046_25,s0.441582,s-2.240933,s48.329720
046_26,s1.869250,s0.751289,s154.018683
046_27,s-0.459933,s-1.760967,s228.063733
046_28,s0.420483,s2.200130,s113.652646
046_29,s-2.297736,s-0.560338,s226.073115
046_30,s2.064209,s1.685409,s117.445652
046_31,s-1.181450,s-1.865694,s117.445652
046_32,s1.829176,s2.598405,s44.172069
046_33,s-1.495440,s1.667125,s140.859474
046_34,s-0.731044,s2.377360,s97.327406
046_35,s-0.378087,s-2.717061,s51.553700
046_36,s2.557213,s-1.091507,s168.445065
046_37,s-1.463591,s2.406286,s85.585461
046_38,s-2.297179,s1.584374,s-32.400920
046_39,s0.221306,s2.677824,s312.736460
046_40,s2.370000,s0.000000,s313.073065
046_41,s-2.389168,s-1.045815,s144.294727
046_42,s-2.338733,s0.215059,s227.464743
046_43,s0.762607,s-2.241242,s220.576842
046_44,s-2.785661,s-0.377315,s40.677175
046_45,s-1.947195,s-1.984145,s101.764528
047_0,s-0.419006,s0.537746,s66.484591
047_1,s0.080343,s-0.093266,s80.696339
047_2,s0.118856,s0.509190,s67.395859
047_3,s-0.456521,s1.112073,s32.461180
047_4,s1.369071,s-0.424726,s230.913639
047_5,s-0.705404,s-0.532480,s36.121658
047_6,s0.321354,s1.209870,s34.868320
047_7,s-0.767730,s-1.482472,s53.049182
047_8,s1.426924,s-0.059935,s195.478794
047_9,s-0.180740,s-0.555218,s162.674387
047_10,s0.999874,s0.402402,s163.196026
047_11,s0.677224,s-0.877666,s146.588705
047_12,s-1.196238,s1.417503,s227.864541
047_13,s0.203848,s-1.380600,s307.476708
047_14,s1.686758,s-1.196457,s137.917716
047_15,s-1.344655,s-0.267509,s145.425255
047_16,s-2.480492,s1.094703,s217.317134
047_17,s0.577241,s1.648483,s168.765257
047_18,s0.822800,s-1.862334,s326.812861
047_19,s1.044737,s1.055471,s128.762436
047_20,s2.081214,s-0.461987,s12.329552
047_21,s-1.411775,s1.029080,s287.414595
047_22,s-1.651204,s-1.317986,s195.079776
047_23,s1.113152,s1.697890,s229.324833
047_24,s-0.228005,s1.839091,s68.166571
047_25,s0.367901,s-2.368790,s48.262669
047_26,s1.960578,s0.800264,s153.711314
047_27,s-0.591015,s-1.919952,s231.950052
047_28,s0.420483,s2.200130,s113.652646
047_29,s-2.307962,s-0.489575,s211.038001
047_30,s2.135423,s1.826766,s206.304344
047_31,s-1.181450,s-1.865694,s117.445652
047_32,s1.876646,s2.750307,s210.582939
047_33,s-1.495440,s1.667125,s140.859474
047_34,s-0.731044,s2.377360,s97.327406
047_35,s-0.247990,s-2.701118,s54.951753
047_36,s2.545610,s-1.178779,s164.304377
047_37,s-1.463591,s2.406286,s85.585461
047_38,s-2.314115,s1.599790,s-28.699739
047_39,s0.140160,s2.869545,s297.482838
047_40,s2.325442,s0.124520,s323.647350
047_41,s-2.367801,s-1.146160,s138.233510
047_42,s-2.550862,s0.361653,s235.260619
047_43,s1.126072,s-2.422149,s238.241585
047_44,s-2.845816,s-0.566022,s38.390308
047_45,s-2.143807,s-2.201582,s112.754274
047_46,s1.656391,s-1.890997,s256.740152
048_0,s-0.419006,s0.537746,s66.484591
048_1,s0.080343,s-0.093266,s80.696339
048_2,s0.118856,s0.509190,s67.395859
048_3,s-0.456521,s1.112073,s32.461180
048_4,s1.369071,s-0.424726,s230.913639
048_5,s-0.705404,s-0.532480,s36.121658
048_6,s0.321354,s1.209870,s34.868320
048_7,s-0.767730,s-1.482472,s53.049182
048_8,s1.426924,s-0.059935,s195.478794
048_9,s-0.180740,s-0.555218,s162.674387
048_10,s0.999874,s0.402402,s163.196026
048_11,s0.677224,s-0.877666,s146.588705
048_12,s-1.196238,s1.417503,s227.864541
048_13,s0.203848,s-1.380600,s307.476708
048_14,s1.686758,s-1.196457,s137.917716
048_15,s-1.344655,s-0.267509,s145.425255
048_16,s-2.480492,s1.094703,s217.317134
048_17,s0.577241,s1.648483,s168.765257
048_18,s0.822800,s-1.862334,s326.812861
048_19,s1.044737,s1.055471,s128.762436
048_20,s2.081214,s-0.461987,s12.329552
048_21,s-1.411775,s1.029080,s287.414595
048_22,s-1.651204,s-1.317986,s195.079776
048_23,s1.113152,s1.697890,s229.324833
048_24,s-0.228005,s1.839091,s68.166571
048_25,s0.367901,s-2.368790,s48.262669
048_26,s1.960578,s0.800264,s153.711314
048_27,s-0.591015,s-1.919952,s231.950052
048_28,s0.420483,s2.200130,s113.652646
048_29,s-2.307962,s-0.489575,s211.038001
048_30,s2.135423,s1.826766,s206.304344
048_31,s-1.181450,s-1.865694,s117.445652
048_32,s1.876646,s2.750307,s210.582939
048_33,s-1.495440,s1.667125,s140.859474
048_34,s-0.731044,s2.377360,s97.327406
048_35,s-0.247990,s-2.701118,s54.951753
048_36,s2.545610,s-1.178779,s164.304377
048_37,s-1.463591,s2.406286,s85.585461
048_38,s-2.314115,s1.599790,s-28.699739
048_39,s0.140160,s2.869545,s297.482838
048_40,s2.325442,s0.124520,s323.647350
048_41,s-2.367801,s-1.146160,s138.233510
048_42,s-2.550862,s0.361653,s235.260619
048_43,s1.126072,s-2.422149,s238.241585
048_44,s-2.845816,s-0.566022,s38.390308
048_45,s-2.143807,s-2.201582,s112.754274
048_46,s1.656391,s-1.890997,s256.740152
048_47,s0.717625,s2.058498,s287.414595
049_0,s-0.419006,s0.537746,s66.484591
049_1,s0.080343,s-0.093266,s80.696339
049_2,s0.118856,s0.509190,s67.395859
049_3,s-0.456521,s1.112073,s32.461180
049_4,s1.369071,s-0.424726,s230.913639
049_5,s-0.705404,s-0.532480,s36.121658
049_6,s0.321354,s1.209870,s34.868320
049_7,s-0.767730,s-1.482472,s53.049182
049_8,s1.426924,s-0.059935,s195.478794
049_9,s-0.180740,s-0.555218,s162.674387
049_10,s0.923940,s0.311681,s141.891607
049_11,s0.677224,s-0.877666,s146.588705
049_12,s-1.196238,s1.417503,s227.864541
049_13,s0.203848,s-1.380600,s307.476708
049_14,s1.686758,s-1.196457,s137.917716
049_15,s-1.344655,s-0.267509,s145.425255
049_16,s-2.480492,s1.094703,s217.317134
049_17,s0.577241,s1.648483,s168.765257
049_18,s0.822800,s-1.862334,s326.812861
049_19,s1.065031,s1.031871,s215.190116
049_20,s2.081214,s-0.461987,s12.329552
049_21,s-1.411775,s1.029080,s287.414595
049_22,s-1.651204,s-1.317986,s195.079776
049_23,s1.113152,s1.697890,s229.324833
049_24,s-0.228005,s1.839091,s68.166571
049_25,s0.367901,s-2.368790,s48.262669
049_26,s1.960578,s0.800264,s153.711314
049_27,s-0.591015,s-1.919952,s231.950052
049_28,s0.420483,s2.200130,s113.652646
049_29,s-2.307962,s-0.489575,s211.038001
049_30,s2.052298,s1.825834,s207.747832
049_31,s-1.181450,s-1.865694,s117.445652
049_32,s1.876646,s2.750307,s210.582939
049_33,s-1.495440,s1.667125,s140.859474
049_34,s-0.731044,s2.377360,s97.327406
049_35,s-0.247990,s-2.701118,s54.951753
049_36,s2.545610,s-1.178779,s164.304377
049_37,s-1.463591,s2.406286,s85.585461
049_38,s-2.314115,s1.599790,s-28.699739
049_39,s0.227216,s2.733020,s301.273468
049_40,s2.325442,s0.124520,s323.647350
049_41,s-2.367801,s-1.146160,s138.233510
049_42,s-2.550862,s0.361653,s235.260619
049_43,s1.126072,s-2.422149,s238.241585
049_44,s-2.925288,s-0.632252,s44.278812
049_45,s-2.113611,s-2.132940,s115.251980
049_46,s1.656391,s-1.890997,s256.740152
049_47,s0.717625,s2.058498,s287.414595
049_48,s-1.061231,s-2.650436,s216.936287
050_0,s-0.419006,s0.537746,s66.484591
050_1,s0.080343,s-0.093266,s80.696339
050_2,s0.118856,s0.509190,s67.395859
050_3,s-0.456521,s1.112073,s32.461180
050_4,s1.369071,s-0.424726,s230.913639
050_5,s-0.635607,s-0.500768,s30.959285
050_6,s0.321354,s1.209870,s34.868320
050_7,s-0.786102,s-1.355272,s43.582216
050_8,s1.426924,s-0.059935,s195.478794
050_9,s-0.180740,s-0.555218,s162.674387
050_10,s0.923940,s0.311681,s141.891607
050_11,s0.677224,s-0.877666,s146.588705
050_12,s-1.196238,s1.417503,s227.864541
050_13,s0.203848,s-1.380600,s307.476708
050_14,s1.697510,s-1.255758,s142.910930
050_15,s-1.482120,s-0.162107,s141.935304
050_16,s-2.480492,s1.094703,s217.317134
050_17,s0.577241,s1.648483,s168.765257
050_18,s0.747578,s-1.827526,s338.083735
050_19,s1.060516,s1.035451,s215.975670
050_20,s2.081214,s-0.461987,s12.329552
050_21,s-1.411775,s1.029080,s287.414595
050_22,s-1.651204,s-1.317986,s195.079776
050_23,s1.180829,s1.723051,s238.515130
050_24,s-0.228005,s1.839091,s68.166571
050_25,s0.367901,s-2.368790,s48.262669
050_26,s2.008367,s0.996090,s143.284349
050_27,s-0.591015,s-1.919952,s231.950052
050_28,s0.420483,s2.200130,s113.652646
050_29,s-2.307962,s-0.489575,s211.038001
050_30,s1.957454,s1.965844,s201.107489
050_31,s-1.181450,s-1.865694,s117.445652
050_32,s1.876476,s2.912790,s248.539402
050_33,s-1.536300,s1.625000,s137.299902
050_34,s-0.731044,s2.377360,s97.327406
050_35,s-0.247990,s-2.701118,s54.951753
050_36,s2.580485,s-1.128573,s180.568348
050_37,s-1.463591,s2.406286,s85.585461
050_38,s-2.394854,s1.603417,s-33.125848
050_39,s0.580899,s2.786806,s82.359621
050_40,s2.334937,s0.126043,s325.316764
050_41,s-2.341167,s-1.213415,s119.277438
050_42,s-2.588651,s0.286495,s230.638613
050_43,s1.077159,s-2.334507,s254.547466
050_44,s-2.769501,s-0.786749,s51.282425
050_45,s-2.262003,s-2.181936,s141.525979
050_46,s1.761414,s-1.962013,s250.079870
050_47,s0.717625,s2.058498,s287.414595
050_48,s-1.061231,s-2.650436,s216.936287
050_49,s3.013280,s0.101839,s131.241125
051_0,s-0.419006,s0.537746,s66.484591
051_1,s0.080343,s-0.093266,s80.696339
051_2,s0.118856,s0.509190,s67.395859
051_3,s-0.456521,s1.112073,s32.461180
051_4,s1.369071,s-0.424726,s230.913639
051_5,s-0.686911,s-0.383188,s24.014910
051_6,s0.321354,s1.209870,s34.868320
051_7,s-0.773511,s-1.205661,s45.637780
051_8,s1.426924,s-0.059935,s195.478794
051_9,s-0.180740,s-0.555218,s162.674387
051_10,s1.052416,s0.396823,s143.477698
051_11,s0.677224,s-0.877666,s146.588705
051_12,s-1.196238,s1.417503,s227.864541
051_13,s0.203848,s-1.380600,s307.476708
051_14,s1.721651,s-1.252651,s295.394808
051_15,s-1.514460,s-0.175173,s155.176617
051_16,s-2.598292,s1.055312,s225.314266
051_17,s0.577241,s1.648483,s168.765257
051_18,s0.747578,s-1.827526,s338.083735
051_19,s1.060516,s1.035451,s215.975670
051_20,s2.014806,s-0.368407,s7.029036
051_21,s-1.411775,s1.029080,s287.414595
051_22,s-1.651204,s-1.317986,s195.079776
051_23,s1.218652,s1.761312,s252.912729
051_24,s-0.228005,s1.839091,s68.166571
051_25,s0.367901,s-2.368790,s48.262669
051_26,s1.979967,s1.053205,s150.709556
051_27,s-0.746763,s-1.681843,s231.663461
051_28,s0.420483,s2.200130,s113.652646
051_29,s-2.307962,s-0.489575,s211.038001
051_30,s1.796407,s2.070355,s21.304786
051_31,s-1.181450,s-1.865694,s117.445652
051_32,s1.964734,s2.805174,s268.230804
051_33,s-1.536300,s1.625000,s137.299902
051_34,s-0.731044,s2.377360,s97.327406
051_35,s-0.446095,s-2.523910,s209.238650
051_36,s2.686724,s-1.037747,s180.184344
051_37,s-1.463591,s2.406286,s85.585461
051_38,s-2.394586,s1.956845,s42.390527
051_39,s0.606134,s2.817204,s102.586532
051_40,s2.364457,s0.343223,s326.622369
051_41,s-2.368234,s-1.261472,s138.392372
051_42,s-2.607558,s0.406389,s169.968944
051_43,s1.077159,s-2.334507,s254.547466
051_44,s-2.759084,s-0.731423,s43.526992
051_45,s-2.248774,s-2.141391,s162.186956
051_46,s1.800568,s-1.837088,s245.092131
051_47,s0.717625,s2.058498,s287.414595
051_48,s-1.061231,s-2.650436,s216.936287
051_49,s3.001257,s-0.065900,s140.948575
051_50,s0.666357,s-2.626798,s162.742746
052_0,s-0.419006,s0.537746,s66.484591
052_1,s0.080343,s-0.093266,s80.696339
052_2,s0.118856,s0.509190,s67.395859
052_3,s-0.311404,s1.170184,s41.474143
052_4,s1.369071,s-0.424726,s230.913639
052_5,s-0.748436,s-0.513013,s35.729071
052_6,s0.321354,s1.209870,s34.868320
052_7,s-0.773511,s-1.205661,s45.637780
052_8,s1.426924,s-0.059935,s195.478794
052_9,s-0.180740,s-0.555218,s162.674387
052_10,s1.120694,s0.383596,s148.779124
052_11,s0.677224,s-0.877666,s146.588705
052_12,s-1.196238,s1.417503,s227.864541
052_13,s0.203848,s-1.380600,s307.476708
052_14,s1.570231,s-1.281910,s150.396219
052_15,s-1.436476,s-0.324988,s150.625239
052_16,s-2.745294,s1.175611,s212.482614
052_17,s0.577241,s1.648483,s168.765257
052_18,s0.747578,s-1.827526,s338.083735
052_19,s1.060516,s1.035451,s215.975670
052_20,s2.014806,s-0.368407,s7.029036
052_21,s-1.411775,s1.029080,s287.414595
052_22,s-1.663678,s-1.409360,s122.644927
052_23,s1.218652,s1.761312,s252.912729
052_24,s-0.228005,s1.839091,s68.166571
052_25,s0.278015,s-2.221213,s50.098451
052_26,s2.114452,s1.096234,s138.205979
052_27,s-0.746763,s-1.681843,s231.663461
052_28,s0.420483,s2.200130,s113.652646
052_29,s-2.188797,s-0.407261,s203.189363
052_30,s1.936319,s2.053706,s21.062547
052_31,s-1.181450,s-1.865694,s117.445652
052_32,s1.964734,s2.805174,s268.230804
052_33,s-1.536300,s1.625000,s137.299902
052_34,s-0.640643,s2.630366,s97.291953
052_35,s-0.588774,s-2.506239,s218.904515
052_36,s2.466902,s-1.057426,s161.239705
052_37,s-1.463591,s2.406286,s85.585461
052_38,s-2.394586,s1.956845,s42.390527
052_39,s0.471883,s2.824553,s104.484477
052_40,s2.255784,s0.279640,s317.599049
052_41,s-2.368234,s-1.261472,s138.392372
052_42,s-2.599031,s0.431910,s164.396661
052_43,s1.004979,s-2.273361,s255.682725
052_44,s-2.937570,s-0.574886,s26.524108
052_45,s-2.213636,s-2.088617,s156.895180
052_46,s1.800568,s-1.837088,s245.092131
052_47,s0.706614,s2.109327,s283.052491
052_48,s-1.404531,s-2.694972,s207.578762
052_49,s2.979538,s-0.051197,s136.490600
052_50,s0.666357,s-2.626798,s162.742746
052_51,s2.285473,s1.660493,s194.719483
053_0,s-0.419006,s0.537746,s66.484591
053_1,s0.310723,s-0.149373,s89.604562
053_2,s0.118856,s0.509190,s67.395859
053_3,s-0.311404,s1.170184,s41.474143
053_4,s1.369071,s-0.424726,s230.913639
053_5,s-0.748436,s-0.513013,s35.729071
053_6,s0.321354,s1.209870,s34.868320
053_7,s-0.773511,s-1.205661,s45.637780
053_8,s1.426924,s-0.059935,s195.478794
053_9,s-0.215525,s-0.600285,s180.077014
053_10,s1.068633,s0.371265,s152.888097
053_11,s0.677224,s-0.877666,s146.588705
053_12,s-1.196238,s1.417503,s227.864541
053_13,s0.203848,s-1.380600,s307.476708
053_14,s1.570231,s-1.281910,s150.396219
053_15,s-1.436476,s-0.324988,s150.625239
053_16,s-2.745294,s1.175611,s212.482614
053_17,s0.577241,s1.648483,s168.765257
053_18,s0.747578,s-1.827526,s338.083735
053_19,s1.113510,s1.026680,s293.973447
053_20,s2.014806,s-0.368407,s7.029036
053_21,s-1.411775,s1.029080,s287.414595
053_22,s-1.663678,s-1.409360,s122.644927
053_23,s1.218652,s1.761312,s252.912729
053_24,s-0.228005,s1.839091,s68.166571
053_25,s0.278015,s-2.221213,s50.098451
053_26,s2.114452,s1.096234,s138.205979
053_27,s-0.746763,s-1.681843,s231.663461
053_28,s0.420483,s2.200130,s113.652646
053_29,s-2.188797,s-0.407261,s203.189363
053_30,s1.936319,s2.053706,s21.062547
053_31,s-1.181450,s-1.865694,s117.445652
053_32,s1.964734,s2.805174,s268.230804
053_33,s-1.536300,s1.625000,s137.299902
053_34,s-0.586968,s2.613683,s130.102889
053_35,s-0.781378,s-2.703995,s212.778581
053_36,s2.466902,s-1.057426,s161.239705
053_37,s-1.759188,s2.413813,s90.912524
053_38,s-2.394586,s1.956845,s42.390527
053_39,s0.471883,s2.824553,s104.484477
053_40,s2.311360,s0.299368,s318.412390
053_41,s-2.368234,s-1.261472,s138.392372
053_42,s-2.599031,s0.431910,s164.396661
053_43,s0.890510,s-2.323110,s268.189093
053_44,s-2.937570,s-0.574886,s26.524108
053_45,s-2.200780,s-2.047518,s131.544953
053_46,s1.800568,s-1.837088,s245.092131
053_47,s0.706614,s2.109327,s283.052491
053_48,s-1.483213,s-2.500550,s191.548813
053_49,s2.844688,s-0.018068,s136.710058
053_50,s0.666357,s-2.626798,s162.742746
053_51,s2.285473,s1.660493,s194.719483
053_52,s0.872973,s2.686735,s287.840607
054_0,s-0.419006,s0.537746,s66.484591
054_1,s0.310723,s-0.149373,s89.604562
054_2,s0.118856,s0.509190,s67.395859
054_3,s-0.311404,s1.170184,s41.474143
054_4,s1.369071,s-0.424726,s230.913639
054_5,s-0.748436,s-0.513013,s35.729071
054_6,s0.321354,s1.209870,s34.868320
054_7,s-0.773511,s-1.205661,s45.637780
054_8,s1.426924,s-0.059935,s195.478794
054_9,s-0.215525,s-0.600285,s180.077014
054_10,s1.068633,s0.371265,s152.888097
054_11,s0.677224,s-0.877666,s146.588705
054_12,s-1.196238,s1.417503,s227.864541
054_13,s0.203848,s-1.380600,s307.476708
054_14,s1.570231,s-1.281910,s150.396219
054_15,s-1.436476,s-0.324988,s150.625239
054_16,s-2.745294,s1.175611,s212.482614
054_17,s0.577241,s1.648483,s168.765257
054_18,s0.747578,s-1.827526,s338.083735
054_19,s1.113510,s1.026680,s293.973447
054_20,s2.014806,s-0.368407,s7.029036
054_21,s-1.411775,s1.029080,s287.414595
054_22,s-1.663678,s-1.409360,s122.644927
054_23,s1.218652,s1.761312,s252.912729
054_24,s-0.228005,s1.839091,s68.166571
054_25,s0.278015,s-2.221213,s50.098451
054_26,s2.114452,s1.096234,s138.205979
054_27,s-0.746763,s-1.681843,s231.663461
054_28,s0.420483,s2.200130,s113.652646
054_29,s-2.188797,s-0.407261,s203.189363
054_30,s1.936319,s2.053706,s21.062547
054_31,s-1.181450,s-1.865694,s117.445652
054_32,s1.964734,s2.805174,s268.230804
054_33,s-1.536300,s1.625000,s137.299902
054_34,s-0.586968,s2.613683,s130.102889
054_35,s-0.781378,s-2.703995,s212.778581
054_36,s2.466902,s-1.057426,s161.239705
054_37,s-1.759188,s2.413813,s90.912524
054_38,s-2.394586,s1.956845,s42.390527
054_39,s0.471883,s2.824553,s104.484477
054_40,s2.311360,s0.299368,s318.412390
054_41,s-2.368234,s-1.261472,s138.392372
054_42,s-2.599031,s0.431910,s164.396661
054_43,s0.890510,s-2.323110,s268.189093
054_44,s-2.937570,s-0.574886,s26.524108
054_45,s-2.200780,s-2.047518,s131.544953
054_46,s1.800568,s-1.837088,s245.092131
054_47,s0.706614,s2.109327,s283.052491
054_48,s-1.483213,s-2.500550,s191.548813
054_49,s2.844688,s-0.018068,s136.710058
054_50,s0.666357,s-2.626798,s162.742746
054_51,s2.285473,s1.660493,s194.719483
054_52,s0.872973,s2.686735,s287.840607
054_53,s-0.940957,s2.895967,s-1.030975
055_0,s-0.419006,s0.537746,s66.484591
055_1,s0.310723,s-0.149373,s89.604562
055_2,s0.118856,s0.509190,s67.395859
055_3,s-0.267103,s1.089718,s34.398426
055_4,s1.369071,s-0.424726,s230.913639
055_5,s-0.776990,s-0.482817,s47.286108
055_6,s0.321354,s1.209870,s34.868320
055_7,s-0.929619,s-1.378703,s59.152546
055_8,s1.426924,s-0.059935,s195.478794
055_9,s-0.181231,s-0.635350,s183.821259
055_10,s1.059340,s0.554545,s121.238751
055_11,s0.677224,s-0.877666,s146.588705
055_12,s-1.196238,s1.417503,s227.864541
055_13,s0.203848,s-1.380600,s307.476708
055_14,s1.679903,s-1.364778,s146.757658
055_15,s-1.621597,s-0.274568,s154.555492
055_16,s-2.863760,s1.146502,s26.687144
055_17,s0.577241,s1.648483,s168.765257
055_18,s0.747578,s-1.827526,s338.083735
055_19,s1.113510,s1.026680,s293.973447
055_20,s2.016509,s-0.406813,s327.142285
055_21,s-1.411775,s1.029080,s287.414595
055_22,s-1.550867,s-1.403355,s114.851830
055_23,s1.107112,s1.697503,s250.475994
055_24,s-0.228005,s1.839091,s68.166571
055_25,s0.215444,s-2.179379,s41.620199
055_26,s2.082774,s1.045334,s143.342417
055_27,s-0.759419,s-1.708160,s235.192246
055_28,s0.420483,s2.200130,s113.652646
055_29,s-2.193203,s-0.407030,s2.243255
055_30,s1.952906,s1.977300,s22.706709
055_31,s-1.181450,s-1.865694,s117.445652
055_32,s2.045334,s2.929353,s257.793670
055_33,s-1.738723,s1.703185,s145.012901
055_34,s-0.586968,s2.613683,s130.102889
055_35,s-0.764317,s-2.520404,s263.873701
055_36,s2.913758,s-1.045804,s153.514593
055_37,s-2.012347,s2.338102,s310.371853
055_38,s-2.716069,s2.028793,s44.444577
055_39,s0.593223,s2.878135,s102.727409
055_40,s2.336773,s0.431013,s320.601844
055_41,s-2.264374,s-1.211817,s35.213730
055_42,s-2.682976,s0.512401,s99.660455
055_43,s0.950971,s-2.294795,s263.426362
055_44,s-2.894238,s-0.636371,s27.930408
055_45,s-2.390934,s-2.115752,s106.886327
055_46,s1.943613,s-1.749071,s259.380846
055_47,s0.688616,s2.115941,s288.512923
055_48,s-1.525385,s-2.488222,s142.576858
055_49,s2.833468,s-0.191378,s141.259491
055_50,s0.545764,s-2.685712,s177.832254
055_51,s2.285473,s1.660493,s194.719483
055_52,s0.942155,s2.751281,s286.565407
055_53,s-1.027241,s2.967349,s46.975816
055_54,s2.737983,s1.987362,s289.547822
056_0,s-0.419006,s0.537746,s66.484591
056_1,s0.310723,s-0.149373,s89.604562
056_2,s0.118856,s0.509190,s67.395859
056_3,s-0.267103,s1.089718,s34.398426
056_4,s1.369071,s-0.424726,s230.913639
056_5,s-0.776990,s-0.482817,s47.286108
056_6,s0.321354,s1.209870,s34.868320
056_7,s-0.929619,s-1.378703,s59.152546
056_8,s1.426924,s-0.059935,s195.478794
056_9,s-0.181231,s-0.635350,s183.821259
056_10,s1.059340,s0.554545,s121.238751
056_11,s0.677224,s-0.877666,s146.588705
056_12,s-1.196238,s1.417503,s227.864541
056_13,s0.203848,s-1.380600,s307.476708
056_14,s1.679903,s-1.364778,s146.757658
056_15,s-1.621597,s-0.274568,s154.555492
056_16,s-2.863760,s1.146502,s26.687144
056_17,s0.577241,s1.648483,s168.765257
056_18,s0.747578,s-1.827526,s338.083735
056_19,s1.113510,s1.026680,s293.973447
056_20,s2.016509,s-0.406813,s327.142285
056_21,s-1.411775,s1.029080,s287.414595
056_22,s-1.550867,s-1.403355,s114.851830
056_23,s1.107112,s1.697503,s250.475994
056_24,s-0.228005,s1.839091,s68.166571
056_25,s0.215444,s-2.179379,s41.620199
056_26,s2.082774,s1.045334,s143.342417
056_27,s-0.759419,s-1.708160,s235.192246
056_28,s0.420483,s2.200130,s113.652646
056_29,s-2.193203,s-0.407030,s2.243255
056_30,s1.952906,s1.977300,s22.706709
056_31,s-1.181450,s-1.865694,s117.445652
056_32,s2.045334,s2.929353,s257.793670
056_33,s-1.738723,s1.703185,s145.012901
056_34,s-0.586968,s2.613683,s130.102889
056_35,s-0.764317,s-2.520404,s263.873701
056_36,s2.913758,s-1.045804,s153.514593
056_37,s-2.012347,s2.338102,s310.371853
056_38,s-2.716069,s2.028793,s44.444577
056_39,s0.593223,s2.878135,s102.727409
056_40,s2.336773,s0.431013,s320.601844
056_41,s-2.264374,s-1.211817,s35.213730
056_42,s-2.682976,s0.512401,s99.660455
056_43,s0.950971,s-2.294795,s263.426362
056_44,s-2.894238,s-0.636371,s27.930408
056_45,s-2.390934,s-2.115752,s106.886327
056_46,s1.943613,s-1.749071,s259.380846
056_47,s0.688616,s2.115941,s288.512923
056_48,s-1.525385,s-2.488222,s142.576858
056_49,s2.833468,s-0.191378,s141.259491
056_50,s0.545764,s-2.685712,s177.832254
056_51,s2.285473,s1.660493,s194.719483
056_52,s0.942155,s2.751281,s286.565407
056_53,s-1.027241,s2.967349,s46.975816
056_54,s2.737983,s1.987362,s289.547822
056_55,s-0.931686,s-2.867435,s176.368570
057_0,s-0.419006,s0.537746,s66.484591
057_1,s0.169194,s-0.128232,s90.362190
057_2,s0.118856,s0.509190,s67.395859
057_3,s-0.267313,s1.020170,s35.134599
057_4,s1.369071,s-0.424726,s230.913639
057_5,s-0.803921,s-0.684817,s106.033661
057_6,s0.321354,s1.209870,s34.868320
057_7,s-0.946685,s-1.307947,s61.137145
057_8,s1.426924,s-0.059935,s195.478794
057_9,s-0.208484,s-0.625989,s181.299897
057_10,s1.242092,s0.512595,s124.160207
057_11,s0.677224,s-0.877666,s146.588705
057_12,s-1.196238,s1.417503,s227.864541
057_13,s0.203848,s-1.380600,s307.476708
057_14,s1.617613,s-1.238069,s129.398054
057_15,s-1.614435,s-0.181241,s143.969465
057_16,s-2.807467,s1.118103,s51.825139
057_17,s0.577241,s1.648483,s168.765257
057_18,s0.747578,s-1.827526,s338.083735
057_19,s1.079949,s0.984004,s297.012399
057_20,s2.016509,s-0.406813,s327.142285
057_21,s-1.411775,s1.029080,s287.414595
057_22,s-1.550867,s-1.403355,s114.851830
057_23,s1.186023,s1.772516,s255.412354
057_24,s-0.228005,s1.839091,s68.166571
057_25,s0.219432,s-2.114828,s36.893750
057_26,s2.082774,s1.045334,s143.342417
057_27,s-0.759419,s-1.708160,s235.192246
057_28,s0.420483,s2.200130,s113.652646
057_29,s-2.294656,s-0.474463,s5.256637
057_30,s1.929329,s1.936151,s14.255514
057_31,s-1.163300,s-1.906144,s117.753774
057_32,s2.227233,s3.073126,s256.275428
057_33,s-1.650887,s2.002615,s153.012871
057_34,s-0.798255,s2.546984,s249.853441
057_35,s-0.785478,s-2.373781,s260.973514
057_36,s2.850702,s-1.097822,s273.488607
057_37,s-2.188544,s2.465928,s328.192198
057_38,s-2.550772,s2.010823,s32.407592
057_39,s0.486685,s3.183079,s140.592635
057_40,s2.302997,s0.450156,s322.541410
057_41,s-2.317656,s-1.151407,s32.388847
057_42,s-2.688756,s0.528129,s101.779937
057_43,s0.868912,s-2.268171,s283.107983
057_44,s-2.966677,s-0.454555,s12.734393
057_45,s-2.283597,s-2.171360,s126.504132
057_46,s1.943613,s-1.749071,s259.380846
057_47,s0.739804,s2.084995,s298.599103
057_48,s-1.519632,s-2.506750,s159.478507
057_49,s2.874193,s-0.288986,s138.235312
057_50,s0.579742,s-2.865896,s176.113235
057_51,s2.284194,s1.726212,s253.228732
057_52,s0.942155,s2.751281,s286.565407
057_53,s-1.130894,s2.865131,s46.728817
057_54,s2.906066,s1.938503,s-5.204218
057_55,s-0.931686,s-2.867435,s176.368570
057_56,s2.047122,s-2.312458,s220.698907
058_0,s-0.419006,s0.537746,s66.484591
058_1,s0.169194,s-0.128232,s90.362190
058_2,s0.118856,s0.509190,s67.395859
058_3,s-0.267313,s1.020170,s35.134599
058_4,s1.369071,s-0.424726,s230.913639
058_5,s-0.803921,s-0.684817,s106.033661
058_6,s0.321354,s1.209870,s34.868320
058_7,s-0.946685,s-1.307947,s61.137145
058_8,s1.426924,s-0.059935,s195.478794
058_9,s-0.208484,s-0.625989,s181.299897
058_10,s1.242092,s0.512595,s124.160207
058_11,s0.677224,s-0.877666,s146.588705
058_12,s-1.196238,s1.417503,s227.864541
058_13,s0.203848,s-1.380600,s307.476708
058_14,s1.617613,s-1.238069,s129.398054
058_15,s-1.614435,s-0.181241,s143.969465
058_16,s-2.807467,s1.118103,s51.825139
058_17,s0.577241,s1.648483,s168.765257
058_18,s0.747578,s-1.827526,s338.083735
058_19,s1.079949,s0.984004,s297.012399
058_20,s2.016509,s-0.406813,s327.142285
058_21,s-1.411775,s1.029080,s287.414595
058_22,s-1.550867,s-1.403355,s114.851830
058_23,s1.186023,s1.772516,s255.412354
058_24,s-0.228005,s1.839091,s68.166571
058_25,s0.219432,s-2.114828,s36.893750
058_26,s2.082774,s1.045334,s143.342417
058_27,s-0.759419,s-1.708160,s235.192246
058_28,s0.420483,s2.200130,s113.652646
058_29,s-2.294656,s-0.474463,s5.256637
058_30,s1.929329,s1.936151,s14.255514
058_31,s-1.163300,s-1.906144,s117.753774
058_32,s2.227233,s3.073126,s256.275428
058_33,s-1.650887,s2.002615,s153.012871
058_34,s-0.798255,s2.546984,s249.853441
058_35,s-0.785478,s-2.373781,s260.973514
058_36,s2.850702,s-1.097822,s273.488607
058_37,s-2.188544,s2.465928,s328.192198
058_38,s-2.550772,s2.010823,s32.407592
058_39,s0.486685,s3.183079,s140.592635
058_40,s2.302997,s0.450156,s322.541410
058_41,s-2.317656,s-1.151407,s32.388847
058_42,s-2.688756,s0.528129,s101.779937
058_43,s0.868912,s-2.268171,s283.107983
058_44,s-2.966677,s-0.454555,s12.734393
058_45,s-2.283597,s-2.171360,s126.504132
058_46,s1.943613,s-1.749071,s259.380846
058_47,s0.739804,s2.084995,s298.599103
058_48,s-1.519632,s-2.506750,s159.478507
058_49,s2.874193,s-0.288986,s138.235312
058_50,s0.579742,s-2.865896,s176.113235
058_51,s2.284194,s1.726212,s253.228732
058_52,s0.942155,s2.751281,s286.565407
058_53,s-1.130894,s2.865131,s46.728817
058_54,s2.906066,s1.938503,s-5.204218
058_55,s-0.931686,s-2.867435,s176.368570
058_56,s2.047122,s-2.312458,s220.698907
058_57,s3.134429,s0.059853,s254.953416
059_0,s-0.419006,s0.537746,s66.484591
059_1,s0.169194,s-0.128232,s90.362190
059_2,s0.118856,s0.509190,s67.395859
059_3,s-0.267313,s1.020170,s35.134599
059_4,s1.369071,s-0.424726,s230.913639
059_5,s-0.803921,s-0.684817,s106.033661
059_6,s0.321354,s1.209870,s34.868320
059_7,s-0.946685,s-1.307947,s61.137145
059_8,s1.426924,s-0.059935,s195.478794
059_9,s-0.208484,s-0.625989,s181.299897
059_10,s1.242092,s0.512595,s124.160207
059_11,s0.677224,s-0.877666,s146.588705
059_12,s-1.196238,s1.417503,s227.864541
059_13,s0.203848,s-1.380600,s307.476708
059_14,s1.617613,s-1.238069,s129.398054
059_15,s-1.614435,s-0.181241,s143.969465
059_16,s-2.807467,s1.118103,s51.825139
059_17,s0.577241,s1.648483,s168.765257
059_18,s0.747578,s-1.827526,s338.083735
059_19,s1.079949,s0.984004,s297.012399
059_20,s2.016509,s-0.406813,s327.142285
059_21,s-1.411775,s1.029080,s287.414595
059_22,s-1.550867,s-1.403355,s114.851830
059_23,s1.186023,s1.772516,s255.412354
059_24,s-0.228005,s1.839091,s68.166571
059_25,s0.219432,s-2.114828,s36.893750
059_26,s2.082774,s1.045334,s143.342417
059_27,s-0.759419,s-1.708160,s235.192246
059_28,s0.420483,s2.200130,s113.652646
059_29,s-2.294656,s-0.474463,s5.256637
059_30,s1.929329,s1.936151,s14.255514
059_31,s-1.163300,s-1.906144,s117.753774
059_32,s2.227233,s3.073126,s256.275428
059_33,s-1.650887,s2.002615,s153.012871
059_34,s-0.798255,s2.546984,s249.853441
059_35,s-0.785478,s-2.373781,s260.973514
059_36,s2.850702,s-1.097822,s273.488607
059_37,s-2.188544,s2.465928,s328.192198
059_38,s-2.550772,s2.010823,s32.407592
059_39,s0.486685,s3.183079,s140.592635
059_40,s2.302997,s0.450156,s322.541410
059_41,s-2.317656,s-1.151407,s32.388847
059_42,s-2.688756,s0.528129,s101.779937
059_43,s0.868912,s-2.268171,s283.107983
059_44,s-2.966677,s-0.454555,s12.734393
059_45,s-2.283597,s-2.171360,s126.504132
059_46,s1.943613,s-1.749071,s259.380846
059_47,s0.739804,s2.084995,s298.599103
059_48,s-1.519632,s-2.506750,s159.478507
059_49,s2.874193,s-0.288986,s138.235312
059_50,s0.579742,s-2.865896,s176.113235
059_51,s2.284194,s1.726212,s253.228732
059_52,s0.942155,s2.751281,s286.565407
059_53,s-1.130894,s2.865131,s46.728817
059_54,s2.906066,s1.938503,s-5.204218
059_55,s-0.931686,s-2.867435,s176.368570
059_56,s2.047122,s-2.312458,s220.698907
059_57,s3.134429,s0.059853,s254.953416
059_58,s-2.818247,s-1.267117,s101.735455
060_0,s-0.419006,s0.537746,s331.199079
060_1,s0.232059,s-0.139771,s270.180232
060_2,s0.118856,s0.509190,s125.583610
060_3,s-0.267313,s1.020170,s2.650193
060_4,s1.369071,s-0.424726,s195.698479
060_5,s-0.816635,s-0.572526,s215.071209
060_6,s0.321354,s1.209870,s33.450696
060_7,s-0.954757,s-1.316243,s64.922359
060_8,s1.426924,s-0.059935,s194.983467
060_9,s-0.208484,s-0.625989,s263.631454
060_10,s1.242092,s0.512595,s97.978306
060_11,s0.677224,s-0.877666,s261.421383
060_12,s-1.196238,s1.417503,s320.012680
060_13,s0.203848,s-1.380600,s216.083908
060_14,s1.740516,s-1.131140,s131.786448
060_15,s-1.823828,s-0.008404,s219.383835
060_16,s-2.737062,s1.303982,s289.465895
060_17,s0.577241,s1.648483,s265.200481
060_18,s0.737071,s-1.836271,s289.128708
060_19,s1.030411,s0.959538,s84.802109
060_20,s1.989081,s-0.508699,s243.285327
060_21,s-1.411775,s1.029080,s291.884162
060_22,s-1.660293,s-1.328758,s214.337365
060_23,s1.213268,s1.769526,s31.470093
060_24,s-0.228005,s1.839091,s301.347469
060_25,s0.261372,s-2.066333,s71.156228
060_26,s2.147367,s1.080984,s71.460383
060_27,s-0.673945,s-1.887039,s1.158302
060_28,s0.420483,s2.200130,s50.647681
060_29,s-2.294656,s-0.474463,s3.185510
060_30,s1.859163,s2.173737,s7.853335
060_31,s-1.100716,s-1.811833,s66.466185
060_32,s2.558079,s3.266419,s35.335130
060_33,s-1.651458,s2.285541,s128.770531
060_34,s-0.830274,s2.595433,s67.757045
060_35,s-0.802528,s-2.577331,s94.979075
060_36,s3.080222,s-1.117706,s220.270528
060_37,s-2.316196,s3.154319,s78.276269
060_38,s-2.589455,s2.165020,s64.922359
060_39,s0.411059,s3.137365,s119.861069
060_40,s2.300880,s0.359700,s129.113814
060_41,s-2.315645,s-1.249041,s130.386270
060_42,s-2.753985,s0.561079,s133.378764
060_43,s0.852577,s-2.426926,s63.413746
060_44,s-3.027383,s-0.276949,s169.968944
060_45,s-2.283597,s-2.171360,s132.350138
060_46,s2.026841,s-1.688320,s202.430124
060_47,s0.739804,s2.084995,s228.799210
060_48,s-1.508838,s-2.552899,s292.590372
060_49,s2.894484,s-0.410805,s68.612651
060_50,s0.564949,s-2.780917,s228.794364
060_51,s2.278823,s1.690631,s287.414595
060_52,s1.026756,s2.884423,s325.935902
060_53,s-1.036762,s2.978619,s71.073093
060_54,s3.016163,s1.976900,s142.784297
060_55,s-1.001901,s-2.876284,s284.065642
060_56,s1.834270,s-2.181734,s33.510480
060_57,s3.168845,s0.266399,s23.107480
060_58,s-2.830172,s-1.305360,s307.476708
060_59,s1.114727,s-3.049628,s306.280029
061_0,s-0.419006,s0.537746,s331.199079
061_1,s0.238305,s-0.075778,s214.684401
061_2,s0.118856,s0.509190,s125.583610
061_3,s-0.267313,s1.020170,s2.650193
061_4,s1.369071,s-0.424726,s195.698479
061_5,s-0.795561,s-0.550365,s0.002830
061_6,s0.321354,s1.209870,s33.450696
061_7,s-1.015426,s-1.133462,s60.240395
061_8,s1.426924,s-0.059935,s194.983467
061_9,s-0.208484,s-0.625989,s263.631454
061_10,s1.242092,s0.512595,s97.978306
061_11,s0.677224,s-0.877666,s261.421383
061_12,s-1.196238,s1.417503,s320.012680
061_13,s0.149554,s-1.064243,s211.828716
061_14,s1.740516,s-1.131140,s131.786448
061_15,s-1.809283,s-0.069556,s229.345172
061_16,s-2.829192,s1.532994,s202.430124
061_17,s0.577241,s1.648483,s265.200481
061_18,s0.737071,s-1.836271,s289.128708
061_19,s1.030411,s0.959538,s84.802109
061_20,s1.989081,s-0.508699,s243.285327
061_21,s-1.411775,s1.029080,s291.884162
061_22,s-1.660293,s-1.328758,s214.337365
061_23,s1.213268,s1.769526,s31.470093
061_24,s-0.228005,s1.839091,s301.347469
061_25,s0.261372,s-2.066333,s71.156228
061_26,s2.033514,s0.983278,s85.972772
061_27,s-0.673945,s-1.887039,s1.158302
061_28,s0.420483,s2.200130,s50.647681
061_29,s-2.315437,s-0.488755,s4.792657
061_30,s1.798622,s2.294921,s8.219714
061_31,s-1.100716,s-1.811833,s66.466185
061_32,s2.338852,s3.152414,s290.434553
061_33,s-1.705462,s1.942795,s123.167471
061_34,s-0.830274,s2.595433,s67.757045
061_35,s-0.802528,s-2.577331,s94.979075
061_36,s3.272213,s-0.915123,s201.041230
061_37,s-2.389940,s3.141068,s78.399723
061_38,s-2.355876,s2.347846,s54.339156
061_39,s0.391492,s3.220377,s126.993589
061_40,s2.357932,s0.195736,s127.500438
061_41,s-2.315645,s-1.249041,s130.386270
061_42,s-2.668007,s0.490038,s131.939182
061_43,s0.852577,s-2.426926,s63.413746
061_44,s-3.027383,s-0.276949,s169.968944
061_45,s-2.205839,s-2.218301,s134.474779
061_46,s2.063516,s-1.758119,s204.860079
061_47,s0.739804,s2.084995,s228.799210
061_48,s-1.508838,s-2.552899,s292.590372
061_49,s3.037669,s-0.333729,s75.036784
061_50,s0.564949,s-2.780917,s228.794364
061_51,s2.341716,s1.704503,s199.502478
061_52,s1.140994,s2.827765,s311.482855
061_53,s-1.036762,s2.978619,s71.073093
061_54,s3.016000,s1.848597,s238.452962
061_55,s-1.001901,s-2.876284,s284.065642
061_56,s1.832101,s-2.367631,s34.883271
061_57,s3.183535,s0.318384,s4.207233
061_58,s-2.830172,s-1.305360,s307.476708
061_59,s1.328257,s-3.022608,s299.135800
061_60,s0.751125,s-3.377486,s157.239594
062_0,s-0.419006,s0.537746,s331.199079
062_1,s0.238305,s-0.075778,s214.684401
062_2,s0.118856,s0.509190,s125.583610
062_3,s-0.267313,s1.020170,s2.650193
062_4,s1.369071,s-0.424726,s195.698479
062_5,s-0.676075,s-0.547819,s20.929632
062_6,s0.321354,s1.209870,s33.450696
062_7,s-0.959042,s-1.112033,s30.123935
062_8,s1.426924,s-0.059935,s194.983467
062_9,s-0.208484,s-0.625989,s263.631454
062_10,s1.223450,s0.292738,s94.284723
062_11,s0.696199,s-0.859772,s254.953416
062_12,s-1.222625,s1.627475,s305.225398
062_13,s0.149554,s-1.064243,s211.828716
062_14,s1.740516,s-1.131140,s131.786448
062_15,s-2.007624,s0.088134,s286.591800
062_16,s-2.744926,s1.296838,s261.739829
062_17,s0.577241,s1.648483,s265.200481
062_18,s0.737071,s-1.836271,s289.128708
062_19,s1.030411,s0.959538,s84.802109
062_20,s1.942778,s-0.472314,s245.741614
062_21,s-1.534139,s0.841749,s268.160957
062_22,s-1.660293,s-1.328758,s214.337365
062_23,s1.213268,s1.769526,s31.470093
062_24,s-0.228005,s1.839091,s301.347469
062_25,s0.261372,s-2.066333,s71.156228
062_26,s1.946014,s1.104233,s63.599702
062_27,s-0.673945,s-1.887039,s1.158302
062_28,s0.420483,s2.200130,s50.647681
062_29,s-2.315437,s-0.488755,s4.792657
062_30,s2.103134,s2.566503,s7.168066
062_31,s-1.100716,s-1.811833,s66.466185
062_32,s2.572288,s3.097447,s283.394399
062_33,s-1.741836,s1.779405,s107.296198
062_34,s-0.670053,s2.566977,s78.205005
062_35,s-0.802528,s-2.577331,s94.979075
062_36,s3.275147,s-0.869790,s205.735763
062_37,s-2.279959,s3.218595,s220.541479
062_38,s-2.077842,s2.245192,s40.169479
062_39,s0.485119,s3.193706,s123.701802
062_40,s2.357932,s0.195736,s127.500438
062_41,s-2.315645,s-1.249041,s130.386270
062_42,s-2.668007,s0.490038,s131.939182
062_43,s0.852577,s-2.426926,s63.413746
062_44,s-3.122401,s-0.296728,s213.118805
062_45,s-2.152299,s-1.987388,s153.879000
062_46,s2.063516,s-1.758119,s204.860079
062_47,s0.739804,s2.084995,s228.799210
062_48,s-1.508838,s-2.552899,s292.590372
062_49,s3.001490,s-0.389860,s263.840695
062_50,s0.564949,s-2.780917,s228.794364
062_51,s2.512067,s1.612628,s209.187202
062_52,s1.233933,s2.750700,s310.924134
062_53,s-0.933185,s3.129826,s112.027137
062_54,s3.074554,s1.953450,s240.682480
062_55,s-1.001901,s-2.876284,s284.065642
062_56,s1.832101,s-2.367631,s34.883271
062_57,s3.005839,s0.305507,s-0.241042
062_58,s-2.830172,s-1.305360,s307.476708
062_59,s1.328257,s-3.022608,s299.135800
062_60,s0.598052,s-3.401221,s134.314406
062_61,s2.705578,s-1.936284,s287.414595
063_0,s-0.419006,s0.537746,s331.199079
063_1,s0.284418,s-0.055926,s209.685337
063_2,s0.118856,s0.509190,s125.583610
063_3,s-0.267313,s1.020170,s2.650193
063_4,s1.369071,s-0.424726,s195.698479
063_5,s-0.715658,s-0.436097,s17.987731
063_6,s0.321354,s1.209870,s33.450696
063_7,s-1.034910,s-1.220803,s28.010456
063_8,s1.426924,s-0.059935,s194.983467
063_9,s-0.215653,s-0.734670,s161.073122
063_10,s1.262208,s0.270022,s86.582378
063_11,s0.696199,s-0.859772,s254.953416
063_12,s-1.544505,s1.248659,s298.599540
063_13,s0.149554,s-1.064243,s211.828716
063_14,s1.740516,s-1.131140,s131.786448
063_15,s-2.019806,s0.040026,s284.075433
063_16,s-2.781613,s1.418876,s244.007847
063_17,s0.577241,s1.648483,s265.200481
063_18,s0.737071,s-1.836271,s289.128708
063_19,s1.030411,s0.959538,s84.802109
063_20,s1.920576,s-0.501321,s228.748791
063_21,s-1.413068,s0.659635,s62.897631
063_22,s-1.660293,s-1.328758,s214.337365
063_23,s1.213268,s1.769526,s31.470093
063_24,s-0.228005,s1.839091,s301.347469
063_25,s0.261372,s-2.066333,s71.156228
063_26,s1.639817,s0.827503,s344.582923
063_27,s-0.673945,s-1.887039,s1.158302
063_28,s0.420483,s2.200130,s50.647681
063_29,s-2.406304,s-0.456782,s0.173275
063_30,s2.173475,s2.472478,s65.905334
063_31,s-1.100716,s-1.811833,s66.466185
063_32,s2.429839,s2.925150,s279.361045
063_33,s-1.663680,s1.893972,s135.414358
063_34,s-0.714470,s2.530350,s82.625143
063_35,s-0.802528,s-2.577331,s94.979075
063_36,s3.253533,s-0.809473,s210.359327
063_37,s-2.157758,s3.332178,s111.037637
063_38,s-2.155820,s2.211629,s80.050418
063_39,s0.221260,s3.168233,s127.224005
063_40,s2.328421,s0.203756,s130.001203
063_41,s-2.153241,s-1.211618,s126.523735
063_42,s-2.695811,s0.395831,s48.010484
063_43,s0.852577,s-2.426926,s63.413746
063_44,s-3.161791,s-0.170393,s205.942405
063_45,s-2.217299,s-1.929993,s99.822641
063_46,s2.147810,s-1.793145,s307.468570
063_47,s0.739804,s2.084995,s228.799210
063_48,s-1.508838,s-2.552899,s292.590372
063_49,s3.001490,s-0.389860,s263.840695
063_50,s0.564949,s-2.780917,s228.794364
063_51,s2.442090,s1.524202,s220.319840
063_52,s1.290727,s2.860709,s-6.990005
063_53,s-0.933185,s3.129826,s112.027137
063_54,s3.102789,s1.946741,s233.358290
063_55,s-1.001901,s-2.876284,s284.065642
063_56,s2.016800,s-2.336462,s38.103149
063_57,s3.049112,s0.296078,s-17.247259
063_58,s-2.815342,s-1.187755,s70.880051
063_59,s1.246580,s-2.936045,s276.797985
063_60,s0.654695,s-3.321878,s137.667276
063_61,s3.020052,s-1.955154,s208.370747
063_62,s-0.419906,s3.283257,s62.945406
064_0,s-0.419006,s0.537746,s331.199079
064_1,s0.284418,s-0.055926,s209.685337
064_2,s0.118856,s0.509190,s125.583610
064_3,s-0.267313,s1.020170,s2.650193
064_4,s1.369071,s-0.424726,s195.698479
064_5,s-0.715658,s-0.436097,s17.987731
064_6,s0.321354,s1.209870,s33.450696
064_7,s-1.034910,s-1.220803,s28.010456
064_8,s1.426924,s-0.059935,s194.983467
064_9,s-0.215653,s-0.734670,s161.073122
064_10,s1.262208,s0.270022,s86.582378
064_11,s0.696199,s-0.859772,s254.953416
064_12,s-1.544505,s1.248659,s298.599540
064_13,s0.149554,s-1.064243,s211.828716
064_14,s1.740516,s-1.131140,s131.786448
064_15,s-2.019806,s0.040026,s284.075433
064_16,s-2.781613,s1.418876,s244.007847
064_17,s0.577241,s1.648483,s265.200481
064_18,s0.737071,s-1.836271,s289.128708
064_19,s1.030411,s0.959538,s84.802109
064_20,s1.920576,s-0.501321,s228.748791
064_21,s-1.413068,s0.659635,s62.897631
064_22,s-1.660293,s-1.328758,s214.337365
064_23,s1.213268,s1.769526,s31.470093
064_24,s-0.228005,s1.839091,s301.347469
064_25,s0.261372,s-2.066333,s71.156228
064_26,s1.639817,s0.827503,s344.582923
064_27,s-0.673945,s-1.887039,s1.158302
064_28,s0.420483,s2.200130,s50.647681
064_29,s-2.406304,s-0.456782,s0.173275
064_30,s2.173475,s2.472478,s65.905334
064_31,s-1.100716,s-1.811833,s66.466185
064_32,s2.429839,s2.925150,s279.361045
064_33,s-1.663680,s1.893972,s135.414358
064_34,s-0.714470,s2.530350,s82.625143
064_35,s-0.802528,s-2.577331,s94.979075
064_36,s3.253533,s-0.809473,s210.359327
064_37,s-2.095875,s3.216826,s109.697869
064_38,s-2.155820,s2.211629,s80.050418
064_39,s0.221260,s3.168233,s127.224005
064_40,s2.328421,s0.203756,s130.001203
064_41,s-2.153241,s-1.211618,s126.523735
064_42,s-2.695811,s0.395831,s48.010484
064_43,s0.852577,s-2.426926,s63.413746
064_44,s-3.267097,s-0.172653,s202.430124
064_45,s-2.217299,s-1.929993,s99.822641
064_46,s2.147810,s-1.793145,s307.468570
064_47,s0.739804,s2.084995,s228.799210
064_48,s-1.508838,s-2.552899,s292.590372
064_49,s3.001490,s-0.389860,s263.840695
064_50,s0.564949,s-2.780917,s228.794364
064_51,s2.442090,s1.524202,s220.319840
064_52,s1.290727,s2.860709,s-6.990005
064_53,s-0.933185,s3.129826,s112.027137
064_54,s2.979637,s1.887611,s-0.720508
064_55,s-1.001901,s-2.876284,s284.065642
064_56,s2.016800,s-2.336462,s38.103149
064_57,s3.049112,s0.296078,s-17.247259
064_58,s-2.815342,s-1.187755,s70.880051
064_59,s1.246580,s-2.936045,s276.797985
064_60,s0.654695,s-3.321878,s137.667276
064_61,s3.020052,s-1.955154,s208.370747
064_62,s-0.419906,s3.283257,s62.945406
064_63,s-0.260371,s-3.199423,s97.043402
065_0,s-0.419006,s0.537746,s331.199079
065_1,s0.284418,s-0.055926,s209.685337
065_2,s0.118856,s0.509190,s125.583610
065_3,s-0.267313,s1.020170,s2.650193
065_4,s1.369071,s-0.424726,s195.698479
065_5,s-0.715658,s-0.436097,s17.987731
065_6,s0.321354,s1.209870,s33.450696
065_7,s-1.034910,s-1.220803,s28.010456
065_8,s1.426924,s-0.059935,s194.983467
065_9,s-0.165487,s-0.556540,s164.359797
065_10,s1.262208,s0.270022,s86.582378
065_11,s0.696199,s-0.859772,s254.953416
065_12,s-1.251245,s1.184987,s294.692522
065_13,s0.149554,s-1.064243,s211.828716
065_14,s1.740516,s-1.131140,s131.786448
065_15,s-2.019806,s0.040026,s284.075433
065_16,s-2.850194,s1.493156,s227.977294
065_17,s0.577241,s1.648483,s265.200481
065_18,s0.737071,s-1.836271,s289.128708
065_19,s1.030411,s0.959538,s84.802109
065_20,s1.920576,s-0.501321,s228.748791
065_21,s-1.497815,s0.643345,s74.548129
065_22,s-1.660293,s-1.328758,s214.337365
065_23,s1.213268,s1.769526,s31.470093
065_24,s-0.228005,s1.839091,s301.347469
065_25,s0.261372,s-2.066333,s71.156228
065_26,s1.766670,s0.872944,s290.162671
065_27,s-0.673945,s-1.887039,s1.158302
065_28,s0.420483,s2.200130,s50.647681
065_29,s-2.450317,s-0.644375,s7.940591
065_30,s2.173475,s2.472478,s65.905334
065_31,s-1.100716,s-1.811833,s66.466185
065_32,s2.429839,s2.925150,s279.361045
065_33,s-1.562832,s1.990294,s131.694025
065_34,s-0.714470,s2.530350,s82.625143
065_35,s-0.802528,s-2.577331,s94.979075
065_36,s3.242817,s-0.909676,s210.175449
065_37,s-2.095875,s3.216826,s109.697869
065_38,s-2.155820,s2.211629,s80.050418
065_39,s0.341269,s3.217356,s114.265345
065_40,s2.328421,s0.203756,s130.001203
065_41,s-2.153241,s-1.211618,s126.523735
065_42,s-2.695811,s0.395831,s48.010484
065_43,s0.852577,s-2.426926,s63.413746
065_44,s-3.339741,s-0.181537,s143.194478
065_45,s-2.494137,s-2.120283,s99.492290
065_46,s2.147810,s-1.793145,s307.468570
065_47,s0.739804,s2.084995,s228.799210
065_48,s-1.508838,s-2.552899,s292.590372
065_49,s3.001490,s-0.389860,s263.840695
065_50,s0.564949,s-2.780917,s228.794364
065_51,s2.311583,s1.595676,s232.849766
065_52,s1.141711,s2.791994,s-25.304953
065_53,s-0.933185,s3.129826,s112.027137
065_54,s2.985072,s1.870928,s-2.204117
065_55,s-1.001901,s-2.876284,s284.065642
065_56,s2.104555,s-2.351700,s35.526112
065_57,s3.049112,s0.296078,s-17.247259
065_58,s-2.815342,s-1.187755,s70.880051
065_59,s1.404690,s-2.914826,s282.298883
065_60,s0.654695,s-3.321878,s137.667276
065_61,s2.989831,s-1.975034,s0.712060
065_62,s-0.419906,s3.283257,s62.945406
065_63,s-0.260371,s-3.199423,s97.043402
065_64,s-1.305821,s-3.279593,s171.505469
066_0,s-0.419006,s0.537746,s331.199079
066_1,s0.284418,s-0.055926,s209.685337
066_2,s0.118856,s0.509190,s125.583610
066_3,s-0.267313,s1.020170,s2.650193
066_4,s1.369071,s-0.424726,s195.698479
066_5,s-0.715658,s-0.436097,s17.987731
066_6,s0.321354,s1.209870,s33.450696
066_7,s-1.034910,s-1.220803,s28.010456
066_8,s1.426924,s-0.059935,s194.983467
066_9,s-0.165487,s-0.556540,s164.359797
066_10,s1.262208,s0.270022,s86.582378
066_11,s0.696199,s-0.859772,s254.953416
066_12,s-1.251245,s1.184987,s294.692522
066_13,s0.149554,s-1.064243,s211.828716
066_14,s1.740516,s-1.131140,s131.786448
066_15,s-2.019806,s0.040026,s284.075433
066_16,s-2.850194,s1.493156,s227.977294
066_17,s0.577241,s1.648483,s265.200481
066_18,s0.737071,s-1.836271,s289.128708
066_19,s1.030411,s0.959538,s84.802109
066_20,s1.920576,s-0.501321,s228.748791
066_21,s-1.497815,s0.643345,s74.548129
066_22,s-1.660293,s-1.328758,s214.337365
066_23,s1.213268,s1.769526,s31.470093
066_24,s-0.228005,s1.839091,s301.347469
066_25,s0.261372,s-2.066333,s71.156228
066_26,s1.766670,s0.872944,s290.162671
066_27,s-0.673945,s-1.887039,s1.158302
066_28,s0.420483,s2.200130,s50.647681
066_29,s-2.450317,s-0.644375,s7.940591
066_30,s2.173475,s2.472478,s65.905334
066_31,s-1.100716,s-1.811833,s66.466185
066_32,s2.429839,s2.925150,s279.361045
066_33,s-1.562832,s1.990294,s131.694025
066_34,s-0.714470,s2.530350,s82.625143
066_35,s-0.802528,s-2.577331,s94.979075
066_36,s3.242817,s-0.909676,s210.175449
066_37,s-2.095875,s3.216826,s109.697869
066_38,s-2.155820,s2.211629,s80.050418
066_39,s0.341269,s3.217356,s114.265345
066_40,s2.328421,s0.203756,s130.001203
066_41,s-2.153241,s-1.211618,s126.523735
066_42,s-2.695811,s0.395831,s48.010484
066_43,s0.852577,s-2.426926,s63.413746
066_44,s-3.339741,s-0.181537,s143.194478
066_45,s-2.494137,s-2.120283,s99.492290
066_46,s2.147810,s-1.793145,s307.468570
066_47,s0.739804,s2.084995,s228.799210
066_48,s-1.508838,s-2.552899,s292.590372
066_49,s3.001490,s-0.389860,s263.840695
066_50,s0.564949,s-2.780917,s228.794364
066_51,s2.311583,s1.595676,s232.849766
066_52,s1.141711,s2.791994,s-25.304953
066_53,s-0.933185,s3.129826,s112.027137
066_54,s2.985072,s1.870928,s-2.204117
066_55,s-1.001901,s-2.876284,s284.065642
066_56,s2.104555,s-2.351700,s35.526112
066_57,s3.049112,s0.296078,s-17.247259
066_58,s-2.815342,s-1.187755,s70.880051
066_59,s1.404690,s-2.914826,s282.298883
066_60,s0.654695,s-3.321878,s137.667276
066_61,s2.989831,s-1.975034,s0.712060
066_62,s-0.419906,s3.283257,s62.945406
066_63,s-0.260371,s-3.199423,s97.043402
066_64,s-1.305821,s-3.279593,s171.505469
066_65,s-2.952912,s2.145416,s87.684711
067_0,s-0.419006,s0.537746,s331.199079
067_1,s0.284418,s-0.055926,s209.685337
067_2,s0.118856,s0.509190,s125.583610
067_3,s-0.267313,s1.020170,s2.650193
067_4,s1.369071,s-0.424726,s195.698479
067_5,s-0.715658,s-0.436097,s17.987731
067_6,s0.321354,s1.209870,s33.450696
067_7,s-1.034910,s-1.220803,s28.010456
067_8,s1.426924,s-0.059935,s194.983467
067_9,s-0.165487,s-0.556540,s164.359797
067_10,s1.262208,s0.270022,s86.582378
067_11,s0.696199,s-0.859772,s254.953416
067_12,s-1.251245,s1.184987,s294.692522
067_13,s0.149554,s-1.064243,s211.828716
067_14,s1.740516,s-1.131140,s131.786448
067_15,s-2.019806,s0.040026,s284.075433
067_16,s-2.850194,s1.493156,s227.977294
067_17,s0.577241,s1.648483,s265.200481
067_18,s0.737071,s-1.836271,s289.128708
067_19,s1.030411,s0.959538,s84.802109
067_20,s1.920576,s-0.501321,s228.748791
067_21,s-1.497815,s0.643345,s74.548129
067_22,s-1.660293,s-1.328758,s214.337365
067_23,s1.213268,s1.769526,s31.470093
067_24,s-0.228005,s1.839091,s301.347469
067_25,s0.261372,s-2.066333,s71.156228
067_26,s1.766670,s0.872944,s290.162671
067_27,s-0.673945,s-1.887039,s1.158302
067_28,s0.420483,s2.200130,s50.647681
067_29,s-2.450317,s-0.644375,s7.940591
067_30,s2.173475,s2.472478,s65.905334
067_31,s-1.100716,s-1.811833,s66.466185
067_32,s2.429839,s2.925150,s279.361045
067_33,s-1.562832,s1.990294,s131.694025
067_34,s-0.714470,s2.530350,s82.625143
067_35,s-0.802528,s-2.577331,s94.979075
067_36,s3.242817,s-0.909676,s210.175449
067_37,s-2.095875,s3.216826,s109.697869
067_38,s-2.155820,s2.211629,s80.050418
067_39,s0.341269,s3.217356,s114.265345
067_40,s2.328421,s0.203756,s130.001203
067_41,s-2.153241,s-1.211618,s126.523735
067_42,s-2.695811,s0.395831,s48.010484
067_43,s0.852577,s-2.426926,s63.413746
067_44,s-3.339741,s-0.181537,s143.194478
067_45,s-2.494137,s-2.120283,s99.492290
067_46,s2.147810,s-1.793145,s307.468570
067_47,s0.739804,s2.084995,s228.799210
067_48,s-1.508838,s-2.552899,s292.590372
067_49,s3.001490,s-0.389860,s263.840695
067_50,s0.564949,s-2.780917,s228.794364
067_51,s2.311583,s1.595676,s232.849766
067_52,s1.141711,s2.791994,s-25.304953
067_53,s-0.933185,s3.129826,s112.027137
067_54,s2.985072,s1.870928,s-2.204117
067_55,s-1.001901,s-2.876284,s284.065642
067_56,s2.104555,s-2.351700,s35.526112
067_57,s3.049112,s0.296078,s-17.247259
067_58,s-2.815342,s-1.187755,s70.880051
067_59,s1.404690,s-2.914826,s282.298883
067_60,s0.654695,s-3.321878,s137.667276
067_61,s2.989831,s-1.975034,s0.712060
067_62,s-0.419906,s3.283257,s62.945406
067_63,s-0.260371,s-3.199423,s97.043402
067_64,s-1.305821,s-3.279593,s171.505469
067_65,s-2.952912,s2.145416,s87.684711
067_66,s3.557484,s0.133813,s221.295744
068_0,s-0.419006,s0.537746,s331.199079
068_1,s0.284418,s-0.055926,s209.685337
068_2,s0.118856,s0.509190,s125.583610
068_3,s-0.267313,s1.020170,s2.650193
068_4,s1.369071,s-0.424726,s195.698479
068_5,s-0.675965,s-0.235787,s21.358569
068_6,s0.321354,s1.209870,s33.450696
068_7,s-1.034910,s-1.220803,s28.010456
068_8,s1.426924,s-0.059935,s194.983467
068_9,s-0.164089,s-0.401724,s150.067685
068_10,s1.262208,s0.270022,s86.582378
068_11,s0.696199,s-0.859772,s254.953416
068_12,s-1.239300,s1.214375,s84.984472
068_13,s0.149554,s-1.064243,s211.828716
068_14,s1.740516,s-1.131140,s131.786448
068_15,s-2.019806,s0.040026,s284.075433
068_16,s-2.779563,s1.487021,s241.753184
068_17,s0.577241,s1.648483,s265.200481
068_18,s0.737071,s-1.836271,s289.128708
068_19,s1.322946,s0.954169,s73.409222
068_20,s1.920576,s-0.501321,s228.748791
068_21,s-1.497815,s0.643345,s74.548129
068_22,s-1.660293,s-1.328758,s214.337365
068_23,s1.213268,s1.769526,s31.470093
068_24,s-0.228005,s1.839091,s301.347469
068_25,s0.261372,s-2.066333,s71.156228
068_26,s1.766670,s0.872944,s290.162671
068_27,s-0.673945,s-1.887039,s1.158302
068_28,s0.420483,s2.200130,s50.647681
068_29,s-2.450317,s-0.644375,s7.940591
068_30,s2.173475,s2.472478,s65.905334
068_31,s-1.100716,s-1.811833,s66.466185
068_32,s2.529037,s3.231715,s261.127138
068_33,s-1.562832,s1.990294,s131.694025
068_34,s-0.695931,s2.490854,s68.660970
068_35,s-0.802528,s-2.577331,s94.979075
068_36,s3.330653,s-0.803697,s198.233026
068_37,s-2.065718,s2.961279,s94.925237
068_38,s-2.047981,s2.155118,s58.301425
068_39,s0.385382,s3.135685,s103.062754
068_40,s2.328421,s0.203756,s130.001203
068_41,s-2.293909,s-1.406045,s120.409576
068_42,s-2.658998,s0.387057,s47.614103
068_43,s0.852577,s-2.426926,s63.413746
068_44,s-3.228615,s-0.193480,s1.746074
068_45,s-2.477485,s-2.408394,s108.380499
068_46,s2.072711,s-1.747925,s308.297828
068_47,s0.739804,s2.084995,s228.799210
068_48,s-1.508838,s-2.552899,s292.590372
068_49,s3.001490,s-0.389860,s263.840695
068_50,s0.564949,s-2.780917,s228.794364
068_51,s2.311583,s1.595676,s232.849766
068_52,s0.964632,s2.789917,s-27.792153
068_53,s-0.933185,s3.129826,s112.027137
068_54,s3.095413,s1.844867,s-22.772494
068_55,s-1.001901,s-2.876284,s284.065642
068_56,s2.152390,s-2.388712,s97.741829
068_57,s3.009240,s0.323686,s-27.213943
068_58,s-2.918717,s-0.899907,s71.996589
068_59,s1.404690,s-2.914826,s282.298883
068_60,s0.574249,s-3.408516,s142.099145
068_61,s2.989831,s-1.975034,s0.712060
068_62,s-0.419906,s3.283257,s62.945406
068_63,s-0.260371,s-3.199423,s97.043402
068_64,s-1.305821,s-3.279593,s171.505469
068_65,s-2.951189,s2.134477,s78.446268
068_66,s3.572975,s0.236771,s218.944948
068_67,s1.127912,s-3.471356,s223.904869
069_0,s-0.419006,s0.537746,s331.199079
069_1,s0.284418,s-0.055926,s209.685337
069_2,s0.118856,s0.509190,s125.583610
069_3,s-0.267313,s1.020170,s2.650193
069_4,s1.369071,s-0.424726,s195.698479
069_5,s-0.675965,s-0.235787,s21.358569
069_6,s0.321354,s1.209870,s33.450696
069_7,s-1.034910,s-1.220803,s28.010456
069_8,s1.426924,s-0.059935,s194.983467
069_9,s-0.164089,s-0.401724,s150.067685
069_10,s1.262208,s0.270022,s86.582378
069_11,s0.696199,s-0.859772,s254.953416
069_12,s-1.239300,s1.214375,s84.984472
069_13,s0.149554,s-1.064243,s211.828716
069_14,s1.740516,s-1.131140,s131.786448
069_15,s-2.019806,s0.040026,s284.075433
069_16,s-2.779563,s1.487021,s241.753184
069_17,s0.577241,s1.648483,s265.200481
069_18,s0.737071,s-1.836271,s289.128708
069_19,s1.322946,s0.954169,s73.409222
069_20,s1.920576,s-0.501321,s228.748791
069_21,s-1.497815,s0.643345,s74.548129
069_22,s-1.660293,s-1.328758,s214.337365
069_23,s1.213268,s1.769526,s31.470093
069_24,s-0.228005,s1.839091,s301.347469
069_25,s0.261372,s-2.066333,s71.156228
069_26,s1.766670,s0.872944,s290.162671
069_27,s-0.673945,s-1.887039,s1.158302
069_28,s0.420483,s2.200130,s50.647681
069_29,s-2.450317,s-0.644375,s7.940591
069_30,s2.173475,s2.472478,s65.905334
069_31,s-1.100716,s-1.811833,s66.466185
069_32,s2.529037,s3.231715,s261.127138
069_33,s-1.562832,s1.990294,s131.694025
069_34,s-0.695931,s2.490854,s68.660970
069_35,s-0.802528,s-2.577331,s94.979075
069_36,s3.330653,s-0.803697,s198.233026
069_37,s-2.065718,s2.961279,s94.925237
069_38,s-2.047981,s2.155118,s58.301425
069_39,s0.385382,s3.135685,s103.062754
069_40,s2.328421,s0.203756,s130.001203
069_41,s-2.293909,s-1.406045,s120.409576
069_42,s-2.658998,s0.387057,s47.614103
069_43,s0.852577,s-2.426926,s63.413746
069_44,s-3.228615,s-0.193480,s1.746074
069_45,s-2.477485,s-2.408394,s108.380499
069_46,s2.072711,s-1.747925,s308.297828
069_47,s0.739804,s2.084995,s228.799210
069_48,s-1.508838,s-2.552899,s292.590372
069_49,s3.001490,s-0.389860,s263.840695
069_50,s0.564949,s-2.780917,s228.794364
069_51,s2.311583,s1.595676,s232.849766
069_52,s0.964632,s2.789917,s-27.792153
069_53,s-0.933185,s3.129826,s112.027137
069_54,s3.095413,s1.844867,s-22.772494
069_55,s-1.001901,s-2.876284,s284.065642
069_56,s2.152390,s-2.388712,s97.741829
069_57,s3.009240,s0.323686,s-27.213943
069_58,s-2.918717,s-0.899907,s71.996589
069_59,s1.404690,s-2.914826,s282.298883
069_60,s0.574249,s-3.408516,s142.099145
069_61,s2.989831,s-1.975034,s0.712060
069_62,s-0.419906,s3.283257,s62.945406
069_63,s-0.260371,s-3.199423,s97.043402
069_64,s-1.305821,s-3.279593,s171.505469
069_65,s-2.951189,s2.134477,s78.446268
069_66,s3.572975,s0.236771,s218.944948
069_67,s1.127912,s-3.471356,s223.904869
069_68,s-2.011738,s-2.571601,s220.297654
070_0,s-0.419006,s0.537746,s331.199079
070_1,s0.284418,s-0.055926,s209.685337
070_2,s0.118856,s0.509190,s125.583610
070_3,s-0.267313,s1.020170,s2.650193
070_4,s1.369071,s-0.424726,s195.698479
070_5,s-0.675965,s-0.235787,s21.358569
070_6,s0.321354,s1.209870,s33.450696
070_7,s-1.034910,s-1.220803,s28.010456
070_8,s1.426924,s-0.059935,s194.983467
070_9,s-0.164089,s-0.401724,s150.067685
070_10,s1.262208,s0.270022,s86.582378
070_11,s0.696199,s-0.859772,s254.953416
070_12,s-1.239300,s1.214375,s84.984472
070_13,s0.149554,s-1.064243,s211.828716
070_14,s1.740516,s-1.131140,s131.786448
070_15,s-2.019806,s0.040026,s284.075433
070_16,s-2.779563,s1.487021,s241.753184
070_17,s0.577241,s1.648483,s265.200481
070_18,s0.737071,s-1.836271,s289.128708
070_19,s1.322946,s0.954169,s73.409222
070_20,s1.920576,s-0.501321,s228.748791
070_21,s-1.497815,s0.643345,s74.548129
070_22,s-1.660293,s-1.328758,s214.337365
070_23,s1.213268,s1.769526,s31.470093
070_24,s-0.228005,s1.839091,s301.347469
070_25,s0.261372,s-2.066333,s71.156228
070_26,s1.766670,s0.872944,s290.162671
070_27,s-0.673945,s-1.887039,s1.158302
070_28,s0.420483,s2.200130,s50.647681
070_29,s-2.450317,s-0.644375,s7.940591
070_30,s2.173475,s2.472478,s65.905334
070_31,s-1.100716,s-1.811833,s66.466185
070_32,s2.529037,s3.231715,s261.127138
070_33,s-1.562832,s1.990294,s131.694025
070_34,s-0.695931,s2.490854,s68.660970
070_35,s-0.802528,s-2.577331,s94.979075
070_36,s3.330653,s-0.803697,s198.233026
070_37,s-2.065718,s2.961279,s94.925237
070_38,s-2.047981,s2.155118,s58.301425
070_39,s0.385382,s3.135685,s103.062754
070_40,s2.328421,s0.203756,s130.001203
070_41,s-2.293909,s-1.406045,s120.409576
070_42,s-2.658998,s0.387057,s47.614103
070_43,s0.852577,s-2.426926,s63.413746
070_44,s-3.228615,s-0.193480,s1.746074
070_45,s-2.477485,s-2.408394,s108.380499
070_46,s2.072711,s-1.747925,s308.297828
070_47,s0.739804,s2.084995,s228.799210
070_48,s-1.508838,s-2.552899,s292.590372
070_49,s3.001490,s-0.389860,s263.840695
070_50,s0.564949,s-2.780917,s228.794364
070_51,s2.311583,s1.595676,s232.849766
070_52,s0.964632,s2.789917,s-27.792153
070_53,s-0.933185,s3.129826,s112.027137
070_54,s3.095413,s1.844867,s-22.772494
070_55,s-1.001901,s-2.876284,s284.065642
070_56,s2.152390,s-2.388712,s97.741829
070_57,s3.009240,s0.323686,s-27.213943
070_58,s-2.918717,s-0.899907,s71.996589
070_59,s1.404690,s-2.914826,s282.298883
070_60,s0.574249,s-3.408516,s142.099145
070_61,s2.989831,s-1.975034,s0.712060
070_62,s-0.419906,s3.283257,s62.945406
070_63,s-0.260371,s-3.199423,s97.043402
070_64,s-1.305821,s-3.279593,s171.505469
070_65,s-2.951189,s2.134477,s78.446268
070_66,s3.572975,s0.236771,s218.944948
070_67,s1.127912,s-3.471356,s223.904869
070_68,s-2.011738,s-2.571601,s220.297654
070_69,s-3.505093,s0.963093,s307.476708
071_0,s-0.419006,s0.537746,s331.199079
071_1,s0.284418,s-0.055926,s209.685337
071_2,s0.118856,s0.509190,s125.583610
071_3,s-0.267313,s1.020170,s2.650193
071_4,s1.369071,s-0.424726,s195.698479
071_5,s-0.675965,s-0.235787,s21.358569
071_6,s0.321354,s1.209870,s33.450696
071_7,s-1.034910,s-1.220803,s28.010456
071_8,s1.426924,s-0.059935,s194.983467
071_9,s-0.164089,s-0.401724,s150.067685
071_10,s1.262208,s0.270022,s86.582378
071_11,s0.696199,s-0.859772,s254.953416
071_12,s-1.239300,s1.214375,s84.984472
071_13,s0.073966,s-1.052710,s214.693321
071_14,s1.740516,s-1.131140,s131.786448
071_15,s-2.019806,s0.040026,s284.075433
071_16,s-2.779563,s1.487021,s241.753184
071_17,s0.577241,s1.648483,s265.200481
071_18,s0.737071,s-1.836271,s289.128708
071_19,s1.322946,s0.954169,s73.409222
071_20,s1.920576,s-0.501321,s228.748791
071_21,s-1.497815,s0.643345,s74.548129
071_22,s-1.660293,s-1.328758,s214.337365
071_23,s1.213268,s1.769526,s31.470093
071_24,s-0.228005,s1.839091,s301.347469
071_25,s0.261372,s-2.066333,s71.156228
071_26,s1.766670,s0.872944,s290.162671
071_27,s-0.673945,s-1.887039,s1.158302
071_28,s0.420483,s2.200130,s50.647681
071_29,s-2.450317,s-0.644375,s7.940591
071_30,s2.173475,s2.472478,s65.905334
071_31,s-1.100716,s-1.811833,s66.466185
071_32,s2.529037,s3.231715,s261.127138
071_33,s-1.562832,s1.990294,s131.694025
071_34,s-0.695931,s2.490854,s68.660970
071_35,s-0.802528,s-2.577331,s94.979075
071_36,s3.330653,s-0.803697,s198.233026
071_37,s-2.062619,s2.940429,s340.250905
071_38,s-2.047981,s2.155118,s58.301425
071_39,s0.385382,s3.135685,s103.062754
071_40,s2.328421,s0.203756,s130.001203
071_41,s-2.293909,s-1.406045,s120.409576
071_42,s-2.658998,s0.387057,s47.614103
071_43,s0.852577,s-2.426926,s63.413746
071_44,s-3.228615,s-0.193480,s1.746074
071_45,s-2.477485,s-2.408394,s108.380499
071_46,s2.072711,s-1.747925,s308.297828
071_47,s0.739804,s2.084995,s228.799210
071_48,s-1.508838,s-2.552899,s292.590372
071_49,s3.001490,s-0.389860,s263.840695
071_50,s0.564949,s-2.780917,s228.794364
071_51,s2.565984,s1.541653,s229.187476
071_52,s0.964632,s2.789917,s-27.792153
071_53,s-0.933185,s3.129826,s112.027137
071_54,s3.095413,s1.844867,s-22.772494
071_55,s-1.001901,s-2.876284,s284.065642
071_56,s2.152390,s-2.388712,s97.741829
071_57,s3.009240,s0.323686,s-27.213943
071_58,s-2.918717,s-0.899907,s71.996589
071_59,s1.404690,s-2.914826,s282.298883
071_60,s0.574249,s-3.408516,s142.099145
071_61,s3.204223,s-2.098431,s10.883167
071_62,s-0.419906,s3.283257,s62.945406
071_63,s-0.260371,s-3.199423,s97.043402
071_64,s-1.305821,s-3.279593,s171.505469
071_65,s-2.943197,s2.118577,s66.124506
071_66,s3.572975,s0.236771,s218.944948
071_67,s1.127912,s-3.471356,s223.904869
071_68,s-2.011738,s-2.571601,s220.297654
071_69,s-3.505093,s0.963093,s307.476708
071_70,s2.550294,s-2.382456,s231.085565
072_0,s-0.419006,s0.537746,s331.199079
072_1,s0.301424,s-0.056635,s209.703056
072_2,s0.118856,s0.509190,s125.583610
072_3,s-0.267313,s1.020170,s2.650193
072_4,s1.369071,s-0.424726,s195.698479
072_5,s-0.753483,s-0.209409,s21.009784
072_6,s0.321354,s1.209870,s33.450696
072_7,s-1.067422,s-1.249170,s18.177606
072_8,s1.426924,s-0.059935,s194.983467
072_9,s-0.288954,s-0.374566,s141.128158
072_10,s1.221055,s0.315519,s65.960096
072_11,s0.696199,s-0.859772,s254.953416
072_12,s-1.146226,s1.315689,s295.941645
072_13,s0.056972,s-1.043668,s214.285386
072_14,s1.740516,s-1.131140,s131.786448
072_15,s-2.246411,s-0.091611,s277.346185
072_16,s-2.779563,s1.487021,s241.753184
072_17,s0.577241,s1.648483,s265.200481
072_18,s0.737071,s-1.836271,s289.128708
072_19,s1.322946,s0.954169,s73.409222
072_20,s1.919818,s-0.427420,s288.652668
072_21,s-1.508509,s0.642883,s66.623965
072_22,s-1.660293,s-1.328758,s214.337365
072_23,s1.213268,s1.769526,s31.470093
072_24,s-0.228005,s1.839091,s301.347469
072_25,s0.261372,s-2.066333,s71.156228
072_26,s1.810977,s0.873350,s280.672960
072_27,s-0.670874,s-1.763947,s-3.101046
072_28,s0.420483,s2.200130,s50.647681
072_29,s-2.607574,s-0.665519,s230.833346
072_30,s2.174385,s2.677398,s77.160799
072_31,s-1.100716,s-1.811833,s66.466185
072_32,s2.555317,s3.321890,s262.320766
072_33,s-1.562832,s1.990294,s131.694025
072_34,s-0.648446,s2.673776,s156.618483
072_35,s-0.802528,s-2.577331,s94.979075
072_36,s3.210284,s-0.917544,s190.743133
072_37,s-2.269982,s2.890627,s311.145739
072_38,s-2.047981,s2.155118,s58.301425
072_39,s0.403373,s3.204559,s94.928292
072_40,s2.269731,s0.366388,s306.975010
072_41,s-2.388876,s-1.496513,s129.260728
072_42,s-2.658998,s0.387057,s47.614103
072_43,s0.852577,s-2.426926,s63.413746
072_44,s-3.129598,s-0.139356,s1.584051
072_45,s-2.492082,s-2.498322,s143.892611
072_46,s2.053639,s-1.770346,s312.416896
072_47,s0.739804,s2.084995,s228.799210
072_48,s-1.508838,s-2.552899,s292.590372
072_49,s3.001490,s-0.389860,s263.840695
072_50,s0.564949,s-2.780917,s228.794364
072_51,s2.583290,s1.595885,s206.808403
072_52,s1.081272,s2.805147,s340.180438
072_53,s-0.920894,s3.298228,s111.530340
072_54,s2.869273,s2.017936,s289.991565
072_55,s-1.001901,s-2.876284,s284.065642
072_56,s2.152390,s-2.388712,s97.741829
072_57,s2.779652,s0.048919,s-53.291345
072_58,s-3.030676,s-0.632058,s66.727504
072_59,s1.404690,s-2.914826,s282.298883
072_60,s0.401101,s-3.537320,s138.197382
072_61,s3.209420,s-2.350898,s284.648970
072_62,s-0.217292,s3.545573,s70.433422
072_63,s0.011479,s-3.110815,s92.416426
072_64,s-1.416318,s-3.209976,s177.139730
072_65,s-2.835004,s2.130738,s70.287636
072_66,s3.540478,s0.176312,s217.140202
072_67,s1.054741,s-3.520039,s221.360348
072_68,s-2.011738,s-2.571601,s220.297654
072_69,s-3.505093,s0.963093,s307.476708
072_70,s2.639548,s-2.394584,s210.240604
072_71,s-3.070446,s-1.586272,s93.078910
073_0,s-0.419006,s0.537746,s331.199079
073_1,s0.301424,s-0.056635,s209.703056
073_2,s0.118856,s0.509190,s125.583610
073_3,s-0.267313,s1.020170,s2.650193
073_4,s1.369071,s-0.424726,s195.698479
073_5,s-0.753483,s-0.209409,s21.009784
073_6,s0.321354,s1.209870,s33.450696
073_7,s-1.067422,s-1.249170,s18.177606
073_8,s1.426924,s-0.059935,s194.983467
073_9,s-0.288954,s-0.374566,s141.128158
073_10,s1.221055,s0.315519,s65.960096
073_11,s0.696199,s-0.859772,s254.953416
073_12,s-1.146226,s1.315689,s295.941645
073_13,s0.056972,s-1.043668,s214.285386
073_14,s1.740516,s-1.131140,s131.786448
073_15,s-2.246411,s-0.091611,s277.346185
073_16,s-2.779563,s1.487021,s241.753184
073_17,s0.577241,s1.648483,s265.200481
073_18,s0.737071,s-1.836271,s289.128708
073_19,s1.322946,s0.954169,s73.409222
073_20,s1.919818,s-0.427420,s288.652668
073_21,s-1.508509,s0.642883,s66.623965
073_22,s-1.660293,s-1.328758,s214.337365
073_23,s1.213268,s1.769526,s31.470093
073_24,s-0.228005,s1.839091,s301.347469
073_25,s0.261372,s-2.066333,s71.156228
073_26,s1.810977,s0.873350,s280.672960
073_27,s-0.670874,s-1.763947,s-3.101046
073_28,s0.420483,s2.200130,s50.647681
073_29,s-2.607574,s-0.665519,s230.833346
073_30,s2.174385,s2.677398,s77.160799
073_31,s-1.100716,s-1.811833,s66.466185
073_32,s2.555317,s3.321890,s262.320766
073_33,s-1.562832,s1.990294,s131.694025
073_34,s-0.648446,s2.673776,s156.618483
073_35,s-0.802528,s-2.577331,s94.979075
073_36,s3.210284,s-0.917544,s190.743133
073_37,s-2.269982,s2.890627,s311.145739
073_38,s-2.047981,s2.155118,s58.301425
073_39,s0.403373,s3.204559,s94.928292
073_40,s2.269731,s0.366388,s306.975010
073_41,s-2.388876,s-1.496513,s129.260728
073_42,s-2.658998,s0.387057,s47.614103
073_43,s0.852577,s-2.426926,s63.413746
073_44,s-3.129598,s-0.139356,s1.584051
073_45,s-2.492082,s-2.498322,s143.892611
073_46,s2.053639,s-1.770346,s312.416896
073_47,s0.739804,s2.084995,s228.799210
073_48,s-1.508838,s-2.552899,s292.590372
073_49,s3.001490,s-0.389860,s263.840695
073_50,s0.564949,s-2.780917,s228.794364
073_51,s2.583290,s1.595885,s206.808403
073_52,s1.081272,s2.805147,s340.180438
073_53,s-0.920894,s3.298228,s111.530340
073_54,s2.869273,s2.017936,s289.991565
073_55,s-1.001901,s-2.876284,s284.065642
073_56,s2.152390,s-2.388712,s97.741829
073_57,s2.779652,s0.048919,s-53.291345
073_58,s-3.030676,s-0.632058,s66.727504
073_59,s1.404690,s-2.914826,s282.298883
073_60,s0.401101,s-3.537320,s138.197382
073_61,s3.209420,s-2.350898,s284.648970
073_62,s-0.217292,s3.545573,s70.433422
073_63,s0.011479,s-3.110815,s92.416426
073_64,s-1.416318,s-3.209976,s177.139730
073_65,s-2.835004,s2.130738,s70.287636
073_66,s3.540478,s0.176312,s217.140202
073_67,s1.054741,s-3.520039,s221.360348
073_68,s-2.011738,s-2.571601,s220.297654
073_69,s-3.505093,s0.963093,s307.476708
073_70,s2.639548,s-2.394584,s210.240604
073_71,s-3.070446,s-1.586272,s93.078910
073_72,s-3.070219,s-2.230645,s97.810575
074_0,s-0.419006,s0.537746,s331.199079
074_1,s0.301424,s-0.056635,s209.703056
074_2,s0.118856,s0.509190,s125.583610
074_3,s-0.267313,s1.020170,s2.650193
074_4,s1.369071,s-0.424726,s195.698479
074_5,s-0.753483,s-0.209409,s21.009784
074_6,s0.321354,s1.209870,s33.450696
074_7,s-1.067422,s-1.249170,s18.177606
074_8,s1.426924,s-0.059935,s194.983467
074_9,s-0.288954,s-0.374566,s141.128158
074_10,s1.221055,s0.315519,s65.960096
074_11,s0.696199,s-0.859772,s254.953416
074_12,s-1.146226,s1.315689,s295.941645
074_13,s0.056972,s-1.043668,s214.285386
074_14,s1.740516,s-1.131140,s131.786448
074_15,s-2.246411,s-0.091611,s277.346185
074_16,s-2.779563,s1.487021,s241.753184
074_17,s0.577241,s1.648483,s265.200481
074_18,s0.737071,s-1.836271,s289.128708
074_19,s1.322946,s0.954169,s73.409222
074_20,s1.919818,s-0.427420,s288.652668
074_21,s-1.508509,s0.642883,s66.623965
074_22,s-1.660293,s-1.328758,s214.337365
074_23,s1.213268,s1.769526,s31.470093
074_24,s-0.228005,s1.839091,s301.347469
074_25,s0.261372,s-2.066333,s71.156228
074_26,s1.810977,s0.873350,s280.672960
074_27,s-0.670874,s-1.763947,s-3.101046
074_28,s0.420483,s2.200130,s50.647681
074_29,s-2.607574,s-0.665519,s230.833346
074_30,s2.174385,s2.677398,s77.160799
074_31,s-1.100716,s-1.811833,s66.466185
074_32,s2.555317,s3.321890,s262.320766
074_33,s-1.562832,s1.990294,s131.694025
074_34,s-0.648446,s2.673776,s156.618483
074_35,s-0.802528,s-2.577331,s94.979075
074_36,s3.210284,s-0.917544,s190.743133
074_37,s-2.269982,s2.890627,s311.145739
074_38,s-2.047981,s2.155118,s58.301425
074_39,s0.403373,s3.204559,s94.928292
074_40,s2.269731,s0.366388,s306.975010
074_41,s-2.388876,s-1.496513,s129.260728
074_42,s-2.658998,s0.387057,s47.614103
074_43,s0.852577,s-2.426926,s63.413746
074_44,s-3.129598,s-0.139356,s1.584051
074_45,s-2.492082,s-2.498322,s143.892611
074_46,s2.053639,s-1.770346,s312.416896
074_47,s0.739804,s2.084995,s228.799210
074_48,s-1.508838,s-2.552899,s292.590372
074_49,s3.001490,s-0.389860,s263.840695
074_50,s0.564949,s-2.780917,s228.794364
074_51,s2.583290,s1.595885,s206.808403
074_52,s1.081272,s2.805147,s340.180438
074_53,s-0.920894,s3.298228,s111.530340
074_54,s2.869273,s2.017936,s289.991565
074_55,s-1.001901,s-2.876284,s284.065642
074_56,s2.152390,s-2.388712,s97.741829
074_57,s2.779652,s0.048919,s-53.291345
074_58,s-3.030676,s-0.632058,s66.727504
074_59,s1.404690,s-2.914826,s282.298883
074_60,s0.401101,s-3.537320,s138.197382
074_61,s3.209420,s-2.350898,s284.648970
074_62,s-0.217292,s3.545573,s70.433422
074_63,s0.011479,s-3.110815,s92.416426
074_64,s-1.416318,s-3.209976,s177.139730
074_65,s-2.835004,s2.130738,s70.287636
074_66,s3.540478,s0.176312,s217.140202
074_67,s1.054741,s-3.520039,s221.360348
074_68,s-2.011738,s-2.571601,s220.297654
074_69,s-3.505093,s0.963093,s307.476708
074_70,s2.639548,s-2.394584,s210.240604
074_71,s-3.070446,s-1.586272,s93.078910
074_72,s-3.070219,s-2.230645,s97.810575
074_73,s-0.733141,s-3.396782,s146.739746
075_0,s-0.419006,s0.537746,s331.199079
075_1,s0.301424,s-0.056635,s209.703056
075_2,s0.118856,s0.509190,s125.583610
075_3,s-0.267313,s1.020170,s2.650193
075_4,s1.369071,s-0.424726,s195.698479
075_5,s-0.753483,s-0.209409,s21.009784
075_6,s0.321354,s1.209870,s33.450696
075_7,s-1.067422,s-1.249170,s18.177606
075_8,s1.426924,s-0.059935,s194.983467
075_9,s-0.288954,s-0.374566,s141.128158
075_10,s1.221055,s0.315519,s65.960096
075_11,s0.696199,s-0.859772,s254.953416
075_12,s-1.146226,s1.315689,s295.941645
075_13,s0.056972,s-1.043668,s214.285386
075_14,s1.740516,s-1.131140,s131.786448
075_15,s-2.246411,s-0.091611,s277.346185
075_16,s-2.779563,s1.487021,s241.753184
075_17,s0.577241,s1.648483,s265.200481
075_18,s0.737071,s-1.836271,s289.128708
075_19,s1.322946,s0.954169,s73.409222
075_20,s1.919818,s-0.427420,s288.652668
075_21,s-1.508509,s0.642883,s66.623965
075_22,s-1.660293,s-1.328758,s214.337365
075_23,s1.213268,s1.769526,s31.470093
075_24,s-0.228005,s1.839091,s301.347469
075_25,s0.261372,s-2.066333,s71.156228
075_26,s1.810977,s0.873350,s280.672960
075_27,s-0.670874,s-1.763947,s-3.101046
075_28,s0.420483,s2.200130,s50.647681
075_29,s-2.607574,s-0.665519,s230.833346
075_30,s2.174385,s2.677398,s77.160799
075_31,s-1.100716,s-1.811833,s66.466185
075_32,s2.555317,s3.321890,s262.320766
075_33,s-1.562832,s1.990294,s131.694025
075_34,s-0.648446,s2.673776,s156.618483
075_35,s-0.802528,s-2.577331,s94.979075
075_36,s3.210284,s-0.917544,s190.743133
075_37,s-2.269982,s2.890627,s311.145739
075_38,s-2.047981,s2.155118,s58.301425
075_39,s0.403373,s3.204559,s94.928292
075_40,s2.269731,s0.366388,s306.975010
075_41,s-2.388876,s-1.496513,s129.260728
075_42,s-2.658998,s0.387057,s47.614103
075_43,s0.852577,s-2.426926,s63.413746
075_44,s-3.129598,s-0.139356,s1.584051
075_45,s-2.492082,s-2.498322,s143.892611
075_46,s2.053639,s-1.770346,s312.416896
075_47,s0.739804,s2.084995,s228.799210
075_48,s-1.508838,s-2.552899,s292.590372
075_49,s3.001490,s-0.389860,s263.840695
075_50,s0.564949,s-2.780917,s228.794364
075_51,s2.583290,s1.595885,s206.808403
075_52,s1.081272,s2.805147,s340.180438
075_53,s-0.920894,s3.298228,s111.530340
075_54,s2.869273,s2.017936,s289.991565
075_55,s-1.001901,s-2.876284,s284.065642
075_56,s2.152390,s-2.388712,s97.741829
075_57,s2.779652,s0.048919,s-53.291345
075_58,s-3.030676,s-0.632058,s66.727504
075_59,s1.404690,s-2.914826,s282.298883
075_60,s0.401101,s-3.537320,s138.197382
075_61,s3.209420,s-2.350898,s284.648970
075_62,s-0.217292,s3.545573,s70.433422
075_63,s0.011479,s-3.110815,s92.416426
075_64,s-1.416318,s-3.209976,s177.139730
075_65,s-2.835004,s2.130738,s70.287636
075_66,s3.540478,s0.176312,s217.140202
075_67,s1.054741,s-3.520039,s221.360348
075_68,s-2.011738,s-2.571601,s220.297654
075_69,s-3.505093,s0.963093,s307.476708
075_70,s2.639548,s-2.394584,s210.240604
075_71,s-3.070446,s-1.586272,s93.078910
075_72,s-3.070219,s-2.230645,s97.810575
075_73,s-0.733141,s-3.396782,s146.739746
075_74,s-3.680000,s0.000000,s74.395915
076_0,s-0.419006,s0.537746,s331.199079
076_1,s0.301424,s-0.056635,s209.703056
076_2,s0.118856,s0.509190,s125.583610
076_3,s-0.267313,s1.020170,s2.650193
076_4,s1.369071,s-0.424726,s195.698479
076_5,s-0.753483,s-0.209409,s21.009784
076_6,s0.321354,s1.209870,s33.450696
076_7,s-1.067422,s-1.249170,s18.177606
076_8,s1.426924,s-0.059935,s194.983467
076_9,s-0.288954,s-0.374566,s141.128158
076_10,s1.221055,s0.315519,s65.960096
076_11,s0.696199,s-0.859772,s254.953416
076_12,s-1.146226,s1.315689,s295.941645
076_13,s0.056972,s-1.043668,s214.285386
076_14,s1.740516,s-1.131140,s131.786448
076_15,s-2.246411,s-0.091611,s277.346185
076_16,s-2.779563,s1.487021,s241.753184
076_17,s0.577241,s1.648483,s265.200481
076_18,s0.737071,s-1.836271,s289.128708
076_19,s1.322946,s0.954169,s73.409222
076_20,s1.919818,s-0.427420,s288.652668
076_21,s-1.508509,s0.642883,s66.623965
076_22,s-1.660293,s-1.328758,s214.337365
076_23,s1.213268,s1.769526,s31.470093
076_24,s-0.228005,s1.839091,s301.347469
076_25,s0.261372,s-2.066333,s71.156228
076_26,s1.810977,s0.873350,s280.672960
076_27,s-0.670874,s-1.763947,s-3.101046
076_28,s0.420483,s2.200130,s50.647681
076_29,s-2.607574,s-0.665519,s230.833346
076_30,s2.174385,s2.677398,s77.160799
076_31,s-1.100716,s-1.811833,s66.466185
076_32,s2.555317,s3.321890,s262.320766
076_33,s-1.562832,s1.990294,s131.694025
076_34,s-0.648446,s2.673776,s156.618483
076_35,s-0.802528,s-2.577331,s94.979075
076_36,s3.210284,s-0.917544,s190.743133
076_37,s-2.269982,s2.890627,s311.145739
076_38,s-2.047981,s2.155118,s58.301425
076_39,s0.403373,s3.204559,s94.928292
076_40,s2.269731,s0.366388,s306.975010
076_41,s-2.388876,s-1.496513,s129.260728
076_42,s-2.658998,s0.387057,s47.614103
076_43,s0.852577,s-2.426926,s63.413746
076_44,s-3.129598,s-0.139356,s1.584051
076_45,s-2.492082,s-2.498322,s143.892611
076_46,s2.053639,s-1.770346,s312.416896
076_47,s0.739804,s2.084995,s228.799210
076_48,s-1.508838,s-2.552899,s292.590372
076_49,s3.001490,s-0.389860,s263.840695
076_50,s0.564949,s-2.780917,s228.794364
076_51,s2.583290,s1.595885,s206.808403
076_52,s1.081272,s2.805147,s340.180438
076_53,s-0.920894,s3.298228,s111.530340
076_54,s2.869273,s2.017936,s289.991565
076_55,s-1.001901,s-2.876284,s284.065642
076_56,s2.152390,s-2.388712,s97.741829
076_57,s2.779652,s0.048919,s-53.291345
076_58,s-3.030676,s-0.632058,s66.727504
076_59,s1.404690,s-2.914826,s282.298883
076_60,s0.401101,s-3.537320,s138.197382
076_61,s3.209420,s-2.350898,s284.648970
076_62,s-0.217292,s3.545573,s70.433422
076_63,s0.011479,s-3.110815,s92.416426
076_64,s-1.416318,s-3.209976,s177.139730
076_65,s-2.835004,s2.130738,s70.287636
076_66,s3.540478,s0.176312,s217.140202
076_67,s1.054741,s-3.520039,s221.360348
076_68,s-2.011738,s-2.571601,s220.297654
076_69,s-3.505093,s0.963093,s307.476708
076_70,s2.639548,s-2.394584,s210.240604
076_71,s-3.070446,s-1.586272,s93.078910
076_72,s-3.070219,s-2.230645,s97.810575
076_73,s-0.733141,s-3.396782,s146.739746
076_74,s-3.680000,s0.000000,s74.395915
076_75,s1.983562,s-3.135216,s169.968944
077_0,s-0.419006,s0.537746,s331.199079
077_1,s0.375263,s-0.048300,s203.759397
077_2,s0.118856,s0.509190,s125.583610
077_3,s-0.267313,s1.020170,s2.650193
077_4,s1.369071,s-0.424726,s195.698479
077_5,s-0.838851,s-0.173029,s7.372848
077_6,s0.321354,s1.209870,s33.450696
077_7,s-1.067422,s-1.249170,s18.177606
077_8,s1.426924,s-0.059935,s194.983467
077_9,s-0.292919,s-0.383881,s260.161275
077_10,s1.221055,s0.315519,s65.960096
077_11,s0.696199,s-0.859772,s254.953416
077_12,s-1.146226,s1.315689,s295.941645
077_13,s0.248658,s-1.174763,s73.036489
077_14,s1.740516,s-1.131140,s131.786448
077_15,s-2.184625,s-0.053911,s281.520098
077_16,s-2.779563,s1.487021,s241.753184
077_17,s0.577241,s1.648483,s265.200481
077_18,s0.737071,s-1.836271,s289.128708
077_19,s1.307344,s1.083018,s85.872836
077_20,s1.872166,s-0.418262,s290.820307
077_21,s-1.539789,s0.403224,s25.687511
077_22,s-1.660293,s-1.328758,s214.337365
077_23,s1.213268,s1.769526,s31.470093
077_24,s-0.228005,s1.839091,s301.347469
077_25,s0.261372,s-2.066333,s71.156228
077_26,s1.720574,s0.815068,s278.778421
077_27,s-0.670874,s-1.763947,s-3.101046
077_28,s0.420483,s2.200130,s50.647681
077_29,s-2.421227,s-0.779594,s227.613001
077_30,s2.140383,s2.713873,s138.052137
077_31,s-1.100716,s-1.811833,s66.466185
077_32,s2.481535,s3.122988,s27.273124
077_33,s-1.562832,s1.990294,s131.694025
077_34,s-0.673338,s2.541962,s159.653894
077_35,s-0.802528,s-2.577331,s94.979075
077_36,s3.359624,s-1.088211,s142.133080
077_37,s-2.440933,s2.871827,s303.591409
077_38,s-2.085191,s2.218384,s59.215455
077_39,s0.245035,s3.300897,s205.739241
077_40,s2.269731,s0.366388,s306.975010
077_41,s-2.275115,s-1.432210,s122.181087
077_42,s-2.679546,s0.482626,s29.248811
077_43,s0.852577,s-2.426926,s63.413746
077_44,s-3.022428,s-0.129611,s15.952726
077_45,s-2.551003,s-2.248591,s155.766681
077_46,s1.858136,s-1.891442,s299.532120
077_47,s0.739804,s2.084995,s228.799210
077_48,s-1.508838,s-2.552899,s292.590372
077_49,s2.928400,s-0.622260,s262.879755
077_50,s0.564949,s-2.780917,s228.794364
077_51,s2.546746,s1.619948,s215.397969
077_52,s1.074297,s2.634722,s323.889538
077_53,s-1.072521,s3.216935,s119.586842
077_54,s2.953329,s1.977647,s1.822647
077_55,s-1.001901,s-2.876284,s284.065642
077_56,s2.276773,s-2.369871,s95.233955
077_57,s2.806006,s0.090321,s-61.649634
077_58,s-3.041303,s-0.655384,s53.541091
077_59,s1.596847,s-2.971906,s268.242244
077_60,s0.412687,s-3.454820,s143.839717
077_61,s3.209806,s-2.422139,s257.390481
077_62,s-0.379552,s3.554968,s71.417970
077_63,s0.011479,s-3.110815,s92.416426
077_64,s-1.416318,s-3.209976,s177.139730
077_65,s-2.927519,s2.084620,s67.751891
077_66,s3.686030,s0.114259,s-6.252388
077_67,s1.006664,s-3.533749,s219.540677
077_68,s-2.011738,s-2.571601,s220.297654
077_69,s-3.505093,s0.963093,s307.476708
077_70,s2.664614,s-2.516675,s199.863604
077_71,s-3.166950,s-1.286076,s85.732917
077_72,s-3.070219,s-2.230645,s97.810575
077_73,s-0.872690,s-3.550446,s140.934394
077_74,s-3.655036,s0.008104,s76.495137
077_75,s2.122025,s-3.460984,s178.033178
077_76,s0.888942,s3.493681,s289.614740
078_0,s-0.419006,s0.537746,s331.199079
078_1,s0.375263,s-0.048300,s203.759397
078_2,s0.118856,s0.509190,s125.583610
078_3,s-0.267313,s1.020170,s2.650193
078_4,s1.369071,s-0.424726,s195.698479
078_5,s-0.838851,s-0.173029,s7.372848
078_6,s0.321354,s1.209870,s33.450696
078_7,s-1.067422,s-1.249170,s18.177606
078_8,s1.426924,s-0.059935,s194.983467
078_9,s-0.292919,s-0.383881,s260.161275
078_10,s1.221055,s0.315519,s65.960096
078_11,s0.696199,s-0.859772,s254.953416
078_12,s-1.146226,s1.315689,s295.941645
078_13,s0.248658,s-1.174763,s73.036489
078_14,s1.740516,s-1.131140,s131.786448
078_15,s-2.184625,s-0.053911,s281.520098
078_16,s-2.779563,s1.487021,s241.753184
078_17,s0.577241,s1.648483,s265.200481
078_18,s0.737071,s-1.836271,s289.128708
078_19,s1.307344,s1.083018,s85.872836
078_20,s1.872166,s-0.418262,s290.820307
078_21,s-1.539789,s0.403224,s25.687511
078_22,s-1.660293,s-1.328758,s214.337365
078_23,s1.213268,s1.769526,s31.470093
078_24,s-0.228005,s1.839091,s301.347469
078_25,s0.261372,s-2.066333,s71.156228
078_26,s1.720574,s0.815068,s278.778421
078_27,s-0.670874,s-1.763947,s-3.101046
078_28,s0.420483,s2.200130,s50.647681
078_29,s-2.421227,s-0.779594,s227.613001
078_30,s2.140383,s2.713873,s138.052137
078_31,s-1.100716,s-1.811833,s66.466185
078_32,s2.481535,s3.122988,s27.273124
078_33,s-1.562832,s1.990294,s131.694025
078_34,s-0.673338,s2.541962,s159.653894
078_35,s-0.802528,s-2.577331,s94.979075
078_36,s3.359624,s-1.088211,s142.133080
078_37,s-2.440933,s2.871827,s303.591409
078_38,s-2.085191,s2.218384,s59.215455
078_39,s0.245035,s3.300897,s205.739241
078_40,s2.269731,s0.366388,s306.975010
078_41,s-2.275115,s-1.432210,s122.181087
078_42,s-2.679546,s0.482626,s29.248811
078_43,s0.852577,s-2.426926,s63.413746
078_44,s-3.022428,s-0.129611,s15.952726
078_45,s-2.551003,s-2.248591,s155.766681
078_46,s1.858136,s-1.891442,s299.532120
078_47,s0.739804,s2.084995,s228.799210
078_48,s-1.508838,s-2.552899,s292.590372
078_49,s2.928400,s-0.622260,s262.879755
078_50,s0.564949,s-2.780917,s228.794364
078_51,s2.546746,s1.619948,s215.397969
078_52,s1.074297,s2.634722,s323.889538
078_53,s-1.072521,s3.216935,s119.586842
078_54,s2.953329,s1.977647,s1.822647
078_55,s-1.001901,s-2.876284,s284.065642
078_56,s2.276773,s-2.369871,s95.233955
078_57,s2.806006,s0.090321,s-61.649634
078_58,s-3.041303,s-0.655384,s53.541091
078_59,s1.596847,s-2.971906,s268.242244
078_60,s0.412687,s-3.454820,s143.839717
078_61,s3.209806,s-2.422139,s257.390481
078_62,s-0.379552,s3.554968,s71.417970
078_63,s0.011479,s-3.110815,s92.416426
078_64,s-1.416318,s-3.209976,s177.139730
078_65,s-2.821158,s2.121317,s67.393673
078_66,s3.615890,s0.070486,s-9.567823
078_67,s1.006664,s-3.533749,s219.540677
078_68,s-2.011738,s-2.571601,s220.297654
078_69,s-3.505093,s0.963093,s307.476708
078_70,s2.664614,s-2.516675,s199.863604
078_71,s-3.166950,s-1.286076,s85.732917
078_72,s-3.070219,s-2.230645,s97.810575
078_73,s-0.872690,s-3.550446,s140.934394
078_74,s-3.632972,s0.019178,s63.751534
078_75,s2.122025,s-3.460984,s178.033178
078_76,s0.888942,s3.493681,s289.614740
078_77,s-3.723021,s-0.735622,s58.890080
079_0,s-0.419006,s0.537746,s331.199079
079_1,s0.375263,s-0.048300,s203.759397
079_2,s0.333034,s0.480944,s116.356032
079_3,s-0.267313,s1.020170,s2.650193
079_4,s1.369071,s-0.424726,s195.698479
079_5,s-1.115406,s-0.367542,s2.268094
079_6,s0.321354,s1.209870,s33.450696
079_7,s-1.067422,s-1.249170,s18.177606
079_8,s1.426924,s-0.059935,s194.983467
079_9,s-0.271859,s-0.466517,s238.265328
079_10,s1.221055,s0.315519,s65.960096
079_11,s0.642294,s-0.912632,s222.492236
079_12,s-1.299854,s1.338527,s301.485753
079_13,s0.273062,s-1.235456,s83.166989
079_14,s1.740516,s-1.131140,s131.786448
079_15,s-2.334944,s-0.002649,s307.476708
079_16,s-2.779681,s1.506737,s216.893445
079_17,s0.577241,s1.648483,s265.200481
079_18,s0.737071,s-1.836271,s289.128708
079_19,s1.307344,s1.083018,s85.872836
079_20,s1.872166,s-0.418262,s290.820307
079_21,s-1.379892,s0.417561,s33.815727
079_22,s-1.660293,s-1.328758,s214.337365
079_23,s1.213268,s1.769526,s31.470093
079_24,s-0.228005,s1.839091,s301.347469
079_25,s0.261372,s-2.066333,s71.156228
079_26,s1.619624,s0.832846,s282.475906
079_27,s-0.670874,s-1.763947,s-3.101046
079_28,s0.420483,s2.200130,s50.647681
079_29,s-2.421227,s-0.779594,s227.613001
079_30,s2.168823,s2.307232,s95.114400
079_31,s-1.100716,s-1.811833,s66.466185
079_32,s2.411107,s3.234471,s287.010884
079_33,s-1.364390,s2.003189,s130.714830
079_34,s-0.583267,s2.561394,s159.098825
079_35,s-0.802528,s-2.577331,s94.979075
079_36,s3.359624,s-1.088211,s142.133080
079_37,s-2.491518,s3.291582,s211.357861
079_38,s-2.037881,s2.286069,s60.697781
079_39,s0.245416,s3.301592,s202.786260
079_40,s2.347117,s0.354229,s321.757402
079_41,s-2.275115,s-1.432210,s122.181087
079_42,s-2.730698,s0.594722,s28.934470
079_43,s0.852577,s-2.426926,s63.413746
079_44,s-3.022428,s-0.129611,s15.952726
079_45,s-2.566425,s-2.354534,s136.579452
079_46,s1.870195,s-1.855879,s299.928447
079_47,s0.739804,s2.084995,s228.799210
079_48,s-1.508838,s-2.552899,s292.590372
079_49,s3.018906,s-0.662239,s77.655171
079_50,s0.564949,s-2.780917,s228.794364
079_51,s2.558217,s1.560700,s215.767688
079_52,s1.069244,s2.615981,s322.170172
079_53,s-0.986795,s3.253816,s111.322719
079_54,s2.865238,s1.954721,s302.852251
079_55,s-1.001901,s-2.876284,s284.065642
079_56,s2.276773,s-2.369871,s95.233955
079_57,s2.813598,s0.117412,s-60.991134
079_58,s-3.073441,s-0.673605,s215.287147
079_59,s1.598118,s-2.898790,s278.675104
079_60,s0.481865,s-3.409602,s144.970088
079_61,s3.192151,s-2.409115,s249.131876
079_62,s-0.494044,s3.682621,s64.206172
079_63,s0.011479,s-3.110815,s92.416426
079_64,s-1.382933,s-3.239793,s183.821480
079_65,s-2.815615,s2.076876,s72.980361
079_66,s3.642141,s0.005465,s-8.009454
079_67,s1.006664,s-3.533749,s219.540677
079_68,s-2.011738,s-2.571601,s220.297654
079_69,s-3.655270,s1.049743,s311.848968
079_70,s2.666274,s-2.375459,s198.506393
079_71,s-3.283371,s-1.306568,s76.786753
079_72,s-3.091859,s-2.146067,s99.935482
079_73,s-0.850886,s-3.615614,s286.374299
079_74,s-3.774242,s0.086064,s25.782880
079_75,s2.010662,s-3.343861,s182.312693
079_76,s0.848632,s3.548060,s295.959024
079_77,s-3.484439,s-0.653535,s66.298677
079_78,s-2.214770,s-3.201364,s91.965670
080_0,s-0.419006,s0.537746,s289.461009
080_1,s0.375263,s-0.048300,s130.890902
080_2,s0.333034,s0.480944,s173.284564
080_3,s-0.267313,s1.020170,s63.814012
080_4,s1.369071,s-0.424726,s144.792704
080_5,s-1.115406,s-0.367542,s256.836966
080_6,s0.321354,s1.209870,s287.927135
080_7,s-1.067422,s-1.249170,s288.284717
080_8,s1.426924,s-0.059935,s294.100618
080_9,s-0.271859,s-0.466517,s199.752964
080_10,s1.221055,s0.315519,s194.121571
080_11,s0.642294,s-0.912632,s3.093373
080_12,s-1.269469,s1.313392,s296.120610
080_13,s0.273062,s-1.235456,s294.214169
080_14,s1.740516,s-1.131140,s117.433131
080_15,s-2.334944,s-0.002649,s-2.987125
080_16,s-2.779681,s1.506737,s293.503086
080_17,s0.577241,s1.648483,s69.512388
080_18,s0.737071,s-1.836271,s30.667013
080_19,s1.307344,s1.083018,s69.491737
080_20,s1.872166,s-0.418262,s224.965509
080_21,s-1.379892,s0.417561,s63.882242
080_22,s-1.660293,s-1.328758,s307.476708
080_23,s1.213268,s1.769526,s71.694381
080_24,s-0.228005,s1.839091,s109.520933
080_25,s0.261372,s-2.066333,s117.445652
080_26,s1.619624,s0.832846,s304.512916
080_27,s-0.670874,s-1.763947,s5.710743
080_28,s0.420483,s2.200130,s36.407791
080_29,s-2.421227,s-0.779594,s222.562136
080_30,s2.168823,s2.307232,s213.540258
080_31,s-1.100716,s-1.811833,s69.979456
080_32,s2.411107,s3.234471,s32.036069
080_33,s-1.364390,s2.003189,s75.673445
080_34,s-0.583267,s2.561394,s222.492236
080_35,s-0.802528,s-2.577331,s164.253347
080_36,s3.359624,s-1.088211,s170.657123
080_37,s-2.491518,s3.291582,s75.667846
080_38,s-2.037881,s2.286069,s215.720098
080_39,s0.245416,s3.301592,s126.672694
080_40,s2.347117,s0.354229,s-0.500293
080_41,s-2.251070,s-1.523773,s32.461180
080_42,s-2.730698,s0.594722,s168.009901
080_43,s0.852577,s-2.426926,s97.576821
080_44,s-3.022428,s-0.129611,s231.687950
080_45,s-2.566425,s-2.354534,s287.924684
080_46,s1.870195,s-1.855879,s160.131687
080_47,s0.739804,s2.084995,s262.309065
080_48,s-1.508838,s-2.552899,s144.168159
080_49,s3.023532,s-0.645017,s31.994838
080_50,s0.564949,s-2.780917,s254.953416
080_51,s2.637943,s1.506143,s151.550696
080_52,s1.069244,s2.615981,s197.526631
080_53,s-0.986795,s3.253816,s202.430124
080_54,s2.865238,s1.954721,s261.962016
080_55,s-1.001901,s-2.876284,s321.157109
080_56,s2.276773,s-2.369871,s144.448213
080_57,s2.813598,s0.117412,s132.905009
080_58,s-3.073441,s-0.673605,s211.604512
080_59,s1.598118,s-2.898790,s307.476708
080_60,s0.481865,s-3.409602,s202.430124
080_61,s3.192151,s-2.409115,s32.461180
080_62,s-0.592788,s3.626374,s169.968944
080_63,s0.011479,s-3.110815,s293.613325
080_64,s-1.382933,s-3.239793,s331.491686
080_65,s-2.815615,s2.076876,s263.575047
080_66,s3.642141,s0.005465,s31.235381
080_67,s1.006664,s-3.533749,s5.747167
080_68,s-2.011738,s-2.571601,s261.705134
080_69,s-3.655270,s1.049743,s294.726534
080_70,s2.666274,s-2.375459,s285.303214
080_71,s-3.363361,s-1.457607,s77.841389
080_72,s-3.091859,s-2.146067,s287.414595
080_73,s-0.868736,s-3.709910,s292.741001
080_74,s-3.774242,s0.086064,s339.937888
080_75,s2.010662,s-3.343861,s142.385218
080_76,s0.848632,s3.548060,s61.999865
080_77,s-3.452774,s-0.623532,s213.750555
080_78,s-2.214770,s-3.201364,s197.666375
080_79,s3.753856,s-0.289469,s145.173117
081_0,s-0.419006,s0.537746,s289.461009
081_1,s0.375263,s-0.048300,s130.890902
081_2,s0.333034,s0.480944,s173.284564
081_3,s-0.267313,s1.020170,s63.814012
081_4,s1.369071,s-0.424726,s144.792704
081_5,s-1.115406,s-0.367542,s256.836966
081_6,s0.321354,s1.209870,s287.927135
081_7,s-1.067422,s-1.249170,s288.284717
081_8,s1.426924,s-0.059935,s294.100618
081_9,s-0.271859,s-0.466517,s199.752964
081_10,s1.221055,s0.315519,s194.121571
081_11,s0.642294,s-0.912632,s3.093373
081_12,s-1.269469,s1.313392,s296.120610
081_13,s0.273062,s-1.235456,s294.214169
081_14,s1.740516,s-1.131140,s117.433131
081_15,s-2.334944,s-0.002649,s-2.987125
081_16,s-2.779681,s1.506737,s293.503086
081_17,s0.577241,s1.648483,s69.512388
081_18,s0.737071,s-1.836271,s30.667013
081_19,s1.307344,s1.083018,s69.491737
081_20,s1.872166,s-0.418262,s224.965509
081_21,s-1.379892,s0.417561,s63.882242
081_22,s-1.660293,s-1.328758,s307.476708
081_23,s1.213268,s1.769526,s71.694381
081_24,s-0.228005,s1.839091,s109.520933
081_25,s0.261372,s-2.066333,s117.445652
081_26,s1.619624,s0.832846,s304.512916
081_27,s-0.670874,s-1.763947,s5.710743
081_28,s0.420483,s2.200130,s36.407791
081_29,s-2.421227,s-0.779594,s222.562136
081_30,s2.168823,s2.307232,s213.540258
081_31,s-1.100716,s-1.811833,s69.979456
081_32,s2.411107,s3.234471,s32.036069
081_33,s-1.364390,s2.003189,s75.673445
081_34,s-0.583267,s2.561394,s222.492236
081_35,s-0.802528,s-2.577331,s164.253347
081_36,s3.359624,s-1.088211,s170.657123
081_37,s-2.491518,s3.291582,s75.667846
081_38,s-2.037881,s2.286069,s215.720098
081_39,s0.245416,s3.301592,s126.672694
081_40,s2.347117,s0.354229,s-0.500293
081_41,s-2.251070,s-1.523773,s32.461180
081_42,s-2.730698,s0.594722,s168.009901
081_43,s0.852577,s-2.426926,s97.576821
081_44,s-3.022428,s-0.129611,s231.687950
081_45,s-2.566425,s-2.354534,s287.924684
081_46,s1.870195,s-1.855879,s160.131687
081_47,s0.739804,s2.084995,s262.309065
081_48,s-1.508838,s-2.552899,s144.168159
081_49,s3.023532,s-0.645017,s31.994838
081_50,s0.564949,s-2.780917,s254.953416
081_51,s2.637943,s1.506143,s151.550696
081_52,s1.069244,s2.615981,s197.526631
081_53,s-0.986795,s3.253816,s202.430124
081_54,s2.865238,s1.954721,s261.962016
081_55,s-1.001901,s-2.876284,s321.157109
081_56,s2.276773,s-2.369871,s144.448213
081_57,s2.813598,s0.117412,s132.905009
081_58,s-3.073441,s-0.673605,s211.604512
081_59,s1.598118,s-2.898790,s307.476708
081_60,s0.481865,s-3.409602,s202.430124
081_61,s3.192151,s-2.409115,s32.461180
081_62,s-0.592788,s3.626374,s169.968944
081_63,s0.011479,s-3.110815,s293.613325
081_64,s-1.382933,s-3.239793,s331.491686
081_65,s-2.815615,s2.076876,s263.575047
081_66,s3.642141,s0.005465,s31.235381
081_67,s1.006664,s-3.533749,s5.747167
081_68,s-2.011738,s-2.571601,s261.705134
081_69,s-3.655270,s1.049743,s294.726534
081_70,s2.666274,s-2.375459,s285.303214
081_71,s-3.363361,s-1.457607,s77.841389
081_72,s-3.091859,s-2.146067,s287.414595
081_73,s-0.868736,s-3.709910,s292.741001
081_74,s-3.774242,s0.086064,s339.937888
081_75,s2.010662,s-3.343861,s142.385218
081_76,s0.848632,s3.548060,s61.999865
081_77,s-3.452774,s-0.623532,s213.750555
081_78,s-2.214770,s-3.201364,s197.666375
081_79,s3.753856,s-0.289469,s145.173117
081_80,s2.992878,s1.201377,s287.414595
082_0,s-0.419006,s0.537746,s289.461009
082_1,s0.375263,s-0.048300,s130.890902
082_2,s0.333034,s0.480944,s173.284564
082_3,s-0.267313,s1.020170,s63.814012
082_4,s1.369071,s-0.424726,s144.792704
082_5,s-1.115406,s-0.367542,s256.836966
082_6,s0.321354,s1.209870,s287.927135
082_7,s-1.067422,s-1.249170,s288.284717
082_8,s1.426924,s-0.059935,s294.100618
082_9,s-0.271859,s-0.466517,s199.752964
082_10,s1.221055,s0.315519,s194.121571
082_11,s0.642294,s-0.912632,s3.093373
082_12,s-1.269469,s1.313392,s296.120610
082_13,s0.273062,s-1.235456,s294.214169
082_14,s1.740516,s-1.131140,s117.433131
082_15,s-2.334944,s-0.002649,s-2.987125
082_16,s-2.779681,s1.506737,s293.503086
082_17,s0.577241,s1.648483,s69.512388
082_18,s0.737071,s-1.836271,s30.667013
082_19,s1.307344,s1.083018,s69.491737
082_20,s1.872166,s-0.418262,s224.965509
082_21,s-1.379892,s0.417561,s63.882242
082_22,s-1.660293,s-1.328758,s307.476708
082_23,s1.213268,s1.769526,s71.694381
082_24,s-0.228005,s1.839091,s109.520933
082_25,s0.261372,s-2.066333,s117.445652
082_26,s1.619624,s0.832846,s304.512916
082_27,s-0.670874,s-1.763947,s5.710743
082_28,s0.420483,s2.200130,s36.407791
082_29,s-2.421227,s-0.779594,s222.562136
082_30,s2.168823,s2.307232,s213.540258
082_31,s-1.100716,s-1.811833,s69.979456
082_32,s2.411107,s3.234471,s32.036069
082_33,s-1.364390,s2.003189,s75.673445
082_34,s-0.583267,s2.561394,s222.492236
082_35,s-0.802528,s-2.577331,s164.253347
082_36,s3.359624,s-1.088211,s170.657123
082_37,s-2.491518,s3.291582,s75.667846
082_38,s-2.037881,s2.286069,s215.720098
082_39,s0.245416,s3.301592,s126.672694
082_40,s2.347117,s0.354229,s-0.500293
082_41,s-2.251070,s-1.523773,s32.461180
082_42,s-2.730698,s0.594722,s168.009901
082_43,s0.852577,s-2.426926,s97.576821
082_44,s-3.022428,s-0.129611,s231.687950
082_45,s-2.566425,s-2.354534,s287.924684
082_46,s1.870195,s-1.855879,s160.131687
082_47,s0.739804,s2.084995,s262.309065
082_48,s-1.508838,s-2.552899,s144.168159
082_49,s3.023532,s-0.645017,s31.994838
082_50,s0.564949,s-2.780917,s254.953416
082_51,s2.637943,s1.506143,s151.550696
082_52,s1.069244,s2.615981,s197.526631
082_53,s-0.986795,s3.253816,s202.430124
082_54,s2.865238,s1.954721,s261.962016
082_55,s-1.001901,s-2.876284,s321.157109
082_56,s2.276773,s-2.369871,s144.448213
082_57,s2.813598,s0.117412,s132.905009
082_58,s-3.073441,s-0.673605,s211.604512
082_59,s1.598118,s-2.898790,s307.476708
082_60,s0.481865,s-3.409602,s202.430124
082_61,s3.192151,s-2.409115,s32.461180
082_62,s-0.592788,s3.626374,s169.968944
082_63,s0.011479,s-3.110815,s293.613325
082_64,s-1.382933,s-3.239793,s331.491686
082_65,s-2.815615,s2.076876,s263.575047
082_66,s3.642141,s0.005465,s31.235381
082_67,s1.006664,s-3.533749,s5.747167
082_68,s-2.011738,s-2.571601,s261.705134
082_69,s-3.655270,s1.049743,s294.726534
082_70,s2.666274,s-2.375459,s285.303214
082_71,s-3.363361,s-1.457607,s77.841389
082_72,s-3.091859,s-2.146067,s287.414595
082_73,s-0.868736,s-3.709910,s292.741001
082_74,s-3.774242,s0.086064,s339.937888
082_75,s2.010662,s-3.343861,s142.385218
082_76,s0.848632,s3.548060,s61.999865
082_77,s-3.452774,s-0.623532,s213.750555
082_78,s-2.214770,s-3.201364,s197.666375
082_79,s3.753856,s-0.289469,s145.173117
082_80,s2.992878,s1.201377,s287.414595
082_81,s-1.160359,s3.571217,s339.937888
083_0,s-0.419006,s0.537746,s289.461009
083_1,s0.375263,s-0.048300,s130.890902
083_2,s0.333034,s0.480944,s173.284564
083_3,s-0.267313,s1.020170,s63.814012
083_4,s1.369071,s-0.424726,s144.792704
083_5,s-1.115406,s-0.367542,s256.836966
083_6,s0.321354,s1.209870,s287.927135
083_7,s-1.067422,s-1.249170,s288.284717
083_8,s1.426924,s-0.059935,s294.100618
083_9,s-0.271859,s-0.466517,s199.752964
083_10,s1.221055,s0.315519,s194.121571
083_11,s0.642294,s-0.912632,s3.093373
083_12,s-1.269469,s1.313392,s296.120610
083_13,s0.273062,s-1.235456,s294.214169
083_14,s1.740516,s-1.131140,s117.433131
083_15,s-2.334944,s-0.002649,s-2.987125
083_16,s-2.779681,s1.506737,s293.503086
083_17,s0.577241,s1.648483,s69.512388
083_18,s0.737071,s-1.836271,s30.667013
083_19,s1.307344,s1.083018,s69.491737
083_20,s1.872166,s-0.418262,s224.965509
083_21,s-1.379892,s0.417561,s63.882242
083_22,s-1.660293,s-1.328758,s307.476708
083_23,s1.213268,s1.769526,s71.694381
083_24,s-0.228005,s1.839091,s109.520933
083_25,s0.261372,s-2.066333,s117.445652
083_26,s1.619624,s0.832846,s304.512916
083_27,s-0.670874,s-1.763947,s5.710743
083_28,s0.420483,s2.200130,s36.407791
083_29,s-2.421227,s-0.779594,s222.562136
083_30,s2.168823,s2.307232,s213.540258
083_31,s-1.100716,s-1.811833,s69.979456
083_32,s2.411107,s3.234471,s32.036069
083_33,s-1.364390,s2.003189,s75.673445
083_34,s-0.583267,s2.561394,s222.492236
083_35,s-0.802528,s-2.577331,s164.253347
083_36,s3.359624,s-1.088211,s170.657123
083_37,s-2.491518,s3.291582,s75.667846
083_38,s-2.037881,s2.286069,s215.720098
083_39,s0.245416,s3.301592,s126.672694
083_40,s2.347117,s0.354229,s-0.500293
083_41,s-2.251070,s-1.523773,s32.461180
083_42,s-2.730698,s0.594722,s168.009901
083_43,s0.852577,s-2.426926,s97.576821
083_44,s-3.022428,s-0.129611,s231.687950
083_45,s-2.566425,s-2.354534,s287.924684
083_46,s1.870195,s-1.855879,s160.131687
083_47,s0.739804,s2.084995,s262.309065
083_48,s-1.508838,s-2.552899,s144.168159
083_49,s3.023532,s-0.645017,s31.994838
083_50,s0.564949,s-2.780917,s254.953416
083_51,s2.637943,s1.506143,s151.550696
083_52,s1.069244,s2.615981,s197.526631
083_53,s-0.986795,s3.253816,s202.430124
083_54,s2.865238,s1.954721,s261.962016
083_55,s-1.001901,s-2.876284,s321.157109
083_56,s2.276773,s-2.369871,s144.448213
083_57,s2.813598,s0.117412,s132.905009
083_58,s-3.073441,s-0.673605,s211.604512
083_59,s1.598118,s-2.898790,s307.476708
083_60,s0.481865,s-3.409602,s202.430124
083_61,s3.192151,s-2.409115,s32.461180
083_62,s-0.592788,s3.626374,s169.968944
083_63,s0.011479,s-3.110815,s293.613325
083_64,s-1.382933,s-3.239793,s331.491686
083_65,s-2.815615,s2.076876,s263.575047
083_66,s3.642141,s0.005465,s31.235381
083_67,s1.006664,s-3.533749,s5.747167
083_68,s-2.011738,s-2.571601,s261.705134
083_69,s-3.655270,s1.049743,s294.726534
083_70,s2.666274,s-2.375459,s285.303214
083_71,s-3.363361,s-1.457607,s77.841389
083_72,s-3.091859,s-2.146067,s287.414595
083_73,s-0.868736,s-3.709910,s292.741001
083_74,s-3.774242,s0.086064,s339.937888
083_75,s2.010662,s-3.343861,s142.385218
083_76,s0.848632,s3.548060,s61.999865
083_77,s-3.452774,s-0.623532,s213.750555
083_78,s-2.214770,s-3.201364,s197.666375
083_79,s3.753856,s-0.289469,s145.173117
083_80,s2.992878,s1.201377,s287.414595
083_81,s-1.160359,s3.571217,s339.937888
083_82,s3.179437,s2.309996,s292.822405
084_0,s-0.419006,s0.537746,s289.461009
084_1,s0.375263,s-0.048300,s130.890902
084_2,s0.333034,s0.480944,s173.284564
084_3,s-0.267313,s1.020170,s63.814012
084_4,s1.369071,s-0.424726,s144.792704
084_5,s-1.115406,s-0.367542,s256.836966
084_6,s0.321354,s1.209870,s287.927135
084_7,s-1.067422,s-1.249170,s288.284717
084_8,s1.426924,s-0.059935,s294.100618
084_9,s-0.271859,s-0.466517,s199.752964
084_10,s1.221055,s0.315519,s194.121571
084_11,s0.642294,s-0.912632,s3.093373
084_12,s-1.269469,s1.313392,s296.120610
084_13,s0.273062,s-1.235456,s294.214169
084_14,s1.740516,s-1.131140,s117.433131
084_15,s-2.334944,s-0.002649,s-2.987125
084_16,s-2.779681,s1.506737,s293.503086
084_17,s0.577241,s1.648483,s69.512388
084_18,s0.737071,s-1.836271,s30.667013
084_19,s1.307344,s1.083018,s69.491737
084_20,s1.872166,s-0.418262,s224.965509
084_21,s-1.379892,s0.417561,s63.882242
084_22,s-1.660293,s-1.328758,s307.476708
084_23,s1.213268,s1.769526,s71.694381
084_24,s-0.228005,s1.839091,s109.520933
084_25,s0.261372,s-2.066333,s117.445652
084_26,s1.619624,s0.832846,s304.512916
084_27,s-0.670874,s-1.763947,s5.710743
084_28,s0.420483,s2.200130,s36.407791
084_29,s-2.421227,s-0.779594,s222.562136
084_30,s2.168823,s2.307232,s213.540258
084_31,s-1.100716,s-1.811833,s69.979456
084_32,s2.411107,s3.234471,s32.036069
084_33,s-1.364390,s2.003189,s75.673445
084_34,s-0.583267,s2.561394,s222.492236
084_35,s-0.802528,s-2.577331,s164.253347
084_36,s3.359624,s-1.088211,s170.657123
084_37,s-2.491518,s3.291582,s75.667846
084_38,s-2.037881,s2.286069,s215.720098
084_39,s0.245416,s3.301592,s126.672694
084_40,s2.347117,s0.354229,s-0.500293
084_41,s-2.251070,s-1.523773,s32.461180
084_42,s-2.730698,s0.594722,s168.009901
084_43,s0.852577,s-2.426926,s97.576821
084_44,s-3.022428,s-0.129611,s231.687950
084_45,s-2.566425,s-2.354534,s287.924684
084_46,s1.870195,s-1.855879,s160.131687
084_47,s0.739804,s2.084995,s262.309065
084_48,s-1.508838,s-2.552899,s144.168159
084_49,s3.023532,s-0.645017,s31.994838
084_50,s0.564949,s-2.780917,s254.953416
084_51,s2.637943,s1.506143,s151.550696
084_52,s1.069244,s2.615981,s197.526631
084_53,s-0.986795,s3.253816,s202.430124
084_54,s2.865238,s1.954721,s261.962016
084_55,s-1.001901,s-2.876284,s321.157109
084_56,s2.276773,s-2.369871,s144.448213
084_57,s2.813598,s0.117412,s132.905009
084_58,s-3.073441,s-0.673605,s211.604512
084_59,s1.598118,s-2.898790,s307.476708
084_60,s0.481865,s-3.409602,s202.430124
084_61,s3.192151,s-2.409115,s32.461180
084_62,s-0.592788,s3.626374,s169.968944
084_63,s0.011479,s-3.110815,s293.613325
084_64,s-1.382933,s-3.239793,s331.491686
084_65,s-2.815615,s2.076876,s263.575047
084_66,s3.642141,s0.005465,s31.235381
084_67,s1.006664,s-3.533749,s5.747167
084_68,s-2.011738,s-2.571601,s261.705134
084_69,s-3.655270,s1.049743,s294.726534
084_70,s2.666274,s-2.375459,s285.303214
084_71,s-3.363361,s-1.457607,s77.841389
084_72,s-3.091859,s-2.146067,s287.414595
084_73,s-0.868736,s-3.709910,s292.741001
084_74,s-3.774242,s0.086064,s339.937888
084_75,s2.010662,s-3.343861,s142.385218
084_76,s0.848632,s3.548060,s61.999865
084_77,s-3.452774,s-0.623532,s213.750555
084_78,s-2.214770,s-3.201364,s197.666375
084_79,s3.753856,s-0.289469,s145.173117
084_80,s2.992878,s1.201377,s287.414595
084_81,s-1.160359,s3.571217,s339.937888
084_82,s3.179437,s2.309996,s292.822405
084_83,s-3.284609,s-2.386408,s96.658914
085_0,s-0.419006,s0.537746,s289.461009
085_1,s0.375263,s-0.048300,s130.890902
085_2,s0.333034,s0.480944,s173.284564
085_3,s-0.267313,s1.020170,s63.814012
085_4,s1.369071,s-0.424726,s144.792704
085_5,s-1.193235,s-0.304881,s255.513965
085_6,s0.321354,s1.209870,s287.927135
085_7,s-1.067422,s-1.249170,s288.284717
085_8,s1.426924,s-0.059935,s294.100618
085_9,s-0.271859,s-0.466517,s199.752964
085_10,s1.221055,s0.315519,s194.121571
085_11,s0.642294,s-0.912632,s3.093373
085_12,s-1.269469,s1.313392,s296.120610
085_13,s0.273062,s-1.235456,s294.214169
085_14,s1.720163,s-1.182453,s260.391985
085_15,s-2.334944,s-0.002649,s-2.987125
085_16,s-2.742233,s1.549148,s279.592663
085_17,s0.577241,s1.648483,s69.512388
085_18,s0.737071,s-1.836271,s30.667013
085_19,s1.307344,s1.083018,s69.491737
085_20,s1.872166,s-0.418262,s224.965509
085_21,s-1.230874,s0.367613,s32.461180
085_22,s-1.660293,s-1.328758,s307.476708
085_23,s1.213268,s1.769526,s71.694381
085_24,s-0.228005,s1.839091,s109.520933
085_25,s0.261372,s-2.066333,s117.445652
085_26,s1.742499,s0.881267,s314.623946
085_27,s-0.670874,s-1.763947,s5.710743
085_28,s0.420483,s2.200130,s36.407791
085_29,s-2.272592,s-0.646510,s213.718941
085_30,s2.168823,s2.307232,s213.540258
085_31,s-1.100716,s-1.811833,s69.979456
085_32,s2.515162,s3.341706,s29.815812
085_33,s-1.364390,s2.003189,s75.673445
085_34,s-0.583267,s2.561394,s222.492236
085_35,s-0.802528,s-2.577331,s164.253347
085_36,s3.214813,s-1.078445,s186.823787
085_37,s-2.688272,s3.328428,s9.435070
085_38,s-2.037881,s2.286069,s215.720098
085_39,s0.505462,s3.314199,s127.370445
085_40,s2.347117,s0.354229,s-0.500293
085_41,s-2.251070,s-1.523773,s32.461180
085_42,s-2.802916,s0.502765,s-3.317471
085_43,s0.852577,s-2.426926,s97.576821
085_44,s-3.022428,s-0.129611,s231.687950
085_45,s-2.566425,s-2.354534,s287.924684
085_46,s1.838892,s-1.937429,s146.807718
085_47,s0.739804,s2.084995,s262.309065
085_48,s-1.508838,s-2.552899,s144.168159
085_49,s3.023532,s-0.645017,s31.994838
085_50,s0.564949,s-2.780917,s254.953416
085_51,s2.637943,s1.506143,s151.550696
085_52,s1.069244,s2.615981,s197.526631
085_53,s-0.986795,s3.253816,s202.430124
085_54,s2.967146,s1.881546,s267.579127
085_55,s-1.001901,s-2.876284,s321.157109
085_56,s2.276773,s-2.369871,s144.448213
085_57,s2.813598,s0.117412,s132.905009
085_58,s-3.073441,s-0.673605,s211.604512
085_59,s1.598118,s-2.898790,s307.476708
085_60,s0.481865,s-3.409602,s202.430124
085_61,s3.192151,s-2.409115,s32.461180
085_62,s-0.592788,s3.626374,s169.968944
085_63,s0.011479,s-3.110815,s293.613325
085_64,s-1.382933,s-3.239793,s331.491686
085_65,s-2.844927,s2.018317,s325.729247
085_66,s3.642141,s0.005465,s31.235381
085_67,s1.133158,s-3.581747,s295.820469
085_68,s-2.011738,s-2.571601,s261.705134
085_69,s-3.545311,s1.078246,s69.814754
085_70,s2.666274,s-2.375459,s285.303214
085_71,s-3.460351,s-1.299202,s96.634806
085_72,s-3.091859,s-2.146067,s287.414595
085_73,s-1.107457,s-3.820479,s108.873444
085_74,s-3.540463,s0.109880,s332.108820
085_75,s2.293915,s-3.550972,s129.174012
085_76,s0.904697,s3.722362,s60.795708
085_77,s-3.427778,s-0.599448,s70.221124
085_78,s-2.381954,s-3.116422,s184.643607
085_79,s3.753856,s-0.289469,s145.173117
085_80,s3.207555,s1.003123,s283.380362
085_81,s-1.190448,s3.564319,s337.767492
085_82,s3.174360,s2.464767,s289.937752
085_83,s-3.284609,s-2.386408,s96.658914
085_84,s-3.562137,s1.886346,s58.431970
086_0,s-0.419006,s0.537746,s289.461009
086_1,s0.375263,s-0.048300,s130.890902
086_2,s0.333034,s0.480944,s173.284564
086_3,s-0.267313,s1.020170,s63.814012
086_4,s1.369071,s-0.424726,s144.792704
086_5,s-1.193235,s-0.304881,s255.513965
086_6,s0.321354,s1.209870,s287.927135
086_7,s-1.067422,s-1.249170,s288.284717
086_8,s1.426924,s-0.059935,s294.100618
086_9,s-0.271859,s-0.466517,s199.752964
086_10,s1.221055,s0.315519,s194.121571
086_11,s0.642294,s-0.912632,s3.093373
086_12,s-1.269469,s1.313392,s296.120610
086_13,s0.273062,s-1.235456,s294.214169
086_14,s1.720163,s-1.182453,s260.391985
086_15,s-2.334944,s-0.002649,s-2.987125
086_16,s-2.742233,s1.549148,s279.592663
086_17,s0.577241,s1.648483,s69.512388
086_18,s0.737071,s-1.836271,s30.667013
086_19,s1.307344,s1.083018,s69.491737
086_20,s1.872166,s-0.418262,s224.965509
086_21,s-1.230874,s0.367613,s32.461180
086_22,s-1.660293,s-1.328758,s307.476708
086_23,s1.213268,s1.769526,s71.694381
086_24,s-0.228005,s1.839091,s109.520933
086_25,s0.261372,s-2.066333,s117.445652
086_26,s1.742499,s0.881267,s314.623946
086_27,s-0.670874,s-1.763947,s5.710743
086_28,s0.420483,s2.200130,s36.407791
086_29,s-2.272592,s-0.646510,s213.718941
086_30,s2.168823,s2.307232,s213.540258
086_31,s-1.100716,s-1.811833,s69.979456
086_32,s2.515162,s3.341706,s29.815812
086_33,s-1.364390,s2.003189,s75.673445
086_34,s-0.583267,s2.561394,s222.492236
086_35,s-0.802528,s-2.577331,s164.253347
086_36,s3.214813,s-1.078445,s186.823787
086_37,s-2.688272,s3.328428,s9.435070
086_38,s-2.037881,s2.286069,s215.720098
086_39,s0.505462,s3.314199,s127.370445
086_40,s2.347117,s0.354229,s-0.500293
086_41,s-2.251070,s-1.523773,s32.461180
086_42,s-2.802916,s0.502765,s-3.317471
086_43,s0.852577,s-2.426926,s97.576821
086_44,s-3.022428,s-0.129611,s231.687950
086_45,s-2.566425,s-2.354534,s287.924684
086_46,s1.838892,s-1.937429,s146.807718
086_47,s0.739804,s2.084995,s262.309065
086_48,s-1.508838,s-2.552899,s144.168159
086_49,s3.023532,s-0.645017,s31.994838
086_50,s0.564949,s-2.780917,s254.953416
086_51,s2.637943,s1.506143,s151.550696
086_52,s1.069244,s2.615981,s197.526631
086_53,s-0.986795,s3.253816,s202.430124
086_54,s2.967146,s1.881546,s267.579127
086_55,s-1.001901,s-2.876284,s321.157109
086_56,s2.276773,s-2.369871,s144.448213
086_57,s2.813598,s0.117412,s132.905009
086_58,s-3.073441,s-0.673605,s211.604512
086_59,s1.598118,s-2.898790,s307.476708
086_60,s0.481865,s-3.409602,s202.430124
086_61,s3.192151,s-2.409115,s32.461180
086_62,s-0.592788,s3.626374,s169.968944
086_63,s0.011479,s-3.110815,s293.613325
086_64,s-1.382933,s-3.239793,s331.491686
086_65,s-2.844927,s2.018317,s325.729247
086_66,s3.642141,s0.005465,s31.235381
086_67,s1.133158,s-3.581747,s295.820469
086_68,s-2.011738,s-2.571601,s261.705134
086_69,s-3.545311,s1.078246,s69.814754
086_70,s2.666274,s-2.375459,s285.303214
086_71,s-3.460351,s-1.299202,s96.634806
086_72,s-3.091859,s-2.146067,s287.414595
086_73,s-1.107457,s-3.820479,s108.873444
086_74,s-3.540463,s0.109880,s332.108820
086_75,s2.293915,s-3.550972,s129.174012
086_76,s0.904697,s3.722362,s60.795708
086_77,s-3.427778,s-0.599448,s70.221124
086_78,s-2.381954,s-3.116422,s184.643607
086_79,s3.753856,s-0.289469,s145.173117
086_80,s3.207555,s1.003123,s283.380362
086_81,s-1.190448,s3.564319,s337.767492
086_82,s3.174360,s2.464767,s289.937752
086_83,s-3.284609,s-2.386408,s96.658914
086_84,s-3.562137,s1.886346,s58.431970
086_85,s1.240329,s3.544236,s308.142140
087_0,s-0.419006,s0.537746,s289.461009
087_1,s0.375263,s-0.048300,s130.890902
087_2,s0.333034,s0.480944,s173.284564
087_3,s-0.267313,s1.020170,s63.814012
087_4,s1.369071,s-0.424726,s144.792704
087_5,s-1.193235,s-0.304881,s255.513965
087_6,s0.321354,s1.209870,s287.927135
087_7,s-1.067422,s-1.249170,s288.284717
087_8,s1.426924,s-0.059935,s294.100618
087_9,s-0.271859,s-0.466517,s199.752964
087_10,s1.221055,s0.315519,s194.121571
087_11,s0.642294,s-0.912632,s3.093373
087_12,s-1.269469,s1.313392,s296.120610
087_13,s0.273062,s-1.235456,s294.214169
087_14,s1.720163,s-1.182453,s260.391985
087_15,s-2.334944,s-0.002649,s-2.987125
087_16,s-2.742233,s1.549148,s279.592663
087_17,s0.577241,s1.648483,s69.512388
087_18,s0.737071,s-1.836271,s30.667013
087_19,s1.307344,s1.083018,s69.491737
087_20,s1.872166,s-0.418262,s224.965509
087_21,s-1.230874,s0.367613,s32.461180
087_22,s-1.660293,s-1.328758,s307.476708
087_23,s1.213268,s1.769526,s71.694381
087_24,s-0.228005,s1.839091,s109.520933
087_25,s0.261372,s-2.066333,s117.445652
087_26,s1.742499,s0.881267,s314.623946
087_27,s-0.670874,s-1.763947,s5.710743
087_28,s0.420483,s2.200130,s36.407791
087_29,s-2.272592,s-0.646510,s213.718941
087_30,s2.168823,s2.307232,s213.540258
087_31,s-1.100716,s-1.811833,s69.979456
087_32,s2.515162,s3.341706,s29.815812
087_33,s-1.364390,s2.003189,s75.673445
087_34,s-0.583267,s2.561394,s222.492236
087_35,s-0.802528,s-2.577331,s164.253347
087_36,s3.214813,s-1.078445,s186.823787
087_37,s-2.688272,s3.328428,s9.435070
087_38,s-2.037881,s2.286069,s215.720098
087_39,s0.505462,s3.314199,s127.370445
087_40,s2.347117,s0.354229,s-0.500293
087_41,s-2.251070,s-1.523773,s32.461180
087_42,s-2.802916,s0.502765,s-3.317471
087_43,s0.852577,s-2.426926,s97.576821
087_44,s-3.022428,s-0.129611,s231.687950
087_45,s-2.566425,s-2.354534,s287.924684
087_46,s1.838892,s-1.937429,s146.807718
087_47,s0.739804,s2.084995,s262.309065
087_48,s-1.508838,s-2.552899,s144.168159
087_49,s3.023532,s-0.645017,s31.994838
087_50,s0.564949,s-2.780917,s254.953416
087_51,s2.637943,s1.506143,s151.550696
087_52,s1.069244,s2.615981,s197.526631
087_53,s-0.986795,s3.253816,s202.430124
087_54,s2.967146,s1.881546,s267.579127
087_55,s-1.001901,s-2.876284,s321.157109
087_56,s2.276773,s-2.369871,s144.448213
087_57,s2.813598,s0.117412,s132.905009
087_58,s-3.073441,s-0.673605,s211.604512
087_59,s1.598118,s-2.898790,s307.476708
087_60,s0.481865,s-3.409602,s202.430124
087_61,s3.192151,s-2.409115,s32.461180
087_62,s-0.592788,s3.626374,s169.968944
087_63,s0.011479,s-3.110815,s293.613325
087_64,s-1.382933,s-3.239793,s331.491686
087_65,s-2.844927,s2.018317,s325.729247
087_66,s3.642141,s0.005465,s31.235381
087_67,s1.133158,s-3.581747,s295.820469
087_68,s-2.011738,s-2.571601,s261.705134
087_69,s-3.545311,s1.078246,s69.814754
087_70,s2.666274,s-2.375459,s285.303214
087_71,s-3.460351,s-1.299202,s96.634806
087_72,s-3.091859,s-2.146067,s287.414595
087_73,s-1.107457,s-3.820479,s108.873444
087_74,s-3.540463,s0.109880,s332.108820
087_75,s2.293915,s-3.550972,s129.174012
087_76,s0.904697,s3.722362,s60.795708
087_77,s-3.427778,s-0.599448,s70.221124
087_78,s-2.381954,s-3.116422,s184.643607
087_79,s3.753856,s-0.289469,s145.173117
087_80,s3.207555,s1.003123,s283.380362
087_81,s-1.190448,s3.564319,s337.767492
087_82,s3.174360,s2.464767,s289.937752
087_83,s-3.284609,s-2.386408,s96.658914
087_84,s-3.562137,s1.886346,s58.431970
087_85,s1.240329,s3.544236,s308.142140
087_86,s-3.272474,s2.377591,s32.510154
088_0,s-0.419006,s0.537746,s289.461009
088_1,s0.375263,s-0.048300,s130.890902
088_2,s0.333034,s0.480944,s173.284564
088_3,s-0.267313,s1.020170,s63.814012
088_4,s1.369071,s-0.424726,s144.792704
088_5,s-1.193235,s-0.304881,s255.513965
088_6,s0.321354,s1.209870,s287.927135
088_7,s-1.067422,s-1.249170,s288.284717
088_8,s1.426924,s-0.059935,s294.100618
088_9,s-0.271859,s-0.466517,s199.752964
088_10,s1.221055,s0.315519,s194.121571
088_11,s0.642294,s-0.912632,s3.093373
088_12,s-1.269469,s1.313392,s296.120610
088_13,s0.273062,s-1.235456,s294.214169
088_14,s1.720163,s-1.182453,s260.391985
088_15,s-2.334944,s-0.002649,s-2.987125
088_16,s-2.742233,s1.549148,s279.592663
088_17,s0.577241,s1.648483,s69.512388
088_18,s0.737071,s-1.836271,s30.667013
088_19,s1.307344,s1.083018,s69.491737
088_20,s1.872166,s-0.418262,s224.965509
088_21,s-1.230874,s0.367613,s32.461180
088_22,s-1.660293,s-1.328758,s307.476708
088_23,s1.213268,s1.769526,s71.694381
088_24,s-0.228005,s1.839091,s109.520933
088_25,s0.261372,s-2.066333,s117.445652
088_26,s1.742499,s0.881267,s314.623946
088_27,s-0.670874,s-1.763947,s5.710743
088_28,s0.420483,s2.200130,s36.407791
088_29,s-2.272592,s-0.646510,s213.718941
088_30,s2.168823,s2.307232,s213.540258
088_31,s-1.100716,s-1.811833,s69.979456
088_32,s2.515162,s3.341706,s29.815812
088_33,s-1.364390,s2.003189,s75.673445
088_34,s-0.583267,s2.561394,s222.492236
088_35,s-0.802528,s-2.577331,s164.253347
088_36,s3.214813,s-1.078445,s186.823787
088_37,s-2.688272,s3.328428,s9.435070
088_38,s-2.037881,s2.286069,s215.720098
088_39,s0.505462,s3.314199,s127.370445
088_40,s2.347117,s0.354229,s-0.500293
088_41,s-2.251070,s-1.523773,s32.461180
088_42,s-2.802916,s0.502765,s-3.317471
088_43,s0.852577,s-2.426926,s97.576821
088_44,s-3.022428,s-0.129611,s231.687950
088_45,s-2.566425,s-2.354534,s287.924684
088_46,s1.838892,s-1.937429,s146.807718
088_47,s0.739804,s2.084995,s262.309065
088_48,s-1.508838,s-2.552899,s144.168159
088_49,s3.023532,s-0.645017,s31.994838
088_50,s0.564949,s-2.780917,s254.953416
088_51,s2.637943,s1.506143,s151.550696
088_52,s1.069244,s2.615981,s197.526631
088_53,s-0.986795,s3.253816,s202.430124
088_54,s2.967146,s1.881546,s267.579127
088_55,s-1.001901,s-2.876284,s321.157109
088_56,s2.276773,s-2.369871,s144.448213
088_57,s2.813598,s0.117412,s132.905009
088_58,s-3.073441,s-0.673605,s211.604512
088_59,s1.598118,s-2.898790,s307.476708
088_60,s0.481865,s-3.409602,s202.430124
088_61,s3.192151,s-2.409115,s32.461180
088_62,s-0.592788,s3.626374,s169.968944
088_63,s0.011479,s-3.110815,s293.613325
088_64,s-1.382933,s-3.239793,s331.491686
088_65,s-2.844927,s2.018317,s325.729247
088_66,s3.642141,s0.005465,s31.235381
088_67,s1.133158,s-3.581747,s295.820469
088_68,s-2.011738,s-2.571601,s261.705134
088_69,s-3.545311,s1.078246,s69.814754
088_70,s2.666274,s-2.375459,s285.303214
088_71,s-3.460351,s-1.299202,s96.634806
088_72,s-3.091859,s-2.146067,s287.414595
088_73,s-1.107457,s-3.820479,s108.873444
088_74,s-3.540463,s0.109880,s332.108820
088_75,s2.293915,s-3.550972,s129.174012
088_76,s0.904697,s3.722362,s60.795708
088_77,s-3.427778,s-0.599448,s70.221124
088_78,s-2.381954,s-3.116422,s184.643607
088_79,s3.753856,s-0.289469,s145.173117
088_80,s3.207555,s1.003123,s283.380362
088_81,s-1.190448,s3.564319,s337.767492
088_82,s3.174360,s2.464767,s289.937752
088_83,s-3.284609,s-2.386408,s96.658914
088_84,s-3.562137,s1.886346,s58.431970
088_85,s1.240329,s3.544236,s308.142140
088_86,s-3.272474,s2.377591,s32.510154
088_87,s-4.042293,s0.714766,s68.176212
089_0,s-0.419006,s0.537746,s289.461009
089_1,s0.375263,s-0.048300,s130.890902
089_2,s0.333034,s0.480944,s173.284564
089_3,s-0.267313,s1.020170,s63.814012
089_4,s1.369071,s-0.424726,s144.792704
089_5,s-1.193235,s-0.304881,s255.513965
089_6,s0.321354,s1.209870,s287.927135
089_7,s-1.067422,s-1.249170,s288.284717
089_8,s1.426924,s-0.059935,s294.100618
089_9,s-0.271859,s-0.466517,s199.752964
089_10,s1.221055,s0.315519,s194.121571
089_11,s0.642294,s-0.912632,s3.093373
089_12,s-1.269469,s1.313392,s296.120610
089_13,s0.273062,s-1.235456,s294.214169
089_14,s1.720163,s-1.182453,s260.391985
089_15,s-2.334944,s-0.002649,s-2.987125
089_16,s-2.742233,s1.549148,s279.592663
089_17,s0.577241,s1.648483,s69.512388
089_18,s0.737071,s-1.836271,s30.667013
089_19,s1.307344,s1.083018,s69.491737
089_20,s1.872166,s-0.418262,s224.965509
089_21,s-1.230874,s0.367613,s32.461180
089_22,s-1.660293,s-1.328758,s307.476708
089_23,s1.213268,s1.769526,s71.694381
089_24,s-0.228005,s1.839091,s109.520933
089_25,s0.261372,s-2.066333,s117.445652
089_26,s1.742499,s0.881267,s314.623946
089_27,s-0.670874,s-1.763947,s5.710743
089_28,s0.420483,s2.200130,s36.407791
089_29,s-2.272592,s-0.646510,s213.718941
089_30,s2.168823,s2.307232,s213.540258
089_31,s-1.100716,s-1.811833,s69.979456
089_32,s2.515162,s3.341706,s29.815812
089_33,s-1.364390,s2.003189,s75.673445
089_34,s-0.583267,s2.561394,s222.492236
089_35,s-0.802528,s-2.577331,s164.253347
089_36,s3.214813,s-1.078445,s186.823787
089_37,s-2.688272,s3.328428,s9.435070
089_38,s-2.037881,s2.286069,s215.720098
089_39,s0.505462,s3.314199,s127.370445
089_40,s2.347117,s0.354229,s-0.500293
089_41,s-2.251070,s-1.523773,s32.461180
089_42,s-2.802916,s0.502765,s-3.317471
089_43,s0.852577,s-2.426926,s97.576821
089_44,s-3.022428,s-0.129611,s231.687950
089_45,s-2.566425,s-2.354534,s287.924684
089_46,s1.838892,s-1.937429,s146.807718
089_47,s0.739804,s2.084995,s262.309065
089_48,s-1.508838,s-2.552899,s144.168159
089_49,s3.023532,s-0.645017,s31.994838
089_50,s0.564949,s-2.780917,s254.953416
089_51,s2.637943,s1.506143,s151.550696
089_52,s1.069244,s2.615981,s197.526631
089_53,s-0.986795,s3.253816,s202.430124
089_54,s2.967146,s1.881546,s267.579127
089_55,s-1.001901,s-2.876284,s321.157109
089_56,s2.276773,s-2.369871,s144.448213
089_57,s2.813598,s0.117412,s132.905009
089_58,s-3.073441,s-0.673605,s211.604512
089_59,s1.598118,s-2.898790,s307.476708
089_60,s0.481865,s-3.409602,s202.430124
089_61,s3.192151,s-2.409115,s32.461180
089_62,s-0.592788,s3.626374,s169.968944
089_63,s0.011479,s-3.110815,s293.613325
089_64,s-1.382933,s-3.239793,s331.491686
089_65,s-2.844927,s2.018317,s325.729247
089_66,s3.642141,s0.005465,s31.235381
089_67,s1.133158,s-3.581747,s295.820469
089_68,s-2.011738,s-2.571601,s261.705134
089_69,s-3.545311,s1.078246,s69.814754
089_70,s2.666274,s-2.375459,s285.303214
089_71,s-3.460351,s-1.299202,s96.634806
089_72,s-3.091859,s-2.146067,s287.414595
089_73,s-1.107457,s-3.820479,s108.873444
089_74,s-3.540463,s0.109880,s332.108820
089_75,s2.293915,s-3.550972,s129.174012
089_76,s0.904697,s3.722362,s60.795708
089_77,s-3.427778,s-0.599448,s70.221124
089_78,s-2.381954,s-3.116422,s184.643607
089_79,s3.753856,s-0.289469,s145.173117
089_80,s3.207555,s1.003123,s283.380362
089_81,s-1.190448,s3.564319,s337.767492
089_82,s3.174360,s2.464767,s289.937752
089_83,s-3.284609,s-2.386408,s96.658914
089_84,s-3.562137,s1.886346,s58.431970
089_85,s1.240329,s3.544236,s308.142140
089_86,s-3.272474,s2.377591,s32.510154
089_87,s-4.042293,s0.714766,s68.176212
089_88,s-0.231936,s3.772878,s341.206222
090_0,s-0.419006,s0.537746,s289.461009
090_1,s0.375263,s-0.048300,s130.890902
090_2,s0.333034,s0.480944,s173.284564
090_3,s-0.267313,s1.020170,s63.814012
090_4,s1.369071,s-0.424726,s144.792704
090_5,s-1.193235,s-0.304881,s255.513965
090_6,s0.321354,s1.209870,s287.927135
090_7,s-1.067422,s-1.249170,s288.284717
090_8,s1.426924,s-0.059935,s294.100618
090_9,s-0.271859,s-0.466517,s199.752964
090_10,s1.221055,s0.315519,s194.121571
090_11,s0.642294,s-0.912632,s3.093373
090_12,s-1.269469,s1.313392,s296.120610
090_13,s0.273062,s-1.235456,s294.214169
090_14,s1.720163,s-1.182453,s260.391985
090_15,s-2.334944,s-0.002649,s-2.987125
090_16,s-2.742233,s1.549148,s279.592663
090_17,s0.577241,s1.648483,s69.512388
090_18,s0.737071,s-1.836271,s30.667013
090_19,s1.307344,s1.083018,s69.491737
090_20,s1.872166,s-0.418262,s224.965509
090_21,s-1.230874,s0.367613,s32.461180
090_22,s-1.660293,s-1.328758,s307.476708
090_23,s1.213268,s1.769526,s71.694381
090_24,s-0.228005,s1.839091,s109.520933
090_25,s0.261372,s-2.066333,s117.445652
090_26,s1.742499,s0.881267,s314.623946
090_27,s-0.670874,s-1.763947,s5.710743
090_28,s0.420483,s2.200130,s36.407791
090_29,s-2.272592,s-0.646510,s213.718941
090_30,s2.168823,s2.307232,s213.540258
090_31,s-1.100716,s-1.811833,s69.979456
090_32,s2.515162,s3.341706,s29.815812
090_33,s-1.364390,s2.003189,s75.673445
090_34,s-0.583267,s2.561394,s222.492236
090_35,s-0.802528,s-2.577331,s164.253347
090_36,s3.214813,s-1.078445,s186.823787
090_37,s-2.688272,s3.328428,s9.435070
090_38,s-2.037881,s2.286069,s215.720098
090_39,s0.505462,s3.314199,s127.370445
090_40,s2.347117,s0.354229,s-0.500293
090_41,s-2.251070,s-1.523773,s32.461180
090_42,s-2.802916,s0.502765,s-3.317471
090_43,s0.852577,s-2.426926,s97.576821
090_44,s-3.022428,s-0.129611,s231.687950
090_45,s-2.566425,s-2.354534,s287.924684
090_46,s1.838892,s-1.937429,s146.807718
090_47,s0.739804,s2.084995,s262.309065
090_48,s-1.508838,s-2.552899,s144.168159
090_49,s3.023532,s-0.645017,s31.994838
090_50,s0.564949,s-2.780917,s254.953416
090_51,s2.637943,s1.506143,s151.550696
090_52,s1.069244,s2.615981,s197.526631
090_53,s-0.986795,s3.253816,s202.430124
090_54,s2.967146,s1.881546,s267.579127
090_55,s-1.001901,s-2.876284,s321.157109
090_56,s2.276773,s-2.369871,s144.448213
090_57,s2.813598,s0.117412,s132.905009
090_58,s-3.073441,s-0.673605,s211.604512
090_59,s1.598118,s-2.898790,s307.476708
090_60,s0.481865,s-3.409602,s202.430124
090_61,s3.192151,s-2.409115,s32.461180
090_62,s-0.592788,s3.626374,s169.968944
090_63,s0.011479,s-3.110815,s293.613325
090_64,s-1.382933,s-3.239793,s331.491686
090_65,s-2.844927,s2.018317,s325.729247
090_66,s3.642141,s0.005465,s31.235381
090_67,s1.133158,s-3.581747,s295.820469
090_68,s-2.011738,s-2.571601,s261.705134
090_69,s-3.545311,s1.078246,s69.814754
090_70,s2.666274,s-2.375459,s285.303214
090_71,s-3.460351,s-1.299202,s96.634806
090_72,s-3.091859,s-2.146067,s287.414595
090_73,s-1.107457,s-3.820479,s108.873444
090_74,s-3.540463,s0.109880,s332.108820
090_75,s2.293915,s-3.550972,s129.174012
090_76,s0.904697,s3.722362,s60.795708
090_77,s-3.427778,s-0.599448,s70.221124
090_78,s-2.381954,s-3.116422,s184.643607
090_79,s3.753856,s-0.289469,s145.173117
090_80,s3.207555,s1.003123,s283.380362
090_81,s-1.190448,s3.564319,s337.767492
090_82,s3.174360,s2.464767,s289.937752
090_83,s-3.284609,s-2.386408,s96.658914
090_84,s-3.562137,s1.886346,s58.431970
090_85,s1.240329,s3.544236,s308.142140
090_86,s-3.272474,s2.377591,s32.510154
090_87,s-4.042293,s0.714766,s68.176212
090_88,s-0.231936,s3.772878,s341.206222
090_89,s-0.531275,s-3.165730,s236.367513
091_0,s-0.533132,s0.478802,s131.411471
091_1,s0.375263,s-0.048300,s130.890902
091_2,s0.333034,s0.480944,s173.284564
091_3,s-0.137770,s0.979132,s61.150896
091_4,s1.369071,s-0.424726,s144.792704
091_5,s-1.068262,s-0.556855,s34.476828
091_6,s0.321354,s1.209870,s287.927135
091_7,s-1.067422,s-1.249170,s288.284717
091_8,s1.426924,s-0.059935,s294.100618
091_9,s-0.271859,s-0.466517,s199.752964
091_10,s1.221055,s0.315519,s194.121571
091_11,s0.642294,s-0.912632,s3.093373
091_12,s-1.269469,s1.313392,s296.120610
091_13,s0.273062,s-1.235456,s294.214169
091_14,s1.720163,s-1.182453,s260.391985
091_15,s-2.334944,s-0.002649,s-2.987125
091_16,s-2.742233,s1.549148,s279.592663
091_17,s0.577241,s1.648483,s69.512388
091_18,s0.737071,s-1.836271,s30.667013
091_19,s1.307344,s1.083018,s69.491737
091_20,s1.872166,s-0.418262,s224.965509
091_21,s-1.230874,s0.367613,s32.461180
091_22,s-1.660293,s-1.328758,s307.476708
091_23,s1.213268,s1.769526,s71.694381
091_24,s-0.228005,s1.839091,s109.520933
091_25,s0.261372,s-2.066333,s117.445652
091_26,s1.742499,s0.881267,s314.623946
091_27,s-0.670874,s-1.763947,s5.710743
091_28,s0.420483,s2.200130,s36.407791
091_29,s-2.272592,s-0.646510,s213.718941
091_30,s2.210867,s2.242241,s69.380805
091_31,s-1.100716,s-1.811833,s69.979456
091_32,s2.386204,s3.423181,s30.793351
091_33,s-1.364390,s2.003189,s75.673445
091_34,s-0.583267,s2.561394,s222.492236
091_35,s-0.802528,s-2.577331,s164.253347
091_36,s3.214813,s-1.078445,s186.823787
091_37,s-2.563887,s3.281165,s0.699572
091_38,s-2.037881,s2.286069,s215.720098
091_39,s0.505462,s3.314199,s127.370445
091_40,s2.347117,s0.354229,s-0.500293
091_41,s-2.251070,s-1.523773,s32.461180
091_42,s-2.802916,s0.502765,s-3.317471
091_43,s0.852577,s-2.426926,s97.576821
091_44,s-3.022428,s-0.129611,s231.687950
091_45,s-2.566425,s-2.354534,s287.924684
091_46,s1.838892,s-1.937429,s146.807718
091_47,s0.739804,s2.084995,s262.309065
091_48,s-1.508838,s-2.552899,s144.168159
091_49,s3.023532,s-0.645017,s31.994838
091_50,s0.564949,s-2.780917,s254.953416
091_51,s2.637943,s1.506143,s151.550696
091_52,s1.034281,s2.599931,s338.566932
091_53,s-0.986795,s3.253816,s202.430124
091_54,s2.967146,s1.881546,s267.579127
091_55,s-1.001901,s-2.876284,s321.157109
091_56,s2.276773,s-2.369871,s144.448213
091_57,s2.813598,s0.117412,s132.905009
091_58,s-3.073441,s-0.673605,s211.604512
091_59,s1.598118,s-2.898790,s307.476708
091_60,s0.472335,s-3.396063,s215.239690
091_61,s3.192151,s-2.409115,s32.461180
091_62,s-0.592788,s3.626374,s169.968944
091_63,s0.011479,s-3.110815,s293.613325
091_64,s-1.382933,s-3.239793,s331.491686
091_65,s-2.844927,s2.018317,s325.729247
091_66,s3.642141,s0.005465,s31.235381
091_67,s1.133158,s-3.581747,s295.820469
091_68,s-2.011738,s-2.571601,s261.705134
091_69,s-3.545311,s1.078246,s69.814754
091_70,s2.666274,s-2.375459,s285.303214
091_71,s-3.606731,s-1.215744,s92.225518
091_72,s-3.091859,s-2.146067,s287.414595
091_73,s-1.185170,s-4.045920,s116.204613
091_74,s-3.540463,s0.109880,s332.108820
091_75,s2.257949,s-3.602267,s1.078591
091_76,s0.904697,s3.722362,s60.795708
091_77,s-3.448058,s-0.448057,s58.029583
091_78,s-2.707107,s-3.148309,s168.454507
091_79,s3.753856,s-0.289469,s145.173117
091_80,s3.207555,s1.003123,s283.380362
091_81,s-1.190448,s3.564319,s337.767492
091_82,s3.032892,s2.487447,s295.158875
091_83,s-3.397853,s-2.432057,s95.203273
091_84,s-3.874371,s2.031302,s35.074552
091_85,s1.390052,s3.600159,s330.335839
091_86,s-3.272474,s2.377591,s32.510154
091_87,s-3.956909,s0.602243,s70.761446
091_88,s-0.177351,s3.826332,s350.893935
091_89,s-0.531275,s-3.165730,s236.367513
091_90,s3.593323,s-1.734397,s306.364463
092_0,s-0.533132,s0.478802,s131.411471
092_1,s0.375263,s-0.048300,s130.890902
092_2,s0.333034,s0.480944,s173.284564
092_3,s-0.137770,s0.979132,s61.150896
092_4,s1.369071,s-0.424726,s144.792704
092_5,s-1.068262,s-0.556855,s34.476828
092_6,s0.321354,s1.209870,s287.927135
092_7,s-1.067422,s-1.249170,s288.284717
092_8,s1.426924,s-0.059935,s294.100618
092_9,s-0.271859,s-0.466517,s199.752964
092_10,s1.221055,s0.315519,s194.121571
092_11,s0.642294,s-0.912632,s3.093373
092_12,s-1.284333,s1.271770,s215.349574
092_13,s0.273062,s-1.235456,s294.214169
092_14,s1.720163,s-1.182453,s260.391985
092_15,s-2.334944,s-0.002649,s-2.987125
092_16,s-2.742233,s1.549148,s279.592663
092_17,s0.577241,s1.648483,s69.512388
092_18,s0.737071,s-1.836271,s30.667013
092_19,s1.307344,s1.083018,s69.491737
092_20,s1.872166,s-0.418262,s224.965509
092_21,s-1.230874,s0.367613,s32.461180
092_22,s-1.660293,s-1.328758,s307.476708
092_23,s1.213268,s1.769526,s71.694381
092_24,s-0.228005,s1.839091,s109.520933
092_25,s0.261372,s-2.066333,s117.445652
092_26,s1.742499,s0.881267,s314.623946
092_27,s-0.670874,s-1.763947,s5.710743
092_28,s0.302130,s2.241758,s40.125233
092_29,s-2.272592,s-0.646510,s213.718941
092_30,s2.210867,s2.242241,s69.380805
092_31,s-1.100716,s-1.811833,s69.979456
092_32,s2.279450,s3.376581,s241.309157
092_33,s-1.364390,s2.003189,s75.673445
092_34,s-0.583267,s2.561394,s222.492236
092_35,s-0.802528,s-2.577331,s164.253347
092_36,s3.214813,s-1.078445,s186.823787
092_37,s-2.489148,s3.326478,s254.953416
092_38,s-2.037881,s2.286069,s215.720098
092_39,s0.505462,s3.314199,s127.370445
092_40,s2.347117,s0.354229,s-0.500293
092_41,s-2.210502,s-1.703697,s30.931966
092_42,s-2.802916,s0.502765,s-3.317471
092_43,s0.852577,s-2.426926,s97.576821
092_44,s-3.022428,s-0.129611,s231.687950
092_45,s-2.566425,s-2.354534,s287.924684
092_46,s1.890635,s-1.841429,s154.186973
092_47,s0.739804,s2.084995,s262.309065
092_48,s-1.508838,s-2.552899,s144.168159
092_49,s3.023532,s-0.645017,s31.994838
092_50,s0.564949,s-2.780917,s254.953416
092_51,s2.637943,s1.506143,s151.550696
092_52,s0.986231,s2.569326,s339.027793
092_53,s-0.986795,s3.253816,s202.430124
092_54,s2.967146,s1.881546,s267.579127
092_55,s-1.001901,s-2.876284,s321.157109
092_56,s2.276773,s-2.369871,s144.448213
092_57,s2.813598,s0.117412,s132.905009
092_58,s-3.011536,s-0.736266,s163.101336
092_59,s1.598118,s-2.898790,s307.476708
092_60,s0.472335,s-3.396063,s215.239690
092_61,s3.192151,s-2.409115,s32.461180
092_62,s-0.592788,s3.626374,s169.968944
092_63,s0.011479,s-3.110815,s293.613325
092_64,s-1.382933,s-3.239793,s331.491686
092_65,s-2.844927,s2.018317,s325.729247
092_66,s3.642141,s0.005465,s31.235381
092_67,s1.332346,s-3.635974,s296.628715
092_68,s-2.011738,s-2.571601,s261.705134
092_69,s-3.545311,s1.078246,s69.814754
092_70,s2.666274,s-2.375459,s285.303214
092_71,s-3.662149,s-1.223271,s79.764080
092_72,s-3.091859,s-2.146067,s287.414595
092_73,s-1.254232,s-4.035192,s308.192237
092_74,s-3.540463,s0.109880,s332.108820
092_75,s2.257949,s-3.602267,s1.078591
092_76,s0.816655,s3.887954,s63.067899
092_77,s-3.448058,s-0.448057,s58.029583
092_78,s-2.738305,s-3.198741,s201.271943
092_79,s3.753856,s-0.289469,s145.173117
092_80,s3.448860,s0.929531,s270.746067
092_81,s-1.190448,s3.564319,s337.767492
092_82,s3.080986,s2.446777,s297.938210
092_83,s-3.503111,s-2.403610,s96.278571
092_84,s-3.874371,s2.031302,s35.074552
092_85,s1.274791,s3.626816,s349.178192
092_86,s-3.272474,s2.377591,s32.510154
092_87,s-4.018029,s0.568570,s131.515006
092_88,s-0.068491,s3.763138,s356.092855
092_89,s-0.531275,s-3.165730,s236.367513
092_90,s3.593323,s-1.734397,s306.364463
092_91,s2.685783,s-3.188556,s323.150946
093_0,s-0.533132,s0.478802,s131.411471
093_1,s0.375263,s-0.048300,s130.890902
093_2,s0.333034,s0.480944,s173.284564
093_3,s-0.008275,s1.056736,s68.471474
093_4,s1.369071,s-0.424726,s144.792704
093_5,s-1.040501,s-0.484402,s34.475204
093_6,s0.321354,s1.209870,s287.927135
093_7,s-1.067422,s-1.249170,s288.284717
093_8,s1.426924,s-0.059935,s294.100618
093_9,s-0.271859,s-0.466517,s199.752964
093_10,s1.221055,s0.315519,s194.121571
093_11,s0.642294,s-0.912632,s3.093373
093_12,s-1.464573,s1.365947,s220.594875
093_13,s0.273062,s-1.235456,s294.214169
093_14,s1.435994,s-1.098187,s253.154964
093_15,s-2.334944,s-0.002649,s-2.987125
093_16,s-2.742233,s1.549148,s279.592663
093_17,s0.577241,s1.648483,s69.512388
093_18,s0.737071,s-1.836271,s30.667013
093_19,s1.307344,s1.083018,s69.491737
093_20,s1.934900,s-0.429316,s230.106650
093_21,s-1.308552,s0.362017,s37.002913
093_22,s-1.660293,s-1.328758,s307.476708
093_23,s1.213268,s1.769526,s71.694381
093_24,s-0.228005,s1.839091,s109.520933
093_25,s0.261372,s-2.066333,s117.445652
093_26,s1.742499,s0.881267,s314.623946
093_27,s-0.670874,s-1.763947,s5.710743
093_28,s0.302130,s2.241758,s40.125233
093_29,s-2.272592,s-0.646510,s213.718941
093_30,s2.512637,s2.145664,s49.654570
093_31,s-1.100716,s-1.811833,s69.979456
093_32,s2.216930,s3.440870,s153.695090
093_33,s-1.364390,s2.003189,s75.673445
093_34,s-0.583267,s2.561394,s222.492236
093_35,s-0.802528,s-2.577331,s164.253347
093_36,s3.214813,s-1.078445,s186.823787
093_37,s-2.591583,s3.194087,s259.858301
093_38,s-2.037881,s2.286069,s215.720098
093_39,s0.417618,s3.330299,s112.858615
093_40,s2.347117,s0.354229,s-0.500293
093_41,s-2.236734,s-1.666841,s32.055293
093_42,s-2.788565,s0.578751,s1.836719
093_43,s0.852577,s-2.426926,s97.576821
093_44,s-3.022428,s-0.129611,s231.687950
093_45,s-2.566425,s-2.354534,s287.924684
093_46,s1.912720,s-1.830776,s158.769580
093_47,s0.739804,s2.084995,s262.309065
093_48,s-1.508838,s-2.552899,s144.168159
093_49,s3.023532,s-0.645017,s31.994838
093_50,s0.564949,s-2.780917,s254.953416
093_51,s2.637943,s1.506143,s151.550696
093_52,s0.986231,s2.569326,s339.027793
093_53,s-0.986795,s3.253816,s202.430124
093_54,s2.967146,s1.881546,s267.579127
093_55,s-1.001901,s-2.876284,s321.157109
093_56,s2.276773,s-2.369871,s144.448213
093_57,s2.813598,s0.117412,s132.905009
093_58,s-3.011536,s-0.736266,s163.101336
093_59,s1.598118,s-2.898790,s307.476708
093_60,s0.571327,s-3.392528,s211.512061
093_61,s3.192151,s-2.409115,s32.461180
093_62,s-0.592788,s3.626374,s169.968944
093_63,s0.011479,s-3.110815,s293.613325
093_64,s-1.382933,s-3.239793,s331.491686
093_65,s-2.844927,s2.018317,s325.729247
093_66,s3.642141,s0.005465,s31.235381
093_67,s1.452339,s-3.599330,s301.251557
093_68,s-2.011738,s-2.571601,s261.705134
093_69,s-3.545311,s1.078246,s69.814754
093_70,s2.666274,s-2.375459,s285.303214
093_71,s-3.546477,s-1.361100,s86.009841
093_72,s-3.091859,s-2.146067,s287.414595
093_73,s-1.371185,s-3.960712,s301.798721
093_74,s-3.540463,s0.109880,s332.108820
093_75,s2.124199,s-3.663724,s194.564598
093_76,s0.816655,s3.887954,s63.067899
093_77,s-3.608048,s-0.519209,s70.529226
093_78,s-2.672306,s-3.359605,s213.029765
093_79,s3.753856,s-0.289469,s145.173117
093_80,s3.804118,s0.751639,s279.969520
093_81,s-1.342395,s3.551244,s350.340415
093_82,s2.981184,s2.522834,s304.347464
093_83,s-3.588985,s-2.320612,s94.141545
093_84,s-3.874371,s2.031302,s35.074552
093_85,s1.253816,s4.053333,s313.487769
093_86,s-3.272474,s2.377591,s32.510154
093_87,s-4.052242,s0.585564,s165.578849
093_88,s-0.048265,s3.854338,s368.376433
093_89,s-0.531275,s-3.165730,s236.367513
093_90,s3.618096,s-1.809486,s287.414595
093_91,s2.685783,s-3.188556,s323.150946
093_92,s4.231133,s-0.096465,s208.503721
094_0,s-0.533132,s0.478802,s131.411471
094_1,s0.375263,s-0.048300,s130.890902
094_2,s0.333034,s0.480944,s173.284564
094_3,s-0.008275,s1.056736,s68.471474
094_4,s1.369071,s-0.424726,s144.792704
094_5,s-1.040501,s-0.484402,s34.475204
094_6,s0.321354,s1.209870,s287.927135
094_7,s-1.067422,s-1.249170,s288.284717
094_8,s1.426924,s-0.059935,s294.100618
094_9,s-0.271859,s-0.466517,s199.752964
094_10,s1.221055,s0.315519,s194.121571
094_11,s0.642294,s-0.912632,s3.093373
094_12,s-1.464573,s1.365947,s220.594875
094_13,s0.273062,s-1.235456,s294.214169
094_14,s1.435994,s-1.098187,s253.154964
094_15,s-2.334944,s-0.002649,s-2.987125
094_16,s-2.742233,s1.549148,s279.592663
094_17,s0.577241,s1.648483,s69.512388
094_18,s0.737071,s-1.836271,s30.667013
094_19,s1.307344,s1.083018,s69.491737
094_20,s1.934900,s-0.429316,s230.106650
094_21,s-1.308552,s0.362017,s37.002913
094_22,s-1.660293,s-1.328758,s307.476708
094_23,s1.213268,s1.769526,s71.694381
094_24,s-0.336521,s1.722625,s106.389761
094_25,s0.261372,s-2.066333,s117.445652
094_26,s1.742499,s0.881267,s314.623946
094_27,s-0.670874,s-1.763947,s5.710743
094_28,s0.302130,s2.241758,s40.125233
094_29,s-2.272592,s-0.646510,s213.718941
094_30,s2.512637,s2.145664,s49.654570
094_31,s-1.100716,s-1.811833,s69.979456
094_32,s2.216930,s3.440870,s153.695090
094_33,s-1.364390,s2.003189,s75.673445
094_34,s-0.583267,s2.561394,s222.492236
094_35,s-0.802528,s-2.577331,s164.253347
094_36,s3.048789,s-1.250330,s186.876878
094_37,s-2.591583,s3.194087,s259.858301
094_38,s-2.037881,s2.286069,s215.720098
094_39,s0.417618,s3.330299,s112.858615
094_40,s2.347117,s0.354229,s-0.500293
094_41,s-2.236734,s-1.666841,s32.055293
094_42,s-2.788565,s0.578751,s1.836719
094_43,s0.852577,s-2.426926,s97.576821
094_44,s-3.022428,s-0.129611,s231.687950
094_45,s-2.566425,s-2.354534,s287.924684
094_46,s1.912720,s-1.830776,s158.769580
094_47,s0.739804,s2.084995,s262.309065
094_48,s-1.508838,s-2.552899,s144.168159
094_49,s3.023532,s-0.645017,s31.994838
094_50,s0.564949,s-2.780917,s254.953416
094_51,s2.637943,s1.506143,s151.550696
094_52,s0.986231,s2.569326,s339.027793
094_53,s-0.986795,s3.253816,s202.430124
094_54,s2.967146,s1.881546,s267.579127
094_55,s-1.001901,s-2.876284,s321.157109
094_56,s2.276773,s-2.369871,s144.448213
094_57,s2.813598,s0.117412,s132.905009
094_58,s-3.011536,s-0.736266,s163.101336
094_59,s1.598118,s-2.898790,s307.476708
094_60,s0.571327,s-3.392528,s211.512061
094_61,s3.192151,s-2.409115,s32.461180
094_62,s-0.592788,s3.626374,s169.968944
094_63,s0.011479,s-3.110815,s293.613325
094_64,s-1.382933,s-3.239793,s331.491686
094_65,s-2.844927,s2.018317,s325.729247
094_66,s3.642141,s0.005465,s31.235381
094_67,s1.452339,s-3.599330,s301.251557
094_68,s-2.011738,s-2.571601,s261.705134
094_69,s-3.545311,s1.078246,s69.814754
094_70,s2.666274,s-2.375459,s285.303214
094_71,s-3.546477,s-1.361100,s86.009841
094_72,s-3.091859,s-2.146067,s287.414595
094_73,s-1.496939,s-4.347673,s316.518167
094_74,s-3.540463,s0.109880,s332.108820
094_75,s2.124199,s-3.663724,s194.564598
094_76,s0.816655,s3.887954,s63.067899
094_77,s-3.608048,s-0.519209,s70.529226
094_78,s-2.672306,s-3.359605,s213.029765
094_79,s3.753856,s-0.289469,s145.173117
094_80,s4.023585,s0.611733,s293.057439
094_81,s-1.342395,s3.551244,s350.340415
094_82,s2.981184,s2.522834,s304.347464
094_83,s-3.570848,s-2.254914,s142.390765
094_84,s-3.874371,s2.031302,s35.074552
094_85,s1.333216,s3.997263,s251.609874
094_86,s-3.290527,s2.360507,s32.596679
094_87,s-3.971268,s0.587657,s159.462808
094_88,s-0.007633,s3.838237,s371.643930
094_89,s-0.531275,s-3.165730,s236.367513
094_90,s3.557783,s-1.825863,s287.608550
094_91,s2.706913,s-3.184293,s216.141885
094_92,s4.231133,s-0.096465,s208.503721
094_93,s1.413482,s-4.010543,s135.842623
095_0,s-0.533132,s0.478802,s131.411471
095_1,s0.375263,s-0.048300,s130.890902
095_2,s0.333034,s0.480944,s173.284564
095_3,s-0.008275,s1.056736,s68.471474
095_4,s1.369071,s-0.424726,s144.792704
095_5,s-1.040501,s-0.484402,s34.475204
095_6,s0.321354,s1.209870,s287.927135
095_7,s-1.067422,s-1.249170,s288.284717
095_8,s1.426924,s-0.059935,s294.100618
095_9,s-0.271859,s-0.466517,s199.752964
095_10,s1.221055,s0.315519,s194.121571
095_11,s0.642294,s-0.912632,s3.093373
095_12,s-1.464573,s1.365947,s220.594875
095_13,s0.273062,s-1.235456,s294.214169
095_14,s1.435994,s-1.098187,s253.154964
095_15,s-2.334944,s-0.002649,s-2.987125
095_16,s-2.742233,s1.549148,s279.592663
095_17,s0.577241,s1.648483,s69.512388
095_18,s0.737071,s-1.836271,s30.667013
095_19,s1.307344,s1.083018,s69.491737
095_20,s1.934900,s-0.429316,s230.106650
095_21,s-1.308552,s0.362017,s37.002913
095_22,s-1.660293,s-1.328758,s307.476708
095_23,s1.213268,s1.769526,s71.694381
095_24,s-0.336521,s1.722625,s106.389761
095_25,s0.261372,s-2.066333,s117.445652
095_26,s1.742499,s0.881267,s314.623946
095_27,s-0.670874,s-1.763947,s5.710743
095_28,s0.302130,s2.241758,s40.125233
095_29,s-2.272592,s-0.646510,s213.718941
095_30,s2.512637,s2.145664,s49.654570
095_31,s-1.100716,s-1.811833,s69.979456
095_32,s2.216930,s3.440870,s153.695090
095_33,s-1.364390,s2.003189,s75.673445
095_34,s-0.583267,s2.561394,s222.492236
095_35,s-0.802528,s-2.577331,s164.253347
095_36,s3.048789,s-1.250330,s186.876878
095_37,s-2.591583,s3.194087,s259.858301
095_38,s-2.037881,s2.286069,s215.720098
095_39,s0.417618,s3.330299,s112.858615
095_40,s2.347117,s0.354229,s-0.500293
095_41,s-2.236734,s-1.666841,s32.055293
095_42,s-2.788565,s0.578751,s1.836719
095_43,s0.852577,s-2.426926,s97.576821
095_44,s-3.022428,s-0.129611,s231.687950
095_45,s-2.566425,s-2.354534,s287.924684
095_46,s1.912720,s-1.830776,s158.769580
095_47,s0.739804,s2.084995,s262.309065
095_48,s-1.508838,s-2.552899,s144.168159
095_49,s3.023532,s-0.645017,s31.994838
095_50,s0.564949,s-2.780917,s254.953416
095_51,s2.637943,s1.506143,s151.550696
095_52,s0.986231,s2.569326,s339.027793
095_53,s-0.986795,s3.253816,s202.430124
095_54,s2.967146,s1.881546,s267.579127
095_55,s-1.001901,s-2.876284,s321.157109
095_56,s2.276773,s-2.369871,s144.448213
095_57,s2.813598,s0.117412,s132.905009
095_58,s-3.011536,s-0.736266,s163.101336
095_59,s1.598118,s-2.898790,s307.476708
095_60,s0.571327,s-3.392528,s211.512061
095_61,s3.192151,s-2.409115,s32.461180
095_62,s-0.592788,s3.626374,s169.968944
095_63,s0.011479,s-3.110815,s293.613325
095_64,s-1.382933,s-3.239793,s331.491686
095_65,s-2.844927,s2.018317,s325.729247
095_66,s3.642141,s0.005465,s31.235381
095_67,s1.452339,s-3.599330,s301.251557
095_68,s-2.011738,s-2.571601,s261.705134
095_69,s-3.545311,s1.078246,s69.814754
095_70,s2.666274,s-2.375459,s285.303214
095_71,s-3.546477,s-1.361100,s86.009841
095_72,s-3.091859,s-2.146067,s287.414595
095_73,s-1.496939,s-4.347673,s316.518167
095_74,s-3.540463,s0.109880,s332.108820
095_75,s2.124199,s-3.663724,s194.564598
095_76,s0.816655,s3.887954,s63.067899
095_77,s-3.608048,s-0.519209,s70.529226
095_78,s-2.672306,s-3.359605,s213.029765
095_79,s3.753856,s-0.289469,s145.173117
095_80,s4.023585,s0.611733,s293.057439
095_81,s-1.342395,s3.551244,s350.340415
095_82,s2.981184,s2.522834,s304.347464
095_83,s-3.570848,s-2.254914,s142.390765
095_84,s-3.874371,s2.031302,s35.074552
095_85,s1.333216,s3.997263,s251.609874
095_86,s-3.290527,s2.360507,s32.596679
095_87,s-3.971268,s0.587657,s159.462808
095_88,s-0.007633,s3.838237,s371.643930
095_89,s-0.531275,s-3.165730,s236.367513
095_90,s3.557783,s-1.825863,s287.608550
095_91,s2.706913,s-3.184293,s216.141885
095_92,s4.231133,s-0.096465,s208.503721
095_93,s1.413482,s-4.010543,s135.842623
095_94,s-1.932592,s3.456398,s342.419439
096_0,s-0.492147,s0.528384,s121.402555
096_1,s0.375263,s-0.048300,s130.890902
096_2,s0.333034,s0.480944,s173.284564
096_3,s-0.116564,s1.043750,s65.481765
096_4,s1.369071,s-0.424726,s144.792704
096_5,s-1.015782,s-0.469898,s35.127976
096_6,s0.321354,s1.209870,s287.927135
096_7,s-1.067422,s-1.249170,s288.284717
096_8,s1.426924,s-0.059935,s294.100618
096_9,s-0.271859,s-0.466517,s199.752964
096_10,s1.221055,s0.315519,s194.121571
096_11,s0.642294,s-0.912632,s3.093373
096_12,s-1.598613,s1.433971,s221.581092
096_13,s0.273062,s-1.235456,s294.214169
096_14,s1.586698,s-1.138624,s245.432757
096_15,s-2.269177,s0.114273,s1.472220
096_16,s-2.730917,s1.538420,s300.657916
096_17,s0.577241,s1.648483,s69.512388
096_18,s0.703097,s-1.798761,s263.848272
096_19,s1.307344,s1.083018,s69.491737
096_20,s1.934900,s-0.429316,s230.106650
096_21,s-1.772331,s0.284018,s296.416676
096_22,s-1.660293,s-1.328758,s307.476708
096_23,s1.213268,s1.769526,s71.694381
096_24,s-0.357130,s1.731647,s92.146609
096_25,s0.134012,s-1.997808,s107.624608
096_26,s1.738298,s0.672102,s317.115015
096_27,s-0.670874,s-1.763947,s5.710743
096_28,s0.207628,s2.327322,s35.188098
096_29,s-2.271743,s-0.646079,s212.408533
096_30,s2.495868,s2.162722,s84.734517
096_31,s-1.100716,s-1.811833,s69.979456
096_32,s1.945651,s3.396386,s150.905687
096_33,s-1.364390,s2.003189,s75.673445
096_34,s-0.583267,s2.561394,s222.492236
096_35,s-0.802528,s-2.577331,s164.253347
096_36,s2.989699,s-1.136957,s186.162761
096_37,s-2.678770,s3.193531,s243.757229
096_38,s-2.037881,s2.286069,s215.720098
096_39,s0.417618,s3.330299,s112.858615
096_40,s2.347117,s0.354229,s-0.500293
096_41,s-2.254995,s-1.636708,s35.221094
096_42,s-2.788565,s0.578751,s1.836719
096_43,s0.852577,s-2.426926,s97.576821
096_44,s-3.022428,s-0.129611,s231.687950
096_45,s-2.566425,s-2.354534,s287.924684
096_46,s1.796650,s-1.806668,s166.234719
096_47,s0.739804,s2.084995,s262.309065
096_48,s-1.508838,s-2.552899,s144.168159
096_49,s3.023532,s-0.645017,s31.994838
096_50,s0.564949,s-2.780917,s254.953416
096_51,s2.637943,s1.506143,s151.550696
096_52,s1.114523,s2.546702,s321.711165
096_53,s-0.986795,s3.253816,s202.430124
096_54,s2.967146,s1.881546,s267.579127
096_55,s-1.001901,s-2.876284,s321.157109
096_56,s2.276773,s-2.369871,s144.448213
096_57,s2.813598,s0.117412,s132.905009
096_58,s-2.884060,s-0.737147,s168.262983
096_59,s1.598118,s-2.898790,s307.476708
096_60,s0.615158,s-3.328978,s212.052235
096_61,s3.192151,s-2.409115,s32.461180
096_62,s-0.592788,s3.626374,s169.968944
096_63,s0.011479,s-3.110815,s293.613325
096_64,s-1.382933,s-3.239793,s331.491686
096_65,s-2.868198,s2.074675,s346.128342
096_66,s3.642141,s0.005465,s31.235381
096_67,s1.452339,s-3.599330,s301.251557
096_68,s-2.011738,s-2.571601,s261.705134
096_69,s-3.585712,s1.176887,s60.089344
096_70,s2.666274,s-2.375459,s285.303214
096_71,s-3.635248,s-1.458297,s137.724582
096_72,s-3.091859,s-2.146067,s287.414595
096_73,s-1.496939,s-4.347673,s316.518167
096_74,s-3.540463,s0.109880,s332.108820
096_75,s2.266714,s-3.570682,s185.703512
096_76,s0.797942,s3.951354,s55.235087
096_77,s-3.723569,s-0.517212,s129.497760
096_78,s-2.663560,s-3.157144,s33.807857
096_79,s3.753856,s-0.289469,s145.173117
096_80,s4.300512,s0.771679,s209.138439
096_81,s-1.342395,s3.551244,s350.340415
096_82,s2.962454,s2.497160,s34.773537
096_83,s-3.732389,s-2.451445,s137.396473
096_84,s-4.017245,s2.191901,s213.417848
096_85,s1.333216,s3.997263,s251.609874
096_86,s-3.290527,s2.360507,s32.596679
096_87,s-3.965456,s0.665071,s138.175571
096_88,s-0.027254,s3.810822,s369.632810
096_89,s-0.531275,s-3.165730,s236.367513
096_90,s3.632843,s-1.997272,s283.050135
096_91,s2.599011,s-3.244461,s284.931801
096_92,s4.336423,s-0.298791,s207.828327
096_93,s1.462622,s-4.129680,s99.970694
096_94,s-2.131951,s3.478502,s343.905828
096_95,s3.037373,s1.127814,s290.626234
097_0,s-0.492147,s0.528384,s121.402555
097_1,s0.375263,s-0.048300,s130.890902
097_2,s0.333034,s0.480944,s173.284564
097_3,s-0.116564,s1.043750,s65.481765
097_4,s1.369071,s-0.424726,s144.792704
097_5,s-1.015782,s-0.469898,s35.127976
097_6,s0.321354,s1.209870,s287.927135
097_7,s-1.067422,s-1.249170,s288.284717
097_8,s1.426924,s-0.059935,s294.100618
097_9,s-0.271859,s-0.466517,s199.752964
097_10,s1.221055,s0.315519,s194.121571
097_11,s0.642294,s-0.912632,s3.093373
097_12,s-1.598613,s1.433971,s221.581092
097_13,s0.273062,s-1.235456,s294.214169
097_14,s1.586698,s-1.138624,s245.432757
097_15,s-2.269177,s0.114273,s1.472220
097_16,s-2.730917,s1.538420,s300.657916
097_17,s0.577241,s1.648483,s69.512388
097_18,s0.703097,s-1.798761,s263.848272
097_19,s1.307344,s1.083018,s69.491737
097_20,s1.934900,s-0.429316,s230.106650
097_21,s-1.772331,s0.284018,s296.416676
097_22,s-1.660293,s-1.328758,s307.476708
097_23,s1.213268,s1.769526,s71.694381
097_24,s-0.357130,s1.731647,s92.146609
097_25,s0.134012,s-1.997808,s107.624608
097_26,s1.738298,s0.672102,s317.115015
097_27,s-0.670874,s-1.763947,s5.710743
097_28,s0.207628,s2.327322,s35.188098
097_29,s-2.271743,s-0.646079,s212.408533
097_30,s2.495868,s2.162722,s84.734517
097_31,s-1.100716,s-1.811833,s69.979456
097_32,s1.945651,s3.396386,s150.905687
097_33,s-1.364390,s2.003189,s75.673445
097_34,s-0.583267,s2.561394,s222.492236
097_35,s-0.802528,s-2.577331,s164.253347
097_36,s2.989699,s-1.136957,s186.162761
097_37,s-2.678770,s3.193531,s243.757229
097_38,s-2.037881,s2.286069,s215.720098
097_39,s0.417618,s3.330299,s112.858615
097_40,s2.347117,s0.354229,s-0.500293
097_41,s-2.254995,s-1.636708,s35.221094
097_42,s-2.788565,s0.578751,s1.836719
097_43,s0.852577,s-2.426926,s97.576821
097_44,s-3.022428,s-0.129611,s231.687950
097_45,s-2.566425,s-2.354534,s287.924684
097_46,s1.796650,s-1.806668,s166.234719
097_47,s0.739804,s2.084995,s262.309065
097_48,s-1.508838,s-2.552899,s144.168159
097_49,s3.023532,s-0.645017,s31.994838
097_50,s0.564949,s-2.780917,s254.953416
097_51,s2.637943,s1.506143,s151.550696
097_52,s1.114523,s2.546702,s321.711165
097_53,s-0.986795,s3.253816,s202.430124
097_54,s2.967146,s1.881546,s267.579127
097_55,s-1.001901,s-2.876284,s321.157109
097_56,s2.276773,s-2.369871,s144.448213
097_57,s2.813598,s0.117412,s132.905009
097_58,s-2.884060,s-0.737147,s168.262983
097_59,s1.598118,s-2.898790,s307.476708
097_60,s0.615158,s-3.328978,s212.052235
097_61,s3.192151,s-2.409115,s32.461180
097_62,s-0.592788,s3.626374,s169.968944
097_63,s0.011479,s-3.110815,s293.613325
097_64,s-1.382933,s-3.239793,s331.491686
097_65,s-2.868198,s2.074675,s346.128342
097_66,s3.642141,s0.005465,s31.235381
097_67,s1.452339,s-3.599330,s301.251557
097_68,s-2.011738,s-2.571601,s261.705134
097_69,s-3.585712,s1.176887,s60.089344
097_70,s2.666274,s-2.375459,s285.303214
097_71,s-3.635248,s-1.458297,s137.724582
097_72,s-3.091859,s-2.146067,s287.414595
097_73,s-1.496939,s-4.347673,s316.518167
097_74,s-3.540463,s0.109880,s332.108820
097_75,s2.266714,s-3.570682,s185.703512
097_76,s0.797942,s3.951354,s55.235087
097_77,s-3.723569,s-0.517212,s129.497760
097_78,s-2.663560,s-3.157144,s33.807857
097_79,s3.753856,s-0.289469,s145.173117
097_80,s4.300512,s0.771679,s209.138439
097_81,s-1.342395,s3.551244,s350.340415
097_82,s2.962454,s2.497160,s34.773537
097_83,s-3.732389,s-2.451445,s137.396473
097_84,s-4.017245,s2.191901,s213.417848
097_85,s1.333216,s3.997263,s251.609874
097_86,s-3.290527,s2.360507,s32.596679
097_87,s-3.965456,s0.665071,s138.175571
097_88,s-0.027254,s3.810822,s369.632810
097_89,s-0.531275,s-3.165730,s236.367513
097_90,s3.632843,s-1.997272,s283.050135
097_91,s2.599011,s-3.244461,s284.931801
097_92,s4.336423,s-0.298791,s207.828327
097_93,s1.462622,s-4.129680,s99.970694
097_94,s-2.131951,s3.478502,s343.905828
097_95,s3.037373,s1.127814,s290.626234
097_96,s4.093130,s-1.349958,s30.344453
098_0,s-0.492147,s0.528384,s121.402555
098_1,s0.375263,s-0.048300,s130.890902
098_2,s0.333034,s0.480944,s173.284564
098_3,s-0.116564,s1.043750,s65.481765
098_4,s1.369071,s-0.424726,s144.792704
098_5,s-1.015782,s-0.469898,s35.127976
098_6,s0.321354,s1.209870,s287.927135
098_7,s-1.067422,s-1.249170,s288.284717
098_8,s1.426924,s-0.059935,s294.100618
098_9,s-0.271859,s-0.466517,s199.752964
098_10,s1.221055,s0.315519,s194.121571
098_11,s0.642294,s-0.912632,s3.093373
098_12,s-1.598613,s1.433971,s221.581092
098_13,s0.273062,s-1.235456,s294.214169
098_14,s1.586698,s-1.138624,s245.432757
098_15,s-2.269177,s0.114273,s1.472220
098_16,s-2.730917,s1.538420,s300.657916
098_17,s0.577241,s1.648483,s69.512388
098_18,s0.703097,s-1.798761,s263.848272
098_19,s1.307344,s1.083018,s69.491737
098_20,s1.934900,s-0.429316,s230.106650
098_21,s-1.772331,s0.284018,s296.416676
098_22,s-1.660293,s-1.328758,s307.476708
098_23,s1.213268,s1.769526,s71.694381
098_24,s-0.357130,s1.731647,s92.146609
098_25,s0.134012,s-1.997808,s107.624608
098_26,s1.738298,s0.672102,s317.115015
098_27,s-0.670874,s-1.763947,s5.710743
098_28,s0.207628,s2.327322,s35.188098
098_29,s-2.271743,s-0.646079,s212.408533
098_30,s2.495868,s2.162722,s84.734517
098_31,s-1.100716,s-1.811833,s69.979456
098_32,s1.945651,s3.396386,s150.905687
098_33,s-1.364390,s2.003189,s75.673445
098_34,s-0.583267,s2.561394,s222.492236
098_35,s-0.802528,s-2.577331,s164.253347
098_36,s2.989699,s-1.136957,s186.162761
098_37,s-2.678770,s3.193531,s243.757229
098_38,s-2.037881,s2.286069,s215.720098
098_39,s0.417618,s3.330299,s112.858615
098_40,s2.347117,s0.354229,s-0.500293
098_41,s-2.254995,s-1.636708,s35.221094
098_42,s-2.788565,s0.578751,s1.836719
098_43,s0.852577,s-2.426926,s97.576821
098_44,s-3.022428,s-0.129611,s231.687950
098_45,s-2.566425,s-2.354534,s287.924684
098_46,s1.796650,s-1.806668,s166.234719
098_47,s0.739804,s2.084995,s262.309065
098_48,s-1.508838,s-2.552899,s144.168159
098_49,s3.023532,s-0.645017,s31.994838
098_50,s0.564949,s-2.780917,s254.953416
098_51,s2.637943,s1.506143,s151.550696
098_52,s1.114523,s2.546702,s321.711165
098_53,s-0.986795,s3.253816,s202.430124
098_54,s2.967146,s1.881546,s267.579127
098_55,s-1.001901,s-2.876284,s321.157109
098_56,s2.276773,s-2.369871,s144.448213
098_57,s2.813598,s0.117412,s132.905009
098_58,s-2.884060,s-0.737147,s168.262983
098_59,s1.598118,s-2.898790,s307.476708
098_60,s0.615158,s-3.328978,s212.052235
098_61,s3.192151,s-2.409115,s32.461180
098_62,s-0.592788,s3.626374,s169.968944
098_63,s0.011479,s-3.110815,s293.613325
098_64,s-1.382933,s-3.239793,s331.491686
098_65,s-2.868198,s2.074675,s346.128342
098_66,s3.642141,s0.005465,s31.235381
098_67,s1.452339,s-3.599330,s301.251557
098_68,s-2.011738,s-2.571601,s261.705134
098_69,s-3.585712,s1.176887,s60.089344
098_70,s2.666274,s-2.375459,s285.303214
098_71,s-3.635248,s-1.458297,s137.724582
098_72,s-3.091859,s-2.146067,s287.414595
098_73,s-1.496939,s-4.347673,s316.518167
098_74,s-3.540463,s0.109880,s332.108820
098_75,s2.266714,s-3.570682,s185.703512
098_76,s0.797942,s3.951354,s55.235087
098_77,s-3.723569,s-0.517212,s129.497760
098_78,s-2.663560,s-3.157144,s33.807857
098_79,s3.753856,s-0.289469,s145.173117
098_80,s4.300512,s0.771679,s209.138439
098_81,s-1.342395,s3.551244,s350.340415
098_82,s2.962454,s2.497160,s34.773537
098_83,s-3.732389,s-2.451445,s137.396473
098_84,s-4.017245,s2.191901,s213.417848
098_85,s1.333216,s3.997263,s251.609874
098_86,s-3.290527,s2.360507,s32.596679
098_87,s-3.965456,s0.665071,s138.175571
098_88,s-0.027254,s3.810822,s369.632810
098_89,s-0.531275,s-3.165730,s236.367513
098_90,s3.632843,s-1.997272,s283.050135
098_91,s2.599011,s-3.244461,s284.931801
098_92,s4.336423,s-0.298791,s207.828327
098_93,s1.462622,s-4.129680,s99.970694
098_94,s-2.131951,s3.478502,s343.905828
098_95,s3.037373,s1.127814,s290.626234
098_96,s4.093130,s-1.349958,s30.344453
098_97,s3.803136,s2.212726,s228.961278
099_0,s-0.492147,s0.528384,s121.402555
099_1,s0.375263,s-0.048300,s130.890902
099_2,s0.333034,s0.480944,s173.284564
099_3,s-0.116564,s1.043750,s65.481765
099_4,s1.369071,s-0.424726,s144.792704
099_5,s-1.015782,s-0.469898,s35.127976
099_6,s0.321354,s1.209870,s287.927135
099_7,s-1.067422,s-1.249170,s288.284717
099_8,s1.426924,s-0.059935,s294.100618
099_9,s-0.271859,s-0.466517,s199.752964
099_10,s1.221055,s0.315519,s194.121571
099_11,s0.642294,s-0.912632,s3.093373
099_12,s-1.598613,s1.433971,s221.581092
099_13,s0.273062,s-1.235456,s294.214169
099_14,s1.586698,s-1.138624,s245.432757
099_15,s-2.269177,s0.114273,s1.472220
099_16,s-2.730917,s1.538420,s300.657916
099_17,s0.577241,s1.648483,s69.512388
099_18,s0.703097,s-1.798761,s263.848272
099_19,s1.307344,s1.083018,s69.491737
099_20,s1.934900,s-0.429316,s230.106650
099_21,s-1.772331,s0.284018,s296.416676
099_22,s-1.660293,s-1.328758,s307.476708
099_23,s1.213268,s1.769526,s71.694381
099_24,s-0.357130,s1.731647,s92.146609
099_25,s0.134012,s-1.997808,s107.624608
099_26,s1.738298,s0.672102,s317.115015
099_27,s-0.670874,s-1.763947,s5.710743
099_28,s0.207628,s2.327322,s35.188098
099_29,s-2.271743,s-0.646079,s212.408533
099_30,s2.495868,s2.162722,s84.734517
099_31,s-1.100716,s-1.811833,s69.979456
099_32,s1.945651,s3.396386,s150.905687
099_33,s-1.364390,s2.003189,s75.673445
099_34,s-0.583267,s2.561394,s222.492236
099_35,s-0.802528,s-2.577331,s164.253347
099_36,s2.989699,s-1.136957,s186.162761
099_37,s-2.678770,s3.193531,s243.757229
099_38,s-2.037881,s2.286069,s215.720098
099_39,s0.417618,s3.330299,s112.858615
099_40,s2.347117,s0.354229,s-0.500293
099_41,s-2.254995,s-1.636708,s35.221094
099_42,s-2.788565,s0.578751,s1.836719
099_43,s0.852577,s-2.426926,s97.576821
099_44,s-3.022428,s-0.129611,s231.687950
099_45,s-2.566425,s-2.354534,s287.924684
099_46,s1.796650,s-1.806668,s166.234719
099_47,s0.739804,s2.084995,s262.309065
099_48,s-1.508838,s-2.552899,s144.168159
099_49,s3.023532,s-0.645017,s31.994838
099_50,s0.564949,s-2.780917,s254.953416
099_51,s2.637943,s1.506143,s151.550696
099_52,s1.114523,s2.546702,s321.711165
099_53,s-0.986795,s3.253816,s202.430124
099_54,s2.967146,s1.881546,s267.579127
099_55,s-1.001901,s-2.876284,s321.157109
099_56,s2.276773,s-2.369871,s144.448213
099_57,s2.813598,s0.117412,s132.905009
099_58,s-2.884060,s-0.737147,s168.262983
099_59,s1.598118,s-2.898790,s307.476708
099_60,s0.615158,s-3.328978,s212.052235
099_61,s3.192151,s-2.409115,s32.461180
099_62,s-0.592788,s3.626374,s169.968944
099_63,s0.011479,s-3.110815,s293.613325
099_64,s-1.382933,s-3.239793,s331.491686
099_65,s-2.868198,s2.074675,s346.128342
099_66,s3.642141,s0.005465,s31.235381
099_67,s1.452339,s-3.599330,s301.251557
099_68,s-2.011738,s-2.571601,s261.705134
099_69,s-3.585712,s1.176887,s60.089344
099_70,s2.666274,s-2.375459,s285.303214
099_71,s-3.635248,s-1.458297,s137.724582
099_72,s-3.091859,s-2.146067,s287.414595
099_73,s-1.496939,s-4.347673,s316.518167
099_74,s-3.540463,s0.109880,s332.108820
099_75,s2.266714,s-3.570682,s185.703512
099_76,s0.797942,s3.951354,s55.235087
099_77,s-3.723569,s-0.517212,s129.497760
099_78,s-2.663560,s-3.157144,s33.807857
099_79,s3.753856,s-0.289469,s145.173117
099_80,s4.300512,s0.771679,s209.138439
099_81,s-1.342395,s3.551244,s350.340415
099_82,s2.962454,s2.497160,s34.773537
099_83,s-3.732389,s-2.451445,s137.396473
099_84,s-4.017245,s2.191901,s213.417848
099_85,s1.333216,s3.997263,s251.609874
099_86,s-3.290527,s2.360507,s32.596679
099_87,s-3.965456,s0.665071,s138.175571
099_88,s-0.027254,s3.810822,s369.632810
099_89,s-0.531275,s-3.165730,s236.367513
099_90,s3.632843,s-1.997272,s283.050135
099_91,s2.599011,s-3.244461,s284.931801
099_92,s4.336423,s-0.298791,s207.828327
099_93,s1.462622,s-4.129680,s99.970694
099_94,s-2.131951,s3.478502,s343.905828
099_95,s3.037373,s1.127814,s290.626234
099_96,s4.093130,s-1.349958,s30.344453
099_97,s3.803136,s2.212726,s228.961278
099_98,s-0.683987,s4.047615,s3.078511
100_0,s-0.492147,s0.528384,s121.402555
100_1,s0.375263,s-0.048300,s130.890902
100_2,s0.333034,s0.480944,s173.284564
100_3,s-0.116564,s1.043750,s65.481765
100_4,s1.369071,s-0.424726,s144.792704
100_5,s-1.015782,s-0.469898,s35.127976
100_6,s0.321354,s1.209870,s287.927135
100_7,s-1.067422,s-1.249170,s288.284717
100_8,s1.426924,s-0.059935,s294.100618
100_9,s-0.271859,s-0.466517,s199.752964
100_10,s1.221055,s0.315519,s194.121571
100_11,s0.642294,s-0.912632,s3.093373
100_12,s-1.598613,s1.433971,s221.581092
100_13,s0.273062,s-1.235456,s294.214169
100_14,s1.586698,s-1.138624,s245.432757
100_15,s-2.269177,s0.114273,s1.472220
100_16,s-2.730917,s1.538420,s300.657916
100_17,s0.577241,s1.648483,s69.512388
100_18,s0.703097,s-1.798761,s263.848272
100_19,s1.307344,s1.083018,s69.491737
100_20,s1.934900,s-0.429316,s230.106650
100_21,s-1.772331,s0.284018,s296.416676
100_22,s-1.660293,s-1.328758,s307.476708
100_23,s1.213268,s1.769526,s71.694381
100_24,s-0.357130,s1.731647,s92.146609
100_25,s0.134012,s-1.997808,s107.624608
100_26,s1.738298,s0.672102,s317.115015
100_27,s-0.670874,s-1.763947,s5.710743
100_28,s0.207628,s2.327322,s35.188098
100_29,s-2.271743,s-0.646079,s212.408533
100_30,s2.495868,s2.162722,s84.734517
100_31,s-1.100716,s-1.811833,s69.979456
100_32,s1.945651,s3.396386,s150.905687
100_33,s-1.364390,s2.003189,s75.673445
100_34,s-0.583267,s2.561394,s222.492236
100_35,s-0.802528,s-2.577331,s164.253347
100_36,s2.989699,s-1.136957,s186.162761
100_37,s-2.771130,s3.173560,s238.615186
100_38,s-2.037881,s2.286069,s215.720098
100_39,s0.417618,s3.330299,s112.858615
100_40,s2.347117,s0.354229,s-0.500293
100_41,s-2.254995,s-1.636708,s35.221094
100_42,s-2.788565,s0.578751,s1.836719
100_43,s0.852577,s-2.426926,s97.576821
100_44,s-3.022428,s-0.129611,s231.687950
100_45,s-2.566425,s-2.354534,s287.924684
100_46,s1.796650,s-1.806668,s166.234719
100_47,s0.739804,s2.084995,s262.309065
100_48,s-1.508838,s-2.552899,s144.168159
100_49,s3.023532,s-0.645017,s31.994838
100_50,s0.564949,s-2.780917,s254.953416
100_51,s2.637943,s1.506143,s151.550696
100_52,s1.114523,s2.546702,s321.711165
100_53,s-0.986795,s3.253816,s202.430124
100_54,s2.967146,s1.881546,s267.579127
100_55,s-1.001901,s-2.876284,s321.157109
100_56,s2.276773,s-2.369871,s144.448213
100_57,s2.813598,s0.117412,s132.905009
100_58,s-2.884060,s-0.737147,s168.262983
100_59,s1.598118,s-2.898790,s307.476708
100_60,s0.615158,s-3.328978,s212.052235
100_61,s3.192151,s-2.409115,s32.461180
100_62,s-0.592788,s3.626374,s169.968944
100_63,s0.011479,s-3.110815,s293.613325
100_64,s-1.382933,s-3.239793,s331.491686
100_65,s-2.868198,s2.074675,s346.128342
100_66,s3.642141,s0.005465,s31.235381
100_67,s1.452339,s-3.599330,s301.251557
100_68,s-2.011738,s-2.571601,s261.705134
100_69,s-3.585712,s1.176887,s60.089344
100_70,s2.666274,s-2.375459,s285.303214
100_71,s-3.635248,s-1.458297,s137.724582
100_72,s-3.091859,s-2.146067,s287.414595
100_73,s-1.496939,s-4.347673,s316.518167
100_74,s-3.540463,s0.109880,s332.108820
100_75,s2.266714,s-3.570682,s185.703512
100_76,s0.754748,s4.084103,s59.942196
100_77,s-3.723569,s-0.517212,s129.497760
100_78,s-2.663560,s-3.157144,s33.807857
100_79,s3.753856,s-0.289469,s145.173117
100_80,s4.216870,s0.757482,s208.732823
100_81,s-1.271008,s3.772663,s357.874260
100_82,s2.962454,s2.497160,s34.773537
100_83,s-3.583431,s-2.559194,s134.874346
100_84,s-4.011339,s2.310866,s198.961349
100_85,s1.333216,s3.997263,s251.609874
100_86,s-3.290527,s2.360507,s32.596679
100_87,s-3.829676,s0.654547,s131.592220
100_88,s-0.027254,s3.810822,s369.632810
100_89,s-0.531275,s-3.165730,s236.367513
100_90,s3.632843,s-1.997272,s283.050135
100_91,s2.599011,s-3.244461,s284.931801
100_92,s4.336423,s-0.298791,s207.828327
100_93,s1.462622,s-4.129680,s99.970694
100_94,s-2.131951,s3.478502,s343.905828
100_95,s3.097843,s1.109566,s222.863618
100_96,s4.216845,s-1.304084,s33.722862
100_97,s3.803136,s2.212726,s228.961278
100_98,s-0.683987,s4.047615,s3.078511
100_99,s-0.362482,s-4.316025,s83.043696
101_0,s-0.492147,s0.528384,s121.402555
101_1,s0.375263,s-0.048300,s130.890902
101_2,s0.333034,s0.480944,s173.284564
101_3,s-0.116564,s1.043750,s65.481765
101_4,s1.369071,s-0.424726,s144.792704
101_5,s-1.015782,s-0.469898,s35.127976
101_6,s0.321354,s1.209870,s287.927135
101_7,s-1.067422,s-1.249170,s288.284717
101_8,s1.426924,s-0.059935,s294.100618
101_9,s-0.271859,s-0.466517,s199.752964
101_10,s1.221055,s0.315519,s194.121571
101_11,s0.642294,s-0.912632,s3.093373
101_12,s-1.598613,s1.433971,s221.581092
101_13,s0.273062,s-1.235456,s294.214169
101_14,s1.586698,s-1.138624,s245.432757
101_15,s-2.269177,s0.114273,s1.472220
101_16,s-2.730917,s1.538420,s300.657916
101_17,s0.577241,s1.648483,s69.512388
101_18,s0.703097,s-1.798761,s263.848272
101_19,s1.307344,s1.083018,s69.491737
101_20,s1.934900,s-0.429316,s230.106650
101_21,s-1.772331,s0.284018,s296.416676
101_22,s-1.660293,s-1.328758,s307.476708
101_23,s1.213268,s1.769526,s71.694381
101_24,s-0.357130,s1.731647,s92.146609
101_25,s0.134012,s-1.997808,s107.624608
101_26,s1.738298,s0.672102,s317.115015
101_27,s-0.670874,s-1.763947,s5.710743
101_28,s0.207628,s2.327322,s35.188098
101_29,s-2.271743,s-0.646079,s212.408533
101_30,s2.495868,s2.162722,s84.734517
101_31,s-1.100716,s-1.811833,s69.979456
101_32,s1.945651,s3.396386,s150.905687
101_33,s-1.364390,s2.003189,s75.673445
101_34,s-0.583267,s2.561394,s222.492236
101_35,s-0.802528,s-2.577331,s164.253347
101_36,s2.989699,s-1.136957,s186.162761
101_37,s-2.771130,s3.173560,s238.615186
101_38,s-2.037881,s2.286069,s215.720098
101_39,s0.417618,s3.330299,s112.858615
101_40,s2.347117,s0.354229,s-0.500293
101_41,s-2.254995,s-1.636708,s35.221094
101_42,s-2.788565,s0.578751,s1.836719
101_43,s0.852577,s-2.426926,s97.576821
101_44,s-3.022428,s-0.129611,s231.687950
101_45,s-2.566425,s-2.354534,s287.924684
101_46,s1.796650,s-1.806668,s166.234719
101_47,s0.739804,s2.084995,s262.309065
101_48,s-1.508838,s-2.552899,s144.168159
101_49,s3.023532,s-0.645017,s31.994838
101_50,s0.564949,s-2.780917,s254.953416
101_51,s2.637943,s1.506143,s151.550696
101_52,s1.114523,s2.546702,s321.711165
101_53,s-0.986795,s3.253816,s202.430124
101_54,s2.967146,s1.881546,s267.579127
101_55,s-1.001901,s-2.876284,s321.157109
101_56,s2.276773,s-2.369871,s144.448213
101_57,s2.813598,s0.117412,s132.905009
101_58,s-2.884060,s-0.737147,s168.262983
101_59,s1.598118,s-2.898790,s307.476708
101_60,s0.615158,s-3.328978,s212.052235
101_61,s3.192151,s-2.409115,s32.461180
101_62,s-0.592788,s3.626374,s169.968944
101_63,s0.011479,s-3.110815,s293.613325
101_64,s-1.382933,s-3.239793,s331.491686
101_65,s-2.868198,s2.074675,s346.128342
101_66,s3.642141,s0.005465,s31.235381
101_67,s1.452339,s-3.599330,s301.251557
101_68,s-2.011738,s-2.571601,s261.705134
101_69,s-3.585712,s1.176887,s60.089344
101_70,s2.666274,s-2.375459,s285.303214
101_71,s-3.635248,s-1.458297,s137.724582
101_72,s-3.091859,s-2.146067,s287.414595
101_73,s-1.496939,s-4.347673,s316.518167
101_74,s-3.540463,s0.109880,s332.108820
101_75,s2.266714,s-3.570682,s185.703512
101_76,s0.754748,s4.084103,s59.942196
101_77,s-3.723569,s-0.517212,s129.497760
101_78,s-2.663560,s-3.157144,s33.807857
101_79,s3.753856,s-0.289469,s145.173117
101_80,s4.216870,s0.757482,s208.732823
101_81,s-1.271008,s3.772663,s357.874260
101_82,s2.962454,s2.497160,s34.773537
101_83,s-3.583431,s-2.559194,s134.874346
101_84,s-4.011339,s2.310866,s198.961349
101_85,s1.333216,s3.997263,s251.609874
101_86,s-3.290527,s2.360507,s32.596679
101_87,s-3.829676,s0.654547,s131.592220
101_88,s-0.027254,s3.810822,s369.632810
101_89,s-0.531275,s-3.165730,s236.367513
101_90,s3.632843,s-1.997272,s283.050135
101_91,s2.599011,s-3.244461,s284.931801
101_92,s4.336423,s-0.298791,s207.828327
101_93,s1.462622,s-4.129680,s99.970694
101_94,s-2.131951,s3.478502,s343.905828
101_95,s3.097843,s1.109566,s222.863618
101_96,s4.216845,s-1.304084,s33.722862
101_97,s3.803136,s2.212726,s228.961278
101_98,s-0.683987,s4.047615,s3.078511
101_99,s-0.362482,s-4.316025,s83.043696
101_100,s2.338425,s3.797811,s222.492236
102_0,s-0.492147,s0.528384,s121.402555
102_1,s0.375263,s-0.048300,s130.890902
102_2,s0.333034,s0.480944,s173.284564
102_3,s-0.116564,s1.043750,s65.481765
102_4,s1.369071,s-0.424726,s144.792704
102_5,s-1.015782,s-0.469898,s35.127976
102_6,s0.321354,s1.209870,s287.927135
102_7,s-1.067422,s-1.249170,s288.284717
102_8,s1.426924,s-0.059935,s294.100618
102_9,s-0.271859,s-0.466517,s199.752964
102_10,s1.221055,s0.315519,s194.121571
102_11,s0.642294,s-0.912632,s3.093373
102_12,s-1.598613,s1.433971,s221.581092
102_13,s0.273062,s-1.235456,s294.214169
102_14,s1.586698,s-1.138624,s245.432757
102_15,s-2.269177,s0.114273,s1.472220
102_16,s-2.730917,s1.538420,s300.657916
102_17,s0.577241,s1.648483,s69.512388
102_18,s0.703097,s-1.798761,s263.848272
102_19,s1.307344,s1.083018,s69.491737
102_20,s1.934900,s-0.429316,s230.106650
102_21,s-1.772331,s0.284018,s296.416676
102_22,s-1.660293,s-1.328758,s307.476708
102_23,s1.213268,s1.769526,s71.694381
102_24,s-0.357130,s1.731647,s92.146609
102_25,s0.134012,s-1.997808,s107.624608
102_26,s1.738298,s0.672102,s317.115015
102_27,s-0.670874,s-1.763947,s5.710743
102_28,s0.207628,s2.327322,s35.188098
102_29,s-2.271743,s-0.646079,s212.408533
102_30,s2.495868,s2.162722,s84.734517
102_31,s-1.100716,s-1.811833,s69.979456
102_32,s1.945651,s3.396386,s150.905687
102_33,s-1.364390,s2.003189,s75.673445
102_34,s-0.583267,s2.561394,s222.492236
102_35,s-0.802528,s-2.577331,s164.253347
102_36,s2.989699,s-1.136957,s186.162761
102_37,s-2.771130,s3.173560,s238.615186
102_38,s-2.037881,s2.286069,s215.720098
102_39,s0.417618,s3.330299,s112.858615
102_40,s2.347117,s0.354229,s-0.500293
102_41,s-2.254995,s-1.636708,s35.221094
102_42,s-2.788565,s0.578751,s1.836719
102_43,s0.852577,s-2.426926,s97.576821
102_44,s-3.022428,s-0.129611,s231.687950
102_45,s-2.566425,s-2.354534,s287.924684
102_46,s1.796650,s-1.806668,s166.234719
102_47,s0.739804,s2.084995,s262.309065
102_48,s-1.508838,s-2.552899,s144.168159
102_49,s3.023532,s-0.645017,s31.994838
102_50,s0.564949,s-2.780917,s254.953416
102_51,s2.637943,s1.506143,s151.550696
102_52,s1.114523,s2.546702,s321.711165
102_53,s-0.986795,s3.253816,s202.430124
102_54,s2.967146,s1.881546,s267.579127
102_55,s-1.001901,s-2.876284,s321.157109
102_56,s2.276773,s-2.369871,s144.448213
102_57,s2.813598,s0.117412,s132.905009
102_58,s-2.884060,s-0.737147,s168.262983
102_59,s1.598118,s-2.898790,s307.476708
102_60,s0.615158,s-3.328978,s212.052235
102_61,s3.192151,s-2.409115,s32.461180
102_62,s-0.592788,s3.626374,s169.968944
102_63,s0.011479,s-3.110815,s293.613325
102_64,s-1.382933,s-3.239793,s331.491686
102_65,s-2.868198,s2.074675,s346.128342
102_66,s3.642141,s0.005465,s31.235381
102_67,s1.452339,s-3.599330,s301.251557
102_68,s-2.011738,s-2.571601,s261.705134
102_69,s-3.585712,s1.176887,s60.089344
102_70,s2.666274,s-2.375459,s285.303214
102_71,s-3.635248,s-1.458297,s137.724582
102_72,s-3.091859,s-2.146067,s287.414595
102_73,s-1.496939,s-4.347673,s316.518167
102_74,s-3.540463,s0.109880,s332.108820
102_75,s2.266714,s-3.570682,s185.703512
102_76,s0.754748,s4.084103,s59.942196
102_77,s-3.723569,s-0.517212,s129.497760
102_78,s-2.663560,s-3.157144,s33.807857
102_79,s3.753856,s-0.289469,s145.173117
102_80,s4.216870,s0.757482,s208.732823
102_81,s-1.271008,s3.772663,s357.874260
102_82,s2.962454,s2.497160,s34.773537
102_83,s-3.583431,s-2.559194,s134.874346
102_84,s-4.011339,s2.310866,s198.961349
102_85,s1.333216,s3.997263,s251.609874
102_86,s-3.290527,s2.360507,s32.596679
102_87,s-3.829676,s0.654547,s131.592220
102_88,s-0.027254,s3.810822,s369.632810
102_89,s-0.531275,s-3.165730,s236.367513
102_90,s3.632843,s-1.997272,s283.050135
102_91,s2.599011,s-3.244461,s284.931801
102_92,s4.336423,s-0.298791,s207.828327
102_93,s1.462622,s-4.129680,s99.970694
102_94,s-2.131951,s3.478502,s343.905828
102_95,s3.097843,s1.109566,s222.863618
102_96,s4.216845,s-1.304084,s33.722862
102_97,s3.803136,s2.212726,s228.961278
102_98,s-0.683987,s4.047615,s3.078511
102_99,s-0.362482,s-4.316025,s83.043696
102_100,s2.338425,s3.797811,s222.492236
102_101,s-2.160677,s-3.648161,s306.767996
103_0,s-0.492147,s0.528384,s121.402555
103_1,s0.375263,s-0.048300,s130.890902
103_2,s0.333034,s0.480944,s173.284564
103_3,s-0.116564,s1.043750,s65.481765
103_4,s1.369071,s-0.424726,s144.792704
103_5,s-1.015782,s-0.469898,s35.127976
103_6,s0.321354,s1.209870,s287.927135
103_7,s-1.067422,s-1.249170,s288.284717
103_8,s1.426924,s-0.059935,s294.100618
103_9,s-0.271859,s-0.466517,s199.752964
103_10,s1.221055,s0.315519,s194.121571
103_11,s0.642294,s-0.912632,s3.093373
103_12,s-1.598613,s1.433971,s221.581092
103_13,s0.273062,s-1.235456,s294.214169
103_14,s1.586698,s-1.138624,s245.432757
103_15,s-2.269177,s0.114273,s1.472220
103_16,s-2.730917,s1.538420,s300.657916
103_17,s0.577241,s1.648483,s69.512388
103_18,s0.703097,s-1.798761,s263.848272
103_19,s1.307344,s1.083018,s69.491737
103_20,s1.934900,s-0.429316,s230.106650
103_21,s-1.772331,s0.284018,s296.416676
103_22,s-1.660293,s-1.328758,s307.476708
103_23,s1.213268,s1.769526,s71.694381
103_24,s-0.357130,s1.731647,s92.146609
103_25,s0.134012,s-1.997808,s107.624608
103_26,s1.738298,s0.672102,s317.115015
103_27,s-0.670874,s-1.763947,s5.710743
103_28,s0.207628,s2.327322,s35.188098
103_29,s-2.271743,s-0.646079,s212.408533
103_30,s2.495868,s2.162722,s84.734517
103_31,s-1.100716,s-1.811833,s69.979456
103_32,s1.945651,s3.396386,s150.905687
103_33,s-1.364390,s2.003189,s75.673445
103_34,s-0.583267,s2.561394,s222.492236
103_35,s-0.802528,s-2.577331,s164.253347
103_36,s2.989699,s-1.136957,s186.162761
103_37,s-2.771130,s3.173560,s238.615186
103_38,s-2.037881,s2.286069,s215.720098
103_39,s0.417618,s3.330299,s112.858615
103_40,s2.347117,s0.354229,s-0.500293
103_41,s-2.254995,s-1.636708,s35.221094
103_42,s-2.788565,s0.578751,s1.836719
103_43,s0.852577,s-2.426926,s97.576821
103_44,s-3.022428,s-0.129611,s231.687950
103_45,s-2.566425,s-2.354534,s287.924684
103_46,s1.796650,s-1.806668,s166.234719
103_47,s0.739804,s2.084995,s262.309065
103_48,s-1.508838,s-2.552899,s144.168159
103_49,s3.023532,s-0.645017,s31.994838
103_50,s0.564949,s-2.780917,s254.953416
103_51,s2.637943,s1.506143,s151.550696
103_52,s1.114523,s2.546702,s321.711165
103_53,s-0.986795,s3.253816,s202.430124
103_54,s2.967146,s1.881546,s267.579127
103_55,s-1.001901,s-2.876284,s321.157109
103_56,s2.276773,s-2.369871,s144.448213
103_57,s2.813598,s0.117412,s132.905009
103_58,s-2.884060,s-0.737147,s168.262983
103_59,s1.598118,s-2.898790,s307.476708
103_60,s0.615158,s-3.328978,s212.052235
103_61,s3.192151,s-2.409115,s32.461180
103_62,s-0.592788,s3.626374,s169.968944
103_63,s0.011479,s-3.110815,s293.613325
103_64,s-1.382933,s-3.239793,s331.491686
103_65,s-2.868198,s2.074675,s346.128342
103_66,s3.642141,s0.005465,s31.235381
103_67,s1.452339,s-3.599330,s301.251557
103_68,s-2.011738,s-2.571601,s261.705134
103_69,s-3.585712,s1.176887,s60.089344
103_70,s2.666274,s-2.375459,s285.303214
103_71,s-3.635248,s-1.458297,s137.724582
103_72,s-3.091859,s-2.146067,s287.414595
103_73,s-1.496939,s-4.347673,s316.518167
103_74,s-3.540463,s0.109880,s332.108820
103_75,s2.266714,s-3.570682,s185.703512
103_76,s0.754748,s4.084103,s59.942196
103_77,s-3.723569,s-0.517212,s129.497760
103_78,s-2.663560,s-3.157144,s33.807857
103_79,s3.753856,s-0.289469,s145.173117
103_80,s4.216870,s0.757482,s208.732823
103_81,s-1.271008,s3.772663,s357.874260
103_82,s2.962454,s2.497160,s34.773537
103_83,s-3.583431,s-2.559194,s134.874346
103_84,s-4.011339,s2.310866,s198.961349
103_85,s1.333216,s3.997263,s251.609874
103_86,s-3.290527,s2.360507,s32.596679
103_87,s-3.829676,s0.654547,s131.592220
103_88,s-0.027254,s3.810822,s369.632810
103_89,s-0.531275,s-3.165730,s236.367513
103_90,s3.632843,s-1.997272,s283.050135
103_91,s2.599011,s-3.244461,s284.931801
103_92,s4.336423,s-0.298791,s207.828327
103_93,s1.462622,s-4.129680,s99.970694
103_94,s-2.131951,s3.478502,s343.905828
103_95,s3.097843,s1.109566,s222.863618
103_96,s4.216845,s-1.304084,s33.722862
103_97,s3.803136,s2.212726,s228.961278
103_98,s-0.683987,s4.047615,s3.078511
103_99,s-0.362482,s-4.316025,s83.043696
103_100,s2.338425,s3.797811,s222.492236
103_101,s-2.160677,s-3.648161,s306.767996
103_102,s-4.460000,s0.000000,s202.350523
104_0,s-0.492147,s0.528384,s121.402555
104_1,s0.375263,s-0.048300,s130.890902
104_2,s0.333034,s0.480944,s173.284564
104_3,s-0.116564,s1.043750,s65.481765
104_4,s1.369071,s-0.424726,s144.792704
104_5,s-1.015782,s-0.469898,s35.127976
104_6,s0.321354,s1.209870,s287.927135
104_7,s-1.067422,s-1.249170,s288.284717
104_8,s1.426924,s-0.059935,s294.100618
104_9,s-0.271859,s-0.466517,s199.752964
104_10,s1.221055,s0.315519,s194.121571
104_11,s0.642294,s-0.912632,s3.093373
104_12,s-1.598613,s1.433971,s221.581092
104_13,s0.273062,s-1.235456,s294.214169
104_14,s1.586698,s-1.138624,s245.432757
104_15,s-2.269177,s0.114273,s1.472220
104_16,s-2.730917,s1.538420,s300.657916
104_17,s0.577241,s1.648483,s69.512388
104_18,s0.703097,s-1.798761,s263.848272
104_19,s1.307344,s1.083018,s69.491737
104_20,s1.934900,s-0.429316,s230.106650
104_21,s-1.772331,s0.284018,s296.416676
104_22,s-1.660293,s-1.328758,s307.476708
104_23,s1.213268,s1.769526,s71.694381
104_24,s-0.357130,s1.731647,s92.146609
104_25,s0.134012,s-1.997808,s107.624608
104_26,s1.738298,s0.672102,s317.115015
104_27,s-0.670874,s-1.763947,s5.710743
104_28,s0.207628,s2.327322,s35.188098
104_29,s-2.271743,s-0.646079,s212.408533
104_30,s2.495868,s2.162722,s84.734517
104_31,s-1.100716,s-1.811833,s69.979456
104_32,s1.945651,s3.396386,s150.905687
104_33,s-1.364390,s2.003189,s75.673445
104_34,s-0.583267,s2.561394,s222.492236
104_35,s-0.802528,s-2.577331,s164.253347
104_36,s2.989699,s-1.136957,s186.162761
104_37,s-2.771130,s3.173560,s238.615186
104_38,s-2.037881,s2.286069,s215.720098
104_39,s0.417618,s3.330299,s112.858615
104_40,s2.347117,s0.354229,s-0.500293
104_41,s-2.254995,s-1.636708,s35.221094
104_42,s-2.788565,s0.578751,s1.836719
104_43,s0.852577,s-2.426926,s97.576821
104_44,s-3.022428,s-0.129611,s231.687950
104_45,s-2.566425,s-2.354534,s287.924684
104_46,s1.796650,s-1.806668,s166.234719
104_47,s0.739804,s2.084995,s262.309065
104_48,s-1.508838,s-2.552899,s144.168159
104_49,s3.023532,s-0.645017,s31.994838
104_50,s0.564949,s-2.780917,s254.953416
104_51,s2.637943,s1.506143,s151.550696
104_52,s1.114523,s2.546702,s321.711165
104_53,s-0.986795,s3.253816,s202.430124
104_54,s2.967146,s1.881546,s267.579127
104_55,s-1.001901,s-2.876284,s321.157109
104_56,s2.276773,s-2.369871,s144.448213
104_57,s2.813598,s0.117412,s132.905009
104_58,s-2.884060,s-0.737147,s168.262983
104_59,s1.598118,s-2.898790,s307.476708
104_60,s0.615158,s-3.328978,s212.052235
104_61,s3.192151,s-2.409115,s32.461180
104_62,s-0.592788,s3.626374,s169.968944
104_63,s0.011479,s-3.110815,s293.613325
104_64,s-1.382933,s-3.239793,s331.491686
104_65,s-2.868198,s2.074675,s346.128342
104_66,s3.642141,s0.005465,s31.235381
104_67,s1.452339,s-3.599330,s301.251557
104_68,s-2.011738,s-2.571601,s261.705134
104_69,s-3.585712,s1.176887,s60.089344
104_70,s2.666274,s-2.375459,s285.303214
104_71,s-3.635248,s-1.458297,s137.724582
104_72,s-3.091859,s-2.146067,s287.414595
104_73,s-1.496939,s-4.347673,s316.518167
104_74,s-3.540463,s0.109880,s332.108820
104_75,s2.266714,s-3.570682,s185.703512
104_76,s0.754748,s4.084103,s59.942196
104_77,s-3.723569,s-0.517212,s129.497760
104_78,s-2.663560,s-3.157144,s33.807857
104_79,s3.753856,s-0.289469,s145.173117
104_80,s4.216870,s0.757482,s208.732823
104_81,s-1.271008,s3.772663,s357.874260
104_82,s2.962454,s2.497160,s34.773537
104_83,s-3.583431,s-2.559194,s134.874346
104_84,s-4.011339,s2.310866,s198.961349
104_85,s1.333216,s3.997263,s251.609874
104_86,s-3.290527,s2.360507,s32.596679
104_87,s-3.829676,s0.654547,s131.592220
104_88,s-0.027254,s3.810822,s369.632810
104_89,s-0.531275,s-3.165730,s236.367513
104_90,s3.632843,s-1.997272,s283.050135
104_91,s2.599011,s-3.244461,s284.931801
104_92,s4.336423,s-0.298791,s207.828327
104_93,s1.462622,s-4.129680,s99.970694
104_94,s-2.131951,s3.478502,s343.905828
104_95,s3.097843,s1.109566,s222.863618
104_96,s4.216845,s-1.304084,s33.722862
104_97,s3.803136,s2.212726,s228.961278
104_98,s-0.683987,s4.047615,s3.078511
104_99,s-0.362482,s-4.316025,s83.043696
104_100,s2.338425,s3.797811,s222.492236
104_101,s-2.160677,s-3.648161,s306.767996
104_102,s-4.460000,s0.000000,s202.350523
104_103,s3.713388,s2.697934,s73.913590
105_0,s-0.492147,s0.528384,s121.402555
105_1,s0.375263,s-0.048300,s130.890902
105_2,s0.333034,s0.480944,s173.284564
105_3,s-0.116564,s1.043750,s65.481765
105_4,s1.369071,s-0.424726,s144.792704
105_5,s-1.015782,s-0.469898,s35.127976
105_6,s0.321354,s1.209870,s287.927135
105_7,s-1.067422,s-1.249170,s288.284717
105_8,s1.426924,s-0.059935,s294.100618
105_9,s-0.271859,s-0.466517,s199.752964
105_10,s1.221055,s0.315519,s194.121571
105_11,s0.642294,s-0.912632,s3.093373
105_12,s-1.598613,s1.433971,s221.581092
105_13,s0.273062,s-1.235456,s294.214169
105_14,s1.586698,s-1.138624,s245.432757
105_15,s-2.269177,s0.114273,s1.472220
105_16,s-2.730917,s1.538420,s300.657916
105_17,s0.577241,s1.648483,s69.512388
105_18,s0.703097,s-1.798761,s263.848272
105_19,s1.307344,s1.083018,s69.491737
105_20,s1.934900,s-0.429316,s230.106650
105_21,s-1.772331,s0.284018,s296.416676
105_22,s-1.660293,s-1.328758,s307.476708
105_23,s1.213268,s1.769526,s71.694381
105_24,s-0.357130,s1.731647,s92.146609
105_25,s0.134012,s-1.997808,s107.624608
105_26,s1.738298,s0.672102,s317.115015
105_27,s-0.670874,s-1.763947,s5.710743
105_28,s0.207628,s2.327322,s35.188098
105_29,s-2.271743,s-0.646079,s212.408533
105_30,s2.495868,s2.162722,s84.734517
105_31,s-1.100716,s-1.811833,s69.979456
105_32,s1.945651,s3.396386,s150.905687
105_33,s-1.364390,s2.003189,s75.673445
105_34,s-0.583267,s2.561394,s222.492236
105_35,s-0.802528,s-2.577331,s164.253347
105_36,s2.989699,s-1.136957,s186.162761
105_37,s-2.771130,s3.173560,s238.615186
105_38,s-2.037881,s2.286069,s215.720098
105_39,s0.417618,s3.330299,s112.858615
105_40,s2.347117,s0.354229,s-0.500293
105_41,s-2.254995,s-1.636708,s35.221094
105_42,s-2.788565,s0.578751,s1.836719
105_43,s0.852577,s-2.426926,s97.576821
105_44,s-3.022428,s-0.129611,s231.687950
105_45,s-2.566425,s-2.354534,s287.924684
105_46,s1.796650,s-1.806668,s166.234719
105_47,s0.739804,s2.084995,s262.309065
105_48,s-1.508838,s-2.552899,s144.168159
105_49,s3.023532,s-0.645017,s31.994838
105_50,s0.564949,s-2.780917,s254.953416
105_51,s2.637943,s1.506143,s151.550696
105_52,s1.114523,s2.546702,s321.711165
105_53,s-0.986795,s3.253816,s202.430124
105_54,s2.967146,s1.881546,s267.579127
105_55,s-1.001901,s-2.876284,s321.157109
105_56,s2.276773,s-2.369871,s144.448213
105_57,s2.813598,s0.117412,s132.905009
105_58,s-2.884060,s-0.737147,s168.262983
105_59,s1.598118,s-2.898790,s307.476708
105_60,s0.615158,s-3.328978,s212.052235
105_61,s3.192151,s-2.409115,s32.461180
105_62,s-0.592788,s3.626374,s169.968944
105_63,s0.011479,s-3.110815,s293.613325
105_64,s-1.382933,s-3.239793,s331.491686
105_65,s-2.868198,s2.074675,s346.128342
105_66,s3.642141,s0.005465,s31.235381
105_67,s1.452339,s-3.599330,s301.251557
105_68,s-2.011738,s-2.571601,s261.705134
105_69,s-3.585712,s1.176887,s60.089344
105_70,s2.666274,s-2.375459,s285.303214
105_71,s-3.635248,s-1.458297,s137.724582
105_72,s-3.091859,s-2.146067,s287.414595
105_73,s-1.496939,s-4.347673,s316.518167
105_74,s-3.540463,s0.109880,s332.108820
105_75,s2.266714,s-3.570682,s185.703512
105_76,s0.754748,s4.084103,s59.942196
105_77,s-3.723569,s-0.517212,s129.497760
105_78,s-2.663560,s-3.157144,s33.807857
105_79,s3.753856,s-0.289469,s145.173117
105_80,s4.216870,s0.757482,s208.732823
105_81,s-1.271008,s3.772663,s357.874260
105_82,s2.962454,s2.497160,s34.773537
105_83,s-3.583431,s-2.559194,s134.874346
105_84,s-4.011339,s2.310866,s198.961349
105_85,s1.333216,s3.997263,s251.609874
105_86,s-3.290527,s2.360507,s32.596679
105_87,s-3.829676,s0.654547,s131.592220
105_88,s-0.027254,s3.810822,s369.632810
105_89,s-0.531275,s-3.165730,s236.367513
105_90,s3.632843,s-1.997272,s283.050135
105_91,s2.599011,s-3.244461,s284.931801
105_92,s4.336423,s-0.298791,s207.828327
105_93,s1.462622,s-4.129680,s99.970694
105_94,s-2.131951,s3.478502,s343.905828
105_95,s3.097843,s1.109566,s222.863618
105_96,s4.216845,s-1.304084,s33.722862
105_97,s3.803136,s2.212726,s228.961278
105_98,s-0.683987,s4.047615,s3.078511
105_99,s-0.362482,s-4.316025,s83.043696
105_100,s2.338425,s3.797811,s222.492236
105_101,s-2.160677,s-3.648161,s306.767996
105_102,s-4.460000,s0.000000,s202.350523
105_103,s3.713388,s2.697934,s73.913590
105_104,s3.452291,s-2.727945,s214.470880
106_0,s-0.416773,s0.566672,s118.696340
106_1,s0.375263,s-0.048300,s130.890902
106_2,s0.333034,s0.480944,s173.284564
106_3,s-0.073539,s1.084127,s77.044586
106_4,s1.369071,s-0.424726,s144.792704
106_5,s-1.000216,s-0.460900,s123.056656
106_6,s0.321354,s1.209870,s287.927135
106_7,s-1.067422,s-1.249170,s288.284717
106_8,s1.426924,s-0.059935,s294.100618
106_9,s-0.271859,s-0.466517,s199.752964
106_10,s1.221055,s0.315519,s194.121571
106_11,s0.642294,s-0.912632,s3.093373
106_12,s-1.606491,s1.326250,s143.677364
106_13,s0.273062,s-1.235456,s294.214169
106_14,s1.727664,s-1.129428,s240.223263
106_15,s-2.269177,s0.114273,s1.472220
106_16,s-2.623466,s1.555718,s293.169340
106_17,s0.577241,s1.648483,s69.512388
106_18,s0.703097,s-1.798761,s263.848272
106_19,s1.307344,s1.083018,s69.491737
106_20,s1.893795,s-0.368746,s202.430124
106_21,s-1.731685,s0.218172,s303.508069
106_22,s-1.660293,s-1.328758,s307.476708
106_23,s1.213268,s1.769526,s71.694381
106_24,s-0.350498,s1.746767,s83.061091
106_25,s0.168231,s-2.047330,s142.469114
106_26,s1.697230,s0.641815,s325.484157
106_27,s-0.670874,s-1.763947,s5.710743
106_28,s0.225684,s2.298447,s329.017886
106_29,s-2.271743,s-0.646079,s212.408533
106_30,s2.282171,s2.568954,s142.259823
106_31,s-1.125481,s-1.951406,s72.589394
106_32,s1.956995,s3.167750,s64.922359
106_33,s-1.364390,s2.003189,s75.673445
106_34,s-0.583267,s2.561394,s222.492236
106_35,s-0.802528,s-2.577331,s164.253347
106_36,s2.859488,s-1.115686,s144.501562
106_37,s-2.758669,s3.186952,s234.312334
106_38,s-2.037881,s2.286069,s215.720098
106_39,s0.485014,s3.410708,s108.295158
106_40,s2.347117,s0.354229,s-0.500293
106_41,s-2.131006,s-1.732200,s73.893679
106_42,s-2.772771,s0.930248,s22.479553
106_43,s0.852577,s-2.426926,s97.576821
106_44,s-3.027722,s-0.068680,s228.809473
106_45,s-2.566425,s-2.354534,s287.924684
106_46,s1.796650,s-1.806668,s166.234719
106_47,s0.739804,s2.084995,s262.309065
106_48,s-1.508838,s-2.552899,s144.168159
106_49,s3.023532,s-0.645017,s31.994838
106_50,s0.564949,s-2.780917,s254.953416
106_51,s2.637943,s1.506143,s151.550696
106_52,s0.940578,s2.598321,s310.140956
106_53,s-0.986795,s3.253816,s202.430124
106_54,s2.982055,s1.785323,s271.533314
106_55,s-1.001901,s-2.876284,s321.157109
106_56,s2.276773,s-2.369871,s144.448213
106_57,s2.813598,s0.117412,s132.905009
106_58,s-2.884060,s-0.737147,s168.262983
106_59,s1.598118,s-2.898790,s307.476708
106_60,s0.742143,s-3.336639,s217.669176
106_61,s3.192151,s-2.409115,s32.461180
106_62,s-0.592788,s3.626374,s169.968944
106_63,s0.011479,s-3.110815,s293.613325
106_64,s-1.382933,s-3.239793,s331.491686
106_65,s-2.809983,s2.035503,s95.295560
106_66,s3.376155,s0.289164,s40.794653
106_67,s1.424120,s-3.537651,s298.941771
106_68,s-2.011738,s-2.571601,s261.705134
106_69,s-3.557666,s1.160246,s95.179184
106_70,s2.666274,s-2.375459,s285.303214
106_71,s-3.558820,s-1.295838,s159.845588
106_72,s-3.091859,s-2.146067,s287.414595
106_73,s-1.532769,s-4.305558,s319.083454
106_74,s-3.540463,s0.109880,s332.108820
106_75,s2.232088,s-3.547474,s162.047310
106_76,s0.755965,s4.163493,s9.386527
106_77,s-3.710496,s-0.502674,s142.319610
106_78,s-2.759375,s-3.294761,s40.845051
106_79,s3.753856,s-0.289469,s145.173117
106_80,s4.076575,s0.777402,s169.968944
106_81,s-1.227857,s3.806817,s64.922359
106_82,s2.900792,s2.460571,s33.223113
106_83,s-3.514220,s-2.669176,s132.567791
106_84,s-3.997006,s2.329744,s194.224529
106_85,s1.409307,s4.009598,s227.050294
106_86,s-3.290527,s2.360507,s32.596679
106_87,s-3.789167,s0.682721,s125.727422
106_88,s0.124757,s3.805960,s362.275635
106_89,s-0.554015,s-3.231151,s238.856294
106_90,s3.553173,s-1.984317,s254.953416
106_91,s2.791623,s-3.226792,s235.721854
106_92,s4.379028,s-0.375827,s199.696184
106_93,s1.461137,s-4.125869,s99.038539
106_94,s-2.145265,s3.387531,s-7.702837
106_95,s3.157987,s1.299418,s228.172448
106_96,s4.173413,s-1.437348,s30.625265
106_97,s3.827872,s2.298651,s195.747697
106_98,s-0.745280,s4.136123,s1.480856
106_99,s-0.364234,s-4.258443,s86.215805
106_100,s2.331099,s3.787998,s228.221905
106_101,s-2.326341,s-3.704745,s296.323812
106_102,s-4.707519,s-0.158437,s262.853955
106_103,s3.651529,s2.799184,s80.935988
106_104,s3.345363,s-2.794100,s205.772524
106_105,s-1.759746,s4.580669,s236.285383
107_0,s-0.416773,s0.566672,s118.696340
107_1,s0.375263,s-0.048300,s130.890902
107_2,s0.333034,s0.480944,s173.284564
107_3,s-0.073539,s1.084127,s77.044586
107_4,s1.369071,s-0.424726,s144.792704
107_5,s-1.000216,s-0.460900,s123.056656
107_6,s0.321354,s1.209870,s287.927135
107_7,s-1.067422,s-1.249170,s288.284717
107_8,s1.426924,s-0.059935,s294.100618
107_9,s-0.271859,s-0.466517,s199.752964
107_10,s1.221055,s0.315519,s194.121571
107_11,s0.642294,s-0.912632,s3.093373
107_12,s-1.606491,s1.326250,s143.677364
107_13,s0.273062,s-1.235456,s294.214169
107_14,s1.727664,s-1.129428,s240.223263
107_15,s-2.269177,s0.114273,s1.472220
107_16,s-2.623466,s1.555718,s293.169340
107_17,s0.577241,s1.648483,s69.512388
107_18,s0.703097,s-1.798761,s263.848272
107_19,s1.307344,s1.083018,s69.491737
107_20,s1.893795,s-0.368746,s202.430124
107_21,s-1.731685,s0.218172,s303.508069
107_22,s-1.660293,s-1.328758,s307.476708
107_23,s1.213268,s1.769526,s71.694381
107_24,s-0.350498,s1.746767,s83.061091
107_25,s0.168231,s-2.047330,s142.469114
107_26,s1.697230,s0.641815,s325.484157
107_27,s-0.670874,s-1.763947,s5.710743
107_28,s0.225684,s2.298447,s329.017886
107_29,s-2.271743,s-0.646079,s212.408533
107_30,s2.282171,s2.568954,s142.259823
107_31,s-1.125481,s-1.951406,s72.589394
107_32,s1.956995,s3.167750,s64.922359
107_33,s-1.364390,s2.003189,s75.673445
107_34,s-0.583267,s2.561394,s222.492236
107_35,s-0.802528,s-2.577331,s164.253347
107_36,s2.859488,s-1.115686,s144.501562
107_37,s-2.758669,s3.186952,s234.312334
107_38,s-2.037881,s2.286069,s215.720098
107_39,s0.485014,s3.410708,s108.295158
107_40,s2.347117,s0.354229,s-0.500293
107_41,s-2.131006,s-1.732200,s73.893679
107_42,s-2.772771,s0.930248,s22.479553
107_43,s0.852577,s-2.426926,s97.576821
107_44,s-3.027722,s-0.068680,s228.809473
107_45,s-2.566425,s-2.354534,s287.924684
107_46,s1.796650,s-1.806668,s166.234719
107_47,s0.739804,s2.084995,s262.309065
107_48,s-1.508838,s-2.552899,s144.168159
107_49,s3.023532,s-0.645017,s31.994838
107_50,s0.564949,s-2.780917,s254.953416
107_51,s2.637943,s1.506143,s151.550696
107_52,s0.940578,s2.598321,s310.140956
107_53,s-0.986795,s3.253816,s202.430124
107_54,s2.982055,s1.785323,s271.533314
107_55,s-1.001901,s-2.876284,s321.157109
107_56,s2.276773,s-2.369871,s144.448213
107_57,s2.813598,s0.117412,s132.905009
107_58,s-2.884060,s-0.737147,s168.262983
107_59,s1.598118,s-2.898790,s307.476708
107_60,s0.742143,s-3.336639,s217.669176
107_61,s3.192151,s-2.409115,s32.461180
107_62,s-0.592788,s3.626374,s169.968944
107_63,s0.011479,s-3.110815,s293.613325
107_64,s-1.382933,s-3.239793,s331.491686
107_65,s-2.809983,s2.035503,s95.295560
107_66,s3.376155,s0.289164,s40.794653
107_67,s1.424120,s-3.537651,s298.941771
107_68,s-2.011738,s-2.571601,s261.705134
107_69,s-3.557666,s1.160246,s95.179184
107_70,s2.666274,s-2.375459,s285.303214
107_71,s-3.558820,s-1.295838,s159.845588
107_72,s-3.091859,s-2.146067,s287.414595
107_73,s-1.532769,s-4.305558,s319.083454
107_74,s-3.540463,s0.109880,s332.108820
107_75,s2.232088,s-3.547474,s162.047310
107_76,s0.755965,s4.163493,s9.386527
107_77,s-3.710496,s-0.502674,s142.319610
107_78,s-2.759375,s-3.294761,s40.845051
107_79,s3.753856,s-0.289469,s145.173117
107_80,s4.076575,s0.777402,s169.968944
107_81,s-1.227857,s3.806817,s64.922359
107_82,s2.900792,s2.460571,s33.223113
107_83,s-3.514220,s-2.669176,s132.567791
107_84,s-3.997006,s2.329744,s194.224529
107_85,s1.409307,s4.009598,s227.050294
107_86,s-3.290527,s2.360507,s32.596679
107_87,s-3.789167,s0.682721,s125.727422
107_88,s0.124757,s3.805960,s362.275635
107_89,s-0.554015,s-3.231151,s238.856294
107_90,s3.553173,s-1.984317,s254.953416
107_91,s2.791623,s-3.226792,s235.721854
107_92,s4.379028,s-0.375827,s199.696184
107_93,s1.461137,s-4.125869,s99.038539
107_94,s-2.145265,s3.387531,s-7.702837
107_95,s3.157987,s1.299418,s228.172448
107_96,s4.173413,s-1.437348,s30.625265
107_97,s3.827872,s2.298651,s195.747697
107_98,s-0.745280,s4.136123,s1.480856
107_99,s-0.364234,s-4.258443,s86.215805
107_100,s2.331099,s3.787998,s228.221905
107_101,s-2.326341,s-3.704745,s296.323812
107_102,s-4.707519,s-0.158437,s262.853955
107_103,s3.651529,s2.799184,s80.935988
107_104,s3.345363,s-2.794100,s205.772524
107_105,s-1.759746,s4.580669,s236.285383
107_106,s-2.703353,s3.616228,s32.461180
108_0,s-0.528639,s0.281563,s123.960267
108_1,s0.375263,s-0.048300,s130.890902
108_2,s0.333034,s0.480944,s173.284564
108_3,s-0.277262,s0.920081,s79.849760
108_4,s1.369071,s-0.424726,s144.792704
108_5,s-0.983388,s-0.583210,s110.721309
108_6,s0.321354,s1.209870,s287.927135
108_7,s-1.067422,s-1.249170,s288.284717
108_8,s1.426924,s-0.059935,s294.100618
108_9,s-0.271859,s-0.466517,s199.752964
108_10,s1.221055,s0.315519,s194.121571
108_11,s0.642294,s-0.912632,s3.093373
108_12,s-1.964980,s1.293694,s294.523102
108_13,s0.273062,s-1.235456,s294.214169
108_14,s1.730362,s-1.120685,s244.337556
108_15,s-2.399935,s0.021693,s0.368963
108_16,s-2.623466,s1.555718,s293.169340
108_17,s0.577241,s1.648483,s69.512388
108_18,s0.710873,s-1.772862,s256.581271
108_19,s1.307344,s1.083018,s69.491737
108_20,s1.893795,s-0.368746,s202.430124
108_21,s-1.714385,s0.229375,s283.132895
108_22,s-1.660293,s-1.328758,s307.476708
108_23,s1.213268,s1.769526,s71.694381
108_24,s-0.350498,s1.746767,s83.061091
108_25,s0.317802,s-1.868513,s143.543802
108_26,s1.677213,s0.581588,s318.283096
108_27,s-0.670874,s-1.763947,s5.710743
108_28,s0.225684,s2.298447,s329.017886
108_29,s-2.271743,s-0.646079,s212.408533
108_30,s2.275278,s2.555115,s126.869597
108_31,s-1.125481,s-1.951406,s72.589394
108_32,s2.016523,s3.095944,s66.557304
108_33,s-1.364390,s2.003189,s75.673445
108_34,s-0.583267,s2.561394,s222.492236
108_35,s-0.802528,s-2.577331,s164.253347
108_36,s2.903749,s-1.069634,s144.195888
108_37,s-2.758669,s3.186952,s234.312334
108_38,s-2.037881,s2.286069,s215.720098
108_39,s0.509593,s3.450512,s230.464945
108_40,s2.347117,s0.354229,s-0.500293
108_41,s-2.140120,s-1.628673,s71.438862
108_42,s-2.765189,s0.890555,s144.160342
108_43,s0.852577,s-2.426926,s97.576821
108_44,s-2.996050,s-0.200160,s231.361744
108_45,s-2.566425,s-2.354534,s287.924684
108_46,s1.796650,s-1.806668,s166.234719
108_47,s0.739804,s2.084995,s262.309065
108_48,s-1.508838,s-2.552899,s144.168159
108_49,s3.023532,s-0.645017,s31.994838
108_50,s0.564949,s-2.780917,s254.953416
108_51,s2.637943,s1.506143,s151.550696
108_52,s1.085407,s2.514105,s314.856987
108_53,s-0.986795,s3.253816,s202.430124
108_54,s2.982055,s1.785323,s271.533314
108_55,s-1.001901,s-2.876284,s321.157109
108_56,s2.276773,s-2.369871,s144.448213
108_57,s2.813598,s0.117412,s132.905009
108_58,s-2.884060,s-0.737147,s168.262983
108_59,s1.598118,s-2.898790,s307.476708
108_60,s0.732888,s-3.305237,s221.651197
108_61,s3.192151,s-2.409115,s32.461180
108_62,s-0.592788,s3.626374,s169.968944
108_63,s0.011479,s-3.110815,s293.613325
108_64,s-1.382933,s-3.239793,s331.491686
108_65,s-3.027164,s2.003730,s171.976002
108_66,s3.452123,s0.327733,s224.085388
108_67,s1.505291,s-3.556844,s299.676536
108_68,s-2.011738,s-2.571601,s261.705134
108_69,s-3.428800,s1.178284,s68.628415
108_70,s2.666274,s-2.375459,s285.303214
108_71,s-4.085778,s-1.474202,s177.607471
108_72,s-3.071837,s-2.139622,s39.466432
108_73,s-1.518488,s-4.371279,s315.366081
108_74,s-3.542037,s0.138928,s332.197840
108_75,s2.331033,s-3.553697,s166.804105
108_76,s0.755965,s4.163493,s9.386527
108_77,s-3.710496,s-0.502674,s142.319610
108_78,s-2.781398,s-3.097788,s41.531604
108_79,s3.748972,s-0.491523,s143.209327
108_80,s4.147555,s0.590791,s7.580128
108_81,s-1.193359,s3.709486,s67.428915
108_82,s2.837949,s2.440578,s162.512058
108_83,s-3.561285,s-2.574791,s130.941019
108_84,s-3.933053,s2.454398,s15.898273
108_85,s1.381444,s4.067286,s222.272725
108_86,s-3.216383,s2.511006,s45.846223
108_87,s-3.799360,s0.736149,s112.651591
108_88,s0.145920,s3.978008,s-4.750368
108_89,s-0.628357,s-3.482147,s239.730533
108_90,s3.553173,s-1.984317,s254.953416
108_91,s2.672516,s-3.228773,s243.708713
108_92,s4.339744,s-0.518755,s215.592368
108_93,s1.461137,s-4.125869,s99.038539
108_94,s-2.278935,s3.372969,s261.482769
108_95,s3.242241,s1.303280,s212.874086
108_96,s4.220179,s-1.625590,s40.267745
108_97,s3.882788,s2.155490,s200.308148
108_98,s-0.672063,s4.092144,s68.702689
108_99,s-0.364234,s-4.258443,s86.215805
108_100,s2.110983,s3.812517,s235.640661
108_101,s-2.218036,s-3.827758,s221.684259
108_102,s-4.810827,s-0.281318,s286.954582
108_103,s3.574849,s2.739133,s79.989723
108_104,s3.364288,s-2.796683,s261.548225
108_105,s-1.933285,s4.621477,s295.596180
108_106,s-2.832303,s3.603125,s31.325873
108_107,s-0.161387,s-4.538992,s239.721517
109_0,s-0.528639,s0.281563,s123.960267
109_1,s0.375263,s-0.048300,s130.890902
109_2,s0.333034,s0.480944,s173.284564
109_3,s-0.277262,s0.920081,s79.849760
109_4,s1.369071,s-0.424726,s144.792704
109_5,s-0.983388,s-0.583210,s110.721309
109_6,s0.321354,s1.209870,s287.927135
109_7,s-1.067422,s-1.249170,s288.284717
109_8,s1.426924,s-0.059935,s294.100618
109_9,s-0.271859,s-0.466517,s199.752964
109_10,s1.221055,s0.315519,s194.121571
109_11,s0.642294,s-0.912632,s3.093373
109_12,s-1.964980,s1.293694,s294.523102
109_13,s0.273062,s-1.235456,s294.214169
109_14,s1.730362,s-1.120685,s244.337556
109_15,s-2.399935,s0.021693,s0.368963
109_16,s-2.623466,s1.555718,s293.169340
109_17,s0.577241,s1.648483,s69.512388
109_18,s0.710873,s-1.772862,s256.581271
109_19,s1.307344,s1.083018,s69.491737
109_20,s1.893795,s-0.368746,s202.430124
109_21,s-1.714385,s0.229375,s283.132895
109_22,s-1.660293,s-1.328758,s307.476708
109_23,s1.213268,s1.769526,s71.694381
109_24,s-0.350498,s1.746767,s83.061091
109_25,s0.317802,s-1.868513,s143.543802
109_26,s1.677213,s0.581588,s318.283096
109_27,s-0.670874,s-1.763947,s5.710743
109_28,s0.225684,s2.298447,s329.017886
109_29,s-2.271743,s-0.646079,s212.408533
109_30,s2.275278,s2.555115,s126.869597
109_31,s-1.125481,s-1.951406,s72.589394
109_32,s2.016523,s3.095944,s66.557304
109_33,s-1.364390,s2.003189,s75.673445
109_34,s-0.583267,s2.561394,s222.492236
109_35,s-0.802528,s-2.577331,s164.253347
109_36,s2.903749,s-1.069634,s144.195888
109_37,s-2.758669,s3.186952,s234.312334
109_38,s-2.037881,s2.286069,s215.720098
109_39,s0.509593,s3.450512,s230.464945
109_40,s2.347117,s0.354229,s-0.500293
109_41,s-2.140120,s-1.628673,s71.438862
109_42,s-2.765189,s0.890555,s144.160342
109_43,s0.852577,s-2.426926,s97.576821
109_44,s-2.996050,s-0.200160,s231.361744
109_45,s-2.566425,s-2.354534,s287.924684
109_46,s1.796650,s-1.806668,s166.234719
109_47,s0.739804,s2.084995,s262.309065
109_48,s-1.508838,s-2.552899,s144.168159
109_49,s3.023532,s-0.645017,s31.994838
109_50,s0.564949,s-2.780917,s254.953416
109_51,s2.637943,s1.506143,s151.550696
109_52,s1.085407,s2.514105,s314.856987
109_53,s-0.986795,s3.253816,s202.430124
109_54,s2.982055,s1.785323,s271.533314
109_55,s-1.001901,s-2.876284,s321.157109
109_56,s2.276773,s-2.369871,s144.448213
109_57,s2.813598,s0.117412,s132.905009
109_58,s-2.884060,s-0.737147,s168.262983
109_59,s1.598118,s-2.898790,s307.476708
109_60,s0.732888,s-3.305237,s221.651197
109_61,s3.192151,s-2.409115,s32.461180
109_62,s-0.592788,s3.626374,s169.968944
109_63,s0.011479,s-3.110815,s293.613325
109_64,s-1.382933,s-3.239793,s331.491686
109_65,s-3.027164,s2.003730,s171.976002
109_66,s3.452123,s0.327733,s224.085388
109_67,s1.505291,s-3.556844,s299.676536
109_68,s-2.011738,s-2.571601,s261.705134
109_69,s-3.428800,s1.178284,s68.628415
109_70,s2.666274,s-2.375459,s285.303214
109_71,s-4.085778,s-1.474202,s177.607471
109_72,s-3.071837,s-2.139622,s39.466432
109_73,s-1.518488,s-4.371279,s315.366081
109_74,s-3.542037,s0.138928,s332.197840
109_75,s2.331033,s-3.553697,s166.804105
109_76,s0.755965,s4.163493,s9.386527
109_77,s-3.710496,s-0.502674,s142.319610
109_78,s-2.781398,s-3.097788,s41.531604
109_79,s3.748972,s-0.491523,s143.209327
109_80,s4.147555,s0.590791,s7.580128
109_81,s-1.193359,s3.709486,s67.428915
109_82,s2.837949,s2.440578,s162.512058
109_83,s-3.561285,s-2.574791,s130.941019
109_84,s-3.933053,s2.454398,s15.898273
109_85,s1.381444,s4.067286,s222.272725
109_86,s-3.216383,s2.511006,s45.846223
109_87,s-3.799360,s0.736149,s112.651591
109_88,s0.145920,s3.978008,s-4.750368
109_89,s-0.628357,s-3.482147,s239.730533
109_90,s3.553173,s-1.984317,s254.953416
109_91,s2.672516,s-3.228773,s243.708713
109_92,s4.339744,s-0.518755,s215.592368
109_93,s1.461137,s-4.125869,s99.038539
109_94,s-2.278935,s3.372969,s261.482769
109_95,s3.242241,s1.303280,s212.874086
109_96,s4.220179,s-1.625590,s40.267745
109_97,s3.882788,s2.155490,s200.308148
109_98,s-0.672063,s4.092144,s68.702689
109_99,s-0.364234,s-4.258443,s86.215805
109_100,s2.110983,s3.812517,s235.640661
109_101,s-2.218036,s-3.827758,s221.684259
109_102,s-4.810827,s-0.281318,s286.954582
109_103,s3.574849,s2.739133,s79.989723
109_104,s3.364288,s-2.796683,s261.548225
109_105,s-1.933285,s4.621477,s295.596180
109_106,s-2.832303,s3.603125,s31.325873
109_107,s-0.161387,s-4.538992,s239.721517
109_108,s4.556040,s0.190008,s-5.274307
110_0,s-0.528639,s0.281563,s123.960267
110_1,s0.375263,s-0.048300,s130.890902
110_2,s0.333034,s0.480944,s173.284564
110_3,s-0.277262,s0.920081,s79.849760
110_4,s1.369071,s-0.424726,s144.792704
110_5,s-0.983388,s-0.583210,s110.721309
110_6,s0.321354,s1.209870,s287.927135
110_7,s-1.067422,s-1.249170,s288.284717
110_8,s1.426924,s-0.059935,s294.100618
110_9,s-0.271859,s-0.466517,s199.752964
110_10,s1.221055,s0.315519,s194.121571
110_11,s0.642294,s-0.912632,s3.093373
110_12,s-1.964980,s1.293694,s294.523102
110_13,s0.273062,s-1.235456,s294.214169
110_14,s1.730362,s-1.120685,s244.337556
110_15,s-2.399935,s0.021693,s0.368963
110_16,s-2.623466,s1.555718,s293.169340
110_17,s0.577241,s1.648483,s69.512388
110_18,s0.710873,s-1.772862,s256.581271
110_19,s1.307344,s1.083018,s69.491737
110_20,s1.893795,s-0.368746,s202.430124
110_21,s-1.714385,s0.229375,s283.132895
110_22,s-1.660293,s-1.328758,s307.476708
110_23,s1.213268,s1.769526,s71.694381
110_24,s-0.350498,s1.746767,s83.061091
110_25,s0.317802,s-1.868513,s143.543802
110_26,s1.677213,s0.581588,s318.283096
110_27,s-0.670874,s-1.763947,s5.710743
110_28,s0.225684,s2.298447,s329.017886
110_29,s-2.271743,s-0.646079,s212.408533
110_30,s2.275278,s2.555115,s126.869597
110_31,s-1.125481,s-1.951406,s72.589394
110_32,s2.016523,s3.095944,s66.557304
110_33,s-1.364390,s2.003189,s75.673445
110_34,s-0.583267,s2.561394,s222.492236
110_35,s-0.802528,s-2.577331,s164.253347
110_36,s2.903749,s-1.069634,s144.195888
110_37,s-2.758669,s3.186952,s234.312334
110_38,s-2.037881,s2.286069,s215.720098
110_39,s0.509593,s3.450512,s230.464945
110_40,s2.347117,s0.354229,s-0.500293
110_41,s-2.140120,s-1.628673,s71.438862
110_42,s-2.765189,s0.890555,s144.160342
110_43,s0.852577,s-2.426926,s97.576821
110_44,s-2.996050,s-0.200160,s231.361744
110_45,s-2.566425,s-2.354534,s287.924684
110_46,s1.796650,s-1.806668,s166.234719
110_47,s0.739804,s2.084995,s262.309065
110_48,s-1.508838,s-2.552899,s144.168159
110_49,s3.023532,s-0.645017,s31.994838
110_50,s0.564949,s-2.780917,s254.953416
110_51,s2.637943,s1.506143,s151.550696
110_52,s1.085407,s2.514105,s314.856987
110_53,s-0.986795,s3.253816,s202.430124
110_54,s2.982055,s1.785323,s271.533314
110_55,s-1.001901,s-2.876284,s321.157109
110_56,s2.276773,s-2.369871,s144.448213
110_57,s2.813598,s0.117412,s132.905009
110_58,s-2.884060,s-0.737147,s168.262983
110_59,s1.598118,s-2.898790,s307.476708
110_60,s0.732888,s-3.305237,s221.651197
110_61,s3.192151,s-2.409115,s32.461180
110_62,s-0.592788,s3.626374,s169.968944
110_63,s0.011479,s-3.110815,s293.613325
110_64,s-1.382933,s-3.239793,s331.491686
110_65,s-3.027164,s2.003730,s171.976002
110_66,s3.452123,s0.327733,s224.085388
110_67,s1.505291,s-3.556844,s299.676536
110_68,s-2.011738,s-2.571601,s261.705134
110_69,s-3.428800,s1.178284,s68.628415
110_70,s2.666274,s-2.375459,s285.303214
110_71,s-4.085778,s-1.474202,s177.607471
110_72,s-3.071837,s-2.139622,s39.466432
110_73,s-1.518488,s-4.371279,s315.366081
110_74,s-3.542037,s0.138928,s332.197840
110_75,s2.331033,s-3.553697,s166.804105
110_76,s0.755965,s4.163493,s9.386527
110_77,s-3.710496,s-0.502674,s142.319610
110_78,s-2.781398,s-3.097788,s41.531604
110_79,s3.748972,s-0.491523,s143.209327
110_80,s4.147555,s0.590791,s7.580128
110_81,s-1.193359,s3.709486,s67.428915
110_82,s2.837949,s2.440578,s162.512058
110_83,s-3.561285,s-2.574791,s130.941019
110_84,s-3.933053,s2.454398,s15.898273
110_85,s1.381444,s4.067286,s222.272725
110_86,s-3.216383,s2.511006,s45.846223
110_87,s-3.799360,s0.736149,s112.651591
110_88,s0.145920,s3.978008,s-4.750368
110_89,s-0.628357,s-3.482147,s239.730533
110_90,s3.553173,s-1.984317,s254.953416
110_91,s2.672516,s-3.228773,s243.708713
110_92,s4.339744,s-0.518755,s215.592368
110_93,s1.461137,s-4.125869,s99.038539
110_94,s-2.278935,s3.372969,s261.482769
110_95,s3.242241,s1.303280,s212.874086
110_96,s4.220179,s-1.625590,s40.267745
110_97,s3.882788,s2.155490,s200.308148
110_98,s-0.672063,s4.092144,s68.702689
110_99,s-0.364234,s-4.258443,s86.215805
110_100,s2.110983,s3.812517,s235.640661
110_101,s-2.218036,s-3.827758,s221.684259
110_102,s-4.810827,s-0.281318,s286.954582
110_103,s3.574849,s2.739133,s79.989723
110_104,s3.364288,s-2.796683,s261.548225
110_105,s-1.933285,s4.621477,s295.596180
110_106,s-2.832303,s3.603125,s31.325873
110_107,s-0.161387,s-4.538992,s239.721517
110_108,s4.556040,s0.190008,s-5.274307
110_109,s4.521049,s1.209345,s4.475843
111_0,s-0.528639,s0.281563,s123.960267
111_1,s0.375263,s-0.048300,s130.890902
111_2,s0.333034,s0.480944,s173.284564
111_3,s-0.277262,s0.920081,s79.849760
111_4,s1.369071,s-0.424726,s144.792704
111_5,s-0.983388,s-0.583210,s110.721309
111_6,s0.321354,s1.209870,s287.927135
111_7,s-1.067422,s-1.249170,s288.284717
111_8,s1.426924,s-0.059935,s294.100618
111_9,s-0.271859,s-0.466517,s199.752964
111_10,s1.221055,s0.315519,s194.121571
111_11,s0.642294,s-0.912632,s3.093373
111_12,s-1.964980,s1.293694,s294.523102
111_13,s0.273062,s-1.235456,s294.214169
111_14,s1.730362,s-1.120685,s244.337556
111_15,s-2.399935,s0.021693,s0.368963
111_16,s-2.623466,s1.555718,s293.169340
111_17,s0.577241,s1.648483,s69.512388
111_18,s0.710873,s-1.772862,s256.581271
111_19,s1.307344,s1.083018,s69.491737
111_20,s1.893795,s-0.368746,s202.430124
111_21,s-1.714385,s0.229375,s283.132895
111_22,s-1.660293,s-1.328758,s307.476708
111_23,s1.213268,s1.769526,s71.694381
111_24,s-0.350498,s1.746767,s83.061091
111_25,s0.317802,s-1.868513,s143.543802
111_26,s1.677213,s0.581588,s318.283096
111_27,s-0.670874,s-1.763947,s5.710743
111_28,s0.225684,s2.298447,s329.017886
111_29,s-2.271743,s-0.646079,s212.408533
111_30,s2.275278,s2.555115,s126.869597
111_31,s-1.125481,s-1.951406,s72.589394
111_32,s2.016523,s3.095944,s66.557304
111_33,s-1.364390,s2.003189,s75.673445
111_34,s-0.583267,s2.561394,s222.492236
111_35,s-0.802528,s-2.577331,s164.253347
111_36,s2.903749,s-1.069634,s144.195888
111_37,s-2.758669,s3.186952,s234.312334
111_38,s-2.037881,s2.286069,s215.720098
111_39,s0.509593,s3.450512,s230.464945
111_40,s2.347117,s0.354229,s-0.500293
111_41,s-2.140120,s-1.628673,s71.438862
111_42,s-2.765189,s0.890555,s144.160342
111_43,s0.852577,s-2.426926,s97.576821
111_44,s-2.996050,s-0.200160,s231.361744
111_45,s-2.566425,s-2.354534,s287.924684
111_46,s1.796650,s-1.806668,s166.234719
111_47,s0.739804,s2.084995,s262.309065
111_48,s-1.508838,s-2.552899,s144.168159
111_49,s3.023532,s-0.645017,s31.994838
111_50,s0.564949,s-2.780917,s254.953416
111_51,s2.637943,s1.506143,s151.550696
111_52,s1.085407,s2.514105,s314.856987
111_53,s-0.986795,s3.253816,s202.430124
111_54,s2.982055,s1.785323,s271.533314
111_55,s-1.001901,s-2.876284,s321.157109
111_56,s2.276773,s-2.369871,s144.448213
111_57,s2.813598,s0.117412,s132.905009
111_58,s-2.884060,s-0.737147,s168.262983
111_59,s1.598118,s-2.898790,s307.476708
111_60,s0.732888,s-3.305237,s221.651197
111_61,s3.192151,s-2.409115,s32.461180
111_62,s-0.592788,s3.626374,s169.968944
111_63,s0.011479,s-3.110815,s293.613325
111_64,s-1.382933,s-3.239793,s331.491686
111_65,s-3.027164,s2.003730,s171.976002
111_66,s3.452123,s0.327733,s224.085388
111_67,s1.505291,s-3.556844,s299.676536
111_68,s-2.011738,s-2.571601,s261.705134
111_69,s-3.428800,s1.178284,s68.628415
111_70,s2.666274,s-2.375459,s285.303214
111_71,s-4.085778,s-1.474202,s177.607471
111_72,s-3.071837,s-2.139622,s39.466432
111_73,s-1.518488,s-4.371279,s315.366081
111_74,s-3.542037,s0.138928,s332.197840
111_75,s2.331033,s-3.553697,s166.804105
111_76,s0.833845,s4.087079,s16.891323
111_77,s-3.788978,s-0.612863,s137.842373
111_78,s-2.781398,s-3.097788,s41.531604
111_79,s3.748972,s-0.491523,s143.209327
111_80,s4.147555,s0.590791,s7.580128
111_81,s-1.193359,s3.709486,s67.428915
111_82,s2.837949,s2.440578,s162.512058
111_83,s-3.561285,s-2.574791,s130.941019
111_84,s-3.993342,s2.565128,s14.416292
111_85,s1.381444,s4.067286,s222.272725
111_86,s-3.216383,s2.511006,s45.846223
111_87,s-3.799360,s0.736149,s112.651591
111_88,s0.145920,s3.978008,s-4.750368
111_89,s-0.628357,s-3.482147,s239.730533
111_90,s3.553173,s-1.984317,s254.953416
111_91,s2.672516,s-3.228773,s243.708713
111_92,s4.339744,s-0.518755,s215.592368
111_93,s1.461137,s-4.125869,s99.038539
111_94,s-2.278935,s3.372969,s261.482769
111_95,s3.242241,s1.303280,s212.874086
111_96,s4.220179,s-1.625590,s40.267745
111_97,s3.882788,s2.155490,s200.308148
111_98,s-0.672063,s4.092144,s68.702689
111_99,s-0.364234,s-4.258443,s86.215805
111_100,s2.128718,s3.782903,s232.112837
111_101,s-2.218036,s-3.827758,s221.684259
111_102,s-4.757772,s-0.136713,s292.819133
111_103,s3.574849,s2.739133,s79.989723
111_104,s3.536689,s-2.788567,s271.778607
111_105,s-1.933285,s4.621477,s295.596180
111_106,s-2.832303,s3.603125,s31.325873
111_107,s-0.161387,s-4.538992,s239.721517
111_108,s4.556040,s0.190008,s-5.274307
111_109,s4.514380,s1.274688,s2.297251
111_110,s2.613208,s3.954585,s312.848587
112_0,s-0.528639,s0.281563,s123.960267
112_1,s0.375263,s-0.048300,s130.890902
112_2,s0.333034,s0.480944,s173.284564
112_3,s-0.308183,s0.854742,s86.118129
112_4,s1.369071,s-0.424726,s144.792704
112_5,s-0.983388,s-0.583210,s110.721309
112_6,s0.321354,s1.209870,s287.927135
112_7,s-1.067422,s-1.249170,s288.284717
112_8,s1.426924,s-0.059935,s294.100618
112_9,s-0.271859,s-0.466517,s199.752964
112_10,s1.221055,s0.315519,s194.121571
112_11,s0.642294,s-0.912632,s3.093373
112_12,s-1.964980,s1.293694,s294.523102
112_13,s0.273062,s-1.235456,s294.214169
112_14,s1.730362,s-1.120685,s244.337556
112_15,s-2.399935,s0.021693,s0.368963
112_16,s-2.623466,s1.555718,s293.169340
112_17,s0.577241,s1.648483,s69.512388
112_18,s0.710873,s-1.772862,s256.581271
112_19,s1.307344,s1.083018,s69.491737
112_20,s1.893795,s-0.368746,s202.430124
112_21,s-1.714385,s0.229375,s283.132895
112_22,s-1.660293,s-1.328758,s307.476708
112_23,s1.213268,s1.769526,s71.694381
112_24,s-0.350498,s1.746767,s83.061091
112_25,s0.317802,s-1.868513,s143.543802
112_26,s1.677213,s0.581588,s318.283096
112_27,s-0.670874,s-1.763947,s5.710743
112_28,s0.225684,s2.298447,s329.017886
112_29,s-2.271743,s-0.646079,s212.408533
112_30,s2.275278,s2.555115,s126.869597
112_31,s-1.125481,s-1.951406,s72.589394
112_32,s2.016523,s3.095944,s66.557304
112_33,s-1.364390,s2.003189,s75.673445
112_34,s-0.583267,s2.561394,s222.492236
112_35,s-0.802528,s-2.577331,s164.253347
112_36,s2.903749,s-1.069634,s144.195888
112_37,s-2.758669,s3.186952,s234.312334
112_38,s-2.037881,s2.286069,s215.720098
112_39,s0.509593,s3.450512,s230.464945
112_40,s2.347117,s0.354229,s-0.500293
112_41,s-2.140120,s-1.628673,s71.438862
112_42,s-2.765189,s0.890555,s144.160342
112_43,s0.852577,s-2.426926,s97.576821
112_44,s-3.037286,s-0.200238,s233.121915
112_45,s-2.566425,s-2.354534,s287.924684
112_46,s1.796650,s-1.806668,s166.234719
112_47,s0.739804,s2.084995,s262.309065
112_48,s-1.508838,s-2.552899,s144.168159
112_49,s3.023532,s-0.645017,s31.994838
112_50,s0.564949,s-2.780917,s254.953416
112_51,s2.637943,s1.506143,s151.550696
112_52,s1.085407,s2.514105,s314.856987
112_53,s-0.986795,s3.253816,s202.430124
112_54,s2.982055,s1.785323,s271.533314
112_55,s-1.001901,s-2.876284,s321.157109
112_56,s2.276773,s-2.369871,s144.448213
112_57,s2.813598,s0.117412,s132.905009
112_58,s-2.873618,s-0.761092,s157.257244
112_59,s1.598118,s-2.898790,s307.476708
112_60,s0.732888,s-3.305237,s221.651197
112_61,s3.192151,s-2.409115,s32.461180
112_62,s-0.592788,s3.626374,s169.968944
112_63,s0.011479,s-3.110815,s293.613325
112_64,s-1.382933,s-3.239793,s331.491686
112_65,s-3.027164,s2.003730,s171.976002
112_66,s3.452123,s0.327733,s224.085388
112_67,s1.505291,s-3.556844,s299.676536
112_68,s-2.011738,s-2.571601,s261.705134
112_69,s-3.370995,s0.985116,s70.013741
112_70,s2.666274,s-2.375459,s285.303214
112_71,s-4.085778,s-1.474202,s177.607471
112_72,s-3.071837,s-2.139622,s39.466432
112_73,s-1.518488,s-4.371279,s315.366081
112_74,s-3.542037,s0.138928,s332.197840
112_75,s2.331033,s-3.553697,s166.804105
112_76,s0.833845,s4.087079,s16.891323
112_77,s-3.788978,s-0.612863,s137.842373
112_78,s-2.781398,s-3.097788,s41.531604
112_79,s3.748972,s-0.491523,s143.209327
112_80,s4.147555,s0.590791,s7.580128
112_81,s-1.193359,s3.709486,s67.428915
112_82,s2.837949,s2.440578,s162.512058
112_83,s-3.561285,s-2.574791,s130.941019
112_84,s-3.993342,s2.565128,s14.416292
112_85,s1.381444,s4.067286,s222.272725
112_86,s-3.216383,s2.511006,s45.846223
112_87,s-3.799360,s0.736149,s112.651591
112_88,s0.145920,s3.978008,s-4.750368
112_89,s-0.628357,s-3.482147,s239.730533
112_90,s3.553173,s-1.984317,s254.953416
112_91,s2.672516,s-3.228773,s243.708713
112_92,s4.339744,s-0.518755,s215.592368
112_93,s1.529589,s-4.075097,s202.430124
112_94,s-2.278935,s3.372969,s261.482769
112_95,s3.242241,s1.303280,s212.874086
112_96,s4.220179,s-1.625590,s40.267745
112_97,s3.882788,s2.155490,s200.308148
112_98,s-0.672063,s4.092144,s68.702689
112_99,s-0.364234,s-4.258443,s86.215805
112_100,s2.128718,s3.782903,s232.112837
112_101,s-2.218036,s-3.827758,s221.684259
112_102,s-4.757772,s-0.136713,s292.819133
112_103,s3.574849,s2.739133,s79.989723
112_104,s3.536689,s-2.788567,s271.778607
112_105,s-1.858204,s4.621932,s64.922359
112_106,s-2.832303,s3.603125,s31.325873
112_107,s-0.161387,s-4.538992,s239.721517
112_108,s4.556040,s0.190008,s-5.274307
112_109,s4.479258,s1.244856,s-12.855427
112_110,s2.703497,s3.941870,s294.449510
112_111,s-4.472278,s1.032875,s339.257605
113_0,s-0.612226,s0.289418,s130.400934
113_1,s0.375263,s-0.048300,s130.890902
113_2,s0.333034,s0.480944,s173.284564
113_3,s-0.418397,s0.776163,s82.253771
113_4,s1.369071,s-0.424726,s144.792704
113_5,s-0.983388,s-0.583210,s110.721309
113_6,s0.321354,s1.209870,s287.927135
113_7,s-1.067422,s-1.249170,s288.284717
113_8,s1.426924,s-0.059935,s294.100618
113_9,s-0.271859,s-0.466517,s199.752964
113_10,s1.221055,s0.315519,s194.121571
113_11,s0.642294,s-0.912632,s3.093373
113_12,s-1.809955,s1.249939,s295.182234
113_13,s0.273062,s-1.235456,s294.214169
113_14,s1.730362,s-1.120685,s244.337556
113_15,s-2.417107,s0.062487,s-7.709951
113_16,s-2.623466,s1.555718,s293.169340
113_17,s0.577241,s1.648483,s69.512388
113_18,s0.710873,s-1.772862,s256.581271
113_19,s1.307344,s1.083018,s69.491737
113_20,s1.893795,s-0.368746,s202.430124
113_21,s-1.714385,s0.229375,s283.132895
113_22,s-1.660293,s-1.328758,s307.476708
113_23,s1.213268,s1.769526,s71.694381
113_24,s-0.350498,s1.746767,s83.061091
113_25,s0.326046,s-1.943132,s142.306231
113_26,s1.650686,s0.613008,s324.569168
113_27,s-0.670874,s-1.763947,s5.710743
113_28,s0.225684,s2.298447,s329.017886
113_29,s-2.271743,s-0.646079,s212.408533
113_30,s2.220543,s2.535327,s132.284707
113_31,s-1.125481,s-1.951406,s72.589394
113_32,s2.016523,s3.095944,s66.557304
113_33,s-1.364390,s2.003189,s75.673445
113_34,s-0.583267,s2.561394,s222.492236
113_35,s-0.802528,s-2.577331,s164.253347
113_36,s2.903749,s-1.069634,s144.195888
113_37,s-2.811142,s3.055518,s235.922273
113_38,s-2.037881,s2.286069,s215.720098
113_39,s0.505625,s3.586143,s254.033548
113_40,s2.347117,s0.354229,s-0.500293
113_41,s-2.040885,s-1.758630,s67.842645
113_42,s-2.774350,s0.836460,s154.068839
113_43,s0.852577,s-2.426926,s97.576821
113_44,s-3.089475,s-0.196526,s235.592724
113_45,s-2.566425,s-2.354534,s287.924684
113_46,s1.809846,s-1.806396,s166.442763
113_47,s0.739804,s2.084995,s262.309065
113_48,s-1.508838,s-2.552899,s144.168159
113_49,s3.023532,s-0.645017,s31.994838
113_50,s0.564949,s-2.780917,s254.953416
113_51,s2.637943,s1.506143,s151.550696
113_52,s1.085407,s2.514105,s314.856987
113_53,s-0.986795,s3.253816,s202.430124
113_54,s2.982055,s1.785323,s271.533314
113_55,s-1.001901,s-2.876284,s321.157109
113_56,s2.276773,s-2.369871,s144.448213
113_57,s2.813598,s0.117412,s132.905009
113_58,s-2.873618,s-0.761092,s157.257244
113_59,s1.598118,s-2.898790,s307.476708
113_60,s0.836879,s-3.373040,s132.183238
113_61,s3.192151,s-2.409115,s32.461180
113_62,s-0.592788,s3.626374,s169.968944
113_63,s0.011479,s-3.110815,s293.613325
113_64,s-1.382933,s-3.239793,s331.491686
113_65,s-3.027164,s2.003730,s171.976002
113_66,s3.452123,s0.327733,s224.085388
113_67,s1.505291,s-3.556844,s299.676536
113_68,s-2.011738,s-2.571601,s261.705134
113_69,s-3.370995,s0.985116,s70.013741
113_70,s2.666274,s-2.375459,s285.303214
113_71,s-4.085778,s-1.474202,s177.607471
113_72,s-2.943158,s-2.176846,s32.055617
113_73,s-1.518488,s-4.371279,s315.366081
113_74,s-3.542037,s0.138928,s332.197840
113_75,s2.331033,s-3.553697,s166.804105
113_76,s0.806988,s4.204459,s19.750216
113_77,s-3.718650,s-0.662620,s135.327369
113_78,s-2.781398,s-3.097788,s41.531604
113_79,s3.748972,s-0.491523,s143.209327
113_80,s4.147555,s0.590791,s7.580128
113_81,s-1.338613,s3.697746,s84.553366
113_82,s2.837949,s2.440578,s162.512058
113_83,s-3.561285,s-2.574791,s130.941019
113_84,s-3.979957,s2.602273,s10.743868
113_85,s1.381444,s4.067286,s222.272725
113_86,s-3.216383,s2.511006,s45.846223
113_87,s-3.799360,s0.736149,s112.651591
113_88,s0.145920,s3.978008,s-4.750368
113_89,s-0.628357,s-3.482147,s239.730533
113_90,s3.572171,s-1.970110,s339.937888
113_91,s2.672516,s-3.228773,s243.708713
113_92,s4.279978,s-0.439154,s219.705303
113_93,s1.529589,s-4.075097,s202.430124
113_94,s-2.278935,s3.372969,s261.482769
113_95,s3.242241,s1.303280,s212.874086
113_96,s4.216807,s-1.554636,s30.678172
113_97,s3.882788,s2.155490,s200.308148
113_98,s-0.672063,s4.092144,s68.702689
113_99,s-0.364234,s-4.258443,s86.215805
113_100,s2.128718,s3.782903,s232.112837
113_101,s-2.246720,s-3.817700,s254.953416
113_102,s-4.642496,s-0.305698,s285.242463
113_103,s3.396085,s2.799212,s72.562749
113_104,s3.575653,s-2.741590,s212.272481
113_105,s-1.926195,s4.605312,s69.497861
113_106,s-2.832303,s3.603125,s31.325873
113_107,s-0.161387,s-4.538992,s239.721517
113_108,s4.556040,s0.190008,s-5.274307
113_109,s4.531764,s1.270407,s-6.485353
113_110,s2.659901,s4.047422,s302.857230
113_111,s-4.472278,s1.032875,s339.257605
113_112,s-3.415919,s-3.043373,s220.868614
114_0,s-0.612226,s0.289418,s130.400934
114_1,s0.375263,s-0.048300,s130.890902
114_2,s0.333034,s0.480944,s173.284564
114_3,s-0.418397,s0.776163,s82.253771
114_4,s1.369071,s-0.424726,s144.792704
114_5,s-0.983388,s-0.583210,s110.721309
114_6,s0.321354,s1.209870,s287.927135
114_7,s-1.067422,s-1.249170,s288.284717
114_8,s1.426924,s-0.059935,s294.100618
114_9,s-0.271859,s-0.466517,s199.752964
114_10,s1.221055,s0.315519,s194.121571
114_11,s0.642294,s-0.912632,s3.093373
114_12,s-1.809955,s1.249939,s295.182234
114_13,s0.273062,s-1.235456,s294.214169
114_14,s1.730362,s-1.120685,s244.337556
114_15,s-2.417107,s0.062487,s-7.709951
114_16,s-2.623466,s1.555718,s293.169340
114_17,s0.577241,s1.648483,s69.512388
114_18,s0.710873,s-1.772862,s256.581271
114_19,s1.307344,s1.083018,s69.491737
114_20,s1.893795,s-0.368746,s202.430124
114_21,s-1.714385,s0.229375,s283.132895
114_22,s-1.660293,s-1.328758,s307.476708
114_23,s1.213268,s1.769526,s71.694381
114_24,s-0.350498,s1.746767,s83.061091
114_25,s0.326046,s-1.943132,s142.306231
114_26,s1.650686,s0.613008,s324.569168
114_27,s-0.670874,s-1.763947,s5.710743
114_28,s0.225684,s2.298447,s329.017886
114_29,s-2.271743,s-0.646079,s212.408533
114_30,s2.220543,s2.535327,s132.284707
114_31,s-1.125481,s-1.951406,s72.589394
114_32,s2.016523,s3.095944,s66.557304
114_33,s-1.364390,s2.003189,s75.673445
114_34,s-0.583267,s2.561394,s222.492236
114_35,s-0.802528,s-2.577331,s164.253347
114_36,s2.903749,s-1.069634,s144.195888
114_37,s-2.811142,s3.055518,s235.922273
114_38,s-2.037881,s2.286069,s215.720098
114_39,s0.505625,s3.586143,s254.033548
114_40,s2.347117,s0.354229,s-0.500293
114_41,s-2.040885,s-1.758630,s67.842645
114_42,s-2.774350,s0.836460,s154.068839
114_43,s0.852577,s-2.426926,s97.576821
114_44,s-3.089475,s-0.196526,s235.592724
114_45,s-2.566425,s-2.354534,s287.924684
114_46,s1.809846,s-1.806396,s166.442763
114_47,s0.739804,s2.084995,s262.309065
114_48,s-1.508838,s-2.552899,s144.168159
114_49,s3.023532,s-0.645017,s31.994838
114_50,s0.564949,s-2.780917,s254.953416
114_51,s2.637943,s1.506143,s151.550696
114_52,s1.085407,s2.514105,s314.856987
114_53,s-0.986795,s3.253816,s202.430124
114_54,s2.982055,s1.785323,s271.533314
114_55,s-1.001901,s-2.876284,s321.157109
114_56,s2.276773,s-2.369871,s144.448213
114_57,s2.813598,s0.117412,s132.905009
114_58,s-2.873618,s-0.761092,s157.257244
114_59,s1.598118,s-2.898790,s307.476708
114_60,s0.836879,s-3.373040,s132.183238
114_61,s3.192151,s-2.409115,s32.461180
114_62,s-0.592788,s3.626374,s169.968944
114_63,s0.011479,s-3.110815,s293.613325
114_64,s-1.382933,s-3.239793,s331.491686
114_65,s-3.027164,s2.003730,s171.976002
114_66,s3.452123,s0.327733,s224.085388
114_67,s1.505291,s-3.556844,s299.676536
114_68,s-2.011738,s-2.571601,s261.705134
114_69,s-3.370995,s0.985116,s70.013741
114_70,s2.666274,s-2.375459,s285.303214
114_71,s-4.085778,s-1.474202,s177.607471
114_72,s-2.943158,s-2.176846,s32.055617
114_73,s-1.518488,s-4.371279,s315.366081
114_74,s-3.542037,s0.138928,s332.197840
114_75,s2.331033,s-3.553697,s166.804105
114_76,s0.806988,s4.204459,s19.750216
114_77,s-3.718650,s-0.662620,s135.327369
114_78,s-2.781398,s-3.097788,s41.531604
114_79,s3.748972,s-0.491523,s143.209327
114_80,s4.147555,s0.590791,s7.580128
114_81,s-1.338613,s3.697746,s84.553366
114_82,s2.837949,s2.440578,s162.512058
114_83,s-3.561285,s-2.574791,s130.941019
114_84,s-3.979957,s2.602273,s10.743868
114_85,s1.381444,s4.067286,s222.272725
114_86,s-3.216383,s2.511006,s45.846223
114_87,s-3.799360,s0.736149,s112.651591
114_88,s0.145920,s3.978008,s-4.750368
114_89,s-0.628357,s-3.482147,s239.730533
114_90,s3.572171,s-1.970110,s339.937888
114_91,s2.672516,s-3.228773,s243.708713
114_92,s4.279978,s-0.439154,s219.705303
114_93,s1.529589,s-4.075097,s202.430124
114_94,s-2.278935,s3.372969,s261.482769
114_95,s3.242241,s1.303280,s212.874086
114_96,s4.216807,s-1.554636,s30.678172
114_97,s3.882788,s2.155490,s200.308148
114_98,s-0.672063,s4.092144,s68.702689
114_99,s-0.364234,s-4.258443,s86.215805
114_100,s2.128718,s3.782903,s232.112837
114_101,s-2.246720,s-3.817700,s254.953416
114_102,s-4.642496,s-0.305698,s285.242463
114_103,s3.396085,s2.799212,s72.562749
114_104,s3.575653,s-2.741590,s212.272481
114_105,s-1.926195,s4.605312,s69.497861
114_106,s-2.832303,s3.603125,s31.325873
114_107,s-0.161387,s-4.538992,s239.721517
114_108,s4.556040,s0.190008,s-5.274307
114_109,s4.531764,s1.270407,s-6.485353
114_110,s2.659901,s4.047422,s302.857230
114_111,s-4.472278,s1.032875,s339.257605
114_112,s-3.415919,s-3.043373,s220.868614
114_113,s3.810470,s2.768469,s261.395623
115_0,s-0.562995,s0.284809,s148.333417
115_1,s0.375263,s-0.048300,s130.890902
115_2,s0.333034,s0.480944,s173.284564
115_3,s-0.470765,s1.066366,s98.511800
115_4,s1.369071,s-0.424726,s144.792704
115_5,s-0.983388,s-0.583210,s110.721309
115_6,s0.321354,s1.209870,s287.927135
115_7,s-1.067422,s-1.249170,s288.284717
115_8,s1.426924,s-0.059935,s294.100618
115_9,s-0.271859,s-0.466517,s199.752964
115_10,s1.221055,s0.315519,s194.121571
115_11,s0.642294,s-0.912632,s3.093373
115_12,s-1.876538,s1.280390,s166.997256
115_13,s0.273062,s-1.235456,s294.214169
115_14,s1.730362,s-1.120685,s244.337556
115_15,s-2.417107,s0.062487,s-7.709951
115_16,s-2.623466,s1.555718,s293.169340
115_17,s0.577241,s1.648483,s69.512388
115_18,s0.710873,s-1.772862,s256.581271
115_19,s1.307344,s1.083018,s69.491737
115_20,s1.879675,s-0.348135,s203.629261
115_21,s-1.797384,s0.111000,s298.293945
115_22,s-1.660293,s-1.328758,s307.476708
115_23,s1.213268,s1.769526,s71.694381
115_24,s-0.239811,s1.649596,s97.564141
115_25,s0.326046,s-1.943132,s142.306231
115_26,s1.547451,s0.646325,s322.146430
115_27,s-0.670874,s-1.763947,s5.710743
115_28,s0.141358,s2.317419,s329.913500
115_29,s-2.271743,s-0.646079,s212.408533
115_30,s2.220543,s2.535327,s132.284707
115_31,s-1.011847,s-2.150898,s65.839637
115_32,s1.986918,s3.044966,s132.776452
115_33,s-1.364390,s2.003189,s75.673445
115_34,s-0.583267,s2.561394,s222.492236
115_35,s-0.802528,s-2.577331,s164.253347
115_36,s2.913179,s-1.354042,s138.078051
115_37,s-2.811142,s3.055518,s235.922273
115_38,s-2.037881,s2.286069,s215.720098
115_39,s0.505625,s3.586143,s254.033548
115_40,s2.347117,s0.354229,s-0.500293
115_41,s-2.032780,s-1.805728,s60.248837
115_42,s-2.794395,s0.681212,s155.258221
115_43,s0.852577,s-2.426926,s97.576821
115_44,s-3.089475,s-0.196526,s235.592724
115_45,s-2.566425,s-2.354534,s287.924684
115_46,s1.809846,s-1.806396,s166.442763
115_47,s0.739804,s2.084995,s262.309065
115_48,s-1.508838,s-2.552899,s144.168159
115_49,s3.023532,s-0.645017,s31.994838
115_50,s0.564949,s-2.780917,s254.953416
115_51,s2.637943,s1.506143,s151.550696
115_52,s1.050114,s2.458025,s326.177331
115_53,s-0.986795,s3.253816,s202.430124
115_54,s2.939146,s1.811040,s255.808655
115_55,s-1.001901,s-2.876284,s321.157109
115_56,s2.276773,s-2.369871,s144.448213
115_57,s2.813598,s0.117412,s132.905009
115_58,s-3.058809,s-0.865391,s136.064758
115_59,s1.598118,s-2.898790,s307.476708
115_60,s0.836879,s-3.373040,s132.183238
115_61,s3.192151,s-2.409115,s32.461180
115_62,s-0.592788,s3.626374,s169.968944
115_63,s0.011479,s-3.110815,s293.613325
115_64,s-1.382933,s-3.239793,s331.491686
115_65,s-3.027164,s2.003730,s171.976002
115_66,s3.438841,s0.215243,s236.092443
115_67,s1.505291,s-3.556844,s299.676536
115_68,s-2.011738,s-2.571601,s261.705134
115_69,s-3.370995,s0.985116,s70.013741
115_70,s2.666274,s-2.375459,s285.303214
115_71,s-4.085778,s-1.474202,s177.607471
115_72,s-2.996831,s-2.305657,s32.878945
115_73,s-1.518488,s-4.371279,s315.366081
115_74,s-3.542037,s0.138928,s332.197840
115_75,s2.330095,s-3.549743,s168.505281
115_76,s0.678597,s4.157310,s13.588691
115_77,s-3.874215,s-0.650198,s141.745038
115_78,s-2.825436,s-3.169492,s284.321067
115_79,s3.748972,s-0.491523,s143.209327
115_80,s4.192419,s0.557594,s18.230298
115_81,s-1.338613,s3.697746,s84.553366
115_82,s2.772814,s2.545007,s167.612270
115_83,s-3.561285,s-2.574791,s130.941019
115_84,s-4.036970,s2.551474,s137.445832
115_85,s1.381444,s4.067286,s222.272725
115_86,s-3.216383,s2.511006,s45.846223
115_87,s-3.828798,s0.690690,s103.845280
115_88,s0.036908,s3.934322,s-6.962054
115_89,s-0.548657,s-3.557371,s232.348138
115_90,s3.538090,s-1.827138,s348.025251
115_91,s2.714336,s-3.235513,s242.068113
115_92,s4.559417,s-0.363319,s199.215565
115_93,s1.750420,s-4.053665,s209.493224
115_94,s-2.318491,s3.336452,s256.684985
115_95,s3.314027,s1.321995,s209.387668
115_96,s4.212980,s-1.576944,s35.353312
115_97,s3.901811,s2.179414,s201.630094
115_98,s-0.693263,s4.109324,s1.273087
115_99,s-0.364234,s-4.258443,s86.215805
115_100,s2.128718,s3.782903,s232.112837
115_101,s-2.257711,s-3.852442,s150.418462
115_102,s-4.671186,s-0.254462,s295.963714
115_103,s3.346418,s2.755614,s65.013941
115_104,s3.551854,s-3.118547,s223.309482
115_105,s-1.905407,s4.568420,s67.451046
115_106,s-2.899370,s3.594969,s117.445652
115_107,s-0.130624,s-4.489942,s246.256437
115_108,s4.611321,s0.087214,s-3.966376
115_109,s4.504468,s1.179980,s-4.956900
115_110,s2.679235,s4.147094,s67.963387
115_111,s-4.462681,s1.079407,s323.840931
115_112,s-3.432619,s-3.139213,s165.345011
115_113,s3.810470,s2.768469,s261.395623
115_114,s4.079868,s-2.102536,s215.974709
116_0,s-0.562995,s0.284809,s148.333417
116_1,s0.375263,s-0.048300,s130.890902
116_2,s0.304365,s0.545589,s288.845839
116_3,s-0.375168,s1.086957,s94.707776
116_4,s1.369071,s-0.424726,s144.792704
116_5,s-0.977830,s-0.530441,s119.386508
116_6,s0.321354,s1.209870,s287.927135
116_7,s-1.067422,s-1.249170,s288.284717
116_8,s1.426924,s-0.059935,s294.100618
116_9,s-0.271859,s-0.466517,s199.752964
116_10,s1.221055,s0.315519,s194.121571
116_11,s0.642294,s-0.912632,s3.093373
116_12,s-1.789242,s1.335189,s167.641020
116_13,s0.273062,s-1.235456,s294.214169
116_14,s1.858123,s-0.975027,s130.842030
116_15,s-2.386740,s-0.153383,s-0.656967
116_16,s-2.655556,s1.469494,s289.685542
116_17,s0.577241,s1.648483,s69.512388
116_18,s0.669669,s-1.726077,s254.953416
116_19,s1.307344,s1.083018,s69.491737
116_20,s1.960804,s-0.317562,s202.430124
116_21,s-1.863374,s0.210489,s263.183647
116_22,s-1.660293,s-1.328758,s307.476708
116_23,s1.213268,s1.769526,s71.694381
116_24,s-0.221581,s1.671757,s99.233399
116_25,s0.344520,s-1.933195,s135.976848
116_26,s1.547451,s0.646325,s322.146430
116_27,s-0.687710,s-1.870119,s339.937888
116_28,s0.141358,s2.317419,s329.913500
116_29,s-2.235165,s-0.643414,s207.470936
116_30,s2.127687,s2.524098,s136.645017
116_31,s-1.011847,s-2.150898,s65.839637
116_32,s2.173799,s3.125920,s121.316791
116_33,s-1.364390,s2.003189,s75.673445
116_34,s-0.583267,s2.561394,s222.492236
116_35,s-0.802528,s-2.577331,s164.253347
116_36,s2.888635,s-1.428757,s120.067271
116_37,s-2.760193,s3.035937,s228.845043
116_38,s-2.037881,s2.286069,s215.720098
116_39,s0.582609,s3.518146,s250.052131
116_40,s2.347117,s0.354229,s-0.500293
116_41,s-2.004401,s-1.812916,s63.171520
116_42,s-2.751688,s0.723364,s141.773082
116_43,s0.852577,s-2.426926,s97.576821
116_44,s-3.035243,s-0.214256,s239.205141
116_45,s-2.566425,s-2.354534,s287.924684
116_46,s1.827863,s-1.862037,s163.316758
116_47,s0.739804,s2.084995,s262.309065
116_48,s-1.508838,s-2.552899,s144.168159
116_49,s3.023532,s-0.645017,s31.994838
116_50,s0.564949,s-2.780917,s254.953416
116_51,s2.637943,s1.506143,s151.550696
116_52,s1.050114,s2.458025,s326.177331
116_53,s-0.986795,s3.253816,s202.430124
116_54,s2.893492,s1.769516,s251.780424
116_55,s-1.001901,s-2.876284,s321.157109
116_56,s2.276773,s-2.369871,s144.448213
116_57,s2.813598,s0.117412,s132.905009
116_58,s-3.173357,s-0.940634,s215.518518
116_59,s1.598118,s-2.898790,s307.476708
116_60,s0.980550,s-3.240048,s142.098473
116_61,s3.192151,s-2.409115,s32.461180
116_62,s-0.592788,s3.626374,s169.968944
116_63,s0.011479,s-3.110815,s293.613325
116_64,s-1.382933,s-3.239793,s331.491686
116_65,s-3.034395,s1.964408,s172.801259
116_66,s3.343004,s0.137657,s260.931349
116_67,s1.565343,s-3.652040,s313.825887
116_68,s-2.011738,s-2.571601,s261.705134
116_69,s-3.370995,s0.985116,s70.013741
116_70,s2.666274,s-2.375459,s285.303214
116_71,s-4.085778,s-1.474202,s177.607471
116_72,s-3.030480,s-2.268845,s36.761921
116_73,s-1.481332,s-4.387186,s-1.605887
116_74,s-3.542037,s0.138928,s332.197840
116_75,s2.330095,s-3.549743,s168.505281
116_76,s0.678597,s4.157310,s13.588691
116_77,s-3.960539,s-0.715129,s147.209515
116_78,s-2.820907,s-3.175840,s285.941065
116_79,s3.586103,s-0.405712,s153.861657
116_80,s4.139331,s0.448879,s32.714261
116_81,s-1.546678,s3.821359,s96.915063
116_82,s2.758041,s2.624064,s169.831860
116_83,s-3.522335,s-2.546609,s103.415086
116_84,s-4.143689,s2.463488,s142.060343
116_85,s1.381444,s4.067286,s222.272725
116_86,s-3.216383,s2.511006,s45.846223
116_87,s-3.771366,s0.701037,s101.560059
116_88,s-0.080588,s3.965249,s18.176083
116_89,s-0.548657,s-3.557371,s232.348138
116_90,s3.492238,s-1.837441,s347.771268
116_91,s2.880657,s-3.342712,s197.525604
116_92,s4.483717,s-0.409473,s193.040284
116_93,s1.770192,s-4.084623,s214.118326
116_94,s-2.294348,s3.306365,s263.392320
116_95,s3.157036,s1.217520,s169.968944
116_96,s4.287347,s-1.477662,s31.617477
116_97,s3.773125,s2.166808,s189.313185
116_98,s-0.884051,s4.020587,s-5.342155
116_99,s-0.401402,s-4.268727,s84.707713
116_100,s2.128718,s3.782903,s232.112837
116_101,s-2.257711,s-3.852442,s150.418462
116_102,s-4.635715,s-0.192082,s324.123127
116_103,s3.248083,s2.867148,s40.897310
116_104,s3.845771,s-3.107732,s227.465427
116_105,s-1.740484,s4.444240,s58.280358
116_106,s-2.636070,s3.785074,s112.884963
116_107,s-0.103758,s-4.513847,s248.926292
116_108,s4.824505,s0.252399,s4.400399
116_109,s4.531539,s1.170593,s-1.195354
116_110,s2.639128,s4.309478,s296.780824
116_111,s-4.435289,s0.966614,s-0.273408
116_112,s-3.623464,s-3.084815,s217.694918
116_113,s4.024453,s2.945458,s1.394309
116_114,s4.101884,s-2.105983,s220.397109
116_115,s1.254936,s-4.435548,s84.984472
117_0,s-0.562995,s0.284809,s148.333417
117_1,s0.375263,s-0.048300,s130.890902
117_2,s0.304365,s0.545589,s288.845839
117_3,s-0.375168,s1.086957,s94.707776
117_4,s1.369071,s-0.424726,s144.792704
117_5,s-0.977830,s-0.530441,s119.386508
117_6,s0.321354,s1.209870,s287.927135
117_7,s-1.067422,s-1.249170,s288.284717
117_8,s1.426924,s-0.059935,s294.100618
117_9,s-0.271859,s-0.466517,s199.752964
117_10,s1.221055,s0.315519,s194.121571
117_11,s0.642294,s-0.912632,s3.093373
117_12,s-1.789242,s1.335189,s167.641020
117_13,s0.273062,s-1.235456,s294.214169
117_14,s1.858123,s-0.975027,s130.842030
117_15,s-2.386740,s-0.153383,s-0.656967
117_16,s-2.655556,s1.469494,s289.685542
117_17,s0.577241,s1.648483,s69.512388
117_18,s0.669669,s-1.726077,s254.953416
117_19,s1.307344,s1.083018,s69.491737
117_20,s1.960804,s-0.317562,s202.430124
117_21,s-1.863374,s0.210489,s263.183647
117_22,s-1.660293,s-1.328758,s307.476708
117_23,s1.213268,s1.769526,s71.694381
117_24,s-0.221581,s1.671757,s99.233399
117_25,s0.344520,s-1.933195,s135.976848
117_26,s1.547451,s0.646325,s322.146430
117_27,s-0.687710,s-1.870119,s339.937888
117_28,s0.141358,s2.317419,s329.913500
117_29,s-2.235165,s-0.643414,s207.470936
117_30,s2.127687,s2.524098,s136.645017
117_31,s-1.011847,s-2.150898,s65.839637
117_32,s2.173799,s3.125920,s121.316791
117_33,s-1.364390,s2.003189,s75.673445
117_34,s-0.583267,s2.561394,s222.492236
117_35,s-0.802528,s-2.577331,s164.253347
117_36,s2.888635,s-1.428757,s120.067271
117_37,s-2.760193,s3.035937,s228.845043
117_38,s-2.037881,s2.286069,s215.720098
117_39,s0.582609,s3.518146,s250.052131
117_40,s2.347117,s0.354229,s-0.500293
117_41,s-2.004401,s-1.812916,s63.171520
117_42,s-2.751688,s0.723364,s141.773082
117_43,s0.852577,s-2.426926,s97.576821
117_44,s-3.035243,s-0.214256,s239.205141
117_45,s-2.566425,s-2.354534,s287.924684
117_46,s1.827863,s-1.862037,s163.316758
117_47,s0.739804,s2.084995,s262.309065
117_48,s-1.508838,s-2.552899,s144.168159
117_49,s3.023532,s-0.645017,s31.994838
117_50,s0.564949,s-2.780917,s254.953416
117_51,s2.637943,s1.506143,s151.550696
117_52,s1.050114,s2.458025,s326.177331
117_53,s-0.986795,s3.253816,s202.430124
117_54,s2.893492,s1.769516,s251.780424
117_55,s-1.001901,s-2.876284,s321.157109
117_56,s2.276773,s-2.369871,s144.448213
117_57,s2.813598,s0.117412,s132.905009
117_58,s-3.173357,s-0.940634,s215.518518
117_59,s1.598118,s-2.898790,s307.476708
117_60,s0.980550,s-3.240048,s142.098473
117_61,s3.192151,s-2.409115,s32.461180
117_62,s-0.592788,s3.626374,s169.968944
117_63,s0.011479,s-3.110815,s293.613325
117_64,s-1.382933,s-3.239793,s331.491686
117_65,s-3.034395,s1.964408,s172.801259
117_66,s3.343004,s0.137657,s260.931349
117_67,s1.565343,s-3.652040,s313.825887
117_68,s-2.011738,s-2.571601,s261.705134
117_69,s-3.370995,s0.985116,s70.013741
117_70,s2.666274,s-2.375459,s285.303214
117_71,s-4.085778,s-1.474202,s177.607471
117_72,s-3.030480,s-2.268845,s36.761921
117_73,s-1.481332,s-4.387186,s-1.605887
117_74,s-3.542037,s0.138928,s332.197840
117_75,s2.330095,s-3.549743,s168.505281
117_76,s0.678597,s4.157310,s13.588691
117_77,s-3.960539,s-0.715129,s147.209515
117_78,s-2.820907,s-3.175840,s285.941065
117_79,s3.586103,s-0.405712,s153.861657
117_80,s4.139331,s0.448879,s32.714261
117_81,s-1.546678,s3.821359,s96.915063
117_82,s2.758041,s2.624064,s169.831860
117_83,s-3.522335,s-2.546609,s103.415086
117_84,s-4.143689,s2.463488,s142.060343
117_85,s1.381444,s4.067286,s222.272725
117_86,s-3.216383,s2.511006,s45.846223
117_87,s-3.771366,s0.701037,s101.560059
117_88,s-0.080588,s3.965249,s18.176083
117_89,s-0.548657,s-3.557371,s232.348138
117_90,s3.492238,s-1.837441,s347.771268
117_91,s2.880657,s-3.342712,s197.525604
117_92,s4.483717,s-0.409473,s193.040284
117_93,s1.770192,s-4.084623,s214.118326
117_94,s-2.294348,s3.306365,s263.392320
117_95,s3.157036,s1.217520,s169.968944
117_96,s4.287347,s-1.477662,s31.617477
117_97,s3.773125,s2.166808,s189.313185
117_98,s-0.884051,s4.020587,s-5.342155
117_99,s-0.401402,s-4.268727,s84.707713
117_100,s2.128718,s3.782903,s232.112837
117_101,s-2.257711,s-3.852442,s150.418462
117_102,s-4.635715,s-0.192082,s324.123127
117_103,s3.248083,s2.867148,s40.897310
117_104,s3.845771,s-3.107732,s227.465427
117_105,s-1.740484,s4.444240,s58.280358
117_106,s-2.636070,s3.785074,s112.884963
117_107,s-0.103758,s-4.513847,s248.926292
117_108,s4.824505,s0.252399,s4.400399
117_109,s4.531539,s1.170593,s-1.195354
117_110,s2.639128,s4.309478,s296.780824
117_111,s-4.435289,s0.966614,s-0.273408
117_112,s-3.623464,s-3.084815,s217.694918
117_113,s4.024453,s2.945458,s1.394309
117_114,s4.101884,s-2.105983,s220.397109
117_115,s1.254936,s-4.435548,s84.984472
117_116,s4.731106,s-1.586423,s163.318414
118_0,s-0.562995,s0.284809,s148.333417
118_1,s0.375263,s-0.048300,s130.890902
118_2,s0.304365,s0.545589,s288.845839
118_3,s-0.375168,s1.086957,s94.707776
118_4,s1.369071,s-0.424726,s144.792704
118_5,s-0.977830,s-0.530441,s119.386508
118_6,s0.321354,s1.209870,s287.927135
118_7,s-1.067422,s-1.249170,s288.284717
118_8,s1.426924,s-0.059935,s294.100618
118_9,s-0.271859,s-0.466517,s199.752964
118_10,s1.221055,s0.315519,s194.121571
118_11,s0.642294,s-0.912632,s3.093373
118_12,s-1.789242,s1.335189,s167.641020
118_13,s0.273062,s-1.235456,s294.214169
118_14,s1.858123,s-0.975027,s130.842030
118_15,s-2.386740,s-0.153383,s-0.656967
118_16,s-2.655556,s1.469494,s289.685542
118_17,s0.577241,s1.648483,s69.512388
118_18,s0.669669,s-1.726077,s254.953416
118_19,s1.307344,s1.083018,s69.491737
118_20,s1.960804,s-0.317562,s202.430124
118_21,s-1.863374,s0.210489,s263.183647
118_22,s-1.660293,s-1.328758,s307.476708
118_23,s1.213268,s1.769526,s71.694381
118_24,s-0.221581,s1.671757,s99.233399
118_25,s0.344520,s-1.933195,s135.976848
118_26,s1.547451,s0.646325,s322.146430
118_27,s-0.687710,s-1.870119,s339.937888
118_28,s0.154104,s2.214652,s338.543806
118_29,s-2.235165,s-0.643414,s207.470936
118_30,s2.127687,s2.524098,s136.645017
118_31,s-1.047231,s-2.139356,s98.396580
118_32,s2.173799,s3.125920,s121.316791
118_33,s-1.364390,s2.003189,s75.673445
118_34,s-0.583267,s2.561394,s222.492236
118_35,s-0.802528,s-2.577331,s164.253347
118_36,s2.888635,s-1.428757,s120.067271
118_37,s-2.760193,s3.035937,s228.845043
118_38,s-2.037881,s2.286069,s215.720098
118_39,s0.500660,s3.386612,s232.988468
118_40,s2.347117,s0.354229,s-0.500293
118_41,s-2.004401,s-1.812916,s63.171520
118_42,s-2.751688,s0.723364,s141.773082
118_43,s0.852577,s-2.426926,s97.576821
118_44,s-3.035243,s-0.214256,s239.205141
118_45,s-2.566425,s-2.354534,s287.924684
118_46,s1.827863,s-1.862037,s163.316758
118_47,s0.739804,s2.084995,s262.309065
118_48,s-1.508838,s-2.552899,s144.168159
118_49,s3.023532,s-0.645017,s31.994838
118_50,s0.564949,s-2.780917,s254.953416
118_51,s2.637943,s1.506143,s151.550696
118_52,s1.050114,s2.458025,s326.177331
118_53,s-0.986795,s3.253816,s202.430124
118_54,s2.893492,s1.769516,s251.780424
118_55,s-1.001901,s-2.876284,s321.157109
118_56,s2.276773,s-2.369871,s144.448213
118_57,s2.813598,s0.117412,s132.905009
118_58,s-3.173357,s-0.940634,s215.518518
118_59,s1.598118,s-2.898790,s307.476708
118_60,s0.800112,s-3.279287,s162.548832
118_61,s3.192151,s-2.409115,s32.461180
118_62,s-0.592788,s3.626374,s169.968944
118_63,s0.011479,s-3.110815,s293.613325
118_64,s-1.382933,s-3.239793,s331.491686
118_65,s-3.034395,s1.964408,s172.801259
118_66,s3.343004,s0.137657,s260.931349
118_67,s1.565343,s-3.652040,s313.825887
118_68,s-2.011738,s-2.571601,s261.705134
118_69,s-3.370995,s0.985116,s70.013741
118_70,s2.666274,s-2.375459,s285.303214
118_71,s-4.085778,s-1.474202,s177.607471
118_72,s-3.030480,s-2.268845,s36.761921
118_73,s-1.481332,s-4.387186,s-1.605887
118_74,s-3.542037,s0.138928,s332.197840
118_75,s2.330095,s-3.549743,s168.505281
118_76,s0.678597,s4.157310,s13.588691
118_77,s-3.960539,s-0.715129,s147.209515
118_78,s-2.820907,s-3.175840,s285.941065
118_79,s3.586103,s-0.405712,s153.861657
118_80,s4.182843,s0.460249,s68.709782
118_81,s-1.546678,s3.821359,s96.915063
118_82,s2.758041,s2.624064,s169.831860
118_83,s-3.522335,s-2.546609,s103.415086
118_84,s-4.143689,s2.463488,s142.060343
118_85,s1.276054,s3.986242,s209.713836
118_86,s-3.216383,s2.511006,s45.846223
118_87,s-3.771366,s0.701037,s101.560059
118_88,s-0.080588,s3.965249,s18.176083
118_89,s-0.500417,s-3.644158,s243.053483
118_90,s3.492238,s-1.837441,s347.771268
118_91,s2.880657,s-3.342712,s197.525604
118_92,s4.467284,s-0.430297,s222.492236
118_93,s1.770192,s-4.084623,s214.118326
118_94,s-2.294348,s3.306365,s263.392320
118_95,s3.157036,s1.217520,s169.968944
118_96,s4.287347,s-1.477662,s31.617477
118_97,s3.773125,s2.166808,s189.313185
118_98,s-0.884051,s4.020587,s-5.342155
118_99,s-0.401402,s-4.268727,s84.707713
118_100,s2.128718,s3.782903,s232.112837
118_101,s-2.257711,s-3.852442,s150.418462
118_102,s-4.635715,s-0.192082,s324.123127
118_103,s3.248083,s2.867148,s40.897310
118_104,s3.845771,s-3.107732,s227.465427
118_105,s-1.740484,s4.444240,s58.280358
118_106,s-2.636070,s3.785074,s112.884963
118_107,s-0.103758,s-4.513847,s248.926292
118_108,s4.680143,s0.170430,s5.466598
118_109,s4.531539,s1.170593,s-1.195354
118_110,s2.639128,s4.309478,s296.780824
118_111,s-4.435289,s0.966614,s-0.273408
118_112,s-3.623464,s-3.084815,s217.694918
118_113,s4.024453,s2.945458,s1.394309
118_114,s4.101884,s-2.105983,s220.397109
118_115,s1.166834,s-4.433006,s206.241961
118_116,s4.731106,s-1.586423,s163.318414
118_117,s-4.647359,s-0.757231,s145.629481
119_0,s-0.562995,s0.284809,s148.333417
119_1,s0.375263,s-0.048300,s130.890902
119_2,s0.304365,s0.545589,s288.845839
119_3,s-0.375168,s1.086957,s94.707776
119_4,s1.369071,s-0.424726,s144.792704
119_5,s-0.977830,s-0.530441,s119.386508
119_6,s0.321354,s1.209870,s287.927135
119_7,s-1.067422,s-1.249170,s288.284717
119_8,s1.426924,s-0.059935,s294.100618
119_9,s-0.271859,s-0.466517,s199.752964
119_10,s1.221055,s0.315519,s194.121571
119_11,s0.642294,s-0.912632,s3.093373
119_12,s-1.789242,s1.335189,s167.641020
119_13,s0.273062,s-1.235456,s294.214169
119_14,s1.858123,s-0.975027,s130.842030
119_15,s-2.386740,s-0.153383,s-0.656967
119_16,s-2.655556,s1.469494,s289.685542
119_17,s0.577241,s1.648483,s69.512388
119_18,s0.669669,s-1.726077,s254.953416
119_19,s1.307344,s1.083018,s69.491737
119_20,s1.960804,s-0.317562,s202.430124
119_21,s-1.863374,s0.210489,s263.183647
119_22,s-1.660293,s-1.328758,s307.476708
119_23,s1.213268,s1.769526,s71.694381
119_24,s-0.221581,s1.671757,s99.233399
119_25,s0.344520,s-1.933195,s135.976848
119_26,s1.547451,s0.646325,s322.146430
119_27,s-0.687710,s-1.870119,s339.937888
119_28,s0.154104,s2.214652,s338.543806
119_29,s-2.235165,s-0.643414,s207.470936
119_30,s2.127687,s2.524098,s136.645017
119_31,s-1.047231,s-2.139356,s98.396580
119_32,s2.173799,s3.125920,s121.316791
119_33,s-1.364390,s2.003189,s75.673445
119_34,s-0.583267,s2.561394,s222.492236
119_35,s-0.802528,s-2.577331,s164.253347
119_36,s2.888635,s-1.428757,s120.067271
119_37,s-2.760193,s3.035937,s228.845043
119_38,s-2.037881,s2.286069,s215.720098
119_39,s0.500660,s3.386612,s232.988468
119_40,s2.347117,s0.354229,s-0.500293
119_41,s-2.004401,s-1.812916,s63.171520
119_42,s-2.751688,s0.723364,s141.773082
119_43,s0.852577,s-2.426926,s97.576821
119_44,s-3.035243,s-0.214256,s239.205141
119_45,s-2.566425,s-2.354534,s287.924684
119_46,s1.827863,s-1.862037,s163.316758
119_47,s0.739804,s2.084995,s262.309065
119_48,s-1.508838,s-2.552899,s144.168159
119_49,s3.023532,s-0.645017,s31.994838
119_50,s0.564949,s-2.780917,s254.953416
119_51,s2.637943,s1.506143,s151.550696
119_52,s1.050114,s2.458025,s326.177331
119_53,s-0.986795,s3.253816,s202.430124
119_54,s2.893492,s1.769516,s251.780424
119_55,s-1.001901,s-2.876284,s321.157109
119_56,s2.276773,s-2.369871,s144.448213
119_57,s2.813598,s0.117412,s132.905009
119_58,s-3.173357,s-0.940634,s215.518518
119_59,s1.598118,s-2.898790,s307.476708
119_60,s0.800112,s-3.279287,s162.548832
119_61,s3.192151,s-2.409115,s32.461180
119_62,s-0.592788,s3.626374,s169.968944
119_63,s0.011479,s-3.110815,s293.613325
119_64,s-1.382933,s-3.239793,s331.491686
119_65,s-3.034395,s1.964408,s172.801259
119_66,s3.343004,s0.137657,s260.931349
119_67,s1.565343,s-3.652040,s313.825887
119_68,s-2.011738,s-2.571601,s261.705134
119_69,s-3.370995,s0.985116,s70.013741
119_70,s2.666274,s-2.375459,s285.303214
119_71,s-4.085778,s-1.474202,s177.607471
119_72,s-3.030480,s-2.268845,s36.761921
119_73,s-1.481332,s-4.387186,s-1.605887
119_74,s-3.542037,s0.138928,s332.197840
119_75,s2.330095,s-3.549743,s168.505281
119_76,s0.678597,s4.157310,s13.588691
119_77,s-3.960539,s-0.715129,s147.209515
119_78,s-2.820907,s-3.175840,s285.941065
119_79,s3.586103,s-0.405712,s153.861657
119_80,s4.182843,s0.460249,s68.709782
119_81,s-1.546678,s3.821359,s96.915063
119_82,s2.758041,s2.624064,s169.831860
119_83,s-3.522335,s-2.546609,s103.415086
119_84,s-4.143689,s2.463488,s142.060343
119_85,s1.276054,s3.986242,s209.713836
119_86,s-3.216383,s2.511006,s45.846223
119_87,s-3.771366,s0.701037,s101.560059
119_88,s-0.080588,s3.965249,s18.176083
119_89,s-0.500417,s-3.644158,s243.053483
119_90,s3.492238,s-1.837441,s347.771268
119_91,s2.880657,s-3.342712,s197.525604
119_92,s4.467284,s-0.430297,s222.492236
119_93,s1.770192,s-4.084623,s214.118326
119_94,s-2.294348,s3.306365,s263.392320
119_95,s3.157036,s1.217520,s169.968944
119_96,s4.287347,s-1.477662,s31.617477
119_97,s3.773125,s2.166808,s189.313185
119_98,s-0.884051,s4.020587,s-5.342155
119_99,s-0.401402,s-4.268727,s84.707713
119_100,s2.128718,s3.782903,s232.112837
119_101,s-2.257711,s-3.852442,s150.418462
119_102,s-4.635715,s-0.192082,s324.123127
119_103,s3.145797,s2.903190,s64.922359
119_104,s3.845771,s-3.107732,s227.465427
119_105,s-1.740484,s4.444240,s58.280358
119_106,s-2.636070,s3.785074,s112.884963
119_107,s-0.103758,s-4.513847,s248.926292
119_108,s4.680143,s0.170430,s5.466598
119_109,s4.531539,s1.170593,s-1.195354
119_110,s2.639128,s4.309478,s296.780824
119_111,s-4.435289,s0.966614,s-0.273408
119_112,s-3.836182,s-2.985163,s201.327967
119_113,s4.024453,s2.945458,s1.394309
119_114,s4.101884,s-2.105983,s220.397109
119_115,s1.124419,s-4.312716,s202.621854
119_116,s4.731106,s-1.586423,s163.318414
119_117,s-4.647359,s-0.757231,s145.629481
119_118,s1.399847,s4.308286,s0.488337
120_0,s-0.502968,s0.254997,s222.859483
120_1,s0.375263,s-0.048300,s32.461180
120_2,s0.304365,s0.545589,s134.486915
120_3,s-0.405212,s1.013085,s142.904187
120_4,s1.369071,s-0.424726,s71.264522
120_5,s-0.814277,s-0.531611,s73.357397
120_6,s0.321354,s1.209870,s0.906503
120_7,s-1.067422,s-1.249170,s194.195311
120_8,s1.426924,s-0.059935,s327.854022
120_9,s-0.271859,s-0.466517,s291.713968
120_10,s1.221055,s0.315519,s71.567632
120_11,s0.746667,s-0.859552,s303.575322
120_12,s-1.778772,s1.450408,s301.039402
120_13,s0.273062,s-1.235456,s229.454762
120_14,s1.832037,s-1.000318,s325.478380
120_15,s-2.415634,s-0.074906,s306.045152
120_16,s-2.580823,s1.532692,s117.445652
120_17,s0.577241,s1.648483,s60.101240
120_18,s0.673505,s-1.679604,s337.686654
120_19,s1.307344,s1.083018,s84.984472
120_20,s1.948642,s-0.321681,s222.492236
120_21,s-1.821857,s0.365279,s162.928292
120_22,s-1.660293,s-1.328758,s231.855899
120_23,s1.213268,s1.769526,s286.687039
120_24,s-0.202117,s1.632605,s117.445652
120_25,s0.270055,s-2.000659,s227.939290
120_26,s1.547451,s0.646325,s306.872606
120_27,s-0.687710,s-1.870119,s242.689973
120_28,s0.154104,s2.214652,s33.209249
120_29,s-2.212577,s-0.649618,s81.698147
120_30,s2.107016,s2.349767,s37.521379
120_31,s-1.126947,s-2.072204,s292.188275
120_32,s2.217874,s3.185994,s169.968944
120_33,s-1.364390,s2.003189,s200.544666
120_34,s-0.583267,s2.561394,s291.000157
120_35,s-0.802528,s-2.577331,s133.088201
120_36,s2.951041,s-1.371650,s84.984472
120_37,s-2.799985,s3.081599,s166.773131
120_38,s-2.037881,s2.286069,s254.953416
120_39,s0.325588,s3.354641,s66.260283
120_40,s2.347117,s0.354229,s49.497021
120_41,s-2.004401,s-1.812916,s163.468790
120_42,s-2.751688,s0.723364,s0.244872
120_43,s0.852577,s-2.426926,s169.968944
120_44,s-3.089800,s-0.200029,s135.277051
120_45,s-2.566425,s-2.354534,s30.691969
120_46,s1.761991,s-1.866719,s167.890511
120_47,s0.739804,s2.084995,s97.264305
120_48,s-1.508838,s-2.552899,s285.951004
120_49,s3.023532,s-0.645017,s339.518307
120_50,s0.564949,s-2.780917,s105.721938
120_51,s2.637943,s1.506143,s340.432562
120_52,s1.050114,s2.458025,s98.906244
120_53,s-0.986795,s3.253816,s169.968944
120_54,s2.852126,s1.784109,s66.445577
120_55,s-1.001901,s-2.876284,s144.420815
120_56,s2.276773,s-2.369871,s287.414595
120_57,s2.813598,s0.117412,s73.254909
120_58,s-3.173357,s-0.940634,s295.137086
120_59,s1.598118,s-2.898790,s220.405068
120_60,s0.837811,s-3.367227,s208.074073
120_61,s3.192151,s-2.409115,s263.527847
120_62,s-0.592788,s3.626374,s205.239814
120_63,s0.055659,s-3.080638,s284.504310
120_64,s-1.382933,s-3.239793,s192.901967
120_65,s-3.034395,s1.964408,s202.430124
120_66,s3.446288,s0.082201,s293.250094
120_67,s1.557482,s-3.611294,s288.457749
120_68,s-2.011738,s-2.571601,s212.942102
120_69,s-3.398963,s1.030283,s252.764278
120_70,s2.666274,s-2.375459,s191.421638
120_71,s-4.047898,s-1.419293,s307.476708
120_72,s-3.000386,s-2.262150,s131.424713
120_73,s-1.607268,s-4.504831,s288.044664
120_74,s-3.673227,s-0.041834,s213.517045
120_75,s2.220308,s-3.540223,s290.568544
120_76,s0.650625,s4.094017,s263.292334
120_77,s-3.898729,s-0.850557,s217.451723
120_78,s-2.881912,s-3.156991,s222.492236
120_79,s3.586103,s-0.405712,s-1.424260
120_80,s4.182843,s0.460249,s295.453320
120_81,s-1.313217,s4.039811,s331.001522
120_82,s2.594984,s2.600219,s212.871594
120_83,s-3.556445,s-2.351050,s0.500877
120_84,s-4.099283,s2.691645,s222.083749
120_85,s1.269548,s4.030459,s254.953416
120_86,s-3.046050,s2.464068,s42.074402
120_87,s-3.771366,s0.701037,s27.078648
120_88,s-0.126885,s3.996860,s290.485009
120_89,s-0.693276,s-3.592031,s114.355143
120_90,s3.477850,s-1.869237,s210.736981
120_91,s3.035824,s-3.306453,s98.853834
120_92,s4.577695,s-0.645384,s129.823735
120_93,s1.719370,s-4.088801,s326.160755
120_94,s-2.271478,s3.216208,s292.047110
120_95,s3.157036,s1.217520,s161.882474
120_96,s4.263289,s-1.486715,s228.775424
120_97,s3.770410,s2.314738,s206.182421
120_98,s-0.758490,s3.879281,s117.445652
120_99,s-0.401402,s-4.268727,s2.417343
120_100,s2.056941,s3.849596,s285.078518
120_101,s-2.422423,s-3.758467,s218.543768
120_102,s-4.627166,s-0.290083,s287.414595
120_103,s3.291731,s2.887333,s295.106658
120_104,s3.905808,s-2.957873,s253.558906
120_105,s-1.533617,s4.556911,s219.795476
120_106,s-2.594037,s3.734122,s291.226014
120_107,s-0.168309,s-4.519236,s222.492236
120_108,s4.680143,s0.170430,s131.719600
120_109,s4.420586,s1.053848,s76.305332
120_110,s2.714875,s4.240494,s295.711505
120_111,s-4.631264,s0.874383,s292.972140
120_112,s-3.442746,s-3.208609,s197.568027
120_113,s4.048866,s2.791470,s143.168179
120_114,s4.080521,s-2.158056,s-0.573802
120_115,s1.227880,s-4.346853,s222.492236
120_116,s4.731106,s-1.586423,s99.130320
120_117,s-4.647848,s-0.747739,s66.615982
120_118,s1.331463,s4.434919,s131.950567
120_119,s-4.464992,s-1.833018,s303.499044
121_0,s-0.502968,s0.254997,s222.859483
121_1,s0.375263,s-0.048300,s32.461180
121_2,s0.304365,s0.545589,s134.486915
121_3,s-0.405212,s1.013085,s142.904187
121_4,s1.369071,s-0.424726,s71.264522
121_5,s-0.764604,s-0.626273,s86.912745
121_6,s0.321354,s1.209870,s0.906503
121_7,s-1.067422,s-1.249170,s194.195311
121_8,s1.426924,s-0.059935,s327.854022
121_9,s-0.271859,s-0.466517,s291.713968
121_10,s1.221055,s0.315519,s71.567632
121_11,s0.746667,s-0.859552,s303.575322
121_12,s-1.778772,s1.450408,s301.039402
121_13,s0.203791,s-0.887890,s125.534097
121_14,s1.832037,s-1.000318,s325.478380
121_15,s-2.415634,s-0.074906,s306.045152
121_16,s-2.580823,s1.532692,s117.445652
121_17,s0.577241,s1.648483,s60.101240
121_18,s0.673505,s-1.679604,s337.686654
121_19,s1.307344,s1.083018,s84.984472
121_20,s1.948642,s-0.321681,s222.492236
121_21,s-1.821857,s0.365279,s162.928292
121_22,s-1.660293,s-1.328758,s231.855899
121_23,s1.213268,s1.769526,s286.687039
121_24,s-0.202117,s1.632605,s117.445652
121_25,s0.270055,s-2.000659,s227.939290
121_26,s1.547451,s0.646325,s306.872606
121_27,s-0.687710,s-1.870119,s242.689973
121_28,s0.154104,s2.214652,s33.209249
121_29,s-2.212577,s-0.649618,s81.698147
121_30,s2.107016,s2.349767,s37.521379
121_31,s-1.126947,s-2.072204,s292.188275
121_32,s2.217874,s3.185994,s169.968944
121_33,s-1.364390,s2.003189,s200.544666
121_34,s-0.583267,s2.561394,s291.000157
121_35,s-0.802528,s-2.577331,s133.088201
121_36,s2.860389,s-1.224795,s90.941369
121_37,s-2.799985,s3.081599,s166.773131
121_38,s-2.186018,s2.221934,s285.510756
121_39,s0.325588,s3.354641,s66.260283
121_40,s2.347117,s0.354229,s49.497021
121_41,s-2.004401,s-1.812916,s163.468790
121_42,s-2.751688,s0.723364,s0.244872
121_43,s0.852577,s-2.426926,s169.968944
121_44,s-3.089800,s-0.200029,s135.277051
121_45,s-2.566425,s-2.354534,s30.691969
121_46,s1.558739,s-1.841385,s181.705832
121_47,s0.739804,s2.084995,s97.264305
121_48,s-1.508838,s-2.552899,s285.951004
121_49,s3.023532,s-0.645017,s339.518307
121_50,s0.564949,s-2.780917,s105.721938
121_51,s2.637943,s1.506143,s340.432562
121_52,s1.216138,s2.427495,s0.739922
121_53,s-1.089164,s3.331473,s176.358752
121_54,s2.852126,s1.784109,s66.445577
121_55,s-1.001901,s-2.876284,s144.420815
121_56,s2.276773,s-2.369871,s287.414595
121_57,s2.813598,s0.117412,s73.254909
121_58,s-3.173357,s-0.940634,s295.137086
121_59,s1.598118,s-2.898790,s220.405068
121_60,s0.837811,s-3.367227,s208.074073
121_61,s3.192151,s-2.409115,s263.527847
121_62,s-0.592788,s3.626374,s205.239814
121_63,s0.055659,s-3.080638,s284.504310
121_64,s-1.382933,s-3.239793,s192.901967
121_65,s-3.034395,s1.964408,s202.430124
121_66,s3.446288,s0.082201,s293.250094
121_67,s1.557482,s-3.611294,s288.457749
121_68,s-2.011738,s-2.571601,s212.942102
121_69,s-3.398963,s1.030283,s252.764278
121_70,s2.666274,s-2.375459,s191.421638
121_71,s-4.047898,s-1.419293,s307.476708
121_72,s-3.000386,s-2.262150,s131.424713
121_73,s-1.370788,s-4.603285,s151.936462
121_74,s-3.673227,s-0.041834,s213.517045
121_75,s2.220308,s-3.540223,s290.568544
121_76,s0.650625,s4.094017,s263.292334
121_77,s-3.898729,s-0.850557,s217.451723
121_78,s-2.881912,s-3.156991,s222.492236
121_79,s3.586103,s-0.405712,s-1.424260
121_80,s4.182843,s0.460249,s295.453320
121_81,s-1.313217,s4.039811,s331.001522
121_82,s2.612149,s2.536384,s257.613398
121_83,s-3.618503,s-2.309625,s13.580670
121_84,s-4.099283,s2.691645,s222.083749
121_85,s1.269548,s4.030459,s254.953416
121_86,s-3.046050,s2.464068,s42.074402
121_87,s-3.771366,s0.701037,s27.078648
121_88,s-0.126885,s3.996860,s290.485009
121_89,s-0.693276,s-3.592031,s114.355143
121_90,s3.409525,s-1.865019,s96.503664
121_91,s3.035824,s-3.306453,s98.853834
121_92,s4.649844,s-0.473088,s134.605005
121_93,s1.719370,s-4.088801,s326.160755
121_94,s-2.291503,s3.200242,s285.580422
121_95,s3.189374,s1.121023,s258.580774
121_96,s4.263289,s-1.486715,s228.775424
121_97,s3.770410,s2.314738,s206.182421
121_98,s-0.758490,s3.879281,s117.445652
121_99,s-0.401402,s-4.268727,s2.417343
121_100,s2.056941,s3.849596,s285.078518
121_101,s-2.422423,s-3.758467,s218.543768
121_102,s-4.627166,s-0.290083,s287.414595
121_103,s3.351747,s3.138838,s287.835747
121_104,s4.025877,s-2.955743,s264.473974
121_105,s-1.533617,s4.556911,s219.795476
121_106,s-2.594037,s3.734122,s291.226014
121_107,s-0.168309,s-4.519236,s222.492236
121_108,s4.680143,s0.170430,s131.719600
121_109,s4.420586,s1.053848,s76.305332
121_110,s2.714875,s4.240494,s295.711505
121_111,s-4.631264,s0.874383,s292.972140
121_112,s-3.473993,s-3.180617,s200.787344
121_113,s4.048866,s2.791470,s143.168179
121_114,s4.080521,s-2.158056,s-0.573802
121_115,s1.227880,s-4.346853,s222.492236
121_116,s4.731106,s-1.586423,s99.130320
121_117,s-4.479308,s-1.059745,s56.816446
121_118,s1.331463,s4.434919,s131.950567
121_119,s-4.465226,s-1.890242,s214.506900
121_120,s0.837481,s-4.612335,s147.124538
122_0,s-0.502968,s0.254997,s222.859483
122_1,s0.375263,s-0.048300,s32.461180
122_2,s0.304365,s0.545589,s134.486915
122_3,s-0.401085,s1.041912,s151.469493
122_4,s1.369071,s-0.424726,s71.264522
122_5,s-0.735808,s-0.577602,s111.321193
122_6,s0.321354,s1.209870,s0.906503
122_7,s-1.067422,s-1.249170,s194.195311
122_8,s1.426924,s-0.059935,s327.854022
122_9,s-0.271859,s-0.466517,s291.713968
122_10,s1.221055,s0.315519,s71.567632
122_11,s0.746667,s-0.859552,s303.575322
122_12,s-1.778772,s1.450408,s301.039402
122_13,s0.259103,s-0.884140,s118.205658
122_14,s1.784609,s-1.060539,s79.503896
122_15,s-2.415634,s-0.074906,s306.045152
122_16,s-2.580823,s1.532692,s117.445652
122_17,s0.577241,s1.648483,s60.101240
122_18,s0.673505,s-1.679604,s337.686654
122_19,s1.307344,s1.083018,s84.984472
122_20,s1.948642,s-0.321681,s222.492236
122_21,s-1.821857,s0.365279,s162.928292
122_22,s-1.660293,s-1.328758,s231.855899
122_23,s1.273547,s1.552694,s299.176402
122_24,s-0.113268,s1.639897,s99.286440
122_25,s0.270055,s-2.000659,s227.939290
122_26,s1.547451,s0.646325,s306.872606
122_27,s-0.687710,s-1.870119,s242.689973
122_28,s0.154104,s2.214652,s33.209249
122_29,s-2.249994,s-0.738294,s286.732488
122_30,s2.019695,s2.495050,s36.908019
122_31,s-1.126947,s-2.072204,s292.188275
122_32,s2.154511,s3.041253,s309.300773
122_33,s-1.364390,s2.003189,s200.544666
122_34,s-0.583267,s2.561394,s291.000157
122_35,s-0.802528,s-2.577331,s133.088201
122_36,s2.902606,s-1.252364,s104.147571
122_37,s-2.799985,s3.081599,s166.773131
122_38,s-1.913713,s2.311308,s280.779107
122_39,s0.346163,s3.326377,s294.656578
122_40,s2.347117,s0.354229,s49.497021
122_41,s-2.004401,s-1.812916,s163.468790
122_42,s-2.751688,s0.723364,s0.244872
122_43,s0.852577,s-2.426926,s169.968944
122_44,s-3.089800,s-0.200029,s135.277051
122_45,s-2.566425,s-2.354534,s30.691969
122_46,s1.576856,s-1.817672,s172.306387
122_47,s0.739804,s2.084995,s97.264305
122_48,s-1.508838,s-2.552899,s285.951004
122_49,s3.023532,s-0.645017,s339.518307
122_50,s0.564949,s-2.780917,s105.721938
122_51,s2.637943,s1.506143,s340.432562
122_52,s1.216138,s2.427495,s0.739922
122_53,s-1.089164,s3.331473,s176.358752
122_54,s2.852126,s1.784109,s66.445577
122_55,s-1.001901,s-2.876284,s144.420815
122_56,s2.276773,s-2.369871,s287.414595
122_57,s2.813598,s0.117412,s73.254909
122_58,s-3.109643,s-1.000890,s303.265721
122_59,s1.598118,s-2.898790,s220.405068
122_60,s0.837811,s-3.367227,s208.074073
122_61,s3.192151,s-2.409115,s263.527847
122_62,s-0.592788,s3.626374,s205.239814
122_63,s0.055659,s-3.080638,s284.504310
122_64,s-1.382933,s-3.239793,s192.901967
122_65,s-3.034395,s1.964408,s202.430124
122_66,s3.446288,s0.082201,s293.250094
122_67,s1.557482,s-3.611294,s288.457749
122_68,s-2.011738,s-2.571601,s212.942102
122_69,s-3.398963,s1.030283,s252.764278
122_70,s2.666274,s-2.375459,s191.421638
122_71,s-4.047898,s-1.419293,s307.476708
122_72,s-3.000386,s-2.262150,s131.424713
122_73,s-1.529083,s-4.666037,s141.931867
122_74,s-3.673227,s-0.041834,s213.517045
122_75,s2.220308,s-3.540223,s290.568544
122_76,s0.650625,s4.094017,s263.292334
122_77,s-3.898729,s-0.850557,s217.451723
122_78,s-2.881912,s-3.156991,s222.492236
122_79,s3.586103,s-0.405712,s-1.424260
122_80,s4.182843,s0.460249,s295.453320
122_81,s-1.313217,s4.039811,s331.001522
122_82,s2.612149,s2.536384,s257.613398
122_83,s-3.698322,s-2.304115,s20.191417
122_84,s-4.099283,s2.691645,s222.083749
122_85,s1.269548,s4.030459,s254.953416
122_86,s-3.046050,s2.464068,s42.074402
122_87,s-3.747062,s0.710831,s142.586873
122_88,s-0.126885,s3.996860,s290.485009
122_89,s-0.693276,s-3.592031,s114.355143
122_90,s3.409525,s-1.865019,s96.503664
122_91,s3.035824,s-3.306453,s98.853834
122_92,s4.723195,s-0.582940,s132.598571
122_93,s1.719370,s-4.088801,s326.160755
122_94,s-2.291503,s3.200242,s285.580422
122_95,s3.018909,s0.939765,s261.628492
122_96,s4.263289,s-1.486715,s228.775424
122_97,s3.770410,s2.314738,s206.182421
122_98,s-0.758490,s3.879281,s117.445652
122_99,s-0.145878,s-4.064679,s15.822371
122_100,s2.056941,s3.849596,s285.078518
122_101,s-2.422423,s-3.758467,s218.543768
122_102,s-4.666386,s-0.363116,s290.895522
122_103,s3.429125,s3.122358,s84.984472
122_104,s4.178040,s-3.180133,s264.237334
122_105,s-1.533617,s4.556911,s219.795476
122_106,s-2.594037,s3.734122,s291.226014
122_107,s-0.135454,s-4.546153,s202.430124
122_108,s4.680143,s0.170430,s131.719600
122_109,s4.420586,s1.053848,s76.305332
122_110,s2.714875,s4.240494,s295.711505
122_111,s-4.552765,s0.968434,s280.395787
122_112,s-3.473993,s-3.180617,s200.787344
122_113,s4.048866,s2.791470,s143.168179
122_114,s4.080521,s-2.158056,s-0.573802
122_115,s1.238701,s-4.374855,s231.125293
122_116,s4.731106,s-1.586423,s99.130320
122_117,s-4.557333,s-1.011146,s42.285504
122_118,s1.331463,s4.434919,s131.950567
122_119,s-4.465226,s-1.890242,s214.506900
122_120,s0.837481,s-4.612335,s147.124538
122_121,s2.276873,s-3.933557,s211.571671
123_0,s-0.502968,s0.254997,s222.859483
123_1,s0.375263,s-0.048300,s32.461180
123_2,s0.304365,s0.545589,s134.486915
123_3,s-0.401085,s1.041912,s151.469493
123_4,s1.369071,s-0.424726,s71.264522
123_5,s-0.735808,s-0.577602,s111.321193
123_6,s0.321354,s1.209870,s0.906503
123_7,s-1.067422,s-1.249170,s194.195311
123_8,s1.426924,s-0.059935,s327.854022
123_9,s-0.271859,s-0.466517,s291.713968
123_10,s1.221055,s0.315519,s71.567632
123_11,s0.746667,s-0.859552,s303.575322
123_12,s-1.778772,s1.450408,s301.039402
123_13,s0.259103,s-0.884140,s118.205658
123_14,s1.784609,s-1.060539,s79.503896
123_15,s-2.415634,s-0.074906,s306.045152
123_16,s-2.580823,s1.532692,s117.445652
123_17,s0.577241,s1.648483,s60.101240
123_18,s0.673505,s-1.679604,s337.686654
123_19,s1.307344,s1.083018,s84.984472
123_20,s1.948642,s-0.321681,s222.492236
123_21,s-1.821857,s0.365279,s162.928292
123_22,s-1.660293,s-1.328758,s231.855899
123_23,s1.273547,s1.552694,s299.176402
123_24,s-0.113268,s1.639897,s99.286440
123_25,s0.270055,s-2.000659,s227.939290
123_26,s1.547451,s0.646325,s306.872606
123_27,s-0.687710,s-1.870119,s242.689973
123_28,s0.154104,s2.214652,s33.209249
123_29,s-2.249994,s-0.738294,s286.732488
123_30,s2.019695,s2.495050,s36.908019
123_31,s-1.126947,s-2.072204,s292.188275
123_32,s2.154511,s3.041253,s309.300773
123_33,s-1.364390,s2.003189,s200.544666
123_34,s-0.583267,s2.561394,s291.000157
123_35,s-0.802528,s-2.577331,s133.088201
123_36,s2.902606,s-1.252364,s104.147571
123_37,s-2.799985,s3.081599,s166.773131
123_38,s-1.913713,s2.311308,s280.779107
123_39,s0.346163,s3.326377,s294.656578
123_40,s2.347117,s0.354229,s49.497021
123_41,s-2.004401,s-1.812916,s163.468790
123_42,s-2.751688,s0.723364,s0.244872
123_43,s0.852577,s-2.426926,s169.968944
123_44,s-3.089800,s-0.200029,s135.277051
123_45,s-2.566425,s-2.354534,s30.691969
123_46,s1.576856,s-1.817672,s172.306387
123_47,s0.739804,s2.084995,s97.264305
123_48,s-1.508838,s-2.552899,s285.951004
123_49,s3.023532,s-0.645017,s339.518307
123_50,s0.564949,s-2.780917,s105.721938
123_51,s2.637943,s1.506143,s340.432562
123_52,s1.216138,s2.427495,s0.739922
123_53,s-1.089164,s3.331473,s176.358752
123_54,s2.852126,s1.784109,s66.445577
123_55,s-1.001901,s-2.876284,s144.420815
123_56,s2.276773,s-2.369871,s287.414595
123_57,s2.813598,s0.117412,s73.254909
123_58,s-3.109643,s-1.000890,s303.265721
123_59,s1.598118,s-2.898790,s220.405068
123_60,s0.837811,s-3.367227,s208.074073
123_61,s3.192151,s-2.409115,s263.527847
123_62,s-0.592788,s3.626374,s205.239814
123_63,s0.055659,s-3.080638,s284.504310
123_64,s-1.382933,s-3.239793,s192.901967
123_65,s-3.034395,s1.964408,s202.430124
123_66,s3.446288,s0.082201,s293.250094
123_67,s1.557482,s-3.611294,s288.457749
123_68,s-2.011738,s-2.571601,s212.942102
123_69,s-3.398963,s1.030283,s252.764278
123_70,s2.666274,s-2.375459,s191.421638
123_71,s-4.047898,s-1.419293,s307.476708
123_72,s-3.000386,s-2.262150,s131.424713
123_73,s-1.529083,s-4.666037,s141.931867
123_74,s-3.673227,s-0.041834,s213.517045
123_75,s2.220308,s-3.540223,s290.568544
123_76,s0.650625,s4.094017,s263.292334
123_77,s-3.898729,s-0.850557,s217.451723
123_78,s-2.881912,s-3.156991,s222.492236
123_79,s3.586103,s-0.405712,s-1.424260
123_80,s4.182843,s0.460249,s295.453320
123_81,s-1.313217,s4.039811,s331.001522
123_82,s2.612149,s2.536384,s257.613398
123_83,s-3.698322,s-2.304115,s20.191417
123_84,s-4.099283,s2.691645,s222.083749
123_85,s1.269548,s4.030459,s254.953416
123_86,s-3.046050,s2.464068,s42.074402
123_87,s-3.747062,s0.710831,s142.586873
123_88,s-0.126885,s3.996860,s290.485009
123_89,s-0.693276,s-3.592031,s114.355143
123_90,s3.409525,s-1.865019,s96.503664
123_91,s3.035824,s-3.306453,s98.853834
123_92,s4.723195,s-0.582940,s132.598571
123_93,s1.719370,s-4.088801,s326.160755
123_94,s-2.291503,s3.200242,s285.580422
123_95,s3.018909,s0.939765,s261.628492
123_96,s4.263289,s-1.486715,s228.775424
123_97,s3.770410,s2.314738,s206.182421
123_98,s-0.758490,s3.879281,s117.445652
123_99,s-0.145878,s-4.064679,s15.822371
123_100,s2.056941,s3.849596,s285.078518
123_101,s-2.422423,s-3.758467,s218.543768
123_102,s-4.666386,s-0.363116,s290.895522
123_103,s3.429125,s3.122358,s84.984472
123_104,s4.178040,s-3.180133,s264.237334
123_105,s-1.533617,s4.556911,s219.795476
123_106,s-2.594037,s3.734122,s291.226014
123_107,s-0.135454,s-4.546153,s202.430124
123_108,s4.680143,s0.170430,s131.719600
123_109,s4.420586,s1.053848,s76.305332
123_110,s2.714875,s4.240494,s295.711505
123_111,s-4.552765,s0.968434,s280.395787
123_112,s-3.473993,s-3.180617,s200.787344
123_113,s4.048866,s2.791470,s143.168179
123_114,s4.080521,s-2.158056,s-0.573802
123_115,s1.238701,s-4.374855,s231.125293
123_116,s4.731106,s-1.586423,s99.130320
123_117,s-4.557333,s-1.011146,s42.285504
123_118,s1.331463,s4.434919,s131.950567
123_119,s-4.465226,s-1.890242,s214.506900
123_120,s0.837481,s-4.612335,s147.124538
123_121,s2.276873,s-3.933557,s211.571671
123_122,s-3.761929,s-2.733201,s146.319827
124_0,s-0.502968,s0.254997,s222.859483
124_1,s0.375263,s-0.048300,s32.461180
124_2,s0.304365,s0.545589,s134.486915
124_3,s-0.401085,s1.041912,s151.469493
124_4,s1.369071,s-0.424726,s71.264522
124_5,s-0.735808,s-0.577602,s111.321193
124_6,s0.321354,s1.209870,s0.906503
124_7,s-1.067422,s-1.249170,s194.195311
124_8,s1.426924,s-0.059935,s327.854022
124_9,s-0.271859,s-0.466517,s291.713968
124_10,s1.221055,s0.315519,s71.567632
124_11,s0.746667,s-0.859552,s303.575322
124_12,s-1.778772,s1.450408,s301.039402
124_13,s0.259103,s-0.884140,s118.205658
124_14,s1.784609,s-1.060539,s79.503896
124_15,s-2.415634,s-0.074906,s306.045152
124_16,s-2.580823,s1.532692,s117.445652
124_17,s0.577241,s1.648483,s60.101240
124_18,s0.673505,s-1.679604,s337.686654
124_19,s1.307344,s1.083018,s84.984472
124_20,s1.948642,s-0.321681,s222.492236
124_21,s-1.821857,s0.365279,s162.928292
124_22,s-1.660293,s-1.328758,s231.855899
124_23,s1.273547,s1.552694,s299.176402
124_24,s-0.113268,s1.639897,s99.286440
124_25,s0.270055,s-2.000659,s227.939290
124_26,s1.547451,s0.646325,s306.872606
124_27,s-0.687710,s-1.870119,s242.689973
124_28,s0.154104,s2.214652,s33.209249
124_29,s-2.249994,s-0.738294,s286.732488
124_30,s2.019695,s2.495050,s36.908019
124_31,s-1.126947,s-2.072204,s292.188275
124_32,s2.154511,s3.041253,s309.300773
124_33,s-1.364390,s2.003189,s200.544666
124_34,s-0.583267,s2.561394,s291.000157
124_35,s-0.802528,s-2.577331,s133.088201
124_36,s2.902606,s-1.252364,s104.147571
124_37,s-2.799985,s3.081599,s166.773131
124_38,s-1.913713,s2.311308,s280.779107
124_39,s0.346163,s3.326377,s294.656578
124_40,s2.347117,s0.354229,s49.497021
124_41,s-2.004401,s-1.812916,s163.468790
124_42,s-2.751688,s0.723364,s0.244872
124_43,s0.852577,s-2.426926,s169.968944
124_44,s-3.089800,s-0.200029,s135.277051
124_45,s-2.566425,s-2.354534,s30.691969
124_46,s1.576856,s-1.817672,s172.306387
124_47,s0.739804,s2.084995,s97.264305
124_48,s-1.508838,s-2.552899,s285.951004
124_49,s3.023532,s-0.645017,s339.518307
124_50,s0.564949,s-2.780917,s105.721938
124_51,s2.637943,s1.506143,s340.432562
124_52,s1.216138,s2.427495,s0.739922
124_53,s-1.089164,s3.331473,s176.358752
124_54,s2.852126,s1.784109,s66.445577
124_55,s-1.001901,s-2.876284,s144.420815
124_56,s2.276773,s-2.369871,s287.414595
124_57,s2.813598,s0.117412,s73.254909
124_58,s-3.109643,s-1.000890,s303.265721
124_59,s1.598118,s-2.898790,s220.405068
124_60,s0.837811,s-3.367227,s208.074073
124_61,s3.192151,s-2.409115,s263.527847
124_62,s-0.592788,s3.626374,s205.239814
124_63,s0.055659,s-3.080638,s284.504310
124_64,s-1.382933,s-3.239793,s192.901967
124_65,s-3.034395,s1.964408,s202.430124
124_66,s3.446288,s0.082201,s293.250094
124_67,s1.557482,s-3.611294,s288.457749
124_68,s-2.011738,s-2.571601,s212.942102
124_69,s-3.398963,s1.030283,s252.764278
124_70,s2.666274,s-2.375459,s191.421638
124_71,s-4.047898,s-1.419293,s307.476708
124_72,s-3.000386,s-2.262150,s131.424713
124_73,s-1.529083,s-4.666037,s141.931867
124_74,s-3.673227,s-0.041834,s213.517045
124_75,s2.220308,s-3.540223,s290.568544
124_76,s0.650625,s4.094017,s263.292334
124_77,s-3.898729,s-0.850557,s217.451723
124_78,s-2.881912,s-3.156991,s222.492236
124_79,s3.586103,s-0.405712,s-1.424260
124_80,s4.182843,s0.460249,s295.453320
124_81,s-1.313217,s4.039811,s331.001522
124_82,s2.612149,s2.536384,s257.613398
124_83,s-3.698322,s-2.304115,s20.191417
124_84,s-4.099283,s2.691645,s222.083749
124_85,s1.269548,s4.030459,s254.953416
124_86,s-3.046050,s2.464068,s42.074402
124_87,s-3.747062,s0.710831,s142.586873
124_88,s-0.126885,s3.996860,s290.485009
124_89,s-0.693276,s-3.592031,s114.355143
124_90,s3.409525,s-1.865019,s96.503664
124_91,s3.035824,s-3.306453,s98.853834
124_92,s4.723195,s-0.582940,s132.598571
124_93,s1.719370,s-4.088801,s326.160755
124_94,s-2.291503,s3.200242,s285.580422
124_95,s3.018909,s0.939765,s261.628492
124_96,s4.263289,s-1.486715,s228.775424
124_97,s3.770410,s2.314738,s206.182421
124_98,s-0.758490,s3.879281,s117.445652
124_99,s-0.145878,s-4.064679,s15.822371
124_100,s2.056941,s3.849596,s285.078518
124_101,s-2.422423,s-3.758467,s218.543768
124_102,s-4.666386,s-0.363116,s290.895522
124_103,s3.429125,s3.122358,s84.984472
124_104,s4.178040,s-3.180133,s264.237334
124_105,s-1.533617,s4.556911,s219.795476
124_106,s-2.594037,s3.734122,s291.226014
124_107,s-0.135454,s-4.546153,s202.430124
124_108,s4.680143,s0.170430,s131.719600
124_109,s4.420586,s1.053848,s76.305332
124_110,s2.714875,s4.240494,s295.711505
124_111,s-4.552765,s0.968434,s280.395787
124_112,s-3.473993,s-3.180617,s200.787344
124_113,s4.048866,s2.791470,s143.168179
124_114,s4.080521,s-2.158056,s-0.573802
124_115,s1.238701,s-4.374855,s231.125293
124_116,s4.731106,s-1.586423,s99.130320
124_117,s-4.557333,s-1.011146,s42.285504
124_118,s1.331463,s4.434919,s131.950567
124_119,s-4.465226,s-1.890242,s214.506900
124_120,s0.837481,s-4.612335,s147.124538
124_121,s2.276873,s-3.933557,s211.571671
124_122,s-3.761929,s-2.733201,s146.319827
124_123,s-3.894404,s1.915520,s163.048638
125_0,s-0.502968,s0.254997,s222.859483
125_1,s0.375263,s-0.048300,s32.461180
125_2,s0.304365,s0.545589,s134.486915
125_3,s-0.401085,s1.041912,s151.469493
125_4,s1.369071,s-0.424726,s71.264522
125_5,s-0.735808,s-0.577602,s111.321193
125_6,s0.321354,s1.209870,s0.906503
125_7,s-1.067422,s-1.249170,s194.195311
125_8,s1.426924,s-0.059935,s327.854022
125_9,s-0.271859,s-0.466517,s291.713968
125_10,s1.221055,s0.315519,s71.567632
125_11,s0.746667,s-0.859552,s303.575322
125_12,s-1.778772,s1.450408,s301.039402
125_13,s0.259103,s-0.884140,s118.205658
125_14,s1.784609,s-1.060539,s79.503896
125_15,s-2.415634,s-0.074906,s306.045152
125_16,s-2.580823,s1.532692,s117.445652
125_17,s0.577241,s1.648483,s60.101240
125_18,s0.673505,s-1.679604,s337.686654
125_19,s1.307344,s1.083018,s84.984472
125_20,s1.948642,s-0.321681,s222.492236
125_21,s-1.821857,s0.365279,s162.928292
125_22,s-1.660293,s-1.328758,s231.855899
125_23,s1.273547,s1.552694,s299.176402
125_24,s-0.113268,s1.639897,s99.286440
125_25,s0.270055,s-2.000659,s227.939290
125_26,s1.547451,s0.646325,s306.872606
125_27,s-0.687710,s-1.870119,s242.689973
125_28,s0.154104,s2.214652,s33.209249
125_29,s-2.249994,s-0.738294,s286.732488
125_30,s2.019695,s2.495050,s36.908019
125_31,s-1.126947,s-2.072204,s292.188275
125_32,s2.154511,s3.041253,s309.300773
125_33,s-1.364390,s2.003189,s200.544666
125_34,s-0.583267,s2.561394,s291.000157
125_35,s-0.802528,s-2.577331,s133.088201
125_36,s2.902606,s-1.252364,s104.147571
125_37,s-2.799985,s3.081599,s166.773131
125_38,s-1.913713,s2.311308,s280.779107
125_39,s0.346163,s3.326377,s294.656578
125_40,s2.347117,s0.354229,s49.497021
125_41,s-2.004401,s-1.812916,s163.468790
125_42,s-2.751688,s0.723364,s0.244872
125_43,s0.852577,s-2.426926,s169.968944
125_44,s-3.089800,s-0.200029,s135.277051
125_45,s-2.566425,s-2.354534,s30.691969
125_46,s1.576856,s-1.817672,s172.306387
125_47,s0.739804,s2.084995,s97.264305
125_48,s-1.508838,s-2.552899,s285.951004
125_49,s3.023532,s-0.645017,s339.518307
125_50,s0.564949,s-2.780917,s105.721938
125_51,s2.637943,s1.506143,s340.432562
125_52,s1.216138,s2.427495,s0.739922
125_53,s-1.089164,s3.331473,s176.358752
125_54,s2.852126,s1.784109,s66.445577
125_55,s-1.001901,s-2.876284,s144.420815
125_56,s2.276773,s-2.369871,s287.414595
125_57,s2.813598,s0.117412,s73.254909
125_58,s-3.109643,s-1.000890,s303.265721
125_59,s1.598118,s-2.898790,s220.405068
125_60,s0.837811,s-3.367227,s208.074073
125_61,s3.192151,s-2.409115,s263.527847
125_62,s-0.592788,s3.626374,s205.239814
125_63,s0.055659,s-3.080638,s284.504310
125_64,s-1.382933,s-3.239793,s192.901967
125_65,s-3.034395,s1.964408,s202.430124
125_66,s3.446288,s0.082201,s293.250094
125_67,s1.557482,s-3.611294,s288.457749
125_68,s-2.011738,s-2.571601,s212.942102
125_69,s-3.398963,s1.030283,s252.764278
125_70,s2.666274,s-2.375459,s191.421638
125_71,s-4.047898,s-1.419293,s307.476708
125_72,s-3.000386,s-2.262150,s131.424713
125_73,s-1.529083,s-4.666037,s141.931867
125_74,s-3.673227,s-0.041834,s213.517045
125_75,s2.220308,s-3.540223,s290.568544
125_76,s0.650625,s4.094017,s263.292334
125_77,s-3.898729,s-0.850557,s217.451723
125_78,s-2.881912,s-3.156991,s222.492236
125_79,s3.586103,s-0.405712,s-1.424260
125_80,s4.182843,s0.460249,s295.453320
125_81,s-1.313217,s4.039811,s331.001522
125_82,s2.612149,s2.536384,s257.613398
125_83,s-3.698322,s-2.304115,s20.191417
125_84,s-4.099283,s2.691645,s222.083749
125_85,s1.269548,s4.030459,s254.953416
125_86,s-3.046050,s2.464068,s42.074402
125_87,s-3.747062,s0.710831,s142.586873
125_88,s-0.126885,s3.996860,s290.485009
125_89,s-0.693276,s-3.592031,s114.355143
125_90,s3.409525,s-1.865019,s96.503664
125_91,s3.035824,s-3.306453,s98.853834
125_92,s4.723195,s-0.582940,s132.598571
125_93,s1.719370,s-4.088801,s326.160755
125_94,s-2.291503,s3.200242,s285.580422
125_95,s3.018909,s0.939765,s261.628492
125_96,s4.263289,s-1.486715,s228.775424
125_97,s3.770410,s2.314738,s206.182421
125_98,s-0.758490,s3.879281,s117.445652
125_99,s-0.145878,s-4.064679,s15.822371
125_100,s2.056941,s3.849596,s285.078518
125_101,s-2.422423,s-3.758467,s218.543768
125_102,s-4.666386,s-0.363116,s290.895522
125_103,s3.429125,s3.122358,s84.984472
125_104,s4.178040,s-3.180133,s264.237334
125_105,s-1.533617,s4.556911,s219.795476
125_106,s-2.594037,s3.734122,s291.226014
125_107,s-0.135454,s-4.546153,s202.430124
125_108,s4.680143,s0.170430,s131.719600
125_109,s4.420586,s1.053848,s76.305332
125_110,s2.714875,s4.240494,s295.711505
125_111,s-4.552765,s0.968434,s280.395787
125_112,s-3.473993,s-3.180617,s200.787344
125_113,s4.048866,s2.791470,s143.168179
125_114,s4.080521,s-2.158056,s-0.573802
125_115,s1.238701,s-4.374855,s231.125293
125_116,s4.731106,s-1.586423,s99.130320
125_117,s-4.557333,s-1.011146,s42.285504
125_118,s1.331463,s4.434919,s131.950567
125_119,s-4.465226,s-1.890242,s214.506900
125_120,s0.837481,s-4.612335,s147.124538
125_121,s2.276873,s-3.933557,s211.571671
125_122,s-3.761929,s-2.733201,s146.319827
125_123,s-3.894404,s1.915520,s163.048638
125_124,s0.167933,s4.471848,s33.365555
126_0,s-0.502968,s0.254997,s222.859483
126_1,s0.375263,s-0.048300,s32.461180
126_2,s0.304365,s0.545589,s134.486915
126_3,s-0.572205,s1.227659,s143.551830
126_4,s1.369071,s-0.424726,s71.264522
126_5,s-0.735808,s-0.577602,s111.321193
126_6,s0.321354,s1.209870,s0.906503
126_7,s-1.067422,s-1.249170,s194.195311
126_8,s1.426924,s-0.059935,s327.854022
126_9,s-0.271859,s-0.466517,s291.713968
126_10,s1.162852,s0.409330,s66.610606
126_11,s0.746667,s-0.859552,s303.575322
126_12,s-1.807114,s1.492067,s200.396698
126_13,s0.259103,s-0.884140,s118.205658
126_14,s1.853858,s-1.108228,s74.141997
126_15,s-2.415634,s-0.074906,s306.045152
126_16,s-2.580823,s1.532692,s117.445652
126_17,s0.577241,s1.648483,s60.101240
126_18,s0.673505,s-1.679604,s337.686654
126_19,s1.307344,s1.083018,s84.984472
126_20,s2.066423,s-0.305681,s231.391660
126_21,s-1.821857,s0.365279,s162.928292
126_22,s-1.660293,s-1.328758,s231.855899
126_23,s1.273547,s1.552694,s299.176402
126_24,s-0.113268,s1.639897,s99.286440
126_25,s0.270055,s-2.000659,s227.939290
126_26,s1.547451,s0.646325,s306.872606
126_27,s-0.687710,s-1.870119,s242.689973
126_28,s0.154104,s2.214652,s33.209249
126_29,s-2.115068,s-0.778588,s278.979768
126_30,s1.968450,s2.540788,s32.852800
126_31,s-1.126947,s-2.072204,s292.188275
126_32,s2.154511,s3.041253,s309.300773
126_33,s-1.364390,s2.003189,s200.544666
126_34,s-0.583267,s2.561394,s291.000157
126_35,s-0.802528,s-2.577331,s133.088201
126_36,s2.976220,s-1.266669,s112.100795
126_37,s-2.799985,s3.081599,s166.773131
126_38,s-1.955726,s2.362599,s276.523113
126_39,s0.370363,s3.201560,s296.501072
126_40,s2.347117,s0.354229,s49.497021
126_41,s-2.004401,s-1.812916,s163.468790
126_42,s-2.751688,s0.723364,s0.244872
126_43,s0.852577,s-2.426926,s169.968944
126_44,s-3.089800,s-0.200029,s135.277051
126_45,s-2.566425,s-2.354534,s30.691969
126_46,s1.587704,s-1.853791,s35.967653
126_47,s0.739804,s2.084995,s97.264305
126_48,s-1.508838,s-2.552899,s285.951004
126_49,s3.023532,s-0.645017,s339.518307
126_50,s0.564949,s-2.780917,s105.721938
126_51,s2.637943,s1.506143,s340.432562
126_52,s1.242966,s2.585062,s-16.839679
126_53,s-1.089164,s3.331473,s176.358752
126_54,s2.852126,s1.784109,s66.445577
126_55,s-1.001901,s-2.876284,s144.420815
126_56,s2.276773,s-2.369871,s287.414595
126_57,s2.813598,s0.117412,s73.254909
126_58,s-3.165175,s-1.154146,s317.008252
126_59,s1.598118,s-2.898790,s220.405068
126_60,s0.837811,s-3.367227,s208.074073
126_61,s3.192151,s-2.409115,s263.527847
126_62,s-0.592788,s3.626374,s205.239814
126_63,s0.055659,s-3.080638,s284.504310
126_64,s-1.382933,s-3.239793,s192.901967
126_65,s-3.034395,s1.964408,s202.430124
126_66,s3.446288,s0.082201,s293.250094
126_67,s1.557482,s-3.611294,s288.457749
126_68,s-2.011738,s-2.571601,s212.942102
126_69,s-3.398963,s1.030283,s252.764278
126_70,s2.666274,s-2.375459,s191.421638
126_71,s-4.047898,s-1.419293,s307.476708
126_72,s-3.000386,s-2.262150,s131.424713
126_73,s-1.472544,s-4.685072,s-28.629610
126_74,s-3.673227,s-0.041834,s213.517045
126_75,s2.220308,s-3.540223,s290.568544
126_76,s0.650625,s4.094017,s263.292334
126_77,s-3.898729,s-0.850557,s217.451723
126_78,s-2.881912,s-3.156991,s222.492236
126_79,s3.586103,s-0.405712,s-1.424260
126_80,s4.182843,s0.460249,s295.453320
126_81,s-1.313217,s4.039811,s331.001522
126_82,s2.647892,s2.574685,s256.528022
126_83,s-3.698322,s-2.304115,s20.191417
126_84,s-4.099283,s2.691645,s222.083749
126_85,s1.269548,s4.030459,s254.953416
126_86,s-3.046050,s2.464068,s42.074402
126_87,s-3.747062,s0.710831,s142.586873
126_88,s-0.126885,s3.996860,s290.485009
126_89,s-0.693276,s-3.592031,s114.355143
126_90,s3.528894,s-1.801496,s83.056018
126_91,s3.035824,s-3.306453,s98.853834
126_92,s4.690423,s-0.763409,s133.280950
126_93,s1.719370,s-4.088801,s326.160755
126_94,s-2.291503,s3.200242,s285.580422
126_95,s3.018909,s0.939765,s261.628492
126_96,s4.263289,s-1.486715,s228.775424
126_97,s3.770410,s2.314738,s206.182421
126_98,s-0.758490,s3.879281,s117.445652
126_99,s-0.145878,s-4.064679,s15.822371
126_100,s2.056941,s3.849596,s285.078518
126_101,s-2.422423,s-3.758467,s218.543768
126_102,s-4.666386,s-0.363116,s290.895522
126_103,s3.549446,s3.264487,s81.992255
126_104,s4.251190,s-3.188492,s296.779912
126_105,s-1.533617,s4.556911,s219.795476
126_106,s-2.594037,s3.734122,s291.226014
126_107,s-0.177247,s-4.513964,s132.040782
126_108,s4.632417,s0.118241,s222.492236
126_109,s4.283151,s1.085227,s75.331345
126_110,s2.747523,s4.417430,s308.473612
126_111,s-4.552765,s0.968434,s280.395787
126_112,s-3.635027,s-3.583194,s191.281468
126_113,s4.038796,s2.800854,s327.145153
126_114,s4.059997,s-2.108208,s197.719915
126_115,s1.238701,s-4.374855,s231.125293
126_116,s4.731106,s-1.586423,s99.130320
126_117,s-4.557333,s-1.011146,s42.285504
126_118,s1.331463,s4.434919,s131.950567
126_119,s-4.785055,s-1.814986,s32.797621
126_120,s0.837481,s-4.612335,s147.124538
126_121,s2.276873,s-3.933557,s211.571671
126_122,s-3.761929,s-2.733201,s146.319827
126_123,s-3.894404,s1.915520,s163.048638
126_124,s0.167933,s4.471848,s33.365555
126_125,s3.457282,s-3.577405,s143.039052
127_0,s-0.502968,s0.254997,s222.859483
127_1,s0.375263,s-0.048300,s32.461180
127_2,s0.304365,s0.545589,s134.486915
127_3,s-0.572205,s1.227659,s143.551830
127_4,s1.369071,s-0.424726,s71.264522
127_5,s-0.735808,s-0.577602,s111.321193
127_6,s0.321354,s1.209870,s0.906503
127_7,s-1.067422,s-1.249170,s194.195311
127_8,s1.426924,s-0.059935,s327.854022
127_9,s-0.271859,s-0.466517,s291.713968
127_10,s1.162852,s0.409330,s66.610606
127_11,s0.746667,s-0.859552,s303.575322
127_12,s-1.807114,s1.492067,s200.396698
127_13,s0.259103,s-0.884140,s118.205658
127_14,s1.853858,s-1.108228,s74.141997
127_15,s-2.415634,s-0.074906,s306.045152
127_16,s-2.580823,s1.532692,s117.445652
127_17,s0.577241,s1.648483,s60.101240
127_18,s0.673505,s-1.679604,s337.686654
127_19,s1.307344,s1.083018,s84.984472
127_20,s2.066423,s-0.305681,s231.391660
127_21,s-1.821857,s0.365279,s162.928292
127_22,s-1.660293,s-1.328758,s231.855899
127_23,s1.273547,s1.552694,s299.176402
127_24,s-0.113268,s1.639897,s99.286440
127_25,s0.270055,s-2.000659,s227.939290
127_26,s1.547451,s0.646325,s306.872606
127_27,s-0.687710,s-1.870119,s242.689973
127_28,s0.154104,s2.214652,s33.209249
127_29,s-2.115068,s-0.778588,s278.979768
127_30,s1.968450,s2.540788,s32.852800
127_31,s-1.126947,s-2.072204,s292.188275
127_32,s2.154511,s3.041253,s309.300773
127_33,s-1.364390,s2.003189,s200.544666
127_34,s-0.583267,s2.561394,s291.000157
127_35,s-0.802528,s-2.577331,s133.088201
127_36,s2.976220,s-1.266669,s112.100795
127_37,s-2.799985,s3.081599,s166.773131
127_38,s-1.955726,s2.362599,s276.523113
127_39,s0.370363,s3.201560,s296.501072
127_40,s2.347117,s0.354229,s49.497021
127_41,s-2.004401,s-1.812916,s163.468790
127_42,s-2.751688,s0.723364,s0.244872
127_43,s0.852577,s-2.426926,s169.968944
127_44,s-3.089800,s-0.200029,s135.277051
127_45,s-2.566425,s-2.354534,s30.691969
127_46,s1.587704,s-1.853791,s35.967653
127_47,s0.739804,s2.084995,s97.264305
127_48,s-1.508838,s-2.552899,s285.951004
127_49,s3.023532,s-0.645017,s339.518307
127_50,s0.564949,s-2.780917,s105.721938
127_51,s2.637943,s1.506143,s340.432562
127_52,s1.242966,s2.585062,s-16.839679
127_53,s-1.089164,s3.331473,s176.358752
127_54,s2.852126,s1.784109,s66.445577
127_55,s-1.001901,s-2.876284,s144.420815
127_56,s2.276773,s-2.369871,s287.414595
127_57,s2.813598,s0.117412,s73.254909
127_58,s-3.165175,s-1.154146,s317.008252
127_59,s1.598118,s-2.898790,s220.405068
127_60,s0.837811,s-3.367227,s208.074073
127_61,s3.192151,s-2.409115,s263.527847
127_62,s-0.592788,s3.626374,s205.239814
127_63,s0.055659,s-3.080638,s284.504310
127_64,s-1.382933,s-3.239793,s192.901967
127_65,s-3.034395,s1.964408,s202.430124
127_66,s3.446288,s0.082201,s293.250094
127_67,s1.557482,s-3.611294,s288.457749
127_68,s-2.011738,s-2.571601,s212.942102
127_69,s-3.398963,s1.030283,s252.764278
127_70,s2.666274,s-2.375459,s191.421638
127_71,s-4.047898,s-1.419293,s307.476708
127_72,s-3.000386,s-2.262150,s131.424713
127_73,s-1.472544,s-4.685072,s-28.629610
127_74,s-3.673227,s-0.041834,s213.517045
127_75,s2.220308,s-3.540223,s290.568544
127_76,s0.650625,s4.094017,s263.292334
127_77,s-3.898729,s-0.850557,s217.451723
127_78,s-2.881912,s-3.156991,s222.492236
127_79,s3.586103,s-0.405712,s-1.424260
127_80,s4.182843,s0.460249,s295.453320
127_81,s-1.313217,s4.039811,s331.001522
127_82,s2.647892,s2.574685,s256.528022
127_83,s-3.698322,s-2.304115,s20.191417
127_84,s-4.099283,s2.691645,s222.083749
127_85,s1.269548,s4.030459,s254.953416
127_86,s-3.046050,s2.464068,s42.074402
127_87,s-3.747062,s0.710831,s142.586873
127_88,s-0.126885,s3.996860,s290.485009
127_89,s-0.693276,s-3.592031,s114.355143
127_90,s3.528894,s-1.801496,s83.056018
127_91,s3.035824,s-3.306453,s98.853834
127_92,s4.690423,s-0.763409,s133.280950
127_93,s1.719370,s-4.088801,s326.160755
127_94,s-2.291503,s3.200242,s285.580422
127_95,s3.018909,s0.939765,s261.628492
127_96,s4.263289,s-1.486715,s228.775424
127_97,s3.770410,s2.314738,s206.182421
127_98,s-0.758490,s3.879281,s117.445652
127_99,s-0.145878,s-4.064679,s15.822371
127_100,s2.056941,s3.849596,s285.078518
127_101,s-2.422423,s-3.758467,s218.543768
127_102,s-4.666386,s-0.363116,s290.895522
127_103,s3.549446,s3.264487,s81.992255
127_104,s4.251190,s-3.188492,s296.779912
127_105,s-1.533617,s4.556911,s219.795476
127_106,s-2.594037,s3.734122,s291.226014
127_107,s-0.177247,s-4.513964,s132.040782
127_108,s4.632417,s0.118241,s222.492236
127_109,s4.283151,s1.085227,s75.331345
127_110,s2.747523,s4.417430,s308.473612
127_111,s-4.552765,s0.968434,s280.395787
127_112,s-3.635027,s-3.583194,s191.281468
127_113,s4.038796,s2.800854,s327.145153
127_114,s4.059997,s-2.108208,s197.719915
127_115,s1.238701,s-4.374855,s231.125293
127_116,s4.731106,s-1.586423,s99.130320
127_117,s-4.557333,s-1.011146,s42.285504
127_118,s1.331463,s4.434919,s131.950567
127_119,s-4.785055,s-1.814986,s32.797621
127_120,s0.837481,s-4.612335,s147.124538
127_121,s2.276873,s-3.933557,s211.571671
127_122,s-3.761929,s-2.733201,s146.319827
127_123,s-3.894404,s1.915520,s163.048638
127_124,s0.167933,s4.471848,s33.365555
127_125,s3.457282,s-3.577405,s143.039052
127_126,s-2.431644,s4.219480,s-1.675485
128_0,s-0.502968,s0.254997,s222.859483
128_1,s0.375263,s-0.048300,s32.461180
128_2,s0.304365,s0.545589,s134.486915
128_3,s-0.572205,s1.227659,s143.551830
128_4,s1.369071,s-0.424726,s71.264522
128_5,s-0.735808,s-0.577602,s111.321193
128_6,s0.321354,s1.209870,s0.906503
128_7,s-1.067422,s-1.249170,s194.195311
128_8,s1.426924,s-0.059935,s327.854022
128_9,s-0.271859,s-0.466517,s291.713968
128_10,s1.162852,s0.409330,s66.610606
128_11,s0.746667,s-0.859552,s303.575322
128_12,s-1.807114,s1.492067,s200.396698
128_13,s0.259103,s-0.884140,s118.205658
128_14,s1.853858,s-1.108228,s74.141997
128_15,s-2.415634,s-0.074906,s306.045152
128_16,s-2.580823,s1.532692,s117.445652
128_17,s0.577241,s1.648483,s60.101240
128_18,s0.673505,s-1.679604,s337.686654
128_19,s1.307344,s1.083018,s84.984472
128_20,s2.066423,s-0.305681,s231.391660
128_21,s-1.821857,s0.365279,s162.928292
128_22,s-1.660293,s-1.328758,s231.855899
128_23,s1.273547,s1.552694,s299.176402
128_24,s-0.113268,s1.639897,s99.286440
128_25,s0.270055,s-2.000659,s227.939290
128_26,s1.547451,s0.646325,s306.872606
128_27,s-0.687710,s-1.870119,s242.689973
128_28,s0.154104,s2.214652,s33.209249
128_29,s-2.115068,s-0.778588,s278.979768
128_30,s1.968450,s2.540788,s32.852800
128_31,s-1.126947,s-2.072204,s292.188275
128_32,s2.154511,s3.041253,s309.300773
128_33,s-1.364390,s2.003189,s200.544666
128_34,s-0.583267,s2.561394,s291.000157
128_35,s-0.802528,s-2.577331,s133.088201
128_36,s2.976220,s-1.266669,s112.100795
128_37,s-2.799985,s3.081599,s166.773131
128_38,s-1.955726,s2.362599,s276.523113
128_39,s0.370363,s3.201560,s296.501072
128_40,s2.347117,s0.354229,s49.497021
128_41,s-2.004401,s-1.812916,s163.468790
128_42,s-2.751688,s0.723364,s0.244872
128_43,s0.852577,s-2.426926,s169.968944
128_44,s-3.089800,s-0.200029,s135.277051
128_45,s-2.566425,s-2.354534,s30.691969
128_46,s1.587704,s-1.853791,s35.967653
128_47,s0.739804,s2.084995,s97.264305
128_48,s-1.508838,s-2.552899,s285.951004
128_49,s3.023532,s-0.645017,s339.518307
128_50,s0.564949,s-2.780917,s105.721938
128_51,s2.637943,s1.506143,s340.432562
128_52,s1.242966,s2.585062,s-16.839679
128_53,s-1.089164,s3.331473,s176.358752
128_54,s2.852126,s1.784109,s66.445577
128_55,s-1.001901,s-2.876284,s144.420815
128_56,s2.276773,s-2.369871,s287.414595
128_57,s2.813598,s0.117412,s73.254909
128_58,s-3.165175,s-1.154146,s317.008252
128_59,s1.598118,s-2.898790,s220.405068
128_60,s0.837811,s-3.367227,s208.074073
128_61,s3.192151,s-2.409115,s263.527847
128_62,s-0.592788,s3.626374,s205.239814
128_63,s0.055659,s-3.080638,s284.504310
128_64,s-1.382933,s-3.239793,s192.901967
128_65,s-3.034395,s1.964408,s202.430124
128_66,s3.446288,s0.082201,s293.250094
128_67,s1.557482,s-3.611294,s288.457749
128_68,s-2.011738,s-2.571601,s212.942102
128_69,s-3.398963,s1.030283,s252.764278
128_70,s2.666274,s-2.375459,s191.421638
128_71,s-4.047898,s-1.419293,s307.476708
128_72,s-3.000386,s-2.262150,s131.424713
128_73,s-1.472544,s-4.685072,s-28.629610
128_74,s-3.673227,s-0.041834,s213.517045
128_75,s2.220308,s-3.540223,s290.568544
128_76,s0.650625,s4.094017,s263.292334
128_77,s-3.898729,s-0.850557,s217.451723
128_78,s-2.881912,s-3.156991,s222.492236
128_79,s3.586103,s-0.405712,s-1.424260
128_80,s4.182843,s0.460249,s295.453320
128_81,s-1.313217,s4.039811,s331.001522
128_82,s2.647892,s2.574685,s256.528022
128_83,s-3.698322,s-2.304115,s20.191417
128_84,s-4.099283,s2.691645,s222.083749
128_85,s1.269548,s4.030459,s254.953416
128_86,s-3.046050,s2.464068,s42.074402
128_87,s-3.747062,s0.710831,s142.586873
128_88,s-0.126885,s3.996860,s290.485009
128_89,s-0.693276,s-3.592031,s114.355143
128_90,s3.528894,s-1.801496,s83.056018
128_91,s3.035824,s-3.306453,s98.853834
128_92,s4.690423,s-0.763409,s133.280950
128_93,s1.719370,s-4.088801,s326.160755
128_94,s-2.291503,s3.200242,s285.580422
128_95,s3.018909,s0.939765,s261.628492
128_96,s4.263289,s-1.486715,s228.775424
128_97,s3.770410,s2.314738,s206.182421
128_98,s-0.758490,s3.879281,s117.445652
128_99,s-0.145878,s-4.064679,s15.822371
128_100,s2.056941,s3.849596,s285.078518
128_101,s-2.422423,s-3.758467,s218.543768
128_102,s-4.666386,s-0.363116,s290.895522
128_103,s3.549446,s3.264487,s81.992255
128_104,s4.251190,s-3.188492,s296.779912
128_105,s-1.533617,s4.556911,s219.795476
128_106,s-2.594037,s3.734122,s291.226014
128_107,s-0.177247,s-4.513964,s132.040782
128_108,s4.632417,s0.118241,s222.492236
128_109,s4.283151,s1.085227,s75.331345
128_110,s2.747523,s4.417430,s308.473612
128_111,s-4.552765,s0.968434,s280.395787
128_112,s-3.635027,s-3.583194,s191.281468
128_113,s4.038796,s2.800854,s327.145153
128_114,s4.059997,s-2.108208,s197.719915
128_115,s1.238701,s-4.374855,s231.125293
128_116,s4.731106,s-1.586423,s99.130320
128_117,s-4.557333,s-1.011146,s42.285504
128_118,s1.331463,s4.434919,s131.950567
128_119,s-4.785055,s-1.814986,s32.797621
128_120,s0.837481,s-4.612335,s147.124538
128_121,s2.276873,s-3.933557,s211.571671
128_122,s-3.761929,s-2.733201,s146.319827
128_123,s-3.894404,s1.915520,s163.048638
128_124,s0.167933,s4.471848,s33.365555
128_125,s3.457282,s-3.577405,s143.039052
128_126,s-2.431644,s4.219480,s-1.675485
128_127,s4.439751,s1.572487,s2.911968
129_0,s-0.502968,s0.254997,s222.859483
129_1,s0.375263,s-0.048300,s32.461180
129_2,s0.304365,s0.545589,s134.486915
129_3,s-0.678202,s1.096597,s135.997540
129_4,s1.369071,s-0.424726,s71.264522
129_5,s-0.750390,s-0.503739,s110.494053
129_6,s0.321354,s1.209870,s0.906503
129_7,s-1.073294,s-1.234298,s286.516621
129_8,s1.426924,s-0.059935,s327.854022
129_9,s-0.271859,s-0.466517,s291.713968
129_10,s1.162852,s0.409330,s66.610606
129_11,s0.746667,s-0.859552,s303.575322
129_12,s-1.876767,s1.387292,s171.757824
129_13,s0.348632,s-0.815121,s118.850817
129_14,s1.940992,s-1.119922,s78.512002
129_15,s-2.415634,s-0.074906,s306.045152
129_16,s-2.580823,s1.532692,s117.445652
129_17,s0.577241,s1.648483,s60.101240
129_18,s0.673505,s-1.679604,s337.686654
129_19,s1.307344,s1.083018,s84.984472
129_20,s2.072298,s-0.177915,s219.020937
129_21,s-1.821857,s0.365279,s162.928292
129_22,s-1.716408,s-1.301807,s238.982543
129_23,s1.237270,s1.670318,s322.215194
129_24,s-0.113388,s1.597422,s107.471420
129_25,s0.270055,s-2.000659,s227.939290
129_26,s1.547451,s0.646325,s306.872606
129_27,s-0.687710,s-1.870119,s242.689973
129_28,s0.154104,s2.214652,s33.209249
129_29,s-2.128333,s-0.703510,s281.195866
129_30,s1.992940,s2.569004,s31.825712
129_31,s-1.126947,s-2.072204,s292.188275
129_32,s2.346854,s3.084663,s335.537840
129_33,s-1.364390,s2.003189,s200.544666
129_34,s-0.583267,s2.561394,s291.000157
129_35,s-0.802528,s-2.577331,s133.088201
129_36,s2.927389,s-1.123586,s141.159585
129_37,s-2.807036,s3.141262,s216.458474
129_38,s-2.069167,s2.452725,s271.501345
129_39,s0.436674,s3.393584,s169.968944
129_40,s2.347117,s0.354229,s49.497021
129_41,s-2.004401,s-1.812916,s163.468790
129_42,s-2.751688,s0.723364,s0.244872
129_43,s0.852577,s-2.426926,s169.968944
129_44,s-3.089800,s-0.200029,s135.277051
129_45,s-2.566425,s-2.354534,s30.691969
129_46,s1.661423,s-1.919751,s24.459604
129_47,s0.739804,s2.084995,s97.264305
129_48,s-1.508838,s-2.552899,s285.951004
129_49,s2.951833,s-0.678412,s341.895169
129_50,s0.564949,s-2.780917,s105.721938
129_51,s2.637943,s1.506143,s340.432562
129_52,s1.330341,s2.512335,s-9.180019
129_53,s-1.110964,s3.254725,s169.562528
129_54,s2.852126,s1.784109,s66.445577
129_55,s-1.001901,s-2.876284,s144.420815
129_56,s2.276773,s-2.369871,s287.414595
129_57,s2.744121,s0.057297,s0.249876
129_58,s-3.220193,s-1.111209,s278.521293
129_59,s1.598118,s-2.898790,s220.405068
129_60,s0.877813,s-3.401363,s219.883992
129_61,s3.192151,s-2.409115,s263.527847
129_62,s-0.592788,s3.626374,s205.239814
129_63,s0.055659,s-3.080638,s284.504310
129_64,s-1.382933,s-3.239793,s192.901967
129_65,s-3.034395,s1.964408,s202.430124
129_66,s3.446288,s0.082201,s293.250094
129_67,s1.557482,s-3.611294,s288.457749
129_68,s-2.011738,s-2.571601,s212.942102
129_69,s-3.398963,s1.030283,s252.764278
129_70,s2.666274,s-2.375459,s191.421638
129_71,s-4.047898,s-1.419293,s307.476708
129_72,s-3.000386,s-2.262150,s131.424713
129_73,s-1.510698,s-4.667515,s86.261460
129_74,s-3.673227,s-0.041834,s213.517045
129_75,s2.220308,s-3.540223,s290.568544
129_76,s0.650625,s4.094017,s263.292334
129_77,s-3.898729,s-0.850557,s217.451723
129_78,s-2.881912,s-3.156991,s222.492236
129_79,s3.586103,s-0.405712,s-1.424260
129_80,s4.182843,s0.460249,s295.453320
129_81,s-1.313217,s4.039811,s331.001522
129_82,s2.647892,s2.574685,s256.528022
129_83,s-3.651835,s-2.322819,s9.354860
129_84,s-4.064440,s2.762135,s221.135315
129_85,s1.269548,s4.030459,s254.953416
129_86,s-3.034145,s2.589316,s59.382905
129_87,s-3.820133,s0.659861,s154.735418
129_88,s-0.211141,s3.973453,s293.579217
129_89,s-0.693276,s-3.592031,s114.355143
129_90,s3.572137,s-1.826773,s95.853268
129_91,s3.035824,s-3.306453,s98.853834
129_92,s4.533649,s-0.835707,s102.653270
129_93,s1.719370,s-4.088801,s326.160755
129_94,s-2.152689,s3.217351,s288.351832
129_95,s2.979629,s0.960817,s261.778675
129_96,s4.263289,s-1.486715,s228.775424
129_97,s3.571727,s2.438597,s220.270208
129_98,s-0.758490,s3.879281,s117.445652
129_99,s-0.098125,s-4.040953,s21.646963
129_100,s2.056941,s3.849596,s285.078518
129_101,s-2.422423,s-3.758467,s218.543768
129_102,s-4.656605,s-0.337685,s-11.991502
129_103,s3.455162,s3.276709,s167.914889
129_104,s4.224609,s-3.135162,s289.296087
129_105,s-1.533617,s4.556911,s219.795476
129_106,s-2.594037,s3.734122,s291.226014
129_107,s-0.246886,s-4.503096,s94.608002
129_108,s4.778908,s0.132085,s196.140873
129_109,s4.130460,s1.065521,s34.888325
129_110,s2.849449,s4.558994,s85.345518
129_111,s-4.478736,s0.881167,s341.835769
129_112,s-3.885823,s-3.487930,s171.138696
129_113,s4.009468,s2.865942,s342.309650
129_114,s4.138367,s-2.036216,s216.167062
129_115,s1.248507,s-4.335382,s220.016536
129_116,s4.731106,s-1.586423,s99.130320
129_117,s-4.488143,s-0.993941,s44.433135
129_118,s1.331463,s4.434919,s131.950567
129_119,s-4.532441,s-1.907507,s36.159432
129_120,s0.837481,s-4.612335,s147.124538
129_121,s2.516229,s-4.065519,s253.478884
129_122,s-3.761929,s-2.733201,s146.319827
129_123,s-3.894404,s1.915520,s163.048638
129_124,s0.104588,s4.518437,s37.837507
129_125,s3.904588,s-3.770199,s214.245363
129_126,s-2.431644,s4.219480,s-1.675485
129_127,s4.455015,s1.613591,s295.976966
129_128,s1.646296,s4.761519,s-4.003509
130_0,s-0.502968,s0.254997,s222.859483
130_1,s0.375263,s-0.048300,s32.461180
130_2,s0.304365,s0.545589,s134.486915
130_3,s-0.678202,s1.096597,s135.997540
130_4,s1.369071,s-0.424726,s71.264522
130_5,s-0.722797,s-0.369723,s79.313003
130_6,s0.321354,s1.209870,s0.906503
130_7,s-1.092442,s-1.167176,s254.953416
130_8,s1.426924,s-0.059935,s327.854022
130_9,s-0.271859,s-0.466517,s291.713968
130_10,s1.187136,s0.443028,s49.282047
130_11,s0.746667,s-0.859552,s303.575322
130_12,s-1.856361,s1.367567,s32.461180
130_13,s0.249513,s-0.821296,s109.182618
130_14,s1.940992,s-1.119922,s78.512002
130_15,s-2.415634,s-0.074906,s306.045152
130_16,s-2.580823,s1.532692,s117.445652
130_17,s0.577241,s1.648483,s60.101240
130_18,s0.751570,s-1.804052,s337.405068
130_19,s1.307344,s1.083018,s84.984472
130_20,s2.072298,s-0.177915,s219.020937
130_21,s-1.821857,s0.365279,s162.928292
130_22,s-1.716408,s-1.301807,s238.982543
130_23,s1.237270,s1.670318,s322.215194
130_24,s-0.121873,s1.657363,s117.445652
130_25,s0.270055,s-2.000659,s227.939290
130_26,s1.547451,s0.646325,s306.872606
130_27,s-0.687710,s-1.870119,s242.689973
130_28,s0.154104,s2.214652,s33.209249
130_29,s-2.131970,s-0.836480,s282.231576
130_30,s1.992940,s2.569004,s31.825712
130_31,s-1.126947,s-2.072204,s292.188275
130_32,s2.346854,s3.084663,s335.537840
130_33,s-1.538464,s2.015696,s204.149003
130_34,s-0.583267,s2.561394,s291.000157
130_35,s-0.802528,s-2.577331,s133.088201
130_36,s2.927389,s-1.123586,s141.159585
130_37,s-2.807036,s3.141262,s216.458474
130_38,s-2.069167,s2.452725,s271.501345
130_39,s0.475067,s3.491568,s175.735494
130_40,s2.347117,s0.354229,s49.497021
130_41,s-2.004401,s-1.812916,s163.468790
130_42,s-2.751688,s0.723364,s0.244872
130_43,s0.852577,s-2.426926,s169.968944
130_44,s-3.089800,s-0.200029,s135.277051
130_45,s-2.566425,s-2.354534,s30.691969
130_46,s1.760645,s-2.125716,s9.059070
130_47,s0.739804,s2.084995,s97.264305
130_48,s-1.508838,s-2.552899,s285.951004
130_49,s2.951833,s-0.678412,s341.895169
130_50,s0.564949,s-2.780917,s105.721938
130_51,s2.637943,s1.506143,s340.432562
130_52,s1.330341,s2.512335,s-9.180019
130_53,s-0.927226,s3.160462,s166.111256
130_54,s2.852126,s1.784109,s66.445577
130_55,s-1.001901,s-2.876284,s144.420815
130_56,s2.276773,s-2.369871,s287.414595
130_57,s2.744121,s0.057297,s0.249876
130_58,s-3.183549,s-1.230544,s282.878587
130_59,s1.598118,s-2.898790,s220.405068
130_60,s0.877813,s-3.401363,s219.883992
130_61,s3.192151,s-2.409115,s263.527847
130_62,s-0.592788,s3.626374,s205.239814
130_63,s0.055659,s-3.080638,s284.504310
130_64,s-1.382933,s-3.239793,s192.901967
130_65,s-3.034395,s1.964408,s202.430124
130_66,s3.446288,s0.082201,s293.250094
130_67,s1.557482,s-3.611294,s288.457749
130_68,s-2.011738,s-2.571601,s212.942102
130_69,s-3.398963,s1.030283,s252.764278
130_70,s2.666274,s-2.375459,s191.421638
130_71,s-4.047898,s-1.419293,s307.476708
130_72,s-3.000386,s-2.262150,s131.424713
130_73,s-1.548229,s-4.691105,s142.621577
130_74,s-3.673227,s-0.041834,s213.517045
130_75,s2.220308,s-3.540223,s290.568544
130_76,s0.650625,s4.094017,s263.292334
130_77,s-3.898729,s-0.850557,s217.451723
130_78,s-2.881912,s-3.156991,s222.492236
130_79,s3.586103,s-0.405712,s-1.424260
130_80,s4.182843,s0.460249,s295.453320
130_81,s-1.313217,s4.039811,s331.001522
130_82,s2.659232,s2.660503,s240.532451
130_83,s-3.651835,s-2.322819,s9.354860
130_84,s-4.188378,s2.838684,s228.404304
130_85,s1.269548,s4.030459,s254.953416
130_86,s-3.034145,s2.589316,s59.382905
130_87,s-3.820133,s0.659861,s154.735418
130_88,s-0.305018,s3.939866,s289.521591
130_89,s-0.693276,s-3.592031,s114.355143
130_90,s3.527373,s-1.704854,s83.118211
130_91,s3.035824,s-3.306453,s98.853834
130_92,s4.608841,s-0.916882,s120.379576
130_93,s1.719370,s-4.088801,s326.160755
130_94,s-2.152689,s3.217351,s288.351832
130_95,s3.002661,s0.996520,s278.429783
130_96,s4.263289,s-1.486715,s228.775424
130_97,s3.571727,s2.438597,s220.270208
130_98,s-0.758490,s3.879281,s117.445652
130_99,s0.013758,s-4.120923,s17.436317
130_100,s2.056941,s3.849596,s285.078518
130_101,s-2.422423,s-3.758467,s218.543768
130_102,s-4.643134,s-0.358595,s339.937888
130_103,s3.455162,s3.276709,s167.914889
130_104,s4.195086,s-3.023142,s270.800472
130_105,s-1.533617,s4.556911,s219.795476
130_106,s-2.594037,s3.734122,s291.226014
130_107,s-0.303215,s-4.529580,s131.019411
130_108,s4.712102,s0.005753,s195.023051
130_109,s4.130460,s1.065521,s34.888325
130_110,s2.571980,s4.536819,s341.852959
130_111,s-4.528777,s0.604339,s75.283300
130_112,s-3.788794,s-3.494254,s171.807571
130_113,s4.009468,s2.865942,s342.309650
130_114,s4.138367,s-2.036216,s216.167062
130_115,s1.254192,s-4.363226,s215.190570
130_116,s4.731106,s-1.586423,s99.130320
130_117,s-4.688451,s-0.896086,s39.874963
130_118,s1.331463,s4.434919,s131.950567
130_119,s-4.481644,s-1.880198,s41.980944
130_120,s0.826389,s-4.629887,s144.785015
130_121,s2.516229,s-4.065519,s253.478884
130_122,s-3.761929,s-2.733201,s146.319827
130_123,s-3.894404,s1.915520,s163.048638
130_124,s0.099849,s4.479541,s31.682746
130_125,s3.889178,s-4.091426,s30.241959
130_126,s-2.431644,s4.219480,s-1.675485
130_127,s4.440791,s1.521821,s288.214880
130_128,s1.724373,s4.648117,s-0.915640
130_129,s-2.962468,s-4.211519,s262.978856
131_0,s-0.502968,s0.254997,s222.859483
131_1,s0.375263,s-0.048300,s32.461180
131_2,s0.304365,s0.545589,s134.486915
131_3,s-0.678202,s1.096597,s135.997540
131_4,s1.369071,s-0.424726,s71.264522
131_5,s-0.722797,s-0.369723,s79.313003
131_6,s0.321354,s1.209870,s0.906503
131_7,s-1.092442,s-1.167176,s254.953416
131_8,s1.426924,s-0.059935,s327.854022
131_9,s-0.271859,s-0.466517,s291.713968
131_10,s1.187136,s0.443028,s49.282047
131_11,s0.746667,s-0.859552,s303.575322
131_12,s-1.856361,s1.367567,s32.461180
131_13,s0.249513,s-0.821296,s109.182618
131_14,s1.940992,s-1.119922,s78.512002
131_15,s-2.415634,s-0.074906,s306.045152
131_16,s-2.580823,s1.532692,s117.445652
131_17,s0.577241,s1.648483,s60.101240
131_18,s0.751570,s-1.804052,s337.405068
131_19,s1.380227,s1.142401,s65.035636
131_20,s2.072298,s-0.177915,s219.020937
131_21,s-1.821857,s0.365279,s162.928292
131_22,s-1.716408,s-1.301807,s238.982543
131_23,s1.472952,s1.840485,s317.281092
131_24,s-0.121873,s1.657363,s117.445652
131_25,s0.270055,s-2.000659,s227.939290
131_26,s1.547451,s0.646325,s306.872606
131_27,s-0.687710,s-1.870119,s242.689973
131_28,s0.154104,s2.214652,s33.209249
131_29,s-2.172641,s-0.814943,s86.295742
131_30,s1.996773,s2.640870,s32.842936
131_31,s-1.126947,s-2.072204,s292.188275
131_32,s2.346854,s3.084663,s335.537840
131_33,s-1.538464,s2.015696,s204.149003
131_34,s-0.583267,s2.561394,s291.000157
131_35,s-0.802528,s-2.577331,s133.088201
131_36,s2.784880,s-1.180390,s132.173012
131_37,s-2.807036,s3.141262,s216.458474
131_38,s-2.069167,s2.452725,s271.501345
131_39,s0.475067,s3.491568,s175.735494
131_40,s2.347117,s0.354229,s49.497021
131_41,s-2.004401,s-1.812916,s163.468790
131_42,s-2.751688,s0.723364,s0.244872
131_43,s0.852577,s-2.426926,s169.968944
131_44,s-3.089800,s-0.200029,s135.277051
131_45,s-2.566425,s-2.354534,s30.691969
131_46,s1.714213,s-2.084529,s12.673888
131_47,s0.739804,s2.084995,s97.264305
131_48,s-1.508838,s-2.552899,s285.951004
131_49,s2.951833,s-0.678412,s341.895169
131_50,s0.564949,s-2.780917,s105.721938
131_51,s2.637943,s1.506143,s340.432562
131_52,s1.330341,s2.512335,s-9.180019
131_53,s-0.987295,s3.154608,s84.767442
131_54,s2.852126,s1.784109,s66.445577
131_55,s-1.001901,s-2.876284,s144.420815
131_56,s2.276773,s-2.369871,s287.414595
131_57,s2.744121,s0.057297,s0.249876
131_58,s-3.183549,s-1.230544,s282.878587
131_59,s1.598118,s-2.898790,s220.405068
131_60,s0.877813,s-3.401363,s219.883992
131_61,s3.192151,s-2.409115,s263.527847
131_62,s-0.592788,s3.626374,s205.239814
131_63,s0.055659,s-3.080638,s284.504310
131_64,s-1.382933,s-3.239793,s192.901967
131_65,s-3.104570,s1.910928,s302.821062
131_66,s3.446288,s0.082201,s293.250094
131_67,s1.557482,s-3.611294,s288.457749
131_68,s-2.011738,s-2.571601,s212.942102
131_69,s-3.398963,s1.030283,s252.764278
131_70,s2.666274,s-2.375459,s191.421638
131_71,s-4.047898,s-1.419293,s307.476708
131_72,s-3.000386,s-2.262150,s131.424713
131_73,s-1.625320,s-4.641653,s143.548071
131_74,s-3.673227,s-0.041834,s213.517045
131_75,s2.220308,s-3.540223,s290.568544
131_76,s0.650625,s4.094017,s263.292334
131_77,s-3.898729,s-0.850557,s217.451723
131_78,s-2.952245,s-2.982838,s221.816908
131_79,s3.637510,s-0.519285,s327.351425
131_80,s4.182843,s0.460249,s295.453320
131_81,s-1.313217,s4.039811,s331.001522
131_82,s2.658953,s2.672261,s231.006989
131_83,s-3.651835,s-2.322819,s9.354860
131_84,s-4.231839,s2.926902,s227.540023
131_85,s1.269548,s4.030459,s254.953416
131_86,s-3.082974,s2.562811,s53.171684
131_87,s-3.925663,s0.512029,s159.124206
131_88,s-0.305018,s3.939866,s289.521591
131_89,s-0.663631,s-3.725482,s133.029362
131_90,s3.527373,s-1.704854,s83.118211
131_91,s3.035824,s-3.306453,s98.853834
131_92,s4.608841,s-0.916882,s120.379576
131_93,s1.719370,s-4.088801,s326.160755
131_94,s-2.234292,s3.155269,s296.196968
131_95,s3.002661,s0.996520,s278.429783
131_96,s4.263289,s-1.486715,s228.775424
131_97,s3.571727,s2.438597,s220.270208
131_98,s-0.758490,s3.879281,s117.445652
131_99,s0.013758,s-4.120923,s17.436317
131_100,s2.056941,s3.849596,s285.078518
131_101,s-2.422423,s-3.758467,s218.543768
131_102,s-4.643134,s-0.358595,s339.937888
131_103,s3.366130,s3.276528,s168.040652
131_104,s4.171980,s-2.868940,s279.340212
131_105,s-1.533617,s4.556911,s219.795476
131_106,s-2.594037,s3.734122,s291.226014
131_107,s-0.303215,s-4.529580,s131.019411
131_108,s4.712102,s0.005753,s195.023051
131_109,s4.076340,s1.147594,s37.226815
131_110,s2.483148,s4.385063,s347.281221
131_111,s-4.528777,s0.604339,s75.283300
131_112,s-3.788794,s-3.494254,s171.807571
131_113,s4.277825,s2.874740,s304.726076
131_114,s4.138367,s-2.036216,s216.167062
131_115,s1.254192,s-4.363226,s215.190570
131_116,s4.731106,s-1.586423,s99.130320
131_117,s-4.736918,s-1.057440,s41.696595
131_118,s1.331463,s4.434919,s131.950567
131_119,s-4.629499,s-1.800000,s234.767176
131_120,s0.834603,s-4.512903,s139.053740
131_121,s2.516229,s-4.065519,s253.478884
131_122,s-3.761929,s-2.733201,s146.319827
131_123,s-3.894404,s1.915520,s163.048638
131_124,s-0.031117,s4.662959,s32.733916
131_125,s3.977600,s-3.825733,s220.974512
131_126,s-2.431644,s4.219480,s-1.675485
131_127,s4.440791,s1.521821,s288.214880
131_128,s1.724373,s4.648117,s-0.915640
131_129,s-3.107342,s-4.250003,s261.040715
131_130,s4.466618,s1.978016,s31.919736
132_0,s-0.502968,s0.254997,s222.859483
132_1,s0.375263,s-0.048300,s32.461180
132_2,s0.304365,s0.545589,s134.486915
132_3,s-0.678202,s1.096597,s135.997540
132_4,s1.369071,s-0.424726,s71.264522
132_5,s-0.937141,s-0.121579,s83.762696
132_6,s0.321354,s1.209870,s0.906503
132_7,s-0.912519,s-1.187164,s258.375011
132_8,s1.426924,s-0.059935,s327.854022
132_9,s-0.271859,s-0.466517,s291.713968
132_10,s1.162101,s0.539464,s32.382094
132_11,s0.746667,s-0.859552,s303.575322
132_12,s-1.937706,s1.258259,s214.717845
132_13,s0.300733,s-0.882561,s97.328389
132_14,s1.974908,s-1.161669,s169.846532
132_15,s-2.363956,s-0.088822,s51.771501
132_16,s-2.580823,s1.532692,s117.445652
132_17,s0.577241,s1.648483,s60.101240
132_18,s0.884036,s-1.892039,s343.965364
132_19,s1.380227,s1.142401,s65.035636
132_20,s2.200623,s-0.301256,s222.234892
132_21,s-1.777447,s0.376290,s169.116627
132_22,s-1.716408,s-1.301807,s238.982543
132_23,s1.714777,s1.887250,s315.400803
132_24,s-0.121873,s1.657363,s117.445652
132_25,s0.270055,s-2.000659,s227.939290
132_26,s1.547451,s0.646325,s306.872606
132_27,s-0.687710,s-1.870119,s242.689973
132_28,s0.154104,s2.214652,s33.209249
132_29,s-2.326972,s-0.664671,s86.609193
132_30,s1.996773,s2.640870,s32.842936
132_31,s-1.126947,s-2.072204,s292.188275
132_32,s2.321287,s3.117744,s322.188888
132_33,s-1.491553,s1.961080,s203.314163
132_34,s-0.583267,s2.561394,s291.000157
132_35,s-0.802528,s-2.577331,s133.088201
132_36,s2.839590,s-1.126980,s142.416712
132_37,s-2.814002,s3.251608,s211.533204
132_38,s-2.204012,s2.476631,s263.387241
132_39,s0.483426,s3.299339,s199.931673
132_40,s2.347117,s0.354229,s49.497021
132_41,s-2.049985,s-1.770548,s164.744590
132_42,s-2.751688,s0.723364,s0.244872
132_43,s0.852577,s-2.426926,s169.968944
132_44,s-3.089800,s-0.200029,s135.277051
132_45,s-2.566425,s-2.354534,s30.691969
132_46,s1.652842,s-2.207507,s16.916114
132_47,s0.739804,s2.084995,s97.264305
132_48,s-1.508838,s-2.552899,s285.951004
132_49,s2.951833,s-0.678412,s341.895169
132_50,s0.564949,s-2.780917,s105.721938
132_51,s2.637943,s1.506143,s340.432562
132_52,s1.330341,s2.512335,s-9.180019
132_53,s-0.987295,s3.154608,s84.767442
132_54,s2.852126,s1.784109,s66.445577
132_55,s-1.001901,s-2.876284,s144.420815
132_56,s2.276773,s-2.369871,s287.414595
132_57,s2.744121,s0.057297,s0.249876
132_58,s-3.198638,s-1.096868,s278.161282
132_59,s1.598118,s-2.898790,s220.405068
132_60,s0.789267,s-3.557053,s225.425425
132_61,s3.204196,s-2.391926,s288.064477
132_62,s-0.592788,s3.626374,s205.239814
132_63,s0.055659,s-3.080638,s284.504310
132_64,s-1.382933,s-3.239793,s192.901967
132_65,s-3.104570,s1.910928,s302.821062
132_66,s3.446288,s0.082201,s293.250094
132_67,s1.557482,s-3.611294,s288.457749
132_68,s-2.011738,s-2.571601,s212.942102
132_69,s-3.430108,s0.982458,s199.066037
132_70,s2.666274,s-2.375459,s191.421638
132_71,s-4.047898,s-1.419293,s307.476708
132_72,s-3.000386,s-2.262150,s131.424713
132_73,s-1.731636,s-4.641232,s135.869793
132_74,s-3.673227,s-0.041834,s213.517045
132_75,s2.220308,s-3.540223,s290.568544
132_76,s0.650625,s4.094017,s263.292334
132_77,s-3.898729,s-0.850557,s217.451723
132_78,s-2.888454,s-3.100456,s288.762612
132_79,s3.706811,s-0.708597,s172.416767
132_80,s4.218152,s0.514400,s281.228833
132_81,s-1.313217,s4.039811,s331.001522
132_82,s2.573140,s2.747261,s228.874691
132_83,s-3.651835,s-2.322819,s9.354860
132_84,s-4.274369,s2.997791,s222.492236
132_85,s1.269548,s4.030459,s254.953416
132_86,s-3.002984,s2.587392,s58.263725
132_87,s-3.880503,s0.627217,s147.798581
132_88,s-0.235143,s3.993003,s303.744681
132_89,s-0.593507,s-3.736967,s135.761674
132_90,s3.488987,s-1.724423,s79.044892
132_91,s3.035824,s-3.306453,s98.853834
132_92,s4.539164,s-0.847657,s123.713519
132_93,s1.719370,s-4.088801,s326.160755
132_94,s-2.285364,s3.139674,s295.756473
132_95,s3.012342,s0.998957,s270.777791
132_96,s4.263289,s-1.486715,s228.775424
132_97,s3.525671,s2.429319,s222.478625
132_98,s-0.758490,s3.879281,s117.445652
132_99,s0.069573,s-4.177688,s5.197932
132_100,s2.056941,s3.849596,s285.078518
132_101,s-2.426194,s-3.416785,s223.468348
132_102,s-4.520423,s-0.405098,s352.705195
132_103,s3.366130,s3.276528,s168.040652
132_104,s4.172605,s-2.790250,s71.796173
132_105,s-1.533617,s4.556911,s219.795476
132_106,s-2.248214,s3.735781,s279.030168
132_107,s-0.390125,s-4.689071,s64.173666
132_108,s4.707318,s0.127143,s196.211800
132_109,s4.098264,s1.101523,s31.851352
132_110,s2.563093,s4.655793,s221.059053
132_111,s-4.570896,s0.720024,s82.368638
132_112,s-3.638996,s-3.274599,s180.520070
132_113,s4.333571,s2.919196,s31.740206
132_114,s4.138367,s-2.036216,s216.167062
132_115,s1.254192,s-4.363226,s215.190570
132_116,s4.731106,s-1.586423,s99.130320
132_117,s-4.783726,s-1.229724,s130.786124
132_118,s1.331463,s4.434919,s131.950567
132_119,s-4.649954,s-1.941760,s210.958198
132_120,s0.760963,s-4.607700,s127.911622
132_121,s2.463706,s-4.367747,s291.422675
132_122,s-3.761929,s-2.733201,s146.319827
132_123,s-4.075676,s2.140705,s162.163349
132_124,s-0.022066,s4.563012,s34.855557
132_125,s3.975096,s-3.864911,s224.501382
132_126,s-2.651618,s4.094350,s309.384365
132_127,s4.415887,s1.532614,s287.194262
132_128,s1.966110,s4.823288,s1.618810
132_129,s-3.019307,s-4.366912,s124.549641
132_130,s4.566039,s2.073470,s36.292489
132_131,s0.382736,s4.809796,s339.937888
133_0,s-0.502968,s0.254997,s222.859483
133_1,s0.375263,s-0.048300,s32.461180
133_2,s0.304365,s0.545589,s134.486915
133_3,s-0.709391,s0.991833,s130.094738
133_4,s1.369071,s-0.424726,s71.264522
133_5,s-1.040599,s-0.231908,s77.864560
133_6,s0.321354,s1.209870,s0.906503
133_7,s-1.076560,s-1.153585,s257.250073
133_8,s1.426924,s-0.059935,s327.854022
133_9,s-0.271859,s-0.466517,s291.713968
133_10,s1.082669,s0.453097,s31.010233
133_11,s0.746667,s-0.859552,s303.575322
133_12,s-1.946718,s1.217880,s30.725899
133_13,s0.291581,s-0.792175,s114.515751
133_14,s1.974908,s-1.161669,s169.846532
133_15,s-2.263626,s-0.183149,s46.296953
133_16,s-2.580823,s1.532692,s117.445652
133_17,s0.577241,s1.648483,s60.101240
133_18,s1.029632,s-1.904981,s352.606932
133_19,s1.380227,s1.142401,s65.035636
133_20,s2.162190,s-0.278217,s223.979723
133_21,s-1.734621,s0.284525,s326.741474
133_22,s-1.794091,s-1.240235,s237.782451
133_23,s1.714777,s1.887250,s315.400803
133_24,s-0.232080,s1.793523,s115.874598
133_25,s0.270055,s-2.000659,s227.939290
133_26,s1.547451,s0.646325,s306.872606
133_27,s-0.687710,s-1.870119,s242.689973
133_28,s0.154104,s2.214652,s33.209249
133_29,s-2.339117,s-0.638884,s82.454451
133_30,s1.941658,s2.725305,s31.855660
133_31,s-1.126947,s-2.072204,s292.188275
133_32,s2.321287,s3.117744,s322.188888
133_33,s-1.411258,s1.863337,s285.957904
133_34,s-0.583267,s2.561394,s291.000157
133_35,s-0.802528,s-2.577331,s133.088201
133_36,s2.839590,s-1.126980,s142.416712
133_37,s-2.868719,s3.308820,s204.596008
133_38,s-2.204012,s2.476631,s263.387241
133_39,s0.434721,s3.199331,s196.739490
133_40,s2.347117,s0.354229,s49.497021
133_41,s-2.049985,s-1.770548,s164.744590
133_42,s-2.751688,s0.723364,s0.244872
133_43,s0.852577,s-2.426926,s169.968944
133_44,s-3.089800,s-0.200029,s135.277051
133_45,s-2.566425,s-2.354534,s30.691969
133_46,s1.722631,s-2.260999,s16.184431
133_47,s0.739804,s2.084995,s97.264305
133_48,s-1.508838,s-2.552899,s285.951004
133_49,s2.951833,s-0.678412,s341.895169
133_50,s0.564949,s-2.780917,s105.721938
133_51,s2.637943,s1.506143,s340.432562
133_52,s1.318654,s2.264549,s7.024614
133_53,s-0.780452,s3.002714,s91.897026
133_54,s2.852126,s1.784109,s66.445577
133_55,s-1.001901,s-2.876284,s144.420815
133_56,s2.276773,s-2.369871,s287.414595
133_57,s2.744121,s0.057297,s0.249876
133_58,s-3.198638,s-1.096868,s278.161282
133_59,s1.598118,s-2.898790,s220.405068
133_60,s0.717061,s-3.484845,s234.341822
133_61,s3.204196,s-2.391926,s288.064477
133_62,s-0.592788,s3.626374,s205.239814
133_63,s0.055659,s-3.080638,s284.504310
133_64,s-1.382933,s-3.239793,s192.901967
133_65,s-3.046034,s1.958976,s310.510488
133_66,s3.446288,s0.082201,s293.250094
133_67,s1.557482,s-3.611294,s288.457749
133_68,s-2.011738,s-2.571601,s212.942102
133_69,s-3.430108,s0.982458,s199.066037
133_70,s2.666274,s-2.375459,s191.421638
133_71,s-4.047898,s-1.419293,s307.476708
133_72,s-3.000386,s-2.262150,s131.424713
133_73,s-1.639764,s-4.388532,s126.549074
133_74,s-3.673227,s-0.041834,s213.517045
133_75,s2.220308,s-3.540223,s290.568544
133_76,s0.650625,s4.094017,s263.292334
133_77,s-3.898729,s-0.850557,s217.451723
133_78,s-2.994292,s-3.086736,s285.884811
133_79,s3.706811,s-0.708597,s172.416767
133_80,s4.276595,s0.558461,s273.606467
133_81,s-1.313217,s4.039811,s331.001522
133_82,s2.524961,s2.799434,s229.285848
133_83,s-3.651835,s-2.322819,s9.354860
133_84,s-4.313898,s3.156776,s224.577998
133_85,s1.269548,s4.030459,s254.953416
133_86,s-2.971387,s2.570186,s64.922359
133_87,s-3.834133,s0.600557,s142.573465
133_88,s-0.305403,s3.846803,s294.846439
133_89,s-0.593507,s-3.736967,s135.761674
133_90,s3.488987,s-1.724423,s79.044892
133_91,s3.035824,s-3.306453,s98.853834
133_92,s4.654855,s-0.767877,s130.597808
133_93,s1.719370,s-4.088801,s326.160755
133_94,s-2.285364,s3.139674,s295.756473
133_95,s2.785616,s0.975552,s287.396592
133_96,s4.263289,s-1.486715,s228.775424
133_97,s3.436823,s2.363410,s229.745543
133_98,s-0.758490,s3.879281,s117.445652
133_99,s0.069573,s-4.177688,s5.197932
133_100,s2.056941,s3.849596,s285.078518
133_101,s-2.426194,s-3.416785,s223.468348
133_102,s-4.533527,s-0.399300,s356.236516
133_103,s3.453354,s3.183756,s317.960164
133_104,s4.172605,s-2.790250,s71.796173
133_105,s-1.533617,s4.556911,s219.795476
133_106,s-2.229758,s3.857733,s282.302464
133_107,s-0.390125,s-4.689071,s64.173666
133_108,s4.664342,s0.110353,s201.343274
133_109,s4.105626,s1.136458,s99.237091
133_110,s2.463941,s4.568324,s226.122215
133_111,s-4.621831,s0.714586,s314.825570
133_112,s-3.638996,s-3.274599,s180.520070
133_113,s4.382081,s2.964835,s33.244147
133_114,s4.138367,s-2.036216,s216.167062
133_115,s1.225626,s-4.474818,s222.492236
133_116,s4.731106,s-1.586423,s99.130320
133_117,s-4.869489,s-1.266017,s137.942138
133_118,s1.331463,s4.434919,s131.950567
133_119,s-4.771405,s-1.812349,s212.446105
133_120,s0.713089,s-4.454542,s133.073541
133_121,s2.274150,s-4.245288,s131.662897
133_122,s-3.728761,s-2.738415,s145.565012
133_123,s-4.175427,s2.164053,s85.146633
133_124,s-0.111245,s4.557051,s33.116076
133_125,s3.839572,s-4.092931,s141.000550
133_126,s-2.758152,s4.036786,s313.213249
133_127,s4.337682,s1.539203,s297.605960
133_128,s2.028881,s4.898815,s37.517557
133_129,s-2.889392,s-4.301826,s127.849057
133_130,s4.518740,s2.094556,s45.857031
133_131,s0.297884,s4.826934,s245.966499
133_132,s-1.073525,s-4.704059,s164.735160
134_0,s-0.502968,s0.254997,s222.859483
134_1,s0.375263,s-0.048300,s32.461180
134_2,s0.304365,s0.545589,s134.486915
134_3,s-0.743503,s1.089811,s130.377502
134_4,s1.369071,s-0.424726,s71.264522
134_5,s-1.290323,s-0.058274,s104.391952
134_6,s0.321354,s1.209870,s0.906503
134_7,s-1.152326,s-1.279948,s324.202779
134_8,s1.426924,s-0.059935,s327.854022
134_9,s-0.271859,s-0.466517,s291.713968
134_10,s1.052553,s0.312889,s19.069495
134_11,s0.746667,s-0.859552,s303.575322
134_12,s-1.951432,s1.408152,s28.473693
134_13,s0.407169,s-0.829606,s113.419808
134_14,s2.145028,s-1.460811,s36.232289
134_15,s-2.240523,s-0.194793,s43.958052
134_16,s-2.580823,s1.532692,s117.445652
134_17,s0.577241,s1.648483,s60.101240
134_18,s1.057711,s-1.832582,s360.090368
134_19,s1.543599,s1.252251,s68.064396
134_20,s2.080193,s-0.403781,s203.378249
134_21,s-1.758711,s0.310842,s342.585235
134_22,s-1.808613,s-1.264708,s236.705115
134_23,s1.728086,s1.791090,s325.328814
134_24,s-0.232080,s1.793523,s115.874598
134_25,s0.270055,s-2.000659,s227.939290
134_26,s1.547451,s0.646325,s306.872606
134_27,s-0.687710,s-1.870119,s242.689973
134_28,s0.154104,s2.214652,s33.209249
134_29,s-2.313998,s-0.699701,s85.425868
134_30,s1.902082,s2.729303,s0.373779
134_31,s-1.126947,s-2.072204,s292.188275
134_32,s2.338211,s3.116372,s326.353100
134_33,s-1.328087,s1.909202,s331.249834
134_34,s-0.583267,s2.561394,s291.000157
134_35,s-0.802528,s-2.577331,s133.088201
134_36,s2.839590,s-1.126980,s142.416712
134_37,s-2.868719,s3.308820,s204.596008
134_38,s-2.291903,s2.577866,s272.293795
134_39,s0.536919,s3.314058,s202.428142
134_40,s2.347117,s0.354229,s49.497021
134_41,s-2.049985,s-1.770548,s164.744590
134_42,s-2.751688,s0.723364,s0.244872
134_43,s0.852577,s-2.426926,s169.968944
134_44,s-3.089800,s-0.200029,s135.277051
134_45,s-2.566425,s-2.354534,s30.691969
134_46,s1.803137,s-2.299926,s11.562829
134_47,s0.739804,s2.084995,s97.264305
134_48,s-1.508838,s-2.552899,s285.951004
134_49,s2.951833,s-0.678412,s341.895169
134_50,s0.564949,s-2.780917,s105.721938
134_51,s2.637943,s1.506143,s340.432562
134_52,s1.277756,s2.235401,s-6.469042
134_53,s-0.780452,s3.002714,s91.897026
134_54,s2.852126,s1.784109,s66.445577
134_55,s-1.001901,s-2.876284,s144.420815
134_56,s2.276773,s-2.369871,s287.414595
134_57,s2.744121,s0.057297,s0.249876
134_58,s-3.198638,s-1.096868,s278.161282
134_59,s1.598118,s-2.898790,s220.405068
134_60,s0.793364,s-3.495728,s227.644251
134_61,s3.204196,s-2.391926,s288.064477
134_62,s-0.592788,s3.626374,s205.239814
134_63,s0.055659,s-3.080638,s284.504310
134_64,s-1.382933,s-3.239793,s192.901967
134_65,s-3.075488,s1.955410,s311.365738
134_66,s3.459562,s0.081640,s255.190527
134_67,s1.557482,s-3.611294,s288.457749
134_68,s-2.011738,s-2.571601,s212.942102
134_69,s-3.410962,s0.970588,s205.376810
134_70,s2.666274,s-2.375459,s191.421638
134_71,s-4.047898,s-1.419293,s307.476708
134_72,s-3.000386,s-2.262150,s131.424713
134_73,s-1.704445,s-4.515638,s114.701551
134_74,s-3.673227,s-0.041834,s213.517045
134_75,s2.220308,s-3.540223,s290.568544
134_76,s0.650625,s4.094017,s263.292334
134_77,s-3.898729,s-0.850557,s217.451723
134_78,s-3.062193,s-2.958069,s274.201505
134_79,s3.549523,s-0.613880,s269.345716
134_80,s4.506610,s0.893203,s278.692493
134_81,s-1.313217,s4.039811,s331.001522
134_82,s2.524961,s2.799434,s229.285848
134_83,s-3.738596,s-2.284500,s-1.815364
134_84,s-4.422596,s3.140462,s233.011826
134_85,s1.269548,s4.030459,s254.953416
134_86,s-3.003084,s2.600026,s61.428385
134_87,s-3.918575,s0.666390,s152.211870
134_88,s-0.305403,s3.846803,s294.846439
134_89,s-0.605671,s-3.783382,s129.531538
134_90,s3.567573,s-1.728726,s80.090479
134_91,s3.035824,s-3.306453,s98.853834
134_92,s4.654855,s-0.767877,s130.597808
134_93,s1.719370,s-4.088801,s326.160755
134_94,s-2.366663,s3.112029,s303.986313
134_95,s2.855519,s1.009446,s285.575696
134_96,s4.263289,s-1.486715,s228.775424
134_97,s3.397670,s2.429562,s261.029894
134_98,s-0.758490,s3.879281,s117.445652
134_99,s-0.002398,s-4.133184,s8.417454
134_100,s2.056941,s3.849596,s285.078518
134_101,s-2.372841,s-3.453495,s217.364231
134_102,s-4.533527,s-0.399300,s356.236516
134_103,s3.453354,s3.183756,s317.960164
134_104,s4.172605,s-2.790250,s71.796173
134_105,s-1.533617,s4.556911,s219.795476
134_106,s-2.209182,s3.784210,s290.196498
134_107,s-0.390125,s-4.689071,s64.173666
134_108,s4.728879,s0.081364,s213.368087
134_109,s4.128987,s1.033765,s106.588031
134_110,s2.482279,s4.579005,s227.463872
134_111,s-4.718600,s0.707844,s66.409466
134_112,s-3.504115,s-3.477755,s164.019728
134_113,s4.382081,s2.964835,s33.244147
134_114,s4.138367,s-2.036216,s216.167062
134_115,s1.198990,s-4.651031,s210.581288
134_116,s4.731106,s-1.586423,s99.130320
134_117,s-4.940392,s-1.288156,s127.142983
134_118,s1.331463,s4.434919,s131.950567
134_119,s-4.771405,s-1.812349,s212.446105
134_120,s0.729222,s-4.521643,s130.794811
134_121,s2.425442,s-4.032000,s260.108904
134_122,s-3.711057,s-2.756501,s147.437434
134_123,s-4.084262,s2.255315,s68.435812
134_124,s-0.348981,s4.612208,s27.219204
134_125,s3.894172,s-4.148423,s117.445652
134_126,s-2.809918,s3.994141,s62.210676
134_127,s4.346858,s1.530753,s255.819790
134_128,s2.154944,s4.939089,s84.984472
134_129,s-2.637853,s-4.172725,s134.566976
134_130,s4.626123,s2.174938,s44.829191
134_131,s0.254207,s4.952154,s284.859666
134_132,s-1.031221,s-4.761144,s160.660208
134_133,s-5.151683,s0.054097,s166.376890
135_0,s-0.502968,s0.254997,s222.859483
135_1,s0.375263,s-0.048300,s32.461180
135_2,s0.304365,s0.545589,s134.486915
135_3,s-0.625865,s1.072172,s134.575842
135_4,s1.369071,s-0.424726,s71.264522
135_5,s-1.281735,s-0.009998,s145.841443
135_6,s0.321354,s1.209870,s0.906503
135_7,s-1.159127,s-1.183624,s322.190472
135_8,s1.426924,s-0.059935,s327.854022
135_9,s-0.217020,s-0.445322,s148.518281
135_10,s1.052553,s0.312889,s19.069495
135_11,s0.746667,s-0.859552,s303.575322
135_12,s-1.827451,s1.447324,s162.408002
135_13,s0.407169,s-0.829606,s113.419808
135_14,s2.081553,s-1.503183,s29.026826
135_15,s-2.113916,s-0.202978,s29.846928
135_16,s-2.580823,s1.532692,s117.445652
135_17,s0.577241,s1.648483,s60.101240
135_18,s1.252433,s-1.934684,s371.047045
135_19,s1.516550,s1.241340,s59.504892
135_20,s2.024938,s-0.464260,s259.475966
135_21,s-1.841442,s0.256873,s347.857535
135_22,s-1.778222,s-1.375977,s334.524514
135_23,s1.728086,s1.791090,s325.328814
135_24,s-0.239774,s1.825695,s132.564456
135_25,s0.270055,s-2.000659,s227.939290
135_26,s1.547451,s0.646325,s306.872606
135_27,s-0.687710,s-1.870119,s242.689973
135_28,s0.154104,s2.214652,s33.209249
135_29,s-2.313998,s-0.699701,s85.425868
135_30,s1.933059,s2.689075,s4.853494
135_31,s-1.126947,s-2.072204,s292.188275
135_32,s2.302227,s3.088738,s331.480633
135_33,s-1.301036,s1.870809,s286.770496
135_34,s-0.583267,s2.561394,s291.000157
135_35,s-0.802528,s-2.577331,s133.088201
135_36,s2.850590,s-1.056210,s154.031859
135_37,s-2.756120,s3.347567,s64.806315
135_38,s-2.243866,s2.574057,s244.513813
135_39,s0.536919,s3.314058,s202.428142
135_40,s2.347117,s0.354229,s49.497021
135_41,s-2.049985,s-1.770548,s164.744590
135_42,s-2.751688,s0.723364,s0.244872
135_43,s0.852577,s-2.426926,s169.968944
135_44,s-3.089800,s-0.200029,s135.277051
135_45,s-2.566425,s-2.354534,s30.691969
135_46,s1.803137,s-2.299926,s11.562829
135_47,s0.739804,s2.084995,s97.264305
135_48,s-1.508838,s-2.552899,s285.951004
135_49,s2.944428,s-0.607329,s338.161653
135_50,s0.564949,s-2.780917,s105.721938
135_51,s2.637943,s1.506143,s340.432562
135_52,s1.255818,s2.277293,s-1.352620
135_53,s-0.745692,s2.996671,s90.752060
135_54,s2.852126,s1.784109,s66.445577
135_55,s-1.001901,s-2.876284,s144.420815
135_56,s2.276773,s-2.369871,s287.414595
135_57,s2.791685,s0.111448,s0.220989
135_58,s-3.198638,s-1.096868,s278.161282
135_59,s1.598118,s-2.898790,s220.405068
135_60,s0.882946,s-3.561571,s223.637332
135_61,s3.254340,s-2.435978,s290.219847
135_62,s-0.592788,s3.626374,s205.239814
135_63,s0.055659,s-3.080638,s284.504310
135_64,s-1.382933,s-3.239793,s192.901967
135_65,s-3.075488,s1.955410,s311.365738
135_66,s3.479920,s0.077431,s285.670613
135_67,s1.557482,s-3.611294,s288.457749
135_68,s-2.011738,s-2.571601,s212.942102
135_69,s-3.407967,s0.962950,s204.163800
135_70,s2.666274,s-2.375459,s191.421638
135_71,s-4.047898,s-1.419293,s307.476708
135_72,s-3.000386,s-2.262150,s131.424713
135_73,s-1.594247,s-4.446660,s-0.821978
135_74,s-3.673227,s-0.041834,s213.517045
135_75,s2.220308,s-3.540223,s290.568544
135_76,s0.650625,s4.094017,s263.292334
135_77,s-3.898729,s-0.850557,s217.451723
135_78,s-2.877736,s-3.054405,s196.672176
135_79,s3.528076,s-0.504050,s176.000898
135_80,s4.473629,s0.752407,s305.295141
135_81,s-1.313217,s4.039811,s331.001522
135_82,s2.524961,s2.799434,s229.285848
135_83,s-3.747723,s-2.305947,s329.369599
135_84,s-4.474505,s3.100615,s233.926079
135_85,s1.269548,s4.030459,s254.953416
135_86,s-2.970445,s2.622757,s62.564995
135_87,s-4.013329,s0.608136,s5.951828
135_88,s-0.284526,s3.940750,s302.034175
135_89,s-0.595106,s-3.754821,s134.654145
135_90,s3.644511,s-1.701358,s78.831088
135_91,s3.035824,s-3.306453,s98.853834
135_92,s4.605148,s-0.700817,s139.628815
135_93,s1.719370,s-4.088801,s326.160755
135_94,s-2.366663,s3.112029,s303.986313
135_95,s2.799108,s1.029199,s286.390570
135_96,s4.263289,s-1.486715,s228.775424
135_97,s3.397670,s2.429562,s261.029894
135_98,s-0.758490,s3.879281,s117.445652
135_99,s0.020410,s-4.300054,s290.568279
135_100,s2.056941,s3.849596,s285.078518
135_101,s-2.266427,s-3.376217,s223.414689
135_102,s-4.582191,s-0.323395,s302.010491
135_103,s3.418484,s3.213989,s226.118263
135_104,s4.280221,s-2.910122,s211.050484
135_105,s-1.533617,s4.556911,s219.795476
135_106,s-2.209182,s3.784210,s290.196498
135_107,s-0.390125,s-4.689071,s64.173666
135_108,s4.652951,s-0.014422,s117.445652
135_109,s4.038377,s1.143390,s113.961717
135_110,s2.711089,s4.731903,s224.371497
135_111,s-4.572532,s0.734672,s64.413127
135_112,s-3.662140,s-3.464449,s155.077433
135_113,s4.405257,s2.875912,s26.303413
135_114,s4.159760,s-2.068337,s217.106275
135_115,s1.338285,s-4.757827,s216.844041
135_116,s4.731106,s-1.586423,s99.130320
135_117,s-4.940392,s-1.288156,s127.142983
135_118,s1.331463,s4.434919,s131.950567
135_119,s-4.877566,s-1.772974,s215.624033
135_120,s0.877277,s-4.438030,s139.153099
135_121,s2.507117,s-4.000318,s230.674699
135_122,s-3.716850,s-2.781898,s144.649539
135_123,s-4.063825,s2.315370,s254.501318
135_124,s-0.322574,s4.466156,s341.545178
135_125,s3.776777,s-4.550458,s25.243852
135_126,s-2.713619,s4.285475,s71.808211
135_127,s4.394366,s1.509156,s254.953416
135_128,s2.270949,s4.803100,s83.941693
135_129,s-2.519887,s-4.211748,s135.954170
135_130,s4.593271,s2.066122,s37.677242
135_131,s0.248368,s4.813473,s302.909227
135_132,s-0.950846,s-4.779618,s157.921227
135_133,s-5.311322,s-0.033499,s226.543727
135_134,s-4.504827,s1.976608,s136.247757
136_0,s-0.502968,s0.254997,s222.859483
136_1,s0.375263,s-0.048300,s32.461180
136_2,s0.304365,s0.545589,s134.486915
136_3,s-0.625865,s1.072172,s134.575842
136_4,s1.369071,s-0.424726,s71.264522
136_5,s-1.281735,s-0.009998,s145.841443
136_6,s0.321354,s1.209870,s0.906503
136_7,s-1.159127,s-1.183624,s322.190472
136_8,s1.426924,s-0.059935,s327.854022
136_9,s-0.217020,s-0.445322,s148.518281
136_10,s1.052553,s0.312889,s19.069495
136_11,s0.746667,s-0.859552,s303.575322
136_12,s-1.827451,s1.447324,s162.408002
136_13,s0.407169,s-0.829606,s113.419808
136_14,s2.081553,s-1.503183,s29.026826
136_15,s-2.113916,s-0.202978,s29.846928
136_16,s-2.580823,s1.532692,s117.445652
136_17,s0.577241,s1.648483,s60.101240
136_18,s1.252433,s-1.934684,s371.047045
136_19,s1.516550,s1.241340,s59.504892
136_20,s2.024938,s-0.464260,s259.475966
136_21,s-1.841442,s0.256873,s347.857535
136_22,s-1.778222,s-1.375977,s334.524514
136_23,s1.728086,s1.791090,s325.328814
136_24,s-0.239774,s1.825695,s132.564456
136_25,s0.270055,s-2.000659,s227.939290
136_26,s1.547451,s0.646325,s306.872606
136_27,s-0.687710,s-1.870119,s242.689973
136_28,s0.154104,s2.214652,s33.209249
136_29,s-2.313998,s-0.699701,s85.425868
136_30,s1.933059,s2.689075,s4.853494
136_31,s-1.126947,s-2.072204,s292.188275
136_32,s2.302227,s3.088738,s331.480633
136_33,s-1.301036,s1.870809,s286.770496
136_34,s-0.583267,s2.561394,s291.000157
136_35,s-0.802528,s-2.577331,s133.088201
136_36,s2.850590,s-1.056210,s154.031859
136_37,s-2.756120,s3.347567,s64.806315
136_38,s-2.243866,s2.574057,s244.513813
136_39,s0.536919,s3.314058,s202.428142
136_40,s2.347117,s0.354229,s49.497021
136_41,s-2.049985,s-1.770548,s164.744590
136_42,s-2.751688,s0.723364,s0.244872
136_43,s0.852577,s-2.426926,s169.968944
136_44,s-3.089800,s-0.200029,s135.277051
136_45,s-2.566425,s-2.354534,s30.691969
136_46,s1.803137,s-2.299926,s11.562829
136_47,s0.739804,s2.084995,s97.264305
136_48,s-1.508838,s-2.552899,s285.951004
136_49,s2.944428,s-0.607329,s338.161653
136_50,s0.564949,s-2.780917,s105.721938
136_51,s2.637943,s1.506143,s340.432562
136_52,s1.255818,s2.277293,s-1.352620
136_53,s-0.745692,s2.996671,s90.752060
136_54,s2.852126,s1.784109,s66.445577
136_55,s-1.001901,s-2.876284,s144.420815
136_56,s2.276773,s-2.369871,s287.414595
136_57,s2.791685,s0.111448,s0.220989
136_58,s-3.198638,s-1.096868,s278.161282
136_59,s1.598118,s-2.898790,s220.405068
136_60,s0.882946,s-3.561571,s223.637332
136_61,s3.254340,s-2.435978,s290.219847
136_62,s-0.592788,s3.626374,s205.239814
136_63,s0.055659,s-3.080638,s284.504310
136_64,s-1.382933,s-3.239793,s192.901967
136_65,s-3.075488,s1.955410,s311.365738
136_66,s3.479920,s0.077431,s285.670613
136_67,s1.557482,s-3.611294,s288.457749
136_68,s-2.011738,s-2.571601,s212.942102
136_69,s-3.407967,s0.962950,s204.163800
136_70,s2.666274,s-2.375459,s191.421638
136_71,s-4.047898,s-1.419293,s307.476708
136_72,s-3.000386,s-2.262150,s131.424713
136_73,s-1.594247,s-4.446660,s-0.821978
136_74,s-3.673227,s-0.041834,s213.517045
136_75,s2.220308,s-3.540223,s290.568544
136_76,s0.650625,s4.094017,s263.292334
136_77,s-3.898729,s-0.850557,s217.451723
136_78,s-2.877736,s-3.054405,s196.672176
136_79,s3.528076,s-0.504050,s176.000898
136_80,s4.473629,s0.752407,s305.295141
136_81,s-1.313217,s4.039811,s331.001522
136_82,s2.524961,s2.799434,s229.285848
136_83,s-3.747723,s-2.305947,s329.369599
136_84,s-4.474505,s3.100615,s233.926079
136_85,s1.269548,s4.030459,s254.953416
136_86,s-2.970445,s2.622757,s62.564995
136_87,s-4.013329,s0.608136,s5.951828
136_88,s-0.284526,s3.940750,s302.034175
136_89,s-0.595106,s-3.754821,s134.654145
136_90,s3.644511,s-1.701358,s78.831088
136_91,s3.035824,s-3.306453,s98.853834
136_92,s4.605148,s-0.700817,s139.628815
136_93,s1.719370,s-4.088801,s326.160755
136_94,s-2.366663,s3.112029,s303.986313
136_95,s2.799108,s1.029199,s286.390570
136_96,s4.263289,s-1.486715,s228.775424
136_97,s3.397670,s2.429562,s261.029894
136_98,s-0.758490,s3.879281,s117.445652
136_99,s0.020410,s-4.300054,s290.568279
136_100,s2.056941,s3.849596,s285.078518
136_101,s-2.266427,s-3.376217,s223.414689
136_102,s-4.582191,s-0.323395,s302.010491
136_103,s3.418484,s3.213989,s226.118263
136_104,s4.280221,s-2.910122,s211.050484
136_105,s-1.533617,s4.556911,s219.795476
136_106,s-2.209182,s3.784210,s290.196498
136_107,s-0.390125,s-4.689071,s64.173666
136_108,s4.652951,s-0.014422,s117.445652
136_109,s4.038377,s1.143390,s113.961717
136_110,s2.711089,s4.731903,s224.371497
136_111,s-4.572532,s0.734672,s64.413127
136_112,s-3.662140,s-3.464449,s155.077433
136_113,s4.405257,s2.875912,s26.303413
136_114,s4.159760,s-2.068337,s217.106275
136_115,s1.338285,s-4.757827,s216.844041
136_116,s4.731106,s-1.586423,s99.130320
136_117,s-4.940392,s-1.288156,s127.142983
136_118,s1.331463,s4.434919,s131.950567
136_119,s-4.877566,s-1.772974,s215.624033
136_120,s0.877277,s-4.438030,s139.153099
136_121,s2.507117,s-4.000318,s230.674699
136_122,s-3.716850,s-2.781898,s144.649539
136_123,s-4.063825,s2.315370,s254.501318
136_124,s-0.322574,s4.466156,s341.545178
136_125,s3.776777,s-4.550458,s25.243852
136_126,s-2.713619,s4.285475,s71.808211
136_127,s4.394366,s1.509156,s254.953416
136_128,s2.270949,s4.803100,s83.941693
136_129,s-2.519887,s-4.211748,s135.954170
136_130,s4.593271,s2.066122,s37.677242
136_131,s0.248368,s4.813473,s302.909227
136_132,s-0.950846,s-4.779618,s157.921227
136_133,s-5.311322,s-0.033499,s226.543727
136_134,s-4.504827,s1.976608,s136.247757
136_135,s4.931575,s0.364137,s307.637763
137_0,s-0.502968,s0.254997,s222.859483
137_1,s0.375263,s-0.048300,s32.461180
137_2,s0.304365,s0.545589,s134.486915
137_3,s-0.641910,s1.083441,s222.492236
137_4,s1.369071,s-0.424726,s71.264522
137_5,s-1.347404,s-0.090034,s141.982793
137_6,s0.321354,s1.209870,s0.906503
137_7,s-1.230202,s-1.251473,s318.394122
137_8,s1.426924,s-0.059935,s327.854022
137_9,s-0.217020,s-0.445322,s148.518281
137_10,s1.052553,s0.312889,s19.069495
137_11,s0.746667,s-0.859552,s303.575322
137_12,s-1.825505,s1.446794,s161.187570
137_13,s0.407169,s-0.829606,s113.419808
137_14,s2.208484,s-1.620998,s16.480364
137_15,s-2.113916,s-0.202978,s29.846928
137_16,s-2.580823,s1.532692,s117.445652
137_17,s0.577241,s1.648483,s60.101240
137_18,s1.221443,s-2.036601,s378.418539
137_19,s1.451718,s1.308017,s99.518746
137_20,s1.984906,s-0.394579,s218.006719
137_21,s-1.841442,s0.256873,s347.857535
137_22,s-1.778222,s-1.375977,s334.524514
137_23,s1.830270,s1.799627,s335.163986
137_24,s-0.330345,s1.916109,s81.216219
137_25,s0.270055,s-2.000659,s227.939290
137_26,s1.547451,s0.646325,s306.872606
137_27,s-0.687710,s-1.870119,s242.689973
137_28,s0.154104,s2.214652,s33.209249
137_29,s-2.313998,s-0.699701,s85.425868
137_30,s1.933059,s2.689075,s4.853494
137_31,s-1.126947,s-2.072204,s292.188275
137_32,s2.302227,s3.088738,s331.480633
137_33,s-1.399248,s1.778097,s64.861145
137_34,s-0.583267,s2.561394,s291.000157
137_35,s-0.802528,s-2.577331,s133.088201
137_36,s2.996222,s-0.902359,s159.910211
137_37,s-2.756120,s3.347567,s64.806315
137_38,s-2.230879,s2.602371,s247.176104
137_39,s0.516270,s3.295102,s261.601277
137_40,s2.347117,s0.354229,s49.497021
137_41,s-2.049985,s-1.770548,s164.744590
137_42,s-2.751688,s0.723364,s0.244872
137_43,s0.852577,s-2.426926,s169.968944
137_44,s-3.089800,s-0.200029,s135.277051
137_45,s-2.566425,s-2.354534,s30.691969
137_46,s1.803137,s-2.299926,s11.562829
137_47,s0.739804,s2.084995,s97.264305
137_48,s-1.508838,s-2.552899,s285.951004
137_49,s2.966191,s-0.511216,s333.926601
137_50,s0.564949,s-2.780917,s105.721938
137_51,s2.637943,s1.506143,s340.432562
137_52,s1.229637,s2.285356,s-4.285311
137_53,s-0.787477,s2.954086,s117.445652
137_54,s2.852126,s1.784109,s66.445577
137_55,s-1.001901,s-2.876284,s144.420815
137_56,s2.276773,s-2.369871,s287.414595
137_57,s2.791685,s0.111448,s0.220989
137_58,s-3.209628,s-1.145543,s285.084688
137_59,s1.598118,s-2.898790,s220.405068
137_60,s0.761733,s-3.534228,s237.301095
137_61,s3.225371,s-2.545529,s297.210404
137_62,s-0.592788,s3.626374,s205.239814
137_63,s0.055659,s-3.080638,s284.504310
137_64,s-1.382933,s-3.239793,s192.901967
137_65,s-3.045474,s2.030819,s316.300935
137_66,s3.633679,s0.092264,s292.818825
137_67,s1.557482,s-3.611294,s288.457749
137_68,s-2.011738,s-2.571601,s212.942102
137_69,s-3.447334,s0.991353,s195.022122
137_70,s2.666274,s-2.375459,s191.421638
137_71,s-4.047898,s-1.419293,s307.476708
137_72,s-3.000386,s-2.262150,s131.424713
137_73,s-1.565830,s-4.420616,s97.097268
137_74,s-3.673227,s-0.041834,s213.517045
137_75,s2.220308,s-3.540223,s290.568544
137_76,s0.650625,s4.094017,s263.292334
137_77,s-3.898729,s-0.850557,s217.451723
137_78,s-2.885096,s-3.127973,s284.539708
137_79,s3.651851,s-0.438765,s172.691891
137_80,s4.473629,s0.752407,s305.295141
137_81,s-1.313217,s4.039811,s331.001522
137_82,s2.524961,s2.799434,s229.285848
137_83,s-3.853920,s-2.049155,s318.320179
137_84,s-4.415767,s2.868027,s294.300162
137_85,s1.269548,s4.030459,s254.953416
137_86,s-3.029524,s2.645050,s60.812299
137_87,s-3.988467,s0.594793,s17.756019
137_88,s-0.328925,s3.923718,s301.268128
137_89,s-0.712372,s-3.728404,s143.114257
137_90,s3.671844,s-1.744289,s93.013498
137_91,s3.035824,s-3.306453,s98.853834
137_92,s4.612888,s-0.786831,s231.364430
137_93,s1.719370,s-4.088801,s326.160755
137_94,s-2.328644,s3.090279,s296.099644
137_95,s2.785226,s1.028894,s71.648822
137_96,s4.263289,s-1.486715,s228.775424
137_97,s3.328866,s2.354679,s272.209167
137_98,s-0.758490,s3.879281,s117.445652
137_99,s0.048961,s-4.315402,s293.590910
137_100,s2.056941,s3.849596,s285.078518
137_101,s-2.304596,s-3.425711,s263.811457
137_102,s-4.582191,s-0.323395,s302.010491
137_103,s3.418484,s3.213989,s226.118263
137_104,s4.280348,s-2.833124,s204.315248
137_105,s-1.597232,s4.637046,s323.957828
137_106,s-2.264160,s3.778727,s288.861175
137_107,s-0.390125,s-4.689071,s64.173666
137_108,s4.885380,s-0.065310,s189.859152
137_109,s4.070223,s1.124450,s111.606732
137_110,s2.928906,s4.793363,s143.645195
137_111,s-4.634132,s0.764560,s66.977024
137_112,s-3.662140,s-3.464449,s155.077433
137_113,s4.190325,s3.107731,s19.737647
137_114,s4.159760,s-2.068337,s217.106275
137_115,s1.276113,s-4.700126,s219.501928
137_116,s4.731106,s-1.586423,s99.130320
137_117,s-4.940392,s-1.288156,s127.142983
137_118,s1.331463,s4.434919,s131.950567
137_119,s-5.217661,s-1.902120,s208.612218
137_120,s0.820544,s-4.555416,s150.966773
137_121,s2.658914,s-4.107454,s197.374038
137_122,s-3.716850,s-2.781898,s144.649539
137_123,s-4.063825,s2.315370,s254.501318
137_124,s-0.351580,s4.544358,s339.282480
137_125,s3.782230,s-4.474268,s142.821430
137_126,s-2.723536,s4.220214,s130.676225
137_127,s4.394366,s1.509156,s254.953416
137_128,s2.060039,s5.016404,s88.144701
137_129,s-2.456296,s-4.183174,s99.979398
137_130,s4.542231,s2.044531,s31.494350
137_131,s0.259541,s4.878459,s297.402694
137_132,s-0.950846,s-4.779618,s157.921227
137_133,s-5.376044,s-0.040394,s234.398497
137_134,s-4.822751,s2.052131,s140.757001
137_135,s4.955702,s0.332609,s315.012406
137_136,s3.843872,s-3.259334,s174.870375
138_0,s-0.502968,s0.254997,s222.859483
138_1,s0.375263,s-0.048300,s32.461180
138_2,s0.304365,s0.545589,s134.486915
138_3,s-0.641910,s1.083441,s222.492236
138_4,s1.369071,s-0.424726,s71.264522
138_5,s-1.347404,s-0.090034,s141.982793
138_6,s0.321354,s1.209870,s0.906503
138_7,s-1.230202,s-1.251473,s318.394122
138_8,s1.426924,s-0.059935,s327.854022
138_9,s-0.217020,s-0.445322,s148.518281
138_10,s1.052553,s0.312889,s19.069495
138_11,s0.746667,s-0.859552,s303.575322
138_12,s-1.825505,s1.446794,s161.187570
138_13,s0.407169,s-0.829606,s113.419808
138_14,s2.208484,s-1.620998,s16.480364
138_15,s-2.113916,s-0.202978,s29.846928
138_16,s-2.580823,s1.532692,s117.445652
138_17,s0.577241,s1.648483,s60.101240
138_18,s1.221443,s-2.036601,s378.418539
138_19,s1.451718,s1.308017,s99.518746
138_20,s1.984906,s-0.394579,s218.006719
138_21,s-1.841442,s0.256873,s347.857535
138_22,s-1.778222,s-1.375977,s334.524514
138_23,s1.830270,s1.799627,s335.163986
138_24,s-0.330345,s1.916109,s81.216219
138_25,s0.270055,s-2.000659,s227.939290
138_26,s1.547451,s0.646325,s306.872606
138_27,s-0.687710,s-1.870119,s242.689973
138_28,s0.154104,s2.214652,s33.209249
138_29,s-2.313998,s-0.699701,s85.425868
138_30,s1.933059,s2.689075,s4.853494
138_31,s-1.126947,s-2.072204,s292.188275
138_32,s2.302227,s3.088738,s331.480633
138_33,s-1.399248,s1.778097,s64.861145
138_34,s-0.583267,s2.561394,s291.000157
138_35,s-0.802528,s-2.577331,s133.088201
138_36,s2.996222,s-0.902359,s159.910211
138_37,s-2.756120,s3.347567,s64.806315
138_38,s-2.230879,s2.602371,s247.176104
138_39,s0.516270,s3.295102,s261.601277
138_40,s2.347117,s0.354229,s49.497021
138_41,s-2.049985,s-1.770548,s164.744590
138_42,s-2.751688,s0.723364,s0.244872
138_43,s0.852577,s-2.426926,s169.968944
138_44,s-3.089800,s-0.200029,s135.277051
138_45,s-2.566425,s-2.354534,s30.691969
138_46,s1.803137,s-2.299926,s11.562829
138_47,s0.739804,s2.084995,s97.264305
138_48,s-1.508838,s-2.552899,s285.951004
138_49,s2.966191,s-0.511216,s333.926601
138_50,s0.564949,s-2.780917,s105.721938
138_51,s2.637943,s1.506143,s340.432562
138_52,s1.229637,s2.285356,s-4.285311
138_53,s-0.787477,s2.954086,s117.445652
138_54,s2.852126,s1.784109,s66.445577
138_55,s-1.001901,s-2.876284,s144.420815
138_56,s2.276773,s-2.369871,s287.414595
138_57,s2.791685,s0.111448,s0.220989
138_58,s-3.209628,s-1.145543,s285.084688
138_59,s1.598118,s-2.898790,s220.405068
138_60,s0.761733,s-3.534228,s237.301095
138_61,s3.225371,s-2.545529,s297.210404
138_62,s-0.592788,s3.626374,s205.239814
138_63,s0.055659,s-3.080638,s284.504310
138_64,s-1.382933,s-3.239793,s192.901967
138_65,s-3.045474,s2.030819,s316.300935
138_66,s3.633679,s0.092264,s292.818825
138_67,s1.557482,s-3.611294,s288.457749
138_68,s-2.011738,s-2.571601,s212.942102
138_69,s-3.447334,s0.991353,s195.022122
138_70,s2.666274,s-2.375459,s191.421638
138_71,s-4.047898,s-1.419293,s307.476708
138_72,s-3.000386,s-2.262150,s131.424713
138_73,s-1.565830,s-4.420616,s97.097268
138_74,s-3.673227,s-0.041834,s213.517045
138_75,s2.220308,s-3.540223,s290.568544
138_76,s0.650625,s4.094017,s263.292334
138_77,s-3.898729,s-0.850557,s217.451723
138_78,s-2.885096,s-3.127973,s284.539708
138_79,s3.651851,s-0.438765,s172.691891
138_80,s4.473629,s0.752407,s305.295141
138_81,s-1.313217,s4.039811,s331.001522
138_82,s2.524961,s2.799434,s229.285848
138_83,s-3.853920,s-2.049155,s318.320179
138_84,s-4.415767,s2.868027,s294.300162
138_85,s1.269548,s4.030459,s254.953416
138_86,s-3.029524,s2.645050,s60.812299
138_87,s-3.988467,s0.594793,s17.756019
138_88,s-0.328925,s3.923718,s301.268128
138_89,s-0.712372,s-3.728404,s143.114257
138_90,s3.671844,s-1.744289,s93.013498
138_91,s3.035824,s-3.306453,s98.853834
138_92,s4.612888,s-0.786831,s231.364430
138_93,s1.719370,s-4.088801,s326.160755
138_94,s-2.328644,s3.090279,s296.099644
138_95,s2.785226,s1.028894,s71.648822
138_96,s4.263289,s-1.486715,s228.775424
138_97,s3.328866,s2.354679,s272.209167
138_98,s-0.758490,s3.879281,s117.445652
138_99,s0.048961,s-4.315402,s293.590910
138_100,s2.056941,s3.849596,s285.078518
138_101,s-2.304596,s-3.425711,s263.811457
138_102,s-4.582191,s-0.323395,s302.010491
138_103,s3.418484,s3.213989,s226.118263
138_104,s4.280348,s-2.833124,s204.315248
138_105,s-1.597232,s4.637046,s323.957828
138_106,s-2.264160,s3.778727,s288.861175
138_107,s-0.390125,s-4.689071,s64.173666
138_108,s4.885380,s-0.065310,s189.859152
138_109,s4.070223,s1.124450,s111.606732
138_110,s2.928906,s4.793363,s143.645195
138_111,s-4.634132,s0.764560,s66.977024
138_112,s-3.662140,s-3.464449,s155.077433
138_113,s4.190325,s3.107731,s19.737647
138_114,s4.159760,s-2.068337,s217.106275
138_115,s1.276113,s-4.700126,s219.501928
138_116,s4.731106,s-1.586423,s99.130320
138_117,s-4.940392,s-1.288156,s127.142983
138_118,s1.331463,s4.434919,s131.950567
138_119,s-5.217661,s-1.902120,s208.612218
138_120,s0.820544,s-4.555416,s150.966773
138_121,s2.658914,s-4.107454,s197.374038
138_122,s-3.716850,s-2.781898,s144.649539
138_123,s-4.063825,s2.315370,s254.501318
138_124,s-0.351580,s4.544358,s339.282480
138_125,s3.782230,s-4.474268,s142.821430
138_126,s-2.723536,s4.220214,s130.676225
138_127,s4.394366,s1.509156,s254.953416
138_128,s2.060039,s5.016404,s88.144701
138_129,s-2.456296,s-4.183174,s99.979398
138_130,s4.542231,s2.044531,s31.494350
138_131,s0.259541,s4.878459,s297.402694
138_132,s-0.950846,s-4.779618,s157.921227
138_133,s-5.376044,s-0.040394,s234.398497
138_134,s-4.822751,s2.052131,s140.757001
138_135,s4.955702,s0.332609,s315.012406
138_136,s3.843872,s-3.259334,s174.870375
138_137,s-1.626974,s-5.007313,s98.224847
139_0,s-0.502968,s0.254997,s222.859483
139_1,s0.375263,s-0.048300,s32.461180
139_2,s0.304365,s0.545589,s134.486915
139_3,s-0.641910,s1.083441,s222.492236
139_4,s1.369071,s-0.424726,s71.264522
139_5,s-1.050720,s-0.046274,s163.476110
139_6,s0.321354,s1.209870,s0.906503
139_7,s-1.230202,s-1.251473,s318.394122
139_8,s1.426924,s-0.059935,s327.854022
139_9,s-0.217020,s-0.445322,s148.518281
139_10,s1.052553,s0.312889,s19.069495
139_11,s0.746667,s-0.859552,s303.575322
139_12,s-1.825505,s1.446794,s161.187570
139_13,s0.407169,s-0.829606,s113.419808
139_14,s2.208484,s-1.620998,s16.480364
139_15,s-2.113916,s-0.202978,s29.846928
139_16,s-2.580823,s1.532692,s117.445652
139_17,s0.577241,s1.648483,s60.101240
139_18,s1.221443,s-2.036601,s378.418539
139_19,s1.368375,s1.344639,s90.516483
139_20,s1.984906,s-0.394579,s218.006719
139_21,s-1.841442,s0.256873,s347.857535
139_22,s-1.778222,s-1.375977,s334.524514
139_23,s1.830270,s1.799627,s335.163986
139_24,s-0.330345,s1.916109,s81.216219
139_25,s0.270055,s-2.000659,s227.939290
139_26,s1.547451,s0.646325,s306.872606
139_27,s-0.687710,s-1.870119,s242.689973
139_28,s0.154104,s2.214652,s33.209249
139_29,s-2.313998,s-0.699701,s85.425868
139_30,s1.933059,s2.689075,s4.853494
139_31,s-1.126947,s-2.072204,s292.188275
139_32,s2.302227,s3.088738,s331.480633
139_33,s-1.399248,s1.778097,s64.861145
139_34,s-0.583267,s2.561394,s291.000157
139_35,s-0.802528,s-2.577331,s133.088201
139_36,s2.996222,s-0.902359,s159.910211
139_37,s-2.756120,s3.347567,s64.806315
139_38,s-2.230879,s2.602371,s247.176104
139_39,s0.361200,s3.327111,s266.152133
139_40,s2.347117,s0.354229,s49.497021
139_41,s-2.049985,s-1.770548,s164.744590
139_42,s-2.751688,s0.723364,s0.244872
139_43,s0.852577,s-2.426926,s169.968944
139_44,s-3.089800,s-0.200029,s135.277051
139_45,s-2.566425,s-2.354534,s30.691969
139_46,s1.803137,s-2.299926,s11.562829
139_47,s0.739804,s2.084995,s97.264305
139_48,s-1.508838,s-2.552899,s285.951004
139_49,s2.966191,s-0.511216,s333.926601
139_50,s0.564949,s-2.780917,s105.721938
139_51,s2.637943,s1.506143,s340.432562
139_52,s1.156923,s2.188764,s-11.088506
139_53,s-0.774096,s3.004317,s110.154205
139_54,s2.852126,s1.784109,s66.445577
139_55,s-1.001901,s-2.876284,s144.420815
139_56,s2.276773,s-2.369871,s287.414595
139_57,s2.791685,s0.111448,s0.220989
139_58,s-3.135875,s-1.004759,s215.241425
139_59,s1.598118,s-2.898790,s220.405068
139_60,s0.761733,s-3.534228,s237.301095
139_61,s3.198220,s-2.508734,s298.381056
139_62,s-0.592788,s3.626374,s205.239814
139_63,s0.055659,s-3.080638,s284.504310
139_64,s-1.382933,s-3.239793,s192.901967
139_65,s-3.045474,s2.030819,s316.300935
139_66,s3.633679,s0.092264,s292.818825
139_67,s1.557482,s-3.611294,s288.457749
139_68,s-2.011738,s-2.571601,s212.942102
139_69,s-3.434125,s1.052599,s185.557094
139_70,s2.666274,s-2.375459,s191.421638
139_71,s-4.047898,s-1.419293,s307.476708
139_72,s-3.000386,s-2.262150,s131.424713
139_73,s-1.565830,s-4.420616,s97.097268
139_74,s-3.673227,s-0.041834,s213.517045
139_75,s2.220308,s-3.540223,s290.568544
139_76,s0.650625,s4.094017,s263.292334
139_77,s-3.898729,s-0.850557,s217.451723
139_78,s-3.003142,s-3.305205,s291.783586
139_79,s3.591301,s-0.359891,s166.066296
139_80,s4.473629,s0.752407,s305.295141
139_81,s-1.313217,s4.039811,s331.001522
139_82,s2.533251,s2.804340,s229.914449
139_83,s-3.855260,s-2.230250,s341.606371
139_84,s-4.415767,s2.868027,s294.300162
139_85,s1.269548,s4.030459,s254.953416
139_86,s-3.029524,s2.645050,s60.812299
139_87,s-3.970730,s0.442133,s4.751180
139_88,s-0.328925,s3.923718,s301.268128
139_89,s-0.712372,s-3.728404,s143.114257
139_90,s3.824609,s-1.572859,s88.762957
139_91,s3.035824,s-3.306453,s98.853834
139_92,s4.612888,s-0.786831,s231.364430
139_93,s1.719370,s-4.088801,s326.160755
139_94,s-2.328644,s3.090279,s296.099644
139_95,s2.785226,s1.028894,s71.648822
139_96,s4.263289,s-1.486715,s228.775424
139_97,s3.268995,s2.602794,s260.005556
139_98,s-0.758490,s3.879281,s117.445652
139_99,s0.049115,s-4.279326,s296.725199
139_100,s2.056941,s3.849596,s285.078518
139_101,s-2.304596,s-3.425711,s263.811457
139_102,s-4.582191,s-0.323395,s302.010491
139_103,s3.418484,s3.213989,s226.118263
139_104,s4.280348,s-2.833124,s204.315248
139_105,s-1.597232,s4.637046,s323.957828
139_106,s-2.363894,s3.776421,s265.715274
139_107,s-0.390125,s-4.689071,s64.173666
139_108,s4.885380,s-0.065310,s189.859152
139_109,s3.970492,s0.904440,s120.034803
139_110,s2.928906,s4.793363,s143.645195
139_111,s-4.634132,s0.764560,s66.977024
139_112,s-3.662140,s-3.464449,s155.077433
139_113,s4.398822,s3.172584,s16.992468
139_114,s4.159760,s-2.068337,s217.106275
139_115,s1.276113,s-4.700126,s219.501928
139_116,s4.731106,s-1.586423,s99.130320
139_117,s-4.903297,s-1.226115,s126.356900
139_118,s1.331463,s4.434919,s131.950567
139_119,s-5.217661,s-1.902120,s208.612218
139_120,s0.852367,s-4.588667,s150.779330
139_121,s2.762546,s-4.015030,s182.494425
139_122,s-3.716850,s-2.781898,s144.649539
139_123,s-4.063825,s2.315370,s254.501318
139_124,s-0.351580,s4.544358,s339.282480
139_125,s3.782230,s-4.474268,s142.821430
139_126,s-2.723536,s4.220214,s130.676225
139_127,s4.408374,s1.492282,s307.476708
139_128,s2.060039,s5.016404,s88.144701
139_129,s-2.456296,s-4.183174,s99.979398
139_130,s4.542231,s2.044531,s31.494350
139_131,s0.259541,s4.878459,s297.402694
139_132,s-0.950846,s-4.779618,s157.921227
139_133,s-5.346450,s0.237243,s233.384171
139_134,s-4.850075,s2.143372,s157.221265
139_135,s4.955702,s0.332609,s315.012406
139_136,s3.843872,s-3.259334,s174.870375
139_137,s-1.942097,s-5.038948,s100.346002
139_138,s2.121256,s-4.471051,s164.886854
140_0,s-0.502968,s0.254997,s222.859483
140_1,s0.375263,s-0.048300,s32.461180
140_2,s0.304365,s0.545589,s134.486915
140_3,s-0.627964,s1.240877,s237.117102
140_4,s1.369071,s-0.424726,s71.264522
140_5,s-1.050720,s-0.046274,s163.476110
140_6,s0.321354,s1.209870,s0.906503
140_7,s-1.230202,s-1.251473,s318.394122
140_8,s1.426924,s-0.059935,s327.854022
140_9,s-0.217020,s-0.445322,s148.518281
140_10,s1.052553,s0.312889,s19.069495
140_11,s0.746667,s-0.859552,s303.575322
140_12,s-1.825505,s1.446794,s161.187570
140_13,s0.407169,s-0.829606,s113.419808
140_14,s2.183154,s-1.589713,s6.123661
140_15,s-2.113916,s-0.202978,s29.846928
140_16,s-2.580823,s1.532692,s117.445652
140_17,s0.577241,s1.648483,s60.101240
140_18,s1.221443,s-2.036601,s378.418539
140_19,s1.368375,s1.344639,s90.516483
140_20,s1.984906,s-0.394579,s218.006719
140_21,s-1.841442,s0.256873,s347.857535
140_22,s-1.778222,s-1.375977,s334.524514
140_23,s1.830270,s1.799627,s335.163986
140_24,s-0.330345,s1.916109,s81.216219
140_25,s0.270055,s-2.000659,s227.939290
140_26,s1.547451,s0.646325,s306.872606
140_27,s-0.687710,s-1.870119,s242.689973
140_28,s0.154104,s2.214652,s33.209249
140_29,s-2.313998,s-0.699701,s85.425868
140_30,s1.933059,s2.689075,s4.853494
140_31,s-1.126947,s-2.072204,s292.188275
140_32,s2.302227,s3.088738,s331.480633
140_33,s-1.399248,s1.778097,s64.861145
140_34,s-0.583267,s2.561394,s291.000157
140_35,s-0.802528,s-2.577331,s133.088201
140_36,s2.996222,s-0.902359,s159.910211
140_37,s-2.756120,s3.347567,s64.806315
140_38,s-2.230879,s2.602371,s247.176104
140_39,s0.361200,s3.327111,s266.152133
140_40,s2.347117,s0.354229,s49.497021
140_41,s-2.049985,s-1.770548,s164.744590
140_42,s-2.751688,s0.723364,s0.244872
140_43,s0.852577,s-2.426926,s169.968944
140_44,s-3.089800,s-0.200029,s135.277051
140_45,s-2.566425,s-2.354534,s30.691969
140_46,s1.803137,s-2.299926,s11.562829
140_47,s0.739804,s2.084995,s97.264305
140_48,s-1.508838,s-2.552899,s285.951004
140_49,s2.966191,s-0.511216,s333.926601
140_50,s0.564949,s-2.780917,s105.721938
140_51,s2.637943,s1.506143,s340.432562
140_52,s1.156923,s2.188764,s-11.088506
140_53,s-0.774096,s3.004317,s110.154205
140_54,s2.852126,s1.784109,s66.445577
140_55,s-1.001901,s-2.876284,s144.420815
140_56,s2.276773,s-2.369871,s287.414595
140_57,s2.791685,s0.111448,s0.220989
140_58,s-3.135875,s-1.004759,s215.241425
140_59,s1.598118,s-2.898790,s220.405068
140_60,s0.761733,s-3.534228,s237.301095
140_61,s3.198220,s-2.508734,s298.381056
140_62,s-0.592788,s3.626374,s205.239814
140_63,s0.055659,s-3.080638,s284.504310
140_64,s-1.382933,s-3.239793,s192.901967
140_65,s-3.045474,s2.030819,s316.300935
140_66,s3.633679,s0.092264,s292.818825
140_67,s1.557482,s-3.611294,s288.457749
140_68,s-2.011738,s-2.571601,s212.942102
140_69,s-3.434125,s1.052599,s185.557094
140_70,s2.666274,s-2.375459,s191.421638
140_71,s-4.047898,s-1.419293,s307.476708
140_72,s-3.000386,s-2.262150,s131.424713
140_73,s-1.565830,s-4.420616,s97.097268
140_74,s-3.673227,s-0.041834,s213.517045
140_75,s2.220308,s-3.540223,s290.568544
140_76,s0.650625,s4.094017,s263.292334
140_77,s-3.898729,s-0.850557,s217.451723
140_78,s-3.003142,s-3.305205,s291.783586
140_79,s3.591301,s-0.359891,s166.066296
140_80,s4.473629,s0.752407,s305.295141
140_81,s-1.313217,s4.039811,s331.001522
140_82,s2.533251,s2.804340,s229.914449
140_83,s-3.855260,s-2.230250,s341.606371
140_84,s-4.415767,s2.868027,s294.300162
140_85,s1.269548,s4.030459,s254.953416
140_86,s-3.029524,s2.645050,s60.812299
140_87,s-3.970730,s0.442133,s4.751180
140_88,s-0.328925,s3.923718,s301.268128
140_89,s-0.712372,s-3.728404,s143.114257
140_90,s3.824609,s-1.572859,s88.762957
140_91,s3.035824,s-3.306453,s98.853834
140_92,s4.612888,s-0.786831,s231.364430
140_93,s1.719370,s-4.088801,s326.160755
140_94,s-2.328644,s3.090279,s296.099644
140_95,s2.785226,s1.028894,s71.648822
140_96,s4.263289,s-1.486715,s228.775424
140_97,s3.268995,s2.602794,s260.005556
140_98,s-0.758490,s3.879281,s117.445652
140_99,s0.049115,s-4.279326,s296.725199
140_100,s2.056941,s3.849596,s285.078518
140_101,s-2.304596,s-3.425711,s263.811457
140_102,s-4.582191,s-0.323395,s302.010491
140_103,s3.418484,s3.213989,s226.118263
140_104,s4.280348,s-2.833124,s204.315248
140_105,s-1.597232,s4.637046,s323.957828
140_106,s-2.363894,s3.776421,s265.715274
140_107,s-0.390125,s-4.689071,s64.173666
140_108,s4.885380,s-0.065310,s189.859152
140_109,s3.970492,s0.904440,s120.034803
140_110,s2.928906,s4.793363,s143.645195
140_111,s-4.634132,s0.764560,s66.977024
140_112,s-3.662140,s-3.464449,s155.077433
140_113,s4.398822,s3.172584,s16.992468
140_114,s4.159760,s-2.068337,s217.106275
140_115,s1.276113,s-4.700126,s219.501928
140_116,s4.731106,s-1.586423,s99.130320
140_117,s-4.903297,s-1.226115,s126.356900
140_118,s1.331463,s4.434919,s131.950567
140_119,s-5.217661,s-1.902120,s208.612218
140_120,s0.852367,s-4.588667,s150.779330
140_121,s2.762546,s-4.015030,s182.494425
140_122,s-3.716850,s-2.781898,s144.649539
140_123,s-4.063825,s2.315370,s254.501318
140_124,s-0.351580,s4.544358,s339.282480
140_125,s3.782230,s-4.474268,s142.821430
140_126,s-2.723536,s4.220214,s130.676225
140_127,s4.408374,s1.492282,s307.476708
140_128,s1.971596,s4.925958,s86.283132
140_129,s-2.456296,s-4.183174,s99.979398
140_130,s4.542231,s2.044531,s31.494350
140_131,s0.259541,s4.878459,s297.402694
140_132,s-0.950846,s-4.779618,s157.921227
140_133,s-5.346450,s0.237243,s233.384171
140_134,s-4.850075,s2.143372,s157.221265
140_135,s4.955702,s0.332609,s315.012406
140_136,s3.843872,s-3.259334,s174.870375
140_137,s-1.942097,s-5.038948,s100.346002
140_138,s2.121256,s-4.471051,s164.886854
140_139,s-0.231060,s-5.084753,s167.661264
141_0,s-0.502968,s0.254997,s222.859483
141_1,s0.375263,s-0.048300,s32.461180
141_2,s0.304365,s0.545589,s134.486915
141_3,s-0.627964,s1.240877,s237.117102
141_4,s1.369071,s-0.424726,s71.264522
141_5,s-1.050720,s-0.046274,s163.476110
141_6,s0.321354,s1.209870,s0.906503
141_7,s-1.230202,s-1.251473,s318.394122
141_8,s1.426924,s-0.059935,s327.854022
141_9,s-0.217020,s-0.445322,s148.518281
141_10,s1.052553,s0.312889,s19.069495
141_11,s0.746667,s-0.859552,s303.575322
141_12,s-1.825505,s1.446794,s161.187570
141_13,s0.407169,s-0.829606,s113.419808
141_14,s2.183154,s-1.589713,s6.123661
141_15,s-2.113916,s-0.202978,s29.846928
141_16,s-2.580823,s1.532692,s117.445652
141_17,s0.577241,s1.648483,s60.101240
141_18,s1.221443,s-2.036601,s378.418539
141_19,s1.368375,s1.344639,s90.516483
141_20,s1.984906,s-0.394579,s218.006719
141_21,s-1.841442,s0.256873,s347.857535
141_22,s-1.778222,s-1.375977,s334.524514
141_23,s1.830270,s1.799627,s335.163986
141_24,s-0.330345,s1.916109,s81.216219
141_25,s0.270055,s-2.000659,s227.939290
141_26,s1.547451,s0.646325,s306.872606
141_27,s-0.687710,s-1.870119,s242.689973
141_28,s0.154104,s2.214652,s33.209249
141_29,s-2.313998,s-0.699701,s85.425868
141_30,s1.933059,s2.689075,s4.853494
141_31,s-1.126947,s-2.072204,s292.188275
141_32,s2.302227,s3.088738,s331.480633
141_33,s-1.399248,s1.778097,s64.861145
141_34,s-0.583267,s2.561394,s291.000157
141_35,s-0.802528,s-2.577331,s133.088201
141_36,s2.996222,s-0.902359,s159.910211
141_37,s-2.756120,s3.347567,s64.806315
141_38,s-2.230879,s2.602371,s247.176104
141_39,s0.361200,s3.327111,s266.152133
141_40,s2.347117,s0.354229,s49.497021
141_41,s-2.049985,s-1.770548,s164.744590
141_42,s-2.751688,s0.723364,s0.244872
141_43,s0.852577,s-2.426926,s169.968944
141_44,s-3.089800,s-0.200029,s135.277051
141_45,s-2.566425,s-2.354534,s30.691969
141_46,s1.803137,s-2.299926,s11.562829
141_47,s0.739804,s2.084995,s97.264305
141_48,s-1.508838,s-2.552899,s285.951004
141_49,s2.966191,s-0.511216,s333.926601
141_50,s0.564949,s-2.780917,s105.721938
141_51,s2.637943,s1.506143,s340.432562
141_52,s1.156923,s2.188764,s-11.088506
141_53,s-0.774096,s3.004317,s110.154205
141_54,s2.852126,s1.784109,s66.445577
141_55,s-1.001901,s-2.876284,s144.420815
141_56,s2.276773,s-2.369871,s287.414595
141_57,s2.791685,s0.111448,s0.220989
141_58,s-3.135875,s-1.004759,s215.241425
141_59,s1.598118,s-2.898790,s220.405068
141_60,s0.761733,s-3.534228,s237.301095
141_61,s3.198220,s-2.508734,s298.381056
141_62,s-0.592788,s3.626374,s205.239814
141_63,s0.055659,s-3.080638,s284.504310
141_64,s-1.382933,s-3.239793,s192.901967
141_65,s-3.045474,s2.030819,s316.300935
141_66,s3.633679,s0.092264,s292.818825
141_67,s1.557482,s-3.611294,s288.457749
141_68,s-2.011738,s-2.571601,s212.942102
141_69,s-3.434125,s1.052599,s185.557094
141_70,s2.666274,s-2.375459,s191.421638
141_71,s-4.047898,s-1.419293,s307.476708
141_72,s-3.000386,s-2.262150,s131.424713
141_73,s-1.565830,s-4.420616,s97.097268
141_74,s-3.673227,s-0.041834,s213.517045
141_75,s2.220308,s-3.540223,s290.568544
141_76,s0.650625,s4.094017,s263.292334
141_77,s-3.898729,s-0.850557,s217.451723
141_78,s-3.003142,s-3.305205,s291.783586
141_79,s3.591301,s-0.359891,s166.066296
141_80,s4.473629,s0.752407,s305.295141
141_81,s-1.313217,s4.039811,s331.001522
141_82,s2.533251,s2.804340,s229.914449
141_83,s-3.855260,s-2.230250,s341.606371
141_84,s-4.415767,s2.868027,s294.300162
141_85,s1.269548,s4.030459,s254.953416
141_86,s-3.029524,s2.645050,s60.812299
141_87,s-3.970730,s0.442133,s4.751180
141_88,s-0.328925,s3.923718,s301.268128
141_89,s-0.712372,s-3.728404,s143.114257
141_90,s3.824609,s-1.572859,s88.762957
141_91,s3.035824,s-3.306453,s98.853834
141_92,s4.612888,s-0.786831,s231.364430
141_93,s1.719370,s-4.088801,s326.160755
141_94,s-2.328644,s3.090279,s296.099644
141_95,s2.785226,s1.028894,s71.648822
141_96,s4.263289,s-1.486715,s228.775424
141_97,s3.268995,s2.602794,s260.005556
141_98,s-0.758490,s3.879281,s117.445652
141_99,s0.049115,s-4.279326,s296.725199
141_100,s2.056941,s3.849596,s285.078518
141_101,s-2.304596,s-3.425711,s263.811457
141_102,s-4.582191,s-0.323395,s302.010491
141_103,s3.418484,s3.213989,s226.118263
141_104,s4.280348,s-2.833124,s204.315248
141_105,s-1.597232,s4.637046,s323.957828
141_106,s-2.363894,s3.776421,s265.715274
141_107,s-0.390125,s-4.689071,s64.173666
141_108,s4.885380,s-0.065310,s189.859152
141_109,s3.970492,s0.904440,s120.034803
141_110,s2.928906,s4.793363,s143.645195
141_111,s-4.634132,s0.764560,s66.977024
141_112,s-3.662140,s-3.464449,s155.077433
141_113,s4.398822,s3.172584,s16.992468
141_114,s4.159760,s-2.068337,s217.106275
141_115,s1.276113,s-4.700126,s219.501928
141_116,s4.731106,s-1.586423,s99.130320
141_117,s-4.903297,s-1.226115,s126.356900
141_118,s1.331463,s4.434919,s131.950567
141_119,s-5.217661,s-1.902120,s208.612218
141_120,s0.852367,s-4.588667,s150.779330
141_121,s2.762546,s-4.015030,s182.494425
141_122,s-3.716850,s-2.781898,s144.649539
141_123,s-4.063825,s2.315370,s254.501318
141_124,s-0.351580,s4.544358,s339.282480
141_125,s3.782230,s-4.474268,s142.821430
141_126,s-2.723536,s4.220214,s130.676225
141_127,s4.408374,s1.492282,s307.476708
141_128,s1.971596,s4.925958,s86.283132
141_129,s-2.456296,s-4.183174,s99.979398
141_130,s4.542231,s2.044531,s31.494350
141_131,s0.259541,s4.878459,s297.402694
141_132,s-0.950846,s-4.779618,s157.921227
141_133,s-5.346450,s0.237243,s233.384171
141_134,s-4.850075,s2.143372,s157.221265
141_135,s4.955702,s0.332609,s315.012406
141_136,s3.843872,s-3.259334,s174.870375
141_137,s-1.942097,s-5.038948,s100.346002
141_138,s2.121256,s-4.471051,s164.886854
141_139,s-0.231060,s-5.084753,s167.661264
141_140,s2.881992,s3.610890,s298.107152
142_0,s-0.502968,s0.254997,s222.859483
142_1,s0.375263,s-0.048300,s32.461180
142_2,s0.304365,s0.545589,s134.486915
142_3,s-0.627964,s1.240877,s237.117102
142_4,s1.369071,s-0.424726,s71.264522
142_5,s-1.050720,s-0.046274,s163.476110
142_6,s0.321354,s1.209870,s0.906503
142_7,s-1.230202,s-1.251473,s318.394122
142_8,s1.426924,s-0.059935,s327.854022
142_9,s-0.217020,s-0.445322,s148.518281
142_10,s1.052553,s0.312889,s19.069495
142_11,s0.746667,s-0.859552,s303.575322
142_12,s-1.825505,s1.446794,s161.187570
142_13,s0.407169,s-0.829606,s113.419808
142_14,s2.183154,s-1.589713,s6.123661
142_15,s-2.113916,s-0.202978,s29.846928
142_16,s-2.580823,s1.532692,s117.445652
142_17,s0.577241,s1.648483,s60.101240
142_18,s1.221443,s-2.036601,s378.418539
142_19,s1.368375,s1.344639,s90.516483
142_20,s1.984906,s-0.394579,s218.006719
142_21,s-1.841442,s0.256873,s347.857535
142_22,s-1.778222,s-1.375977,s334.524514
142_23,s1.830270,s1.799627,s335.163986
142_24,s-0.330345,s1.916109,s81.216219
142_25,s0.270055,s-2.000659,s227.939290
142_26,s1.547451,s0.646325,s306.872606
142_27,s-0.687710,s-1.870119,s242.689973
142_28,s0.154104,s2.214652,s33.209249
142_29,s-2.313998,s-0.699701,s85.425868
142_30,s1.933059,s2.689075,s4.853494
142_31,s-1.126947,s-2.072204,s292.188275
142_32,s2.302227,s3.088738,s331.480633
142_33,s-1.399248,s1.778097,s64.861145
142_34,s-0.583267,s2.561394,s291.000157
142_35,s-0.802528,s-2.577331,s133.088201
142_36,s2.996222,s-0.902359,s159.910211
142_37,s-2.756120,s3.347567,s64.806315
142_38,s-2.230879,s2.602371,s247.176104
142_39,s0.361200,s3.327111,s266.152133
142_40,s2.347117,s0.354229,s49.497021
142_41,s-2.049985,s-1.770548,s164.744590
142_42,s-2.751688,s0.723364,s0.244872
142_43,s0.852577,s-2.426926,s169.968944
142_44,s-3.089800,s-0.200029,s135.277051
142_45,s-2.566425,s-2.354534,s30.691969
142_46,s1.803137,s-2.299926,s11.562829
142_47,s0.739804,s2.084995,s97.264305
142_48,s-1.508838,s-2.552899,s285.951004
142_49,s2.966191,s-0.511216,s333.926601
142_50,s0.564949,s-2.780917,s105.721938
142_51,s2.637943,s1.506143,s340.432562
142_52,s1.156923,s2.188764,s-11.088506
142_53,s-0.774096,s3.004317,s110.154205
142_54,s2.852126,s1.784109,s66.445577
142_55,s-1.001901,s-2.876284,s144.420815
142_56,s2.276773,s-2.369871,s287.414595
142_57,s2.791685,s0.111448,s0.220989
142_58,s-3.135875,s-1.004759,s215.241425
142_59,s1.598118,s-2.898790,s220.405068
142_60,s0.761733,s-3.534228,s237.301095
142_61,s3.198220,s-2.508734,s298.381056
142_62,s-0.592788,s3.626374,s205.239814
142_63,s0.055659,s-3.080638,s284.504310
142_64,s-1.382933,s-3.239793,s192.901967
142_65,s-3.045474,s2.030819,s316.300935
142_66,s3.633679,s0.092264,s292.818825
142_67,s1.557482,s-3.611294,s288.457749
142_68,s-2.011738,s-2.571601,s212.942102
142_69,s-3.434125,s1.052599,s185.557094
142_70,s2.666274,s-2.375459,s191.421638
142_71,s-4.047898,s-1.419293,s307.476708
142_72,s-3.000386,s-2.262150,s131.424713
142_73,s-1.565830,s-4.420616,s97.097268
142_74,s-3.673227,s-0.041834,s213.517045
142_75,s2.220308,s-3.540223,s290.568544
142_76,s0.650625,s4.094017,s263.292334
142_77,s-3.898729,s-0.850557,s217.451723
142_78,s-3.003142,s-3.305205,s291.783586
142_79,s3.591301,s-0.359891,s166.066296
142_80,s4.473629,s0.752407,s305.295141
142_81,s-1.313217,s4.039811,s331.001522
142_82,s2.533251,s2.804340,s229.914449
142_83,s-3.855260,s-2.230250,s341.606371
142_84,s-4.415767,s2.868027,s294.300162
142_85,s1.269548,s4.030459,s254.953416
142_86,s-3.029524,s2.645050,s60.812299
142_87,s-3.970730,s0.442133,s4.751180
142_88,s-0.328925,s3.923718,s301.268128
142_89,s-0.712372,s-3.728404,s143.114257
142_90,s3.824609,s-1.572859,s88.762957
142_91,s3.035824,s-3.306453,s98.853834
142_92,s4.612888,s-0.786831,s231.364430
142_93,s1.719370,s-4.088801,s326.160755
142_94,s-2.328644,s3.090279,s296.099644
142_95,s2.785226,s1.028894,s71.648822
142_96,s4.263289,s-1.486715,s228.775424
142_97,s3.268995,s2.602794,s260.005556
142_98,s-0.758490,s3.879281,s117.445652
142_99,s0.049115,s-4.279326,s296.725199
142_100,s2.056941,s3.849596,s285.078518
142_101,s-2.304596,s-3.425711,s263.811457
142_102,s-4.582191,s-0.323395,s302.010491
142_103,s3.418484,s3.213989,s226.118263
142_104,s4.280348,s-2.833124,s204.315248
142_105,s-1.597232,s4.637046,s323.957828
142_106,s-2.363894,s3.776421,s265.715274
142_107,s-0.390125,s-4.689071,s64.173666
142_108,s4.885380,s-0.065310,s189.859152
142_109,s3.970492,s0.904440,s120.034803
142_110,s2.928906,s4.793363,s143.645195
142_111,s-4.634132,s0.764560,s66.977024
142_112,s-3.662140,s-3.464449,s155.077433
142_113,s4.398822,s3.172584,s16.992468
142_114,s4.159760,s-2.068337,s217.106275
142_115,s1.276113,s-4.700126,s219.501928
142_116,s4.731106,s-1.586423,s99.130320
142_117,s-4.903297,s-1.226115,s126.356900
142_118,s1.331463,s4.434919,s131.950567
142_119,s-5.217661,s-1.902120,s208.612218
142_120,s0.852367,s-4.588667,s150.779330
142_121,s2.762546,s-4.015030,s182.494425
142_122,s-3.716850,s-2.781898,s144.649539
142_123,s-4.063825,s2.315370,s254.501318
142_124,s-0.351580,s4.544358,s339.282480
142_125,s3.782230,s-4.474268,s142.821430
142_126,s-2.723536,s4.220214,s130.676225
142_127,s4.408374,s1.492282,s307.476708
142_128,s1.971596,s4.925958,s86.283132
142_129,s-2.456296,s-4.183174,s99.979398
142_130,s4.542231,s2.044531,s31.494350
142_131,s0.259541,s4.878459,s297.402694
142_132,s-0.950846,s-4.779618,s157.921227
142_133,s-5.346450,s0.237243,s233.384171
142_134,s-4.850075,s2.143372,s157.221265
142_135,s4.955702,s0.332609,s315.012406
142_136,s3.843872,s-3.259334,s174.870375
142_137,s-1.942097,s-5.038948,s100.346002
142_138,s2.121256,s-4.471051,s164.886854
142_139,s-0.231060,s-5.084753,s167.661264
142_140,s2.881992,s3.610890,s298.107152
142_141,s0.359911,s-5.282754,s169.968944
143_0,s-0.502968,s0.254997,s222.859483
143_1,s0.375263,s-0.048300,s32.461180
143_2,s0.304365,s0.545589,s134.486915
143_3,s-0.627964,s1.240877,s237.117102
143_4,s1.369071,s-0.424726,s71.264522
143_5,s-1.050720,s-0.046274,s163.476110
143_6,s0.321354,s1.209870,s0.906503
143_7,s-1.230202,s-1.251473,s318.394122
143_8,s1.426924,s-0.059935,s327.854022
143_9,s-0.217020,s-0.445322,s148.518281
143_10,s1.052553,s0.312889,s19.069495
143_11,s0.746667,s-0.859552,s303.575322
143_12,s-1.825505,s1.446794,s161.187570
143_13,s0.407169,s-0.829606,s113.419808
143_14,s2.183154,s-1.589713,s6.123661
143_15,s-2.113916,s-0.202978,s29.846928
143_16,s-2.580823,s1.532692,s117.445652
143_17,s0.577241,s1.648483,s60.101240
143_18,s1.221443,s-2.036601,s378.418539
143_19,s1.368375,s1.344639,s90.516483
143_20,s1.984906,s-0.394579,s218.006719
143_21,s-1.841442,s0.256873,s347.857535
143_22,s-1.778222,s-1.375977,s334.524514
143_23,s1.830270,s1.799627,s335.163986
143_24,s-0.330345,s1.916109,s81.216219
143_25,s0.270055,s-2.000659,s227.939290
143_26,s1.547451,s0.646325,s306.872606
143_27,s-0.687710,s-1.870119,s242.689973
143_28,s0.154104,s2.214652,s33.209249
143_29,s-2.313998,s-0.699701,s85.425868
143_30,s1.933059,s2.689075,s4.853494
143_31,s-1.126947,s-2.072204,s292.188275
143_32,s2.302227,s3.088738,s331.480633
143_33,s-1.399248,s1.778097,s64.861145
143_34,s-0.583267,s2.561394,s291.000157
143_35,s-0.802528,s-2.577331,s133.088201
143_36,s2.996222,s-0.902359,s159.910211
143_37,s-2.756120,s3.347567,s64.806315
143_38,s-2.230879,s2.602371,s247.176104
143_39,s0.361200,s3.327111,s266.152133
143_40,s2.347117,s0.354229,s49.497021
143_41,s-2.049985,s-1.770548,s164.744590
143_42,s-2.751688,s0.723364,s0.244872
143_43,s0.852577,s-2.426926,s169.968944
143_44,s-3.089800,s-0.200029,s135.277051
143_45,s-2.566425,s-2.354534,s30.691969
143_46,s1.803137,s-2.299926,s11.562829
143_47,s0.739804,s2.084995,s97.264305
143_48,s-1.508838,s-2.552899,s285.951004
143_49,s2.966191,s-0.511216,s333.926601
143_50,s0.564949,s-2.780917,s105.721938
143_51,s2.637943,s1.506143,s340.432562
143_52,s1.156923,s2.188764,s-11.088506
143_53,s-0.774096,s3.004317,s110.154205
143_54,s2.852126,s1.784109,s66.445577
143_55,s-1.001901,s-2.876284,s144.420815
143_56,s2.276773,s-2.369871,s287.414595
143_57,s2.791685,s0.111448,s0.220989
143_58,s-3.135875,s-1.004759,s215.241425
143_59,s1.598118,s-2.898790,s220.405068
143_60,s0.761733,s-3.534228,s237.301095
143_61,s3.198220,s-2.508734,s298.381056
143_62,s-0.592788,s3.626374,s205.239814
143_63,s0.055659,s-3.080638,s284.504310
143_64,s-1.382933,s-3.239793,s192.901967
143_65,s-3.045474,s2.030819,s316.300935
143_66,s3.633679,s0.092264,s292.818825
143_67,s1.557482,s-3.611294,s288.457749
143_68,s-2.011738,s-2.571601,s212.942102
143_69,s-3.434125,s1.052599,s185.557094
143_70,s2.666274,s-2.375459,s191.421638
143_71,s-4.047898,s-1.419293,s307.476708
143_72,s-3.000386,s-2.262150,s131.424713
143_73,s-1.565830,s-4.420616,s97.097268
143_74,s-3.673227,s-0.041834,s213.517045
143_75,s2.220308,s-3.540223,s290.568544
143_76,s0.650625,s4.094017,s263.292334
143_77,s-3.898729,s-0.850557,s217.451723
143_78,s-3.003142,s-3.305205,s291.783586
143_79,s3.591301,s-0.359891,s166.066296
143_80,s4.473629,s0.752407,s305.295141
143_81,s-1.313217,s4.039811,s331.001522
143_82,s2.533251,s2.804340,s229.914449
143_83,s-3.855260,s-2.230250,s341.606371
143_84,s-4.415767,s2.868027,s294.300162
143_85,s1.269548,s4.030459,s254.953416
143_86,s-3.029524,s2.645050,s60.812299
143_87,s-3.970730,s0.442133,s4.751180
143_88,s-0.328925,s3.923718,s301.268128
143_89,s-0.712372,s-3.728404,s143.114257
143_90,s3.824609,s-1.572859,s88.762957
143_91,s3.035824,s-3.306453,s98.853834
143_92,s4.612888,s-0.786831,s231.364430
143_93,s1.719370,s-4.088801,s326.160755
143_94,s-2.328644,s3.090279,s296.099644
143_95,s2.785226,s1.028894,s71.648822
143_96,s4.263289,s-1.486715,s228.775424
143_97,s3.268995,s2.602794,s260.005556
143_98,s-0.758490,s3.879281,s117.445652
143_99,s0.049115,s-4.279326,s296.725199
143_100,s2.056941,s3.849596,s285.078518
143_101,s-2.304596,s-3.425711,s263.811457
143_102,s-4.582191,s-0.323395,s302.010491
143_103,s3.418484,s3.213989,s226.118263
143_104,s4.280348,s-2.833124,s204.315248
143_105,s-1.597232,s4.637046,s323.957828
143_106,s-2.363894,s3.776421,s265.715274
143_107,s-0.390125,s-4.689071,s64.173666
143_108,s4.885380,s-0.065310,s189.859152
143_109,s3.970492,s0.904440,s120.034803
143_110,s2.928906,s4.793363,s143.645195
143_111,s-4.634132,s0.764560,s66.977024
143_112,s-3.662140,s-3.464449,s155.077433
143_113,s4.398822,s3.172584,s16.992468
143_114,s4.159760,s-2.068337,s217.106275
143_115,s1.276113,s-4.700126,s219.501928
143_116,s4.731106,s-1.586423,s99.130320
143_117,s-4.903297,s-1.226115,s126.356900
143_118,s1.331463,s4.434919,s131.950567
143_119,s-5.217661,s-1.902120,s208.612218
143_120,s0.852367,s-4.588667,s150.779330
143_121,s2.762546,s-4.015030,s182.494425
143_122,s-3.716850,s-2.781898,s144.649539
143_123,s-4.063825,s2.315370,s254.501318
143_124,s-0.351580,s4.544358,s339.282480
143_125,s3.782230,s-4.474268,s142.821430
143_126,s-2.723536,s4.220214,s130.676225
143_127,s4.408374,s1.492282,s307.476708
143_128,s1.971596,s4.925958,s86.283132
143_129,s-2.456296,s-4.183174,s99.979398
143_130,s4.542231,s2.044531,s31.494350
143_131,s0.259541,s4.878459,s297.402694
143_132,s-0.950846,s-4.779618,s157.921227
143_133,s-5.346450,s0.237243,s233.384171
143_134,s-4.850075,s2.143372,s157.221265
143_135,s4.955702,s0.332609,s315.012406
143_136,s3.843872,s-3.259334,s174.870375
143_137,s-1.942097,s-5.038948,s100.346002
143_138,s2.121256,s-4.471051,s164.886854
143_139,s-0.231060,s-5.084753,s167.661264
143_140,s2.881992,s3.610890,s298.107152
143_141,s0.359911,s-5.282754,s169.968944
143_142,s-3.641963,s3.469438,s100.498142
144_0,s-0.502968,s0.254997,s222.859483
144_1,s0.375263,s-0.048300,s32.461180
144_2,s0.304365,s0.545589,s134.486915
144_3,s-0.627964,s1.240877,s237.117102
144_4,s1.369071,s-0.424726,s71.264522
144_5,s-1.050720,s-0.046274,s163.476110
144_6,s0.321354,s1.209870,s0.906503
144_7,s-1.230202,s-1.251473,s318.394122
144_8,s1.426924,s-0.059935,s327.854022
144_9,s-0.217020,s-0.445322,s148.518281
144_10,s1.052553,s0.312889,s19.069495
144_11,s0.746667,s-0.859552,s303.575322
144_12,s-1.825505,s1.446794,s161.187570
144_13,s0.407169,s-0.829606,s113.419808
144_14,s2.183154,s-1.589713,s6.123661
144_15,s-2.113916,s-0.202978,s29.846928
144_16,s-2.580823,s1.532692,s117.445652
144_17,s0.577241,s1.648483,s60.101240
144_18,s1.221443,s-2.036601,s378.418539
144_19,s1.368375,s1.344639,s90.516483
144_20,s1.984906,s-0.394579,s218.006719
144_21,s-1.841442,s0.256873,s347.857535
144_22,s-1.778222,s-1.375977,s334.524514
144_23,s1.830270,s1.799627,s335.163986
144_24,s-0.330345,s1.916109,s81.216219
144_25,s0.270055,s-2.000659,s227.939290
144_26,s1.547451,s0.646325,s306.872606
144_27,s-0.687710,s-1.870119,s242.689973
144_28,s0.154104,s2.214652,s33.209249
144_29,s-2.313998,s-0.699701,s85.425868
144_30,s1.933059,s2.689075,s4.853494
144_31,s-1.126947,s-2.072204,s292.188275
144_32,s2.302227,s3.088738,s331.480633
144_33,s-1.399248,s1.778097,s64.861145
144_34,s-0.583267,s2.561394,s291.000157
144_35,s-0.802528,s-2.577331,s133.088201
144_36,s2.996222,s-0.902359,s159.910211
144_37,s-2.756120,s3.347567,s64.806315
144_38,s-2.230879,s2.602371,s247.176104
144_39,s0.361200,s3.327111,s266.152133
144_40,s2.347117,s0.354229,s49.497021
144_41,s-2.049985,s-1.770548,s164.744590
144_42,s-2.751688,s0.723364,s0.244872
144_43,s0.852577,s-2.426926,s169.968944
144_44,s-3.089800,s-0.200029,s135.277051
144_45,s-2.566425,s-2.354534,s30.691969
144_46,s1.803137,s-2.299926,s11.562829
144_47,s0.739804,s2.084995,s97.264305
144_48,s-1.508838,s-2.552899,s285.951004
144_49,s2.966191,s-0.511216,s333.926601
144_50,s0.564949,s-2.780917,s105.721938
144_51,s2.637943,s1.506143,s340.432562
144_52,s1.156923,s2.188764,s-11.088506
144_53,s-0.774096,s3.004317,s110.154205
144_54,s2.852126,s1.784109,s66.445577
144_55,s-1.001901,s-2.876284,s144.420815
144_56,s2.276773,s-2.369871,s287.414595
144_57,s2.791685,s0.111448,s0.220989
144_58,s-3.135875,s-1.004759,s215.241425
144_59,s1.598118,s-2.898790,s220.405068
144_60,s0.761733,s-3.534228,s237.301095
144_61,s3.198220,s-2.508734,s298.381056
144_62,s-0.592788,s3.626374,s205.239814
144_63,s0.055659,s-3.080638,s284.504310
144_64,s-1.382933,s-3.239793,s192.901967
144_65,s-3.045474,s2.030819,s316.300935
144_66,s3.633679,s0.092264,s292.818825
144_67,s1.557482,s-3.611294,s288.457749
144_68,s-2.011738,s-2.571601,s212.942102
144_69,s-3.434125,s1.052599,s185.557094
144_70,s2.666274,s-2.375459,s191.421638
144_71,s-4.047898,s-1.419293,s307.476708
144_72,s-3.000386,s-2.262150,s131.424713
144_73,s-1.565830,s-4.420616,s97.097268
144_74,s-3.673227,s-0.041834,s213.517045
144_75,s2.220308,s-3.540223,s290.568544
144_76,s0.650625,s4.094017,s263.292334
144_77,s-3.898729,s-0.850557,s217.451723
144_78,s-3.003142,s-3.305205,s291.783586
144_79,s3.591301,s-0.359891,s166.066296
144_80,s4.473629,s0.752407,s305.295141
144_81,s-1.313217,s4.039811,s331.001522
144_82,s2.533251,s2.804340,s229.914449
144_83,s-3.855260,s-2.230250,s341.606371
144_84,s-4.415767,s2.868027,s294.300162
144_85,s1.269548,s4.030459,s254.953416
144_86,s-3.029524,s2.645050,s60.812299
144_87,s-3.970730,s0.442133,s4.751180
144_88,s-0.328925,s3.923718,s301.268128
144_89,s-0.712372,s-3.728404,s143.114257
144_90,s3.824609,s-1.572859,s88.762957
144_91,s3.035824,s-3.306453,s98.853834
144_92,s4.612888,s-0.786831,s231.364430
144_93,s1.719370,s-4.088801,s326.160755
144_94,s-2.328644,s3.090279,s296.099644
144_95,s2.785226,s1.028894,s71.648822
144_96,s4.263289,s-1.486715,s228.775424
144_97,s3.268995,s2.602794,s260.005556
144_98,s-0.758490,s3.879281,s117.445652
144_99,s0.049115,s-4.279326,s296.725199
144_100,s2.056941,s3.849596,s285.078518
144_101,s-2.304596,s-3.425711,s263.811457
144_102,s-4.582191,s-0.323395,s302.010491
144_103,s3.418484,s3.213989,s226.118263
144_104,s4.280348,s-2.833124,s204.315248
144_105,s-1.597232,s4.637046,s323.957828
144_106,s-2.363894,s3.776421,s265.715274
144_107,s-0.390125,s-4.689071,s64.173666
144_108,s4.885380,s-0.065310,s189.859152
144_109,s3.970492,s0.904440,s120.034803
144_110,s2.928906,s4.793363,s143.645195
144_111,s-4.634132,s0.764560,s66.977024
144_112,s-3.662140,s-3.464449,s155.077433
144_113,s4.398822,s3.172584,s16.992468
144_114,s4.159760,s-2.068337,s217.106275
144_115,s1.276113,s-4.700126,s219.501928
144_116,s4.731106,s-1.586423,s99.130320
144_117,s-4.903297,s-1.226115,s126.356900
144_118,s1.331463,s4.434919,s131.950567
144_119,s-5.217661,s-1.902120,s208.612218
144_120,s0.852367,s-4.588667,s150.779330
144_121,s2.762546,s-4.015030,s182.494425
144_122,s-3.716850,s-2.781898,s144.649539
144_123,s-4.063825,s2.315370,s254.501318
144_124,s-0.351580,s4.544358,s339.282480
144_125,s3.782230,s-4.474268,s142.821430
144_126,s-2.723536,s4.220214,s130.676225
144_127,s4.408374,s1.492282,s307.476708
144_128,s1.971596,s4.925958,s86.283132
144_129,s-2.456296,s-4.183174,s99.979398
144_130,s4.542231,s2.044531,s31.494350
144_131,s0.259541,s4.878459,s297.402694
144_132,s-0.950846,s-4.779618,s157.921227
144_133,s-5.346450,s0.237243,s233.384171
144_134,s-4.850075,s2.143372,s157.221265
144_135,s4.955702,s0.332609,s315.012406
144_136,s3.843872,s-3.259334,s174.870375
144_137,s-1.942097,s-5.038948,s100.346002
144_138,s2.121256,s-4.471051,s164.886854
144_139,s-0.231060,s-5.084753,s167.661264
144_140,s2.881992,s3.610890,s298.107152
144_141,s0.359911,s-5.282754,s169.968944
144_142,s-3.641963,s3.469438,s100.498142
144_143,s5.428966,s-0.105950,s259.274081
145_0,s-0.502968,s0.254997,s222.859483
145_1,s0.375263,s-0.048300,s32.461180
145_2,s0.304365,s0.545589,s134.486915
145_3,s-0.627964,s1.240877,s237.117102
145_4,s1.369071,s-0.424726,s71.264522
145_5,s-1.050720,s-0.046274,s163.476110
145_6,s0.321354,s1.209870,s0.906503
145_7,s-1.230202,s-1.251473,s318.394122
145_8,s1.426924,s-0.059935,s327.854022
145_9,s-0.217020,s-0.445322,s148.518281
145_10,s1.052553,s0.312889,s19.069495
145_11,s0.746667,s-0.859552,s303.575322
145_12,s-1.825505,s1.446794,s161.187570
145_13,s0.407169,s-0.829606,s113.419808
145_14,s2.183154,s-1.589713,s6.123661
145_15,s-2.113916,s-0.202978,s29.846928
145_16,s-2.580823,s1.532692,s117.445652
145_17,s0.577241,s1.648483,s60.101240
145_18,s1.221443,s-2.036601,s378.418539
145_19,s1.368375,s1.344639,s90.516483
145_20,s1.984906,s-0.394579,s218.006719
145_21,s-1.841442,s0.256873,s347.857535
145_22,s-1.778222,s-1.375977,s334.524514
145_23,s1.830270,s1.799627,s335.163986
145_24,s-0.330345,s1.916109,s81.216219
145_25,s0.270055,s-2.000659,s227.939290
145_26,s1.547451,s0.646325,s306.872606
145_27,s-0.687710,s-1.870119,s242.689973
145_28,s0.154104,s2.214652,s33.209249
145_29,s-2.313998,s-0.699701,s85.425868
145_30,s1.933059,s2.689075,s4.853494
145_31,s-1.126947,s-2.072204,s292.188275
145_32,s2.302227,s3.088738,s331.480633
145_33,s-1.399248,s1.778097,s64.861145
145_34,s-0.583267,s2.561394,s291.000157
145_35,s-0.802528,s-2.577331,s133.088201
145_36,s2.996222,s-0.902359,s159.910211
145_37,s-2.756120,s3.347567,s64.806315
145_38,s-2.230879,s2.602371,s247.176104
145_39,s0.361200,s3.327111,s266.152133
145_40,s2.347117,s0.354229,s49.497021
145_41,s-2.049985,s-1.770548,s164.744590
145_42,s-2.751688,s0.723364,s0.244872
145_43,s0.852577,s-2.426926,s169.968944
145_44,s-3.089800,s-0.200029,s135.277051
145_45,s-2.566425,s-2.354534,s30.691969
145_46,s1.803137,s-2.299926,s11.562829
145_47,s0.739804,s2.084995,s97.264305
145_48,s-1.508838,s-2.552899,s285.951004
145_49,s2.966191,s-0.511216,s333.926601
145_50,s0.564949,s-2.780917,s105.721938
145_51,s2.637943,s1.506143,s340.432562
145_52,s1.156923,s2.188764,s-11.088506
145_53,s-0.774096,s3.004317,s110.154205
145_54,s2.852126,s1.784109,s66.445577
145_55,s-1.001901,s-2.876284,s144.420815
145_56,s2.276773,s-2.369871,s287.414595
145_57,s2.791685,s0.111448,s0.220989
145_58,s-3.135875,s-1.004759,s215.241425
145_59,s1.598118,s-2.898790,s220.405068
145_60,s0.761733,s-3.534228,s237.301095
145_61,s3.198220,s-2.508734,s298.381056
145_62,s-0.592788,s3.626374,s205.239814
145_63,s0.055659,s-3.080638,s284.504310
145_64,s-1.382933,s-3.239793,s192.901967
145_65,s-3.045474,s2.030819,s316.300935
145_66,s3.633679,s0.092264,s292.818825
145_67,s1.557482,s-3.611294,s288.457749
145_68,s-2.011738,s-2.571601,s212.942102
145_69,s-3.434125,s1.052599,s185.557094
145_70,s2.666274,s-2.375459,s191.421638
145_71,s-4.047898,s-1.419293,s307.476708
145_72,s-3.000386,s-2.262150,s131.424713
145_73,s-1.565830,s-4.420616,s97.097268
145_74,s-3.673227,s-0.041834,s213.517045
145_75,s2.220308,s-3.540223,s290.568544
145_76,s0.650625,s4.094017,s263.292334
145_77,s-3.898729,s-0.850557,s217.451723
145_78,s-3.003142,s-3.305205,s291.783586
145_79,s3.591301,s-0.359891,s166.066296
145_80,s4.473629,s0.752407,s305.295141
145_81,s-1.313217,s4.039811,s331.001522
145_82,s2.533251,s2.804340,s229.914449
145_83,s-3.855260,s-2.230250,s341.606371
145_84,s-4.415767,s2.868027,s294.300162
145_85,s1.269548,s4.030459,s254.953416
145_86,s-3.029524,s2.645050,s60.812299
145_87,s-3.970730,s0.442133,s4.751180
145_88,s-0.328925,s3.923718,s301.268128
145_89,s-0.712372,s-3.728404,s143.114257
145_90,s3.824609,s-1.572859,s88.762957
145_91,s3.035824,s-3.306453,s98.853834
145_92,s4.612888,s-0.786831,s231.364430
145_93,s1.719370,s-4.088801,s326.160755
145_94,s-2.328644,s3.090279,s296.099644
145_95,s2.785226,s1.028894,s71.648822
145_96,s4.263289,s-1.486715,s228.775424
145_97,s3.268995,s2.602794,s260.005556
145_98,s-0.758490,s3.879281,s117.445652
145_99,s0.049115,s-4.279326,s296.725199
145_100,s2.056941,s3.849596,s285.078518
145_101,s-2.304596,s-3.425711,s263.811457
145_102,s-4.582191,s-0.323395,s302.010491
145_103,s3.418484,s3.213989,s226.118263
145_104,s4.280348,s-2.833124,s204.315248
145_105,s-1.597232,s4.637046,s323.957828
145_106,s-2.363894,s3.776421,s265.715274
145_107,s-0.390125,s-4.689071,s64.173666
145_108,s4.885380,s-0.065310,s189.859152
145_109,s3.970492,s0.904440,s120.034803
145_110,s2.928906,s4.793363,s143.645195
145_111,s-4.634132,s0.764560,s66.977024
145_112,s-3.662140,s-3.464449,s155.077433
145_113,s4.398822,s3.172584,s16.992468
145_114,s4.159760,s-2.068337,s217.106275
145_115,s1.276113,s-4.700126,s219.501928
145_116,s4.731106,s-1.586423,s99.130320
145_117,s-4.903297,s-1.226115,s126.356900
145_118,s1.331463,s4.434919,s131.950567
145_119,s-5.217661,s-1.902120,s208.612218
145_120,s0.852367,s-4.588667,s150.779330
145_121,s2.762546,s-4.015030,s182.494425
145_122,s-3.716850,s-2.781898,s144.649539
145_123,s-4.063825,s2.315370,s254.501318
145_124,s-0.351580,s4.544358,s339.282480
145_125,s3.782230,s-4.474268,s142.821430
145_126,s-2.723536,s4.220214,s130.676225
145_127,s4.408374,s1.492282,s307.476708
145_128,s1.971596,s4.925958,s86.283132
145_129,s-2.456296,s-4.183174,s99.979398
145_130,s4.542231,s2.044531,s31.494350
145_131,s0.259541,s4.878459,s297.402694
145_132,s-0.950846,s-4.779618,s157.921227
145_133,s-5.346450,s0.237243,s233.384171
145_134,s-4.850075,s2.143372,s157.221265
145_135,s4.955702,s0.332609,s315.012406
145_136,s3.843872,s-3.259334,s174.870375
145_137,s-1.942097,s-5.038948,s100.346002
145_138,s2.121256,s-4.471051,s164.886854
145_139,s-0.231060,s-5.084753,s167.661264
145_140,s2.881992,s3.610890,s298.107152
145_141,s0.359911,s-5.282754,s169.968944
145_142,s-3.641963,s3.469438,s100.498142
145_143,s5.428966,s-0.105950,s259.274081
145_144,s-4.351232,s-3.223197,s98.306286
146_0,s-0.502968,s0.254997,s222.859483
146_1,s0.375263,s-0.048300,s32.461180
146_2,s0.304365,s0.545589,s134.486915
146_3,s-0.627964,s1.240877,s237.117102
146_4,s1.369071,s-0.424726,s71.264522
146_5,s-1.050720,s-0.046274,s163.476110
146_6,s0.321354,s1.209870,s0.906503
146_7,s-1.230202,s-1.251473,s318.394122
146_8,s1.426924,s-0.059935,s327.854022
146_9,s-0.217020,s-0.445322,s148.518281
146_10,s1.052553,s0.312889,s19.069495
146_11,s0.746667,s-0.859552,s303.575322
146_12,s-1.825505,s1.446794,s161.187570
146_13,s0.407169,s-0.829606,s113.419808
146_14,s2.183154,s-1.589713,s6.123661
146_15,s-2.113916,s-0.202978,s29.846928
146_16,s-2.580823,s1.532692,s117.445652
146_17,s0.577241,s1.648483,s60.101240
146_18,s1.221443,s-2.036601,s378.418539
146_19,s1.368375,s1.344639,s90.516483
146_20,s1.984906,s-0.394579,s218.006719
146_21,s-1.841442,s0.256873,s347.857535
146_22,s-1.778222,s-1.375977,s334.524514
146_23,s1.830270,s1.799627,s335.163986
146_24,s-0.330345,s1.916109,s81.216219
146_25,s0.270055,s-2.000659,s227.939290
146_26,s1.547451,s0.646325,s306.872606
146_27,s-0.687710,s-1.870119,s242.689973
146_28,s0.154104,s2.214652,s33.209249
146_29,s-2.313998,s-0.699701,s85.425868
146_30,s1.933059,s2.689075,s4.853494
146_31,s-1.126947,s-2.072204,s292.188275
146_32,s2.302227,s3.088738,s331.480633
146_33,s-1.399248,s1.778097,s64.861145
146_34,s-0.583267,s2.561394,s291.000157
146_35,s-0.802528,s-2.577331,s133.088201
146_36,s2.996222,s-0.902359,s159.910211
146_37,s-2.756120,s3.347567,s64.806315
146_38,s-2.230879,s2.602371,s247.176104
146_39,s0.361200,s3.327111,s266.152133
146_40,s2.347117,s0.354229,s49.497021
146_41,s-2.049985,s-1.770548,s164.744590
146_42,s-2.751688,s0.723364,s0.244872
146_43,s0.852577,s-2.426926,s169.968944
146_44,s-3.089800,s-0.200029,s135.277051
146_45,s-2.566425,s-2.354534,s30.691969
146_46,s1.803137,s-2.299926,s11.562829
146_47,s0.739804,s2.084995,s97.264305
146_48,s-1.508838,s-2.552899,s285.951004
146_49,s2.966191,s-0.511216,s333.926601
146_50,s0.564949,s-2.780917,s105.721938
146_51,s2.637943,s1.506143,s340.432562
146_52,s1.156923,s2.188764,s-11.088506
146_53,s-0.774096,s3.004317,s110.154205
146_54,s2.852126,s1.784109,s66.445577
146_55,s-1.001901,s-2.876284,s144.420815
146_56,s2.276773,s-2.369871,s287.414595
146_57,s2.791685,s0.111448,s0.220989
146_58,s-3.135875,s-1.004759,s215.241425
146_59,s1.598118,s-2.898790,s220.405068
146_60,s0.761733,s-3.534228,s237.301095
146_61,s3.198220,s-2.508734,s298.381056
146_62,s-0.592788,s3.626374,s205.239814
146_63,s0.055659,s-3.080638,s284.504310
146_64,s-1.382933,s-3.239793,s192.901967
146_65,s-3.045474,s2.030819,s316.300935
146_66,s3.633679,s0.092264,s292.818825
146_67,s1.557482,s-3.611294,s288.457749
146_68,s-2.011738,s-2.571601,s212.942102
146_69,s-3.434125,s1.052599,s185.557094
146_70,s2.666274,s-2.375459,s191.421638
146_71,s-4.047898,s-1.419293,s307.476708
146_72,s-3.000386,s-2.262150,s131.424713
146_73,s-1.565830,s-4.420616,s97.097268
146_74,s-3.673227,s-0.041834,s213.517045
146_75,s2.220308,s-3.540223,s290.568544
146_76,s0.650625,s4.094017,s263.292334
146_77,s-3.898729,s-0.850557,s217.451723
146_78,s-3.003142,s-3.305205,s291.783586
146_79,s3.591301,s-0.359891,s166.066296
146_80,s4.473629,s0.752407,s305.295141
146_81,s-1.313217,s4.039811,s331.001522
146_82,s2.533251,s2.804340,s229.914449
146_83,s-3.855260,s-2.230250,s341.606371
146_84,s-4.415767,s2.868027,s294.300162
146_85,s1.269548,s4.030459,s254.953416
146_86,s-3.029524,s2.645050,s60.812299
146_87,s-3.970730,s0.442133,s4.751180
146_88,s-0.328925,s3.923718,s301.268128
146_89,s-0.712372,s-3.728404,s143.114257
146_90,s3.824609,s-1.572859,s88.762957
146_91,s3.035824,s-3.306453,s98.853834
146_92,s4.612888,s-0.786831,s231.364430
146_93,s1.719370,s-4.088801,s326.160755
146_94,s-2.328644,s3.090279,s296.099644
146_95,s2.785226,s1.028894,s71.648822
146_96,s4.263289,s-1.486715,s228.775424
146_97,s3.268995,s2.602794,s260.005556
146_98,s-0.758490,s3.879281,s117.445652
146_99,s0.049115,s-4.279326,s296.725199
146_100,s2.056941,s3.849596,s285.078518
146_101,s-2.304596,s-3.425711,s263.811457
146_102,s-4.582191,s-0.323395,s302.010491
146_103,s3.418484,s3.213989,s226.118263
146_104,s4.280348,s-2.833124,s204.315248
146_105,s-1.597232,s4.637046,s323.957828
146_106,s-2.363894,s3.776421,s265.715274
146_107,s-0.390125,s-4.689071,s64.173666
146_108,s4.885380,s-0.065310,s189.859152
146_109,s3.970492,s0.904440,s120.034803
146_110,s2.928906,s4.793363,s143.645195
146_111,s-4.634132,s0.764560,s66.977024
146_112,s-3.662140,s-3.464449,s155.077433
146_113,s4.398822,s3.172584,s16.992468
146_114,s4.159760,s-2.068337,s217.106275
146_115,s1.276113,s-4.700126,s219.501928
146_116,s4.731106,s-1.586423,s99.130320
146_117,s-4.903297,s-1.226115,s126.356900
146_118,s1.331463,s4.434919,s131.950567
146_119,s-5.217661,s-1.902120,s208.612218
146_120,s0.852367,s-4.588667,s150.779330
146_121,s2.762546,s-4.015030,s182.494425
146_122,s-3.716850,s-2.781898,s144.649539
146_123,s-4.063825,s2.315370,s254.501318
146_124,s-0.351580,s4.544358,s339.282480
146_125,s3.782230,s-4.474268,s142.821430
146_126,s-2.723536,s4.220214,s130.676225
146_127,s4.408374,s1.492282,s307.476708
146_128,s1.971596,s4.925958,s86.283132
146_129,s-2.456296,s-4.183174,s99.979398
146_130,s4.542231,s2.044531,s31.494350
146_131,s0.259541,s4.878459,s297.402694
146_132,s-0.950846,s-4.779618,s157.921227
146_133,s-5.346450,s0.237243,s233.384171
146_134,s-4.850075,s2.143372,s157.221265
146_135,s4.955702,s0.332609,s315.012406
146_136,s3.843872,s-3.259334,s174.870375
146_137,s-1.942097,s-5.038948,s100.346002
146_138,s2.121256,s-4.471051,s164.886854
146_139,s-0.231060,s-5.084753,s167.661264
146_140,s2.881992,s3.610890,s298.107152
146_141,s0.359911,s-5.282754,s169.968944
146_142,s-3.641963,s3.469438,s100.498142
146_143,s5.428966,s-0.105950,s259.274081
146_144,s-4.351232,s-3.223197,s98.306286
146_145,s-3.682529,s3.970039,s65.922620
147_0,s-0.502968,s0.254997,s222.859483
147_1,s0.375263,s-0.048300,s32.461180
147_2,s0.304365,s0.545589,s134.486915
147_3,s-0.627964,s1.240877,s237.117102
147_4,s1.369071,s-0.424726,s71.264522
147_5,s-1.050720,s-0.046274,s163.476110
147_6,s0.321354,s1.209870,s0.906503
147_7,s-1.230202,s-1.251473,s318.394122
147_8,s1.426924,s-0.059935,s327.854022
147_9,s-0.217020,s-0.445322,s148.518281
147_10,s1.052553,s0.312889,s19.069495
147_11,s0.746667,s-0.859552,s303.575322
147_12,s-1.825505,s1.446794,s161.187570
147_13,s0.407169,s-0.829606,s113.419808
147_14,s2.183154,s-1.589713,s6.123661
147_15,s-2.113916,s-0.202978,s29.846928
147_16,s-2.580823,s1.532692,s117.445652
147_17,s0.577241,s1.648483,s60.101240
147_18,s1.221443,s-2.036601,s378.418539
147_19,s1.368375,s1.344639,s90.516483
147_20,s1.984906,s-0.394579,s218.006719
147_21,s-1.841442,s0.256873,s347.857535
147_22,s-1.778222,s-1.375977,s334.524514
147_23,s1.830270,s1.799627,s335.163986
147_24,s-0.330345,s1.916109,s81.216219
147_25,s0.270055,s-2.000659,s227.939290
147_26,s1.547451,s0.646325,s306.872606
147_27,s-0.687710,s-1.870119,s242.689973
147_28,s0.154104,s2.214652,s33.209249
147_29,s-2.313998,s-0.699701,s85.425868
147_30,s1.933059,s2.689075,s4.853494
147_31,s-1.126947,s-2.072204,s292.188275
147_32,s2.302227,s3.088738,s331.480633
147_33,s-1.399248,s1.778097,s64.861145
147_34,s-0.583267,s2.561394,s291.000157
147_35,s-0.802528,s-2.577331,s133.088201
147_36,s2.996222,s-0.902359,s159.910211
147_37,s-2.756120,s3.347567,s64.806315
147_38,s-2.230879,s2.602371,s247.176104
147_39,s0.361200,s3.327111,s266.152133
147_40,s2.347117,s0.354229,s49.497021
147_41,s-2.049985,s-1.770548,s164.744590
147_42,s-2.751688,s0.723364,s0.244872
147_43,s0.852577,s-2.426926,s169.968944
147_44,s-3.089800,s-0.200029,s135.277051
147_45,s-2.566425,s-2.354534,s30.691969
147_46,s1.803137,s-2.299926,s11.562829
147_47,s0.739804,s2.084995,s97.264305
147_48,s-1.508838,s-2.552899,s285.951004
147_49,s2.966191,s-0.511216,s333.926601
147_50,s0.564949,s-2.780917,s105.721938
147_51,s2.637943,s1.506143,s340.432562
147_52,s1.156923,s2.188764,s-11.088506
147_53,s-0.774096,s3.004317,s110.154205
147_54,s2.852126,s1.784109,s66.445577
147_55,s-1.001901,s-2.876284,s144.420815
147_56,s2.276773,s-2.369871,s287.414595
147_57,s2.791685,s0.111448,s0.220989
147_58,s-3.135875,s-1.004759,s215.241425
147_59,s1.598118,s-2.898790,s220.405068
147_60,s0.761733,s-3.534228,s237.301095
147_61,s3.198220,s-2.508734,s298.381056
147_62,s-0.592788,s3.626374,s205.239814
147_63,s0.055659,s-3.080638,s284.504310
147_64,s-1.382933,s-3.239793,s192.901967
147_65,s-3.045474,s2.030819,s316.300935
147_66,s3.633679,s0.092264,s292.818825
147_67,s1.557482,s-3.611294,s288.457749
147_68,s-2.011738,s-2.571601,s212.942102
147_69,s-3.434125,s1.052599,s185.557094
147_70,s2.666274,s-2.375459,s191.421638
147_71,s-4.047898,s-1.419293,s307.476708
147_72,s-3.000386,s-2.262150,s131.424713
147_73,s-1.565830,s-4.420616,s97.097268
147_74,s-3.673227,s-0.041834,s213.517045
147_75,s2.220308,s-3.540223,s290.568544
147_76,s0.650625,s4.094017,s263.292334
147_77,s-3.898729,s-0.850557,s217.451723
147_78,s-3.003142,s-3.305205,s291.783586
147_79,s3.591301,s-0.359891,s166.066296
147_80,s4.473629,s0.752407,s305.295141
147_81,s-1.313217,s4.039811,s331.001522
147_82,s2.533251,s2.804340,s229.914449
147_83,s-3.855260,s-2.230250,s341.606371
147_84,s-4.415767,s2.868027,s294.300162
147_85,s1.269548,s4.030459,s254.953416
147_86,s-3.029524,s2.645050,s60.812299
147_87,s-3.970730,s0.442133,s4.751180
147_88,s-0.328925,s3.923718,s301.268128
147_89,s-0.712372,s-3.728404,s143.114257
147_90,s3.824609,s-1.572859,s88.762957
147_91,s3.035824,s-3.306453,s98.853834
147_92,s4.612888,s-0.786831,s231.364430
147_93,s1.719370,s-4.088801,s326.160755
147_94,s-2.328644,s3.090279,s296.099644
147_95,s2.785226,s1.028894,s71.648822
147_96,s4.263289,s-1.486715,s228.775424
147_97,s3.268995,s2.602794,s260.005556
147_98,s-0.758490,s3.879281,s117.445652
147_99,s0.049115,s-4.279326,s296.725199
147_100,s2.056941,s3.849596,s285.078518
147_101,s-2.304596,s-3.425711,s263.811457
147_102,s-4.582191,s-0.323395,s302.010491
147_103,s3.418484,s3.213989,s226.118263
147_104,s4.280348,s-2.833124,s204.315248
147_105,s-1.597232,s4.637046,s323.957828
147_106,s-2.363894,s3.776421,s265.715274
147_107,s-0.390125,s-4.689071,s64.173666
147_108,s4.885380,s-0.065310,s189.859152
147_109,s3.970492,s0.904440,s120.034803
147_110,s2.928906,s4.793363,s143.645195
147_111,s-4.634132,s0.764560,s66.977024
147_112,s-3.662140,s-3.464449,s155.077433
147_113,s4.398822,s3.172584,s16.992468
147_114,s4.159760,s-2.068337,s217.106275
147_115,s1.276113,s-4.700126,s219.501928
147_116,s4.731106,s-1.586423,s99.130320
147_117,s-4.903297,s-1.226115,s126.356900
147_118,s1.331463,s4.434919,s131.950567
147_119,s-5.217661,s-1.902120,s208.612218
147_120,s0.852367,s-4.588667,s150.779330
147_121,s2.762546,s-4.015030,s182.494425
147_122,s-3.716850,s-2.781898,s144.649539
147_123,s-4.063825,s2.315370,s254.501318
147_124,s-0.351580,s4.544358,s339.282480
147_125,s3.782230,s-4.474268,s142.821430
147_126,s-2.723536,s4.220214,s130.676225
147_127,s4.408374,s1.492282,s307.476708
147_128,s1.971596,s4.925958,s86.283132
147_129,s-2.456296,s-4.183174,s99.979398
147_130,s4.542231,s2.044531,s31.494350
147_131,s0.259541,s4.878459,s297.402694
147_132,s-0.950846,s-4.779618,s157.921227
147_133,s-5.346450,s0.237243,s233.384171
147_134,s-4.850075,s2.143372,s157.221265
147_135,s4.955702,s0.332609,s315.012406
147_136,s3.843872,s-3.259334,s174.870375
147_137,s-1.942097,s-5.038948,s100.346002
147_138,s2.121256,s-4.471051,s164.886854
147_139,s-0.231060,s-5.084753,s167.661264
147_140,s2.881992,s3.610890,s298.107152
147_141,s0.359911,s-5.282754,s169.968944
147_142,s-3.641963,s3.469438,s100.498142
147_143,s5.428966,s-0.105950,s259.274081
147_144,s-4.351232,s-3.223197,s98.306286
147_145,s-3.682529,s3.970039,s65.922620
147_146,s4.815671,s2.443218,s348.015673
148_0,s-0.502968,s0.254997,s222.859483
148_1,s0.375263,s-0.048300,s32.461180
148_2,s0.304365,s0.545589,s134.486915
148_3,s-0.501897,s1.274762,s58.354439
148_4,s1.369071,s-0.424726,s71.264522
148_5,s-1.040987,s-0.050239,s129.913050
148_6,s0.321354,s1.209870,s0.906503
148_7,s-1.230202,s-1.251473,s318.394122
148_8,s1.426924,s-0.059935,s327.854022
148_9,s-0.217020,s-0.445322,s148.518281
148_10,s1.052553,s0.312889,s19.069495
148_11,s0.811589,s-0.928652,s262.331727
148_12,s-1.886246,s1.255087,s151.578163
148_13,s0.407169,s-0.829606,s113.419808
148_14,s2.183154,s-1.589713,s6.123661
148_15,s-2.113916,s-0.202978,s29.846928
148_16,s-2.580823,s1.532692,s117.445652
148_17,s0.577241,s1.648483,s60.101240
148_18,s1.211132,s-2.084079,s381.213089
148_19,s1.368375,s1.344639,s90.516483
148_20,s2.112594,s-0.330999,s208.525490
148_21,s-1.841442,s0.256873,s347.857535
148_22,s-1.778222,s-1.375977,s334.524514
148_23,s1.830270,s1.799627,s335.163986
148_24,s-0.330345,s1.916109,s81.216219
148_25,s0.270055,s-2.000659,s227.939290
148_26,s1.547451,s0.646325,s306.872606
148_27,s-0.687710,s-1.870119,s242.689973
148_28,s0.154104,s2.214652,s33.209249
148_29,s-2.313998,s-0.699701,s85.425868
148_30,s1.844306,s2.603010,s19.336214
148_31,s-1.126947,s-2.072204,s292.188275
148_32,s2.302227,s3.088738,s331.480633
148_33,s-1.399248,s1.778097,s64.861145
148_34,s-0.583267,s2.561394,s291.000157
148_35,s-0.802528,s-2.577331,s133.088201
148_36,s2.929422,s-1.184928,s155.851902
148_37,s-2.756120,s3.347567,s64.806315
148_38,s-2.275530,s2.597428,s254.146825
148_39,s0.361200,s3.327111,s266.152133
148_40,s2.347117,s0.354229,s49.497021
148_41,s-2.049985,s-1.770548,s164.744590
148_42,s-2.751688,s0.723364,s0.244872
148_43,s0.852577,s-2.426926,s169.968944
148_44,s-3.089800,s-0.200029,s135.277051
148_45,s-2.566425,s-2.354534,s30.691969
148_46,s1.803137,s-2.299926,s11.562829
148_47,s0.739804,s2.084995,s97.264305
148_48,s-1.508838,s-2.552899,s285.951004
148_49,s2.854236,s-0.465456,s327.371453
148_50,s0.564949,s-2.780917,s105.721938
148_51,s2.637943,s1.506143,s340.432562
148_52,s1.167794,s2.137040,s216.909341
148_53,s-0.774096,s3.004317,s110.154205
148_54,s2.852126,s1.784109,s66.445577
148_55,s-1.001901,s-2.876284,s144.420815
148_56,s2.276773,s-2.369871,s287.414595
148_57,s2.791685,s0.111448,s0.220989
148_58,s-3.162449,s-1.028735,s221.445742
148_59,s1.598118,s-2.898790,s220.405068
148_60,s0.759503,s-3.588384,s218.052394
148_61,s3.203466,s-2.460780,s297.280295
148_62,s-0.592788,s3.626374,s205.239814
148_63,s0.055659,s-3.080638,s284.504310
148_64,s-1.382933,s-3.239793,s192.901967
148_65,s-3.045474,s2.030819,s316.300935
148_66,s3.633679,s0.092264,s292.818825
148_67,s1.557482,s-3.611294,s288.457749
148_68,s-2.067463,s-2.664275,s223.256379
148_69,s-3.434125,s1.052599,s185.557094
148_70,s2.666274,s-2.375459,s191.421638
148_71,s-4.047898,s-1.419293,s307.476708
148_72,s-3.000386,s-2.262150,s131.424713
148_73,s-1.419805,s-4.152434,s118.104847
148_74,s-3.673227,s-0.041834,s213.517045
148_75,s2.220308,s-3.540223,s290.568544
148_76,s0.650625,s4.094017,s263.292334
148_77,s-3.898729,s-0.850557,s217.451723
148_78,s-3.130011,s-3.405672,s225.316572
148_79,s3.591301,s-0.359891,s166.066296
148_80,s4.434084,s0.812296,s307.402738
148_81,s-1.313217,s4.039811,s331.001522
148_82,s2.533251,s2.804340,s229.914449
148_83,s-3.855260,s-2.230250,s341.606371
148_84,s-4.415767,s2.868027,s294.300162
148_85,s1.269548,s4.030459,s254.953416
148_86,s-3.029524,s2.645050,s60.812299
148_87,s-3.970730,s0.442133,s4.751180
148_88,s-0.328925,s3.923718,s301.268128
148_89,s-0.749597,s-3.729826,s139.993881
148_90,s3.824609,s-1.572859,s88.762957
148_91,s3.035824,s-3.306453,s98.853834
148_92,s4.443959,s-0.627090,s217.706246
148_93,s1.719370,s-4.088801,s326.160755
148_94,s-2.424298,s3.126683,s299.023528
148_95,s2.785226,s1.028894,s71.648822
148_96,s4.263289,s-1.486715,s228.775424
148_97,s3.268995,s2.602794,s260.005556
148_98,s-0.758490,s3.879281,s117.445652
148_99,s0.080810,s-4.319085,s-2.792305
148_100,s2.056941,s3.849596,s285.078518
148_101,s-2.304596,s-3.425711,s263.811457
148_102,s-4.542813,s-0.367072,s305.009768
148_103,s3.429173,s3.371756,s234.881727
148_104,s4.280348,s-2.833124,s204.315248
148_105,s-1.527527,s4.680571,s325.826861
148_106,s-2.395478,s3.804833,s274.676778
148_107,s-0.414800,s-4.750423,s-2.250756
148_108,s4.983719,s0.006293,s193.382118
148_109,s3.921682,s0.746029,s112.047589
148_110,s2.920466,s4.700390,s308.806049
148_111,s-4.676062,s0.749665,s195.935993
148_112,s-3.713696,s-3.491833,s160.919383
148_113,s4.398822,s3.172584,s16.992468
148_114,s4.159760,s-2.068337,s217.106275
148_115,s1.276113,s-4.700126,s219.501928
148_116,s4.731106,s-1.586423,s99.130320
148_117,s-4.941843,s-1.113234,s121.778863
148_118,s1.331463,s4.434919,s131.950567
148_119,s-5.261501,s-1.836172,s293.103382
148_120,s0.808136,s-4.587013,s114.748941
148_121,s2.790580,s-3.879636,s187.825197
148_122,s-3.716850,s-2.781898,s144.649539
148_123,s-4.063825,s2.315370,s254.501318
148_124,s-0.535886,s4.486670,s331.876455
148_125,s3.903451,s-4.427708,s148.415896
148_126,s-2.569123,s4.408080,s135.821172
148_127,s4.520146,s1.457504,s304.112149
148_128,s2.117820,s5.019073,s93.379449
148_129,s-2.445546,s-4.268262,s69.840779
148_130,s4.542231,s2.044531,s31.494350
148_131,s0.251032,s4.819473,s286.784173
148_132,s-0.950846,s-4.779618,s157.921227
148_133,s-5.346450,s0.237243,s233.384171
148_134,s-4.795497,s2.095438,s210.960602
148_135,s5.042213,s0.470722,s316.898183
148_136,s3.816822,s-3.163897,s70.434928
148_137,s-1.942097,s-5.038948,s100.346002
148_138,s1.964082,s-4.501381,s169.031284
148_139,s-0.231060,s-5.084753,s167.661264
148_140,s2.881992,s3.610890,s298.107152
148_141,s0.359911,s-5.282754,s169.968944
148_142,s-3.641963,s3.469438,s100.498142
148_143,s5.526281,s-0.195217,s229.637489
148_144,s-4.356333,s-3.220157,s96.530147
148_145,s-3.682529,s3.970039,s65.922620
148_146,s4.815671,s2.443218,s348.015673
148_147,s-3.620124,s-4.264177,s193.674404
149_0,s-0.502968,s0.254997,s222.859483
149_1,s0.375263,s-0.048300,s32.461180
149_2,s0.304365,s0.545589,s134.486915
149_3,s-0.501897,s1.274762,s58.354439
149_4,s1.369071,s-0.424726,s71.264522
149_5,s-1.040987,s-0.050239,s129.913050
149_6,s0.321354,s1.209870,s0.906503
149_7,s-1.230202,s-1.251473,s318.394122
149_8,s1.426924,s-0.059935,s327.854022
149_9,s-0.217020,s-0.445322,s148.518281
149_10,s1.052553,s0.312889,s19.069495
149_11,s0.701997,s-0.977171,s261.795862
149_12,s-1.886246,s1.255087,s151.578163
149_13,s0.407169,s-0.829606,s113.419808
149_14,s2.183154,s-1.589713,s6.123661
149_15,s-2.113916,s-0.202978,s29.846928
149_16,s-2.580823,s1.532692,s117.445652
149_17,s0.577241,s1.648483,s60.101240
149_18,s1.211132,s-2.084079,s381.213089
149_19,s1.368375,s1.344639,s90.516483
149_20,s2.112594,s-0.330999,s208.525490
149_21,s-1.841442,s0.256873,s347.857535
149_22,s-1.802652,s-1.408697,s335.377976
149_23,s1.830270,s1.799627,s335.163986
149_24,s-0.330345,s1.916109,s81.216219
149_25,s0.270055,s-2.000659,s227.939290
149_26,s1.547451,s0.646325,s306.872606
149_27,s-0.687710,s-1.870119,s242.689973
149_28,s0.154104,s2.214652,s33.209249
149_29,s-2.313998,s-0.699701,s85.425868
149_30,s1.844306,s2.603010,s19.336214
149_31,s-1.126947,s-2.072204,s292.188275
149_32,s2.302227,s3.088738,s331.480633
149_33,s-1.399248,s1.778097,s64.861145
149_34,s-0.583267,s2.561394,s291.000157
149_35,s-0.802528,s-2.577331,s133.088201
149_36,s2.929422,s-1.184928,s155.851902
149_37,s-2.756120,s3.347567,s64.806315
149_38,s-2.275530,s2.597428,s254.146825
149_39,s0.361200,s3.327111,s266.152133
149_40,s2.347117,s0.354229,s49.497021
149_41,s-2.049985,s-1.770548,s164.744590
149_42,s-2.751688,s0.723364,s0.244872
149_43,s0.852577,s-2.426926,s169.968944
149_44,s-3.089800,s-0.200029,s135.277051
149_45,s-2.566425,s-2.354534,s30.691969
149_46,s1.803137,s-2.299926,s11.562829
149_47,s0.739804,s2.084995,s97.264305
149_48,s-1.508838,s-2.552899,s285.951004
149_49,s2.854236,s-0.465456,s327.371453
149_50,s0.564949,s-2.780917,s105.721938
149_51,s2.637943,s1.506143,s340.432562
149_52,s1.167794,s2.137040,s216.909341
149_53,s-0.774096,s3.004317,s110.154205
149_54,s2.852126,s1.784109,s66.445577
149_55,s-1.001901,s-2.876284,s144.420815
149_56,s2.276773,s-2.369871,s287.414595
149_57,s2.791685,s0.111448,s0.220989
149_58,s-3.162449,s-1.028735,s221.445742
149_59,s1.598118,s-2.898790,s220.405068
149_60,s0.759503,s-3.588384,s218.052394
149_61,s3.203466,s-2.460780,s297.280295
149_62,s-0.592788,s3.626374,s205.239814
149_63,s0.055659,s-3.080638,s284.504310
149_64,s-1.382933,s-3.239793,s192.901967
149_65,s-3.045474,s2.030819,s316.300935
149_66,s3.633679,s0.092264,s292.818825
149_67,s1.557482,s-3.611294,s288.457749
149_68,s-2.067463,s-2.664275,s223.256379
149_69,s-3.434125,s1.052599,s185.557094
149_70,s2.666274,s-2.375459,s191.421638
149_71,s-4.047898,s-1.419293,s307.476708
149_72,s-3.000386,s-2.262150,s131.424713
149_73,s-1.419805,s-4.152434,s118.104847
149_74,s-3.673227,s-0.041834,s213.517045
149_75,s2.220308,s-3.540223,s290.568544
149_76,s0.650625,s4.094017,s263.292334
149_77,s-3.898729,s-0.850557,s217.451723
149_78,s-3.130011,s-3.405672,s225.316572
149_79,s3.591301,s-0.359891,s166.066296
149_80,s4.434084,s0.812296,s307.402738
149_81,s-1.313217,s4.039811,s331.001522
149_82,s2.533251,s2.804340,s229.914449
149_83,s-3.855260,s-2.230250,s341.606371
149_84,s-4.415767,s2.868027,s294.300162
149_85,s1.269548,s4.030459,s254.953416
149_86,s-3.029524,s2.645050,s60.812299
149_87,s-4.100709,s0.407923,s11.164939
149_88,s-0.328925,s3.923718,s301.268128
149_89,s-0.749597,s-3.729826,s139.993881
149_90,s3.824609,s-1.572859,s88.762957
149_91,s3.035824,s-3.306453,s98.853834
149_92,s4.443959,s-0.627090,s217.706246
149_93,s1.719370,s-4.088801,s326.160755
149_94,s-2.424298,s3.126683,s299.023528
149_95,s2.785226,s1.028894,s71.648822
149_96,s4.263289,s-1.486715,s228.775424
149_97,s3.343338,s2.733713,s248.163653
149_98,s-0.758490,s3.879281,s117.445652
149_99,s0.080810,s-4.319085,s-2.792305
149_100,s2.056941,s3.849596,s285.078518
149_101,s-2.304596,s-3.425711,s263.811457
149_102,s-4.542813,s-0.367072,s305.009768
149_103,s3.429173,s3.371756,s234.881727
149_104,s4.280348,s-2.833124,s204.315248
149_105,s-1.527527,s4.680571,s325.826861
149_106,s-2.395478,s3.804833,s274.676778
149_107,s-0.414800,s-4.750423,s-2.250756
149_108,s4.983719,s0.006293,s193.382118
149_109,s3.921682,s0.746029,s112.047589
149_110,s2.920466,s4.700390,s308.806049
149_111,s-4.676062,s0.749665,s195.935993
149_112,s-3.713696,s-3.491833,s160.919383
149_113,s4.398822,s3.172584,s16.992468
149_114,s4.159760,s-2.068337,s217.106275
149_115,s1.276113,s-4.700126,s219.501928
149_116,s4.731106,s-1.586423,s99.130320
149_117,s-4.941843,s-1.113234,s121.778863
149_118,s1.331463,s4.434919,s131.950567
149_119,s-5.261501,s-1.836172,s293.103382
149_120,s0.808136,s-4.587013,s114.748941
149_121,s2.790580,s-3.879636,s187.825197
149_122,s-3.716850,s-2.781898,s144.649539
149_123,s-4.089222,s2.286093,s162.487977
149_124,s-0.535886,s4.486670,s331.876455
149_125,s4.041667,s-4.498240,s148.666426
149_126,s-2.569123,s4.408080,s135.821172
149_127,s4.520146,s1.457504,s304.112149
149_128,s2.117820,s5.019073,s93.379449
149_129,s-2.445546,s-4.268262,s69.840779
149_130,s4.542231,s2.044531,s31.494350
149_131,s0.251032,s4.819473,s286.784173
149_132,s-0.950846,s-4.779618,s157.921227
149_133,s-5.346450,s0.237243,s233.384171
149_134,s-4.795497,s2.095438,s210.960602
149_135,s5.042213,s0.470722,s316.898183
149_136,s3.816822,s-3.163897,s70.434928
149_137,s-1.942097,s-5.038948,s100.346002
149_138,s1.964082,s-4.501381,s169.031284
149_139,s-0.231060,s-5.084753,s167.661264
149_140,s2.881992,s3.610890,s298.107152
149_141,s0.359911,s-5.282754,s169.968944
149_142,s-3.641963,s3.469438,s100.498142
149_143,s5.601723,s-0.093907,s220.129790
149_144,s-4.356333,s-3.220157,s96.530147
149_145,s-3.682529,s3.970039,s65.922620
149_146,s4.815671,s2.443218,s348.015673
149_147,s-3.620124,s-4.264177,s193.674404
149_148,s-4.704605,s-2.238479,s254.953416
150_0,s-0.502968,s0.254997,s222.859483
150_1,s0.375263,s-0.048300,s32.461180
150_2,s0.304365,s0.545589,s134.486915
150_3,s-0.216858,s1.041755,s67.994702
150_4,s1.606004,s-0.580061,s83.206449
150_5,s-1.019495,s0.120967,s130.989793
150_6,s0.321354,s1.209870,s0.906503
150_7,s-1.201401,s-1.142223,s312.705825
150_8,s1.426924,s-0.059935,s327.854022
150_9,s-0.217020,s-0.445322,s148.518281
150_10,s1.052553,s0.312889,s19.069495
150_11,s0.771586,s-0.964174,s269.846709
150_12,s-1.825608,s1.368892,s25.452018
150_13,s0.357145,s-0.812209,s118.679097
150_14,s2.065678,s-1.305645,s17.568698
150_15,s-2.113916,s-0.202978,s29.846928
150_16,s-2.580823,s1.532692,s117.445652
150_17,s0.577241,s1.648483,s60.101240
150_18,s1.211132,s-2.084079,s381.213089
150_19,s1.495454,s1.272273,s89.213623
150_20,s2.163351,s-0.298875,s195.825854
150_21,s-1.842830,s0.238598,s338.494483
150_22,s-1.761704,s-1.454172,s340.571448
150_23,s1.830270,s1.799627,s335.163986
150_24,s-0.322730,s1.906328,s90.562082
150_25,s0.266472,s-1.962069,s62.815886
150_26,s1.547451,s0.646325,s306.872606
150_27,s-0.687710,s-1.870119,s242.689973
150_28,s0.154104,s2.214652,s33.209249
150_29,s-2.308599,s-0.610659,s148.644930
150_30,s1.709183,s2.450163,s65.434037
150_31,s-1.126947,s-2.072204,s292.188275
150_32,s2.255012,s3.077822,s339.757482
150_33,s-1.371937,s1.970354,s60.735549
150_34,s-0.583267,s2.561394,s291.000157
150_35,s-0.802528,s-2.577331,s133.088201
150_36,s2.889486,s-1.196673,s158.180093
150_37,s-2.771532,s3.385749,s63.689766
150_38,s-2.255061,s2.656199,s256.056109
150_39,s0.351601,s3.244272,s258.097064
150_40,s2.347117,s0.354229,s49.497021
150_41,s-2.049985,s-1.770548,s164.744590
150_42,s-2.886616,s0.765369,s197.790231
150_43,s0.852577,s-2.426926,s169.968944
150_44,s-3.089800,s-0.200029,s135.277051
150_45,s-2.566425,s-2.354534,s30.691969
150_46,s1.740352,s-2.268589,s5.755316
150_47,s0.739804,s2.084995,s97.264305
150_48,s-1.508838,s-2.552899,s285.951004
150_49,s2.876895,s-0.425409,s323.281047
150_50,s0.564949,s-2.780917,s105.721938
150_51,s2.637943,s1.506143,s340.432562
150_52,s1.119852,s2.163493,s225.409864
150_53,s-0.883544,s3.003360,s112.706405
150_54,s2.852126,s1.784109,s66.445577
150_55,s-1.001901,s-2.876284,s144.420815
150_56,s2.276773,s-2.369871,s287.414595
150_57,s2.791685,s0.111448,s0.220989
150_58,s-3.162449,s-1.028735,s221.445742
150_59,s1.598118,s-2.898790,s220.405068
150_60,s0.538704,s-3.503821,s218.656640
150_61,s3.203466,s-2.460780,s297.280295
150_62,s-0.592788,s3.626374,s205.239814
150_63,s0.055659,s-3.080638,s284.504310
150_64,s-1.382933,s-3.239793,s192.901967
150_65,s-3.040186,s2.020205,s322.179590
150_66,s3.536570,s0.053533,s288.789362
150_67,s1.557482,s-3.611294,s288.457749
150_68,s-2.067463,s-2.664275,s223.256379
150_69,s-3.429814,s0.949581,s164.933603
150_70,s2.666274,s-2.375459,s191.421638
150_71,s-4.047898,s-1.419293,s307.476708
150_72,s-3.000386,s-2.262150,s131.424713
150_73,s-1.510633,s-4.200429,s115.027037
150_74,s-3.673227,s-0.041834,s213.517045
150_75,s2.220308,s-3.540223,s290.568544
150_76,s0.527191,s4.009957,s221.103061
150_77,s-3.898729,s-0.850557,s217.451723
150_78,s-3.066243,s-3.426090,s227.431594
150_79,s3.784274,s-0.533202,s197.046357
150_80,s4.406586,s0.765289,s301.031126
150_81,s-1.313217,s4.039811,s331.001522
150_82,s2.533251,s2.804340,s229.914449
150_83,s-3.736080,s-2.187607,s321.869002
150_84,s-4.515313,s2.937736,s288.192002
150_85,s1.269548,s4.030459,s254.953416
150_86,s-3.029524,s2.645050,s60.812299
150_87,s-4.083905,s0.375880,s8.647487
150_88,s-0.328925,s3.923718,s301.268128
150_89,s-0.733704,s-3.759545,s136.878503
150_90,s3.778703,s-1.568671,s87.981931
150_91,s3.035824,s-3.306453,s98.853834
150_92,s4.390409,s-0.623901,s213.599834
150_93,s1.719370,s-4.088801,s326.160755
150_94,s-2.424298,s3.126683,s299.023528
150_95,s2.780226,s1.007382,s66.005698
150_96,s4.263289,s-1.486715,s228.775424
150_97,s3.272871,s2.682492,s248.765055
150_98,s-0.758490,s3.879281,s117.445652
150_99,s0.083759,s-4.392056,s-8.600114
150_100,s2.056941,s3.849596,s285.078518
150_101,s-2.464986,s-3.462664,s261.298792
150_102,s-4.526326,s-0.400978,s300.611576
150_103,s3.429173,s3.371756,s234.881727
150_104,s4.280348,s-2.833124,s204.315248
150_105,s-1.544075,s4.750388,s117.445652
150_106,s-2.298796,s3.782848,s270.992653
150_107,s-0.414800,s-4.750423,s-2.250756
150_108,s5.120834,s0.086449,s193.061376
150_109,s4.086670,s0.845435,s120.373544
150_110,s2.678241,s4.550465,s306.857596
150_111,s-4.676062,s0.749665,s195.935993
150_112,s-3.713696,s-3.491833,s160.919383
150_113,s4.456537,s3.240596,s286.246364
150_114,s4.159760,s-2.068337,s217.106275
150_115,s1.093338,s-4.869691,s223.677841
150_116,s4.731106,s-1.586423,s99.130320
150_117,s-4.881382,s-0.980034,s34.546505
150_118,s1.259872,s4.437818,s325.489942
150_119,s-5.168762,s-1.953964,s300.986828
150_120,s0.846488,s-4.352825,s123.339110
150_121,s2.790580,s-3.879636,s187.825197
150_122,s-3.716850,s-2.781898,s144.649539
150_123,s-4.141001,s2.300306,s166.074376
150_124,s-0.303566,s4.598392,s337.360886
150_125,s4.136138,s-4.203765,s211.556429
150_126,s-2.533987,s4.477399,s132.943515
150_127,s4.520146,s1.457504,s304.112149
150_128,s2.111705,s4.888677,s165.151840
150_129,s-2.471163,s-4.330648,s57.334519
150_130,s4.688283,s2.139341,s96.908455
150_131,s0.345636,s4.669917,s280.578943
150_132,s-0.950846,s-4.779618,s157.921227
150_133,s-5.346450,s0.237243,s233.384171
150_134,s-4.842361,s2.177021,s218.518972
150_135,s5.032082,s0.432804,s313.143790
150_136,s3.805469,s-3.229148,s164.874206
150_137,s-1.869159,s-5.043243,s96.224486
150_138,s2.171175,s-4.475542,s226.740238
150_139,s-0.252073,s-5.049128,s162.590371
150_140,s2.881992,s3.610890,s298.107152
150_141,s0.344074,s-5.302768,s264.419731
150_142,s-3.608221,s3.497443,s104.345898
150_143,s5.571699,s-0.093075,s223.187346
150_144,s-4.356873,s-3.223253,s101.719002
150_145,s-3.682529,s3.970039,s65.922620
150_146,s4.875957,s2.479930,s347.566583
150_147,s-3.446353,s-4.542192,s191.696994
150_148,s-4.704605,s-2.238479,s254.953416
150_149,s-1.729529,s5.324848,s129.999565
151_0,s-0.502968,s0.254997,s222.859483
151_1,s0.375263,s-0.048300,s32.461180
151_2,s0.304365,s0.545589,s134.486915
151_3,s-0.216858,s1.041755,s67.994702
151_4,s1.606004,s-0.580061,s83.206449
151_5,s-1.019495,s0.120967,s130.989793
151_6,s0.321354,s1.209870,s0.906503
151_7,s-1.201401,s-1.142223,s312.705825
151_8,s1.426924,s-0.059935,s327.854022
151_9,s-0.217020,s-0.445322,s148.518281
151_10,s1.052553,s0.312889,s19.069495
151_11,s0.771586,s-0.964174,s269.846709
151_12,s-1.825608,s1.368892,s25.452018
151_13,s0.357145,s-0.812209,s118.679097
151_14,s2.065678,s-1.305645,s17.568698
151_15,s-2.113916,s-0.202978,s29.846928
151_16,s-2.580823,s1.532692,s117.445652
151_17,s0.577241,s1.648483,s60.101240
151_18,s1.211132,s-2.084079,s381.213089
151_19,s1.495454,s1.272273,s89.213623
151_20,s2.163351,s-0.298875,s195.825854
151_21,s-1.842830,s0.238598,s338.494483
151_22,s-1.761704,s-1.454172,s340.571448
151_23,s1.830270,s1.799627,s335.163986
151_24,s-0.322730,s1.906328,s90.562082
151_25,s0.266472,s-1.962069,s62.815886
151_26,s1.547451,s0.646325,s306.872606
151_27,s-0.687710,s-1.870119,s242.689973
151_28,s0.154104,s2.214652,s33.209249
151_29,s-2.308599,s-0.610659,s148.644930
151_30,s1.709183,s2.450163,s65.434037
151_31,s-1.126947,s-2.072204,s292.188275
151_32,s2.255012,s3.077822,s339.757482
151_33,s-1.371937,s1.970354,s60.735549
151_34,s-0.583267,s2.561394,s291.000157
151_35,s-0.802528,s-2.577331,s133.088201
151_36,s2.889486,s-1.196673,s158.180093
151_37,s-2.771532,s3.385749,s63.689766
151_38,s-2.255061,s2.656199,s256.056109
151_39,s0.351601,s3.244272,s258.097064
151_40,s2.347117,s0.354229,s49.497021
151_41,s-2.049985,s-1.770548,s164.744590
151_42,s-2.886616,s0.765369,s197.790231
151_43,s0.852577,s-2.426926,s169.968944
151_44,s-3.089800,s-0.200029,s135.277051
151_45,s-2.566425,s-2.354534,s30.691969
151_46,s1.740352,s-2.268589,s5.755316
151_47,s0.739804,s2.084995,s97.264305
151_48,s-1.508838,s-2.552899,s285.951004
151_49,s2.876895,s-0.425409,s323.281047
151_50,s0.564949,s-2.780917,s105.721938
151_51,s2.637943,s1.506143,s340.432562
151_52,s1.119852,s2.163493,s225.409864
151_53,s-0.883544,s3.003360,s112.706405
151_54,s2.852126,s1.784109,s66.445577
151_55,s-1.001901,s-2.876284,s144.420815
151_56,s2.276773,s-2.369871,s287.414595
151_57,s2.791685,s0.111448,s0.220989
151_58,s-3.162449,s-1.028735,s221.445742
151_59,s1.598118,s-2.898790,s220.405068
151_60,s0.538704,s-3.503821,s218.656640
151_61,s3.203466,s-2.460780,s297.280295
151_62,s-0.592788,s3.626374,s205.239814
151_63,s0.055659,s-3.080638,s284.504310
151_64,s-1.382933,s-3.239793,s192.901967
151_65,s-3.040186,s2.020205,s322.179590
151_66,s3.536570,s0.053533,s288.789362
151_67,s1.557482,s-3.611294,s288.457749
151_68,s-2.067463,s-2.664275,s223.256379
151_69,s-3.429814,s0.949581,s164.933603
151_70,s2.666274,s-2.375459,s191.421638
151_71,s-4.047898,s-1.419293,s307.476708
151_72,s-3.000386,s-2.262150,s131.424713
151_73,s-1.510633,s-4.200429,s115.027037
151_74,s-3.673227,s-0.041834,s213.517045
151_75,s2.220308,s-3.540223,s290.568544
151_76,s0.527191,s4.009957,s221.103061
151_77,s-3.898729,s-0.850557,s217.451723
151_78,s-3.066243,s-3.426090,s227.431594
151_79,s3.784274,s-0.533202,s197.046357
151_80,s4.406586,s0.765289,s301.031126
151_81,s-1.313217,s4.039811,s331.001522
151_82,s2.533251,s2.804340,s229.914449
151_83,s-3.736080,s-2.187607,s321.869002
151_84,s-4.515313,s2.937736,s288.192002
151_85,s1.269548,s4.030459,s254.953416
151_86,s-3.029524,s2.645050,s60.812299
151_87,s-4.083905,s0.375880,s8.647487
151_88,s-0.328925,s3.923718,s301.268128
151_89,s-0.733704,s-3.759545,s136.878503
151_90,s3.778703,s-1.568671,s87.981931
151_91,s3.035824,s-3.306453,s98.853834
151_92,s4.390409,s-0.623901,s213.599834
151_93,s1.719370,s-4.088801,s326.160755
151_94,s-2.424298,s3.126683,s299.023528
151_95,s2.780226,s1.007382,s66.005698
151_96,s4.263289,s-1.486715,s228.775424
151_97,s3.272871,s2.682492,s248.765055
151_98,s-0.758490,s3.879281,s117.445652
151_99,s0.083759,s-4.392056,s-8.600114
151_100,s2.056941,s3.849596,s285.078518
151_101,s-2.464986,s-3.462664,s261.298792
151_102,s-4.526326,s-0.400978,s300.611576
151_103,s3.429173,s3.371756,s234.881727
151_104,s4.280348,s-2.833124,s204.315248
151_105,s-1.544075,s4.750388,s117.445652
151_106,s-2.298796,s3.782848,s270.992653
151_107,s-0.414800,s-4.750423,s-2.250756
151_108,s5.120834,s0.086449,s193.061376
151_109,s4.086670,s0.845435,s120.373544
151_110,s2.678241,s4.550465,s306.857596
151_111,s-4.676062,s0.749665,s195.935993
151_112,s-3.713696,s-3.491833,s160.919383
151_113,s4.456537,s3.240596,s286.246364
151_114,s4.159760,s-2.068337,s217.106275
151_115,s1.093338,s-4.869691,s223.677841
151_116,s4.731106,s-1.586423,s99.130320
151_117,s-4.881382,s-0.980034,s34.546505
151_118,s1.259872,s4.437818,s325.489942
151_119,s-5.168762,s-1.953964,s300.986828
151_120,s0.846488,s-4.352825,s123.339110
151_121,s2.790580,s-3.879636,s187.825197
151_122,s-3.716850,s-2.781898,s144.649539
151_123,s-4.141001,s2.300306,s166.074376
151_124,s-0.303566,s4.598392,s337.360886
151_125,s4.136138,s-4.203765,s211.556429
151_126,s-2.533987,s4.477399,s132.943515
151_127,s4.520146,s1.457504,s304.112149
151_128,s2.111705,s4.888677,s165.151840
151_129,s-2.471163,s-4.330648,s57.334519
151_130,s4.688283,s2.139341,s96.908455
151_131,s0.345636,s4.669917,s280.578943
151_132,s-0.950846,s-4.779618,s157.921227
151_133,s-5.346450,s0.237243,s233.384171
151_134,s-4.842361,s2.177021,s218.518972
151_135,s5.032082,s0.432804,s313.143790
151_136,s3.805469,s-3.229148,s164.874206
151_137,s-1.869159,s-5.043243,s96.224486
151_138,s2.171175,s-4.475542,s226.740238
151_139,s-0.252073,s-5.049128,s162.590371
151_140,s2.881992,s3.610890,s298.107152
151_141,s0.344074,s-5.302768,s264.419731
151_142,s-3.608221,s3.497443,s104.345898
151_143,s5.571699,s-0.093075,s223.187346
151_144,s-4.356873,s-3.223253,s101.719002
151_145,s-3.682529,s3.970039,s65.922620
151_146,s4.875957,s2.479930,s347.566583
151_147,s-3.446353,s-4.542192,s191.696994
151_148,s-4.704605,s-2.238479,s254.953416
151_149,s-1.729529,s5.324848,s129.999565
151_150,s0.500090,s5.125662,s359.595602
152_0,s-0.502968,s0.254997,s222.859483
152_1,s0.375263,s-0.048300,s32.461180
152_2,s0.304365,s0.545589,s134.486915
152_3,s-0.216858,s1.041755,s67.994702
152_4,s1.606004,s-0.580061,s83.206449
152_5,s-1.019495,s0.120967,s130.989793
152_6,s0.321354,s1.209870,s0.906503
152_7,s-1.201401,s-1.142223,s312.705825
152_8,s1.426924,s-0.059935,s327.854022
152_9,s-0.217020,s-0.445322,s148.518281
152_10,s1.052553,s0.312889,s19.069495
152_11,s0.771586,s-0.964174,s269.846709
152_12,s-1.825608,s1.368892,s25.452018
152_13,s0.357145,s-0.812209,s118.679097
152_14,s2.065678,s-1.305645,s17.568698
152_15,s-2.113916,s-0.202978,s29.846928
152_16,s-2.580823,s1.532692,s117.445652
152_17,s0.577241,s1.648483,s60.101240
152_18,s1.211132,s-2.084079,s381.213089
152_19,s1.495454,s1.272273,s89.213623
152_20,s2.163351,s-0.298875,s195.825854
152_21,s-1.842830,s0.238598,s338.494483
152_22,s-1.761704,s-1.454172,s340.571448
152_23,s1.830270,s1.799627,s335.163986
152_24,s-0.322730,s1.906328,s90.562082
152_25,s0.266472,s-1.962069,s62.815886
152_26,s1.547451,s0.646325,s306.872606
152_27,s-0.687710,s-1.870119,s242.689973
152_28,s0.154104,s2.214652,s33.209249
152_29,s-2.308599,s-0.610659,s148.644930
152_30,s1.709183,s2.450163,s65.434037
152_31,s-1.126947,s-2.072204,s292.188275
152_32,s2.255012,s3.077822,s339.757482
152_33,s-1.371937,s1.970354,s60.735549
152_34,s-0.583267,s2.561394,s291.000157
152_35,s-0.802528,s-2.577331,s133.088201
152_36,s2.889486,s-1.196673,s158.180093
152_37,s-2.771532,s3.385749,s63.689766
152_38,s-2.255061,s2.656199,s256.056109
152_39,s0.351601,s3.244272,s258.097064
152_40,s2.347117,s0.354229,s49.497021
152_41,s-2.049985,s-1.770548,s164.744590
152_42,s-2.886616,s0.765369,s197.790231
152_43,s0.852577,s-2.426926,s169.968944
152_44,s-3.089800,s-0.200029,s135.277051
152_45,s-2.566425,s-2.354534,s30.691969
152_46,s1.740352,s-2.268589,s5.755316
152_47,s0.739804,s2.084995,s97.264305
152_48,s-1.508838,s-2.552899,s285.951004
152_49,s2.876895,s-0.425409,s323.281047
152_50,s0.564949,s-2.780917,s105.721938
152_51,s2.637943,s1.506143,s340.432562
152_52,s1.119852,s2.163493,s225.409864
152_53,s-0.883544,s3.003360,s112.706405
152_54,s2.852126,s1.784109,s66.445577
152_55,s-1.001901,s-2.876284,s144.420815
152_56,s2.276773,s-2.369871,s287.414595
152_57,s2.791685,s0.111448,s0.220989
152_58,s-3.162449,s-1.028735,s221.445742
152_59,s1.598118,s-2.898790,s220.405068
152_60,s0.538704,s-3.503821,s218.656640
152_61,s3.203466,s-2.460780,s297.280295
152_62,s-0.592788,s3.626374,s205.239814
152_63,s0.055659,s-3.080638,s284.504310
152_64,s-1.382933,s-3.239793,s192.901967
152_65,s-3.040186,s2.020205,s322.179590
152_66,s3.536570,s0.053533,s288.789362
152_67,s1.557482,s-3.611294,s288.457749
152_68,s-2.067463,s-2.664275,s223.256379
152_69,s-3.429814,s0.949581,s164.933603
152_70,s2.666274,s-2.375459,s191.421638
152_71,s-4.047898,s-1.419293,s307.476708
152_72,s-3.000386,s-2.262150,s131.424713
152_73,s-1.510633,s-4.200429,s115.027037
152_74,s-3.673227,s-0.041834,s213.517045
152_75,s2.220308,s-3.540223,s290.568544
152_76,s0.527191,s4.009957,s221.103061
152_77,s-3.898729,s-0.850557,s217.451723
152_78,s-3.066243,s-3.426090,s227.431594
152_79,s3.784274,s-0.533202,s197.046357
152_80,s4.406586,s0.765289,s301.031126
152_81,s-1.313217,s4.039811,s331.001522
152_82,s2.533251,s2.804340,s229.914449
152_83,s-3.736080,s-2.187607,s321.869002
152_84,s-4.515313,s2.937736,s288.192002
152_85,s1.269548,s4.030459,s254.953416
152_86,s-3.029524,s2.645050,s60.812299
152_87,s-4.083905,s0.375880,s8.647487
152_88,s-0.328925,s3.923718,s301.268128
152_89,s-0.733704,s-3.759545,s136.878503
152_90,s3.778703,s-1.568671,s87.981931
152_91,s3.035824,s-3.306453,s98.853834
152_92,s4.390409,s-0.623901,s213.599834
152_93,s1.719370,s-4.088801,s326.160755
152_94,s-2.424298,s3.126683,s299.023528
152_95,s2.780226,s1.007382,s66.005698
152_96,s4.263289,s-1.486715,s228.775424
152_97,s3.272871,s2.682492,s248.765055
152_98,s-0.758490,s3.879281,s117.445652
152_99,s0.083759,s-4.392056,s-8.600114
152_100,s2.056941,s3.849596,s285.078518
152_101,s-2.464986,s-3.462664,s261.298792
152_102,s-4.526326,s-0.400978,s300.611576
152_103,s3.429173,s3.371756,s234.881727
152_104,s4.280348,s-2.833124,s204.315248
152_105,s-1.544075,s4.750388,s117.445652
152_106,s-2.298796,s3.782848,s270.992653
152_107,s-0.414800,s-4.750423,s-2.250756
152_108,s5.120834,s0.086449,s193.061376
152_109,s4.086670,s0.845435,s120.373544
152_110,s2.678241,s4.550465,s306.857596
152_111,s-4.676062,s0.749665,s195.935993
152_112,s-3.713696,s-3.491833,s160.919383
152_113,s4.456537,s3.240596,s286.246364
152_114,s4.159760,s-2.068337,s217.106275
152_115,s1.093338,s-4.869691,s223.677841
152_116,s4.731106,s-1.586423,s99.130320
152_117,s-4.881382,s-0.980034,s34.546505
152_118,s1.259872,s4.437818,s325.489942
152_119,s-5.168762,s-1.953964,s300.986828
152_120,s0.846488,s-4.352825,s123.339110
152_121,s2.790580,s-3.879636,s187.825197
152_122,s-3.716850,s-2.781898,s144.649539
152_123,s-4.141001,s2.300306,s166.074376
152_124,s-0.303566,s4.598392,s337.360886
152_125,s4.136138,s-4.203765,s211.556429
152_126,s-2.533987,s4.477399,s132.943515
152_127,s4.520146,s1.457504,s304.112149
152_128,s2.111705,s4.888677,s165.151840
152_129,s-2.471163,s-4.330648,s57.334519
152_130,s4.688283,s2.139341,s96.908455
152_131,s0.345636,s4.669917,s280.578943
152_132,s-0.950846,s-4.779618,s157.921227
152_133,s-5.346450,s0.237243,s233.384171
152_134,s-4.842361,s2.177021,s218.518972
152_135,s5.032082,s0.432804,s313.143790
152_136,s3.805469,s-3.229148,s164.874206
152_137,s-1.869159,s-5.043243,s96.224486
152_138,s2.171175,s-4.475542,s226.740238
152_139,s-0.252073,s-5.049128,s162.590371
152_140,s2.881992,s3.610890,s298.107152
152_141,s0.344074,s-5.302768,s264.419731
152_142,s-3.608221,s3.497443,s104.345898
152_143,s5.571699,s-0.093075,s223.187346
152_144,s-4.356873,s-3.223253,s101.719002
152_145,s-3.682529,s3.970039,s65.922620
152_146,s4.875957,s2.479930,s347.566583
152_147,s-3.446353,s-4.542192,s191.696994
152_148,s-4.704605,s-2.238479,s254.953416
152_149,s-1.729529,s5.324848,s129.999565
152_150,s0.500090,s5.125662,s359.595602
152_151,s-4.684147,s1.488620,s157.692667
153_0,s-0.502968,s0.254997,s222.859483
153_1,s0.375263,s-0.048300,s32.461180
153_2,s0.304365,s0.545589,s134.486915
153_3,s-0.216858,s1.041755,s67.994702
153_4,s1.606004,s-0.580061,s83.206449
153_5,s-1.019495,s0.120967,s130.989793
153_6,s0.321354,s1.209870,s0.906503
153_7,s-1.201401,s-1.142223,s312.705825
153_8,s1.426924,s-0.059935,s327.854022
153_9,s-0.217020,s-0.445322,s148.518281
153_10,s1.052553,s0.312889,s19.069495
153_11,s0.771586,s-0.964174,s269.846709
153_12,s-1.825608,s1.368892,s25.452018
153_13,s0.357145,s-0.812209,s118.679097
153_14,s2.065678,s-1.305645,s17.568698
153_15,s-2.113916,s-0.202978,s29.846928
153_16,s-2.580823,s1.532692,s117.445652
153_17,s0.577241,s1.648483,s60.101240
153_18,s1.211132,s-2.084079,s381.213089
153_19,s1.495454,s1.272273,s89.213623
153_20,s2.163351,s-0.298875,s195.825854
153_21,s-1.842830,s0.238598,s338.494483
153_22,s-1.761704,s-1.454172,s340.571448
153_23,s1.830270,s1.799627,s335.163986
153_24,s-0.322730,s1.906328,s90.562082
153_25,s0.266472,s-1.962069,s62.815886
153_26,s1.547451,s0.646325,s306.872606
153_27,s-0.687710,s-1.870119,s242.689973
153_28,s0.154104,s2.214652,s33.209249
153_29,s-2.308599,s-0.610659,s148.644930
153_30,s1.709183,s2.450163,s65.434037
153_31,s-1.126947,s-2.072204,s292.188275
153_32,s2.255012,s3.077822,s339.757482
153_33,s-1.371937,s1.970354,s60.735549
153_34,s-0.583267,s2.561394,s291.000157
153_35,s-0.802528,s-2.577331,s133.088201
153_36,s2.889486,s-1.196673,s158.180093
153_37,s-2.771532,s3.385749,s63.689766
153_38,s-2.255061,s2.656199,s256.056109
153_39,s0.351601,s3.244272,s258.097064
153_40,s2.347117,s0.354229,s49.497021
153_41,s-2.049985,s-1.770548,s164.744590
153_42,s-2.886616,s0.765369,s197.790231
153_43,s0.852577,s-2.426926,s169.968944
153_44,s-3.089800,s-0.200029,s135.277051
153_45,s-2.566425,s-2.354534,s30.691969
153_46,s1.740352,s-2.268589,s5.755316
153_47,s0.739804,s2.084995,s97.264305
153_48,s-1.508838,s-2.552899,s285.951004
153_49,s2.876895,s-0.425409,s323.281047
153_50,s0.564949,s-2.780917,s105.721938
153_51,s2.637943,s1.506143,s340.432562
153_52,s1.119852,s2.163493,s225.409864
153_53,s-0.883544,s3.003360,s112.706405
153_54,s2.852126,s1.784109,s66.445577
153_55,s-1.001901,s-2.876284,s144.420815
153_56,s2.276773,s-2.369871,s287.414595
153_57,s2.791685,s0.111448,s0.220989
153_58,s-3.162449,s-1.028735,s221.445742
153_59,s1.598118,s-2.898790,s220.405068
153_60,s0.538704,s-3.503821,s218.656640
153_61,s3.203466,s-2.460780,s297.280295
153_62,s-0.592788,s3.626374,s205.239814
153_63,s0.055659,s-3.080638,s284.504310
153_64,s-1.382933,s-3.239793,s192.901967
153_65,s-3.040186,s2.020205,s322.179590
153_66,s3.536570,s0.053533,s288.789362
153_67,s1.557482,s-3.611294,s288.457749
153_68,s-2.067463,s-2.664275,s223.256379
153_69,s-3.429814,s0.949581,s164.933603
153_70,s2.666274,s-2.375459,s191.421638
153_71,s-4.047898,s-1.419293,s307.476708
153_72,s-3.000386,s-2.262150,s131.424713
153_73,s-1.510633,s-4.200429,s115.027037
153_74,s-3.673227,s-0.041834,s213.517045
153_75,s2.220308,s-3.540223,s290.568544
153_76,s0.527191,s4.009957,s221.103061
153_77,s-3.898729,s-0.850557,s217.451723
153_78,s-3.066243,s-3.426090,s227.431594
153_79,s3.784274,s-0.533202,s197.046357
153_80,s4.406586,s0.765289,s301.031126
153_81,s-1.313217,s4.039811,s331.001522
153_82,s2.533251,s2.804340,s229.914449
153_83,s-3.736080,s-2.187607,s321.869002
153_84,s-4.515313,s2.937736,s288.192002
153_85,s1.269548,s4.030459,s254.953416
153_86,s-3.029524,s2.645050,s60.812299
153_87,s-4.083905,s0.375880,s8.647487
153_88,s-0.328925,s3.923718,s301.268128
153_89,s-0.733704,s-3.759545,s136.878503
153_90,s3.778703,s-1.568671,s87.981931
153_91,s3.035824,s-3.306453,s98.853834
153_92,s4.390409,s-0.623901,s213.599834
153_93,s1.719370,s-4.088801,s326.160755
153_94,s-2.424298,s3.126683,s299.023528
153_95,s2.780226,s1.007382,s66.005698
153_96,s4.263289,s-1.486715,s228.775424
153_97,s3.272871,s2.682492,s248.765055
153_98,s-0.758490,s3.879281,s117.445652
153_99,s0.083759,s-4.392056,s-8.600114
153_100,s2.056941,s3.849596,s285.078518
153_101,s-2.464986,s-3.462664,s261.298792
153_102,s-4.526326,s-0.400978,s300.611576
153_103,s3.429173,s3.371756,s234.881727
153_104,s4.280348,s-2.833124,s204.315248
153_105,s-1.544075,s4.750388,s117.445652
153_106,s-2.298796,s3.782848,s270.992653
153_107,s-0.414800,s-4.750423,s-2.250756
153_108,s5.120834,s0.086449,s193.061376
153_109,s4.086670,s0.845435,s120.373544
153_110,s2.678241,s4.550465,s306.857596
153_111,s-4.676062,s0.749665,s195.935993
153_112,s-3.713696,s-3.491833,s160.919383
153_113,s4.456537,s3.240596,s286.246364
153_114,s4.159760,s-2.068337,s217.106275
153_115,s1.093338,s-4.869691,s223.677841
153_116,s4.731106,s-1.586423,s99.130320
153_117,s-4.881382,s-0.980034,s34.546505
153_118,s1.259872,s4.437818,s325.489942
153_119,s-5.168762,s-1.953964,s300.986828
153_120,s0.846488,s-4.352825,s123.339110
153_121,s2.790580,s-3.879636,s187.825197
153_122,s-3.716850,s-2.781898,s144.649539
153_123,s-4.141001,s2.300306,s166.074376
153_124,s-0.303566,s4.598392,s337.360886
153_125,s4.136138,s-4.203765,s211.556429
153_126,s-2.533987,s4.477399,s132.943515
153_127,s4.520146,s1.457504,s304.112149
153_128,s2.111705,s4.888677,s165.151840
153_129,s-2.471163,s-4.330648,s57.334519
153_130,s4.688283,s2.139341,s96.908455
153_131,s0.345636,s4.669917,s280.578943
153_132,s-0.950846,s-4.779618,s157.921227
153_133,s-5.346450,s0.237243,s233.384171
153_134,s-4.842361,s2.177021,s218.518972
153_135,s5.032082,s0.432804,s313.143790
153_136,s3.805469,s-3.229148,s164.874206
153_137,s-1.869159,s-5.043243,s96.224486
153_138,s2.171175,s-4.475542,s226.740238
153_139,s-0.252073,s-5.049128,s162.590371
153_140,s2.881992,s3.610890,s298.107152
153_141,s0.344074,s-5.302768,s264.419731
153_142,s-3.608221,s3.497443,s104.345898
153_143,s5.571699,s-0.093075,s223.187346
153_144,s-4.356873,s-3.223253,s101.719002
153_145,s-3.682529,s3.970039,s65.922620
153_146,s4.875957,s2.479930,s347.566583
153_147,s-3.446353,s-4.542192,s191.696994
153_148,s-4.704605,s-2.238479,s254.953416
153_149,s-1.729529,s5.324848,s129.999565
153_150,s0.500090,s5.125662,s359.595602
153_151,s-4.684147,s1.488620,s157.692667
153_152,s-0.389778,s5.370875,s288.249530
154_0,s-0.502968,s0.254997,s222.859483
154_1,s0.375263,s-0.048300,s32.461180
154_2,s0.304365,s0.545589,s134.486915
154_3,s-0.226577,s1.089629,s69.154349
154_4,s1.539867,s-0.590435,s88.809212
154_5,s-1.050790,s0.093190,s134.248838
154_6,s0.321354,s1.209870,s0.906503
154_7,s-1.180517,s-1.137761,s306.890718
154_8,s1.426924,s-0.059935,s327.854022
154_9,s-0.217020,s-0.445322,s148.518281
154_10,s1.052553,s0.312889,s19.069495
154_11,s0.748716,s-0.996606,s236.776896
154_12,s-1.861248,s1.290713,s32.747731
154_13,s0.265701,s-0.942083,s113.186603
154_14,s1.981272,s-1.266590,s13.557199
154_15,s-2.113916,s-0.202978,s29.846928
154_16,s-2.552234,s1.516035,s113.706924
154_17,s0.577241,s1.648483,s60.101240
154_18,s1.028588,s-1.991510,s28.484840
154_19,s1.599273,s1.264568,s80.347581
154_20,s2.076701,s-0.262115,s195.022197
154_21,s-1.842830,s0.238598,s338.494483
154_22,s-1.819479,s-1.356800,s325.981471
154_23,s1.830270,s1.799627,s335.163986
154_24,s-0.322730,s1.906328,s90.562082
154_25,s0.326849,s-2.026537,s60.815372
154_26,s1.547451,s0.646325,s306.872606
154_27,s-0.687710,s-1.870119,s242.689973
154_28,s0.154104,s2.214652,s33.209249
154_29,s-2.246740,s-0.787530,s147.131539
154_30,s1.709183,s2.450163,s65.434037
154_31,s-1.126947,s-2.072204,s292.188275
154_32,s2.255012,s3.077822,s339.757482
154_33,s-1.371937,s1.970354,s60.735549
154_34,s-0.583267,s2.561394,s291.000157
154_35,s-0.802528,s-2.577331,s133.088201
154_36,s2.836843,s-1.200743,s161.802843
154_37,s-2.771532,s3.385749,s63.689766
154_38,s-2.255061,s2.656199,s256.056109
154_39,s0.500070,s3.136673,s249.713042
154_40,s2.347117,s0.354229,s49.497021
154_41,s-2.049985,s-1.770548,s164.744590
154_42,s-2.886616,s0.765369,s197.790231
154_43,s0.852577,s-2.426926,s169.968944
154_44,s-3.089800,s-0.200029,s135.277051
154_45,s-2.566425,s-2.354534,s30.691969
154_46,s1.761170,s-2.211702,s9.114233
154_47,s0.739804,s2.084995,s97.264305
154_48,s-1.508838,s-2.552899,s285.951004
154_49,s2.938891,s-0.525761,s332.262736
154_50,s0.564949,s-2.780917,s105.721938
154_51,s2.637943,s1.506143,s340.432562
154_52,s1.119852,s2.163493,s225.409864
154_53,s-0.972274,s3.002156,s173.215751
154_54,s2.852126,s1.784109,s66.445577
154_55,s-1.001901,s-2.876284,s144.420815
154_56,s2.276773,s-2.369871,s287.414595
154_57,s2.791685,s0.111448,s0.220989
154_58,s-3.162449,s-1.028735,s221.445742
154_59,s1.598118,s-2.898790,s220.405068
154_60,s0.538704,s-3.503821,s218.656640
154_61,s3.203466,s-2.460780,s297.280295
154_62,s-0.592788,s3.626374,s205.239814
154_63,s0.055659,s-3.080638,s284.504310
154_64,s-1.382933,s-3.239793,s192.901967
154_65,s-2.954475,s2.016608,s329.038814
154_66,s3.608711,s0.079158,s291.019250
154_67,s1.557482,s-3.611294,s288.457749
154_68,s-2.067463,s-2.664275,s223.256379
154_69,s-3.374872,s0.882928,s163.605080
154_70,s2.666274,s-2.375459,s191.421638
154_71,s-4.047898,s-1.419293,s307.476708
154_72,s-3.000386,s-2.262150,s131.424713
154_73,s-1.428531,s-4.175816,s118.347846
154_74,s-3.673227,s-0.041834,s213.517045
154_75,s2.220308,s-3.540223,s290.568544
154_76,s0.527191,s4.009957,s221.103061
154_77,s-3.898729,s-0.850557,s217.451723
154_78,s-3.066243,s-3.426090,s227.431594
154_79,s3.784274,s-0.533202,s197.046357
154_80,s4.594932,s0.921753,s295.491033
154_81,s-1.313217,s4.039811,s331.001522
154_82,s2.533251,s2.804340,s229.914449
154_83,s-3.736080,s-2.187607,s321.869002
154_84,s-4.652128,s2.982798,s288.598107
154_85,s1.269548,s4.030459,s254.953416
154_86,s-3.029524,s2.645050,s60.812299
154_87,s-4.066469,s0.352615,s-0.211145
154_88,s-0.328746,s4.090324,s303.858218
154_89,s-0.733704,s-3.759545,s136.878503
154_90,s3.734297,s-1.565672,s82.421867
154_91,s3.035824,s-3.306453,s98.853834
154_92,s4.544019,s-0.840105,s213.986278
154_93,s1.719370,s-4.088801,s326.160755
154_94,s-2.424298,s3.126683,s299.023528
154_95,s2.780226,s1.007382,s66.005698
154_96,s4.263289,s-1.486715,s228.775424
154_97,s3.220677,s2.719764,s251.364734
154_98,s-0.758490,s3.879281,s117.445652
154_99,s0.083759,s-4.392056,s-8.600114
154_100,s2.056941,s3.849596,s285.078518
154_101,s-2.467694,s-3.533866,s287.414595
154_102,s-4.526326,s-0.400978,s300.611576
154_103,s3.429173,s3.371756,s234.881727
154_104,s4.280348,s-2.833124,s204.315248
154_105,s-1.507834,s4.624721,s116.246001
154_106,s-2.298796,s3.782848,s270.992653
154_107,s-0.414800,s-4.750423,s-2.250756
154_108,s5.120834,s0.086449,s193.061376
154_109,s4.089901,s0.895920,s119.039620
154_110,s2.712853,s4.547373,s293.170474
154_111,s-4.676062,s0.749665,s195.935993
154_112,s-3.771126,s-3.447369,s187.326354
154_113,s4.456537,s3.240596,s286.246364
154_114,s4.159760,s-2.068337,s217.106275
154_115,s1.093338,s-4.869691,s223.677841
154_116,s4.731106,s-1.586423,s99.130320
154_117,s-5.087052,s-1.104031,s34.452718
154_118,s1.259872,s4.437818,s325.489942
154_119,s-5.364001,s-1.925092,s296.825916
154_120,s0.846488,s-4.352825,s123.339110
154_121,s2.793165,s-4.142960,s288.302320
154_122,s-3.716850,s-2.781898,s144.649539
154_123,s-4.244282,s2.264591,s202.436114
154_124,s-0.303566,s4.598392,s337.360886
154_125,s4.278320,s-4.331557,s201.295749
154_126,s-2.535052,s4.538786,s40.541615
154_127,s4.520146,s1.457504,s304.112149
154_128,s2.111705,s4.888677,s165.151840
154_129,s-2.505046,s-4.338654,s64.894174
154_130,s4.688283,s2.139341,s96.908455
154_131,s0.345636,s4.669917,s280.578943
154_132,s-0.950846,s-4.779618,s157.921227
154_133,s-5.346450,s0.237243,s233.384171
154_134,s-4.842361,s2.177021,s218.518972
154_135,s5.032082,s0.432804,s313.143790
154_136,s3.754751,s-3.106181,s162.612036
154_137,s-1.519929,s-5.163392,s100.469439
154_138,s1.891396,s-4.449831,s229.690437
154_139,s-0.252073,s-5.049128,s162.590371
154_140,s2.881992,s3.610890,s298.107152
154_141,s0.447784,s-5.465439,s270.438718
154_142,s-3.608221,s3.497443,s104.345898
154_143,s5.571699,s-0.093075,s223.187346
154_144,s-4.387489,s-3.177423,s109.869007
154_145,s-3.682529,s3.970039,s65.922620
154_146,s4.904867,s2.466699,s345.243269
154_147,s-3.216087,s-4.637869,s185.860009
154_148,s-4.704421,s-2.159949,s271.980744
154_149,s-1.733836,s5.369633,s300.262885
154_150,s0.533069,s5.114614,s366.233324
154_151,s-4.684147,s1.488620,s157.692667
154_152,s-0.516976,s5.490592,s296.680831
154_153,s3.679585,s4.013562,s231.631621
155_0,s-0.502968,s0.254997,s222.859483
155_1,s0.375263,s-0.048300,s32.461180
155_2,s0.304365,s0.545589,s134.486915
155_3,s-0.226577,s1.089629,s69.154349
155_4,s1.539867,s-0.590435,s88.809212
155_5,s-1.050790,s0.093190,s134.248838
155_6,s0.321354,s1.209870,s0.906503
155_7,s-1.180517,s-1.137761,s306.890718
155_8,s1.426924,s-0.059935,s327.854022
155_9,s-0.217020,s-0.445322,s148.518281
155_10,s1.052553,s0.312889,s19.069495
155_11,s0.748716,s-0.996606,s236.776896
155_12,s-1.861248,s1.290713,s32.747731
155_13,s0.265701,s-0.942083,s113.186603
155_14,s1.981272,s-1.266590,s13.557199
155_15,s-2.113916,s-0.202978,s29.846928
155_16,s-2.552234,s1.516035,s113.706924
155_17,s0.577241,s1.648483,s60.101240
155_18,s1.028588,s-1.991510,s28.484840
155_19,s1.599273,s1.264568,s80.347581
155_20,s2.076701,s-0.262115,s195.022197
155_21,s-1.842830,s0.238598,s338.494483
155_22,s-1.819479,s-1.356800,s325.981471
155_23,s1.830270,s1.799627,s335.163986
155_24,s-0.322730,s1.906328,s90.562082
155_25,s0.326849,s-2.026537,s60.815372
155_26,s1.547451,s0.646325,s306.872606
155_27,s-0.687710,s-1.870119,s242.689973
155_28,s0.154104,s2.214652,s33.209249
155_29,s-2.246740,s-0.787530,s147.131539
155_30,s1.709183,s2.450163,s65.434037
155_31,s-1.126947,s-2.072204,s292.188275
155_32,s2.255012,s3.077822,s339.757482
155_33,s-1.371937,s1.970354,s60.735549
155_34,s-0.583267,s2.561394,s291.000157
155_35,s-0.802528,s-2.577331,s133.088201
155_36,s2.836843,s-1.200743,s161.802843
155_37,s-2.771532,s3.385749,s63.689766
155_38,s-2.255061,s2.656199,s256.056109
155_39,s0.500070,s3.136673,s249.713042
155_40,s2.347117,s0.354229,s49.497021
155_41,s-2.049985,s-1.770548,s164.744590
155_42,s-2.886616,s0.765369,s197.790231
155_43,s0.852577,s-2.426926,s169.968944
155_44,s-3.089800,s-0.200029,s135.277051
155_45,s-2.566425,s-2.354534,s30.691969
155_46,s1.761170,s-2.211702,s9.114233
155_47,s0.739804,s2.084995,s97.264305
155_48,s-1.508838,s-2.552899,s285.951004
155_49,s2.938891,s-0.525761,s332.262736
155_50,s0.564949,s-2.780917,s105.721938
155_51,s2.637943,s1.506143,s340.432562
155_52,s1.119852,s2.163493,s225.409864
155_53,s-0.972274,s3.002156,s173.215751
155_54,s2.852126,s1.784109,s66.445577
155_55,s-1.001901,s-2.876284,s144.420815
155_56,s2.276773,s-2.369871,s287.414595
155_57,s2.791685,s0.111448,s0.220989
155_58,s-3.162449,s-1.028735,s221.445742
155_59,s1.598118,s-2.898790,s220.405068
155_60,s0.538704,s-3.503821,s218.656640
155_61,s3.203466,s-2.460780,s297.280295
155_62,s-0.592788,s3.626374,s205.239814
155_63,s0.055659,s-3.080638,s284.504310
155_64,s-1.382933,s-3.239793,s192.901967
155_65,s-2.954475,s2.016608,s329.038814
155_66,s3.608711,s0.079158,s291.019250
155_67,s1.557482,s-3.611294,s288.457749
155_68,s-2.067463,s-2.664275,s223.256379
155_69,s-3.374872,s0.882928,s163.605080
155_70,s2.666274,s-2.375459,s191.421638
155_71,s-4.047898,s-1.419293,s307.476708
155_72,s-3.000386,s-2.262150,s131.424713
155_73,s-1.428531,s-4.175816,s118.347846
155_74,s-3.673227,s-0.041834,s213.517045
155_75,s2.220308,s-3.540223,s290.568544
155_76,s0.527191,s4.009957,s221.103061
155_77,s-3.898729,s-0.850557,s217.451723
155_78,s-3.066243,s-3.426090,s227.431594
155_79,s3.784274,s-0.533202,s197.046357
155_80,s4.594932,s0.921753,s295.491033
155_81,s-1.313217,s4.039811,s331.001522
155_82,s2.533251,s2.804340,s229.914449
155_83,s-3.736080,s-2.187607,s321.869002
155_84,s-4.652128,s2.982798,s288.598107
155_85,s1.269548,s4.030459,s254.953416
155_86,s-3.029524,s2.645050,s60.812299
155_87,s-4.066469,s0.352615,s-0.211145
155_88,s-0.328746,s4.090324,s303.858218
155_89,s-0.733704,s-3.759545,s136.878503
155_90,s3.734297,s-1.565672,s82.421867
155_91,s3.035824,s-3.306453,s98.853834
155_92,s4.544019,s-0.840105,s213.986278
155_93,s1.719370,s-4.088801,s326.160755
155_94,s-2.424298,s3.126683,s299.023528
155_95,s2.780226,s1.007382,s66.005698
155_96,s4.263289,s-1.486715,s228.775424
155_97,s3.220677,s2.719764,s251.364734
155_98,s-0.758490,s3.879281,s117.445652
155_99,s0.083759,s-4.392056,s-8.600114
155_100,s2.056941,s3.849596,s285.078518
155_101,s-2.467694,s-3.533866,s287.414595
155_102,s-4.526326,s-0.400978,s300.611576
155_103,s3.429173,s3.371756,s234.881727
155_104,s4.280348,s-2.833124,s204.315248
155_105,s-1.507834,s4.624721,s116.246001
155_106,s-2.298796,s3.782848,s270.992653
155_107,s-0.414800,s-4.750423,s-2.250756
155_108,s5.120834,s0.086449,s193.061376
155_109,s4.089901,s0.895920,s119.039620
155_110,s2.712853,s4.547373,s293.170474
155_111,s-4.676062,s0.749665,s195.935993
155_112,s-3.771126,s-3.447369,s187.326354
155_113,s4.456537,s3.240596,s286.246364
155_114,s4.159760,s-2.068337,s217.106275
155_115,s1.093338,s-4.869691,s223.677841
155_116,s4.731106,s-1.586423,s99.130320
155_117,s-5.087052,s-1.104031,s34.452718
155_118,s1.259872,s4.437818,s325.489942
155_119,s-5.364001,s-1.925092,s296.825916
155_120,s0.846488,s-4.352825,s123.339110
155_121,s2.793165,s-4.142960,s288.302320
155_122,s-3.716850,s-2.781898,s144.649539
155_123,s-4.244282,s2.264591,s202.436114
155_124,s-0.303566,s4.598392,s337.360886
155_125,s4.278320,s-4.331557,s201.295749
155_126,s-2.535052,s4.538786,s40.541615
155_127,s4.520146,s1.457504,s304.112149
155_128,s2.111705,s4.888677,s165.151840
155_129,s-2.505046,s-4.338654,s64.894174
155_130,s4.688283,s2.139341,s96.908455
155_131,s0.345636,s4.669917,s280.578943
155_132,s-0.950846,s-4.779618,s157.921227
155_133,s-5.346450,s0.237243,s233.384171
155_134,s-4.842361,s2.177021,s218.518972
155_135,s5.032082,s0.432804,s313.143790
155_136,s3.754751,s-3.106181,s162.612036
155_137,s-1.519929,s-5.163392,s100.469439
155_138,s1.891396,s-4.449831,s229.690437
155_139,s-0.252073,s-5.049128,s162.590371
155_140,s2.881992,s3.610890,s298.107152
155_141,s0.447784,s-5.465439,s270.438718
155_142,s-3.608221,s3.497443,s104.345898
155_143,s5.571699,s-0.093075,s223.187346
155_144,s-4.387489,s-3.177423,s109.869007
155_145,s-3.682529,s3.970039,s65.922620
155_146,s4.904867,s2.466699,s345.243269
155_147,s-3.216087,s-4.637869,s185.860009
155_148,s-4.704421,s-2.159949,s271.980744
155_149,s-1.733836,s5.369633,s300.262885
155_150,s0.533069,s5.114614,s366.233324
155_151,s-4.684147,s1.488620,s157.692667
155_152,s-0.516976,s5.490592,s296.680831
155_153,s3.679585,s4.013562,s231.631621
155_154,s5.304375,s-1.294296,s197.300033
156_0,s-0.502968,s0.254997,s222.859483
156_1,s0.375263,s-0.048300,s32.461180
156_2,s0.304365,s0.545589,s134.486915
156_3,s-0.226577,s1.089629,s69.154349
156_4,s1.539867,s-0.590435,s88.809212
156_5,s-1.050790,s0.093190,s134.248838
156_6,s0.321354,s1.209870,s0.906503
156_7,s-1.180517,s-1.137761,s306.890718
156_8,s1.426924,s-0.059935,s327.854022
156_9,s-0.217020,s-0.445322,s148.518281
156_10,s1.052553,s0.312889,s19.069495
156_11,s0.748716,s-0.996606,s236.776896
156_12,s-1.861248,s1.290713,s32.747731
156_13,s0.265701,s-0.942083,s113.186603
156_14,s1.981272,s-1.266590,s13.557199
156_15,s-2.113916,s-0.202978,s29.846928
156_16,s-2.552234,s1.516035,s113.706924
156_17,s0.577241,s1.648483,s60.101240
156_18,s1.028588,s-1.991510,s28.484840
156_19,s1.599273,s1.264568,s80.347581
156_20,s2.076701,s-0.262115,s195.022197
156_21,s-1.842830,s0.238598,s338.494483
156_22,s-1.819479,s-1.356800,s325.981471
156_23,s1.830270,s1.799627,s335.163986
156_24,s-0.322730,s1.906328,s90.562082
156_25,s0.326849,s-2.026537,s60.815372
156_26,s1.547451,s0.646325,s306.872606
156_27,s-0.687710,s-1.870119,s242.689973
156_28,s0.154104,s2.214652,s33.209249
156_29,s-2.246740,s-0.787530,s147.131539
156_30,s1.709183,s2.450163,s65.434037
156_31,s-1.126947,s-2.072204,s292.188275
156_32,s2.255012,s3.077822,s339.757482
156_33,s-1.371937,s1.970354,s60.735549
156_34,s-0.583267,s2.561394,s291.000157
156_35,s-0.802528,s-2.577331,s133.088201
156_36,s2.836843,s-1.200743,s161.802843
156_37,s-2.771532,s3.385749,s63.689766
156_38,s-2.255061,s2.656199,s256.056109
156_39,s0.500070,s3.136673,s249.713042
156_40,s2.347117,s0.354229,s49.497021
156_41,s-2.049985,s-1.770548,s164.744590
156_42,s-2.886616,s0.765369,s197.790231
156_43,s0.852577,s-2.426926,s169.968944
156_44,s-3.089800,s-0.200029,s135.277051
156_45,s-2.566425,s-2.354534,s30.691969
156_46,s1.761170,s-2.211702,s9.114233
156_47,s0.739804,s2.084995,s97.264305
156_48,s-1.508838,s-2.552899,s285.951004
156_49,s2.938891,s-0.525761,s332.262736
156_50,s0.564949,s-2.780917,s105.721938
156_51,s2.637943,s1.506143,s340.432562
156_52,s1.119852,s2.163493,s225.409864
156_53,s-0.972274,s3.002156,s173.215751
156_54,s2.852126,s1.784109,s66.445577
156_55,s-1.001901,s-2.876284,s144.420815
156_56,s2.276773,s-2.369871,s287.414595
156_57,s2.791685,s0.111448,s0.220989
156_58,s-3.162449,s-1.028735,s221.445742
156_59,s1.598118,s-2.898790,s220.405068
156_60,s0.538704,s-3.503821,s218.656640
156_61,s3.203466,s-2.460780,s297.280295
156_62,s-0.592788,s3.626374,s205.239814
156_63,s0.055659,s-3.080638,s284.504310
156_64,s-1.382933,s-3.239793,s192.901967
156_65,s-2.954475,s2.016608,s329.038814
156_66,s3.608711,s0.079158,s291.019250
156_67,s1.557482,s-3.611294,s288.457749
156_68,s-2.067463,s-2.664275,s223.256379
156_69,s-3.374872,s0.882928,s163.605080
156_70,s2.666274,s-2.375459,s191.421638
156_71,s-4.047898,s-1.419293,s307.476708
156_72,s-3.000386,s-2.262150,s131.424713
156_73,s-1.428531,s-4.175816,s118.347846
156_74,s-3.673227,s-0.041834,s213.517045
156_75,s2.220308,s-3.540223,s290.568544
156_76,s0.527191,s4.009957,s221.103061
156_77,s-3.898729,s-0.850557,s217.451723
156_78,s-3.066243,s-3.426090,s227.431594
156_79,s3.784274,s-0.533202,s197.046357
156_80,s4.594932,s0.921753,s295.491033
156_81,s-1.313217,s4.039811,s331.001522
156_82,s2.533251,s2.804340,s229.914449
156_83,s-3.736080,s-2.187607,s321.869002
156_84,s-4.652128,s2.982798,s288.598107
156_85,s1.269548,s4.030459,s254.953416
156_86,s-3.029524,s2.645050,s60.812299
156_87,s-4.066469,s0.352615,s-0.211145
156_88,s-0.328746,s4.090324,s303.858218
156_89,s-0.733704,s-3.759545,s136.878503
156_90,s3.734297,s-1.565672,s82.421867
156_91,s3.035824,s-3.306453,s98.853834
156_92,s4.544019,s-0.840105,s213.986278
156_93,s1.719370,s-4.088801,s326.160755
156_94,s-2.424298,s3.126683,s299.023528
156_95,s2.780226,s1.007382,s66.005698
156_96,s4.263289,s-1.486715,s228.775424
156_97,s3.220677,s2.719764,s251.364734
156_98,s-0.758490,s3.879281,s117.445652
156_99,s0.083759,s-4.392056,s-8.600114
156_100,s2.056941,s3.849596,s285.078518
156_101,s-2.467694,s-3.533866,s287.414595
156_102,s-4.526326,s-0.400978,s300.611576
156_103,s3.429173,s3.371756,s234.881727
156_104,s4.280348,s-2.833124,s204.315248
156_105,s-1.507834,s4.624721,s116.246001
156_106,s-2.298796,s3.782848,s270.992653
156_107,s-0.414800,s-4.750423,s-2.250756
156_108,s5.120834,s0.086449,s193.061376
156_109,s4.089901,s0.895920,s119.039620
156_110,s2.712853,s4.547373,s293.170474
156_111,s-4.676062,s0.749665,s195.935993
156_112,s-3.771126,s-3.447369,s187.326354
156_113,s4.456537,s3.240596,s286.246364
156_114,s4.159760,s-2.068337,s217.106275
156_115,s1.093338,s-4.869691,s223.677841
156_116,s4.731106,s-1.586423,s99.130320
156_117,s-5.087052,s-1.104031,s34.452718
156_118,s1.259872,s4.437818,s325.489942
156_119,s-5.364001,s-1.925092,s296.825916
156_120,s0.846488,s-4.352825,s123.339110
156_121,s2.793165,s-4.142960,s288.302320
156_122,s-3.716850,s-2.781898,s144.649539
156_123,s-4.244282,s2.264591,s202.436114
156_124,s-0.303566,s4.598392,s337.360886
156_125,s4.278320,s-4.331557,s201.295749
156_126,s-2.535052,s4.538786,s40.541615
156_127,s4.520146,s1.457504,s304.112149
156_128,s2.111705,s4.888677,s165.151840
156_129,s-2.505046,s-4.338654,s64.894174
156_130,s4.688283,s2.139341,s96.908455
156_131,s0.345636,s4.669917,s280.578943
156_132,s-0.950846,s-4.779618,s157.921227
156_133,s-5.346450,s0.237243,s233.384171
156_134,s-4.842361,s2.177021,s218.518972
156_135,s5.032082,s0.432804,s313.143790
156_136,s3.754751,s-3.106181,s162.612036
156_137,s-1.519929,s-5.163392,s100.469439
156_138,s1.891396,s-4.449831,s229.690437
156_139,s-0.252073,s-5.049128,s162.590371
156_140,s2.881992,s3.610890,s298.107152
156_141,s0.447784,s-5.465439,s270.438718
156_142,s-3.608221,s3.497443,s104.345898
156_143,s5.571699,s-0.093075,s223.187346
156_144,s-4.387489,s-3.177423,s109.869007
156_145,s-3.682529,s3.970039,s65.922620
156_146,s4.904867,s2.466699,s345.243269
156_147,s-3.216087,s-4.637869,s185.860009
156_148,s-4.704421,s-2.159949,s271.980744
156_149,s-1.733836,s5.369633,s300.262885
156_150,s0.533069,s5.114614,s366.233324
156_151,s-4.684147,s1.488620,s157.692667
156_152,s-0.516976,s5.490592,s296.680831
156_153,s3.679585,s4.013562,s231.631621
156_154,s5.304375,s-1.294296,s197.300033
156_155,s-4.746830,s-2.697999,s117.445652
157_0,s-0.502968,s0.254997,s222.859483
157_1,s0.375263,s-0.048300,s32.461180
157_2,s0.304365,s0.545589,s134.486915
157_3,s-0.226577,s1.089629,s69.154349
157_4,s1.539867,s-0.590435,s88.809212
157_5,s-1.050790,s0.093190,s134.248838
157_6,s0.321354,s1.209870,s0.906503
157_7,s-1.180517,s-1.137761,s306.890718
157_8,s1.426924,s-0.059935,s327.854022
157_9,s-0.217020,s-0.445322,s148.518281
157_10,s1.052553,s0.312889,s19.069495
157_11,s0.748716,s-0.996606,s236.776896
157_12,s-1.861248,s1.290713,s32.747731
157_13,s0.156586,s-1.088577,s121.403115
157_14,s1.981272,s-1.266590,s13.557199
157_15,s-2.113916,s-0.202978,s29.846928
157_16,s-2.552234,s1.516035,s113.706924
157_17,s0.577241,s1.648483,s60.101240
157_18,s1.028588,s-1.991510,s28.484840
157_19,s1.599273,s1.264568,s80.347581
157_20,s2.076701,s-0.262115,s195.022197
157_21,s-1.842830,s0.238598,s338.494483
157_22,s-1.819479,s-1.356800,s325.981471
157_23,s1.830270,s1.799627,s335.163986
157_24,s-0.322730,s1.906328,s90.562082
157_25,s0.326849,s-2.026537,s60.815372
157_26,s1.547451,s0.646325,s306.872606
157_27,s-0.687710,s-1.870119,s242.689973
157_28,s0.154104,s2.214652,s33.209249
157_29,s-2.246740,s-0.787530,s147.131539
157_30,s1.709183,s2.450163,s65.434037
157_31,s-1.126947,s-2.072204,s292.188275
157_32,s2.255012,s3.077822,s339.757482
157_33,s-1.371937,s1.970354,s60.735549
157_34,s-0.583267,s2.561394,s291.000157
157_35,s-0.802528,s-2.577331,s133.088201
157_36,s2.836843,s-1.200743,s161.802843
157_37,s-2.771532,s3.385749,s63.689766
157_38,s-2.255061,s2.656199,s256.056109
157_39,s0.500070,s3.136673,s249.713042
157_40,s2.347117,s0.354229,s49.497021
157_41,s-2.049985,s-1.770548,s164.744590
157_42,s-2.886616,s0.765369,s197.790231
157_43,s0.852577,s-2.426926,s169.968944
157_44,s-3.089800,s-0.200029,s135.277051
157_45,s-2.566425,s-2.354534,s30.691969
157_46,s1.761170,s-2.211702,s9.114233
157_47,s0.739804,s2.084995,s97.264305
157_48,s-1.508838,s-2.552899,s285.951004
157_49,s2.938891,s-0.525761,s332.262736
157_50,s0.564949,s-2.780917,s105.721938
157_51,s2.637943,s1.506143,s340.432562
157_52,s1.119852,s2.163493,s225.409864
157_53,s-0.972274,s3.002156,s173.215751
157_54,s2.852126,s1.784109,s66.445577
157_55,s-1.001901,s-2.876284,s144.420815
157_56,s2.276773,s-2.369871,s287.414595
157_57,s2.791685,s0.111448,s0.220989
157_58,s-3.162449,s-1.028735,s221.445742
157_59,s1.598118,s-2.898790,s220.405068
157_60,s0.538704,s-3.503821,s218.656640
157_61,s3.203466,s-2.460780,s297.280295
157_62,s-0.592788,s3.626374,s205.239814
157_63,s0.055659,s-3.080638,s284.504310
157_64,s-1.382933,s-3.239793,s192.901967
157_65,s-2.954475,s2.016608,s329.038814
157_66,s3.608711,s0.079158,s291.019250
157_67,s1.557482,s-3.611294,s288.457749
157_68,s-2.067463,s-2.664275,s223.256379
157_69,s-3.374872,s0.882928,s163.605080
157_70,s2.666274,s-2.375459,s191.421638
157_71,s-4.047898,s-1.419293,s307.476708
157_72,s-3.000386,s-2.262150,s131.424713
157_73,s-1.428531,s-4.175816,s118.347846
157_74,s-3.673227,s-0.041834,s213.517045
157_75,s2.220308,s-3.540223,s290.568544
157_76,s0.527191,s4.009957,s221.103061
157_77,s-3.898729,s-0.850557,s217.451723
157_78,s-3.066243,s-3.426090,s227.431594
157_79,s3.784274,s-0.533202,s197.046357
157_80,s4.594932,s0.921753,s295.491033
157_81,s-1.313217,s4.039811,s331.001522
157_82,s2.533251,s2.804340,s229.914449
157_83,s-3.736080,s-2.187607,s321.869002
157_84,s-4.652128,s2.982798,s288.598107
157_85,s1.269548,s4.030459,s254.953416
157_86,s-3.029524,s2.645050,s60.812299
157_87,s-4.066469,s0.352615,s-0.211145
157_88,s-0.328746,s4.090324,s303.858218
157_89,s-0.733704,s-3.759545,s136.878503
157_90,s3.734297,s-1.565672,s82.421867
157_91,s3.035824,s-3.306453,s98.853834
157_92,s4.544019,s-0.840105,s213.986278
157_93,s1.719370,s-4.088801,s326.160755
157_94,s-2.424298,s3.126683,s299.023528
157_95,s2.780226,s1.007382,s66.005698
157_96,s4.263289,s-1.486715,s228.775424
157_97,s3.220677,s2.719764,s251.364734
157_98,s-0.758490,s3.879281,s117.445652
157_99,s0.083759,s-4.392056,s-8.600114
157_100,s2.056941,s3.849596,s285.078518
157_101,s-2.467694,s-3.533866,s287.414595
157_102,s-4.526326,s-0.400978,s300.611576
157_103,s3.429173,s3.371756,s234.881727
157_104,s4.280348,s-2.833124,s204.315248
157_105,s-1.507834,s4.624721,s116.246001
157_106,s-2.298796,s3.782848,s270.992653
157_107,s-0.414800,s-4.750423,s-2.250756
157_108,s5.120834,s0.086449,s193.061376
157_109,s4.089901,s0.895920,s119.039620
157_110,s2.712853,s4.547373,s293.170474
157_111,s-4.676062,s0.749665,s195.935993
157_112,s-3.771126,s-3.447369,s187.326354
157_113,s4.456537,s3.240596,s286.246364
157_114,s4.159760,s-2.068337,s217.106275
157_115,s1.093338,s-4.869691,s223.677841
157_116,s4.731106,s-1.586423,s99.130320
157_117,s-5.087052,s-1.104031,s34.452718
157_118,s1.259872,s4.437818,s325.489942
157_119,s-5.364001,s-1.925092,s296.825916
157_120,s0.846488,s-4.352825,s123.339110
157_121,s2.793165,s-4.142960,s288.302320
157_122,s-3.716850,s-2.781898,s144.649539
157_123,s-4.244282,s2.264591,s202.436114
157_124,s-0.303566,s4.598392,s337.360886
157_125,s4.278320,s-4.331557,s201.295749
157_126,s-2.535052,s4.538786,s40.541615
157_127,s4.520146,s1.457504,s304.112149
157_128,s2.111705,s4.888677,s165.151840
157_129,s-2.505046,s-4.338654,s64.894174
157_130,s4.688283,s2.139341,s96.908455
157_131,s0.345636,s4.669917,s280.578943
157_132,s-0.950846,s-4.779618,s157.921227
157_133,s-5.346450,s0.237243,s233.384171
157_134,s-4.842361,s2.177021,s218.518972
157_135,s5.032082,s0.432804,s313.143790
157_136,s3.754751,s-3.106181,s162.612036
157_137,s-1.519929,s-5.163392,s100.469439
157_138,s1.891396,s-4.449831,s229.690437
157_139,s-0.252073,s-5.049128,s162.590371
157_140,s2.881992,s3.610890,s298.107152
157_141,s0.343908,s-5.577607,s273.826134
157_142,s-3.608221,s3.497443,s104.345898
157_143,s5.571699,s-0.093075,s223.187346
157_144,s-4.387489,s-3.177423,s109.869007
157_145,s-3.682529,s3.970039,s65.922620
157_146,s4.904867,s2.466699,s345.243269
157_147,s-3.216087,s-4.637869,s185.860009
157_148,s-4.704421,s-2.159949,s271.980744
157_149,s-1.733836,s5.369633,s300.262885
157_150,s0.533069,s5.114614,s366.233324
157_151,s-4.684147,s1.488620,s157.692667
157_152,s-0.516976,s5.490592,s296.680831
157_153,s3.679585,s4.013562,s231.631621
157_154,s5.304375,s-1.294296,s197.300033
157_155,s-4.746830,s-2.697999,s117.445652
157_156,s-5.231321,s0.855018,s128.818409
158_0,s-0.502968,s0.254997,s222.859483
158_1,s0.375263,s-0.048300,s32.461180
158_2,s0.304365,s0.545589,s134.486915
158_3,s-0.226577,s1.089629,s69.154349
158_4,s1.539867,s-0.590435,s88.809212
158_5,s-1.050790,s0.093190,s134.248838
158_6,s0.321354,s1.209870,s0.906503
158_7,s-1.180517,s-1.137761,s306.890718
158_8,s1.426924,s-0.059935,s327.854022
158_9,s-0.217020,s-0.445322,s148.518281
158_10,s1.052553,s0.312889,s19.069495
158_11,s0.748716,s-0.996606,s236.776896
158_12,s-1.861248,s1.290713,s32.747731
158_13,s0.156586,s-1.088577,s121.403115
158_14,s1.981272,s-1.266590,s13.557199
158_15,s-2.113916,s-0.202978,s29.846928
158_16,s-2.552234,s1.516035,s113.706924
158_17,s0.577241,s1.648483,s60.101240
158_18,s1.028588,s-1.991510,s28.484840
158_19,s1.599273,s1.264568,s80.347581
158_20,s2.076701,s-0.262115,s195.022197
158_21,s-1.842830,s0.238598,s338.494483
158_22,s-1.819479,s-1.356800,s325.981471
158_23,s1.830270,s1.799627,s335.163986
158_24,s-0.322730,s1.906328,s90.562082
158_25,s0.326849,s-2.026537,s60.815372
158_26,s1.547451,s0.646325,s306.872606
158_27,s-0.687710,s-1.870119,s242.689973
158_28,s0.154104,s2.214652,s33.209249
158_29,s-2.246740,s-0.787530,s147.131539
158_30,s1.709183,s2.450163,s65.434037
158_31,s-1.126947,s-2.072204,s292.188275
158_32,s2.255012,s3.077822,s339.757482
158_33,s-1.371937,s1.970354,s60.735549
158_34,s-0.583267,s2.561394,s291.000157
158_35,s-0.802528,s-2.577331,s133.088201
158_36,s2.836843,s-1.200743,s161.802843
158_37,s-2.771532,s3.385749,s63.689766
158_38,s-2.255061,s2.656199,s256.056109
158_39,s0.500070,s3.136673,s249.713042
158_40,s2.347117,s0.354229,s49.497021
158_41,s-2.049985,s-1.770548,s164.744590
158_42,s-2.886616,s0.765369,s197.790231
158_43,s0.852577,s-2.426926,s169.968944
158_44,s-3.089800,s-0.200029,s135.277051
158_45,s-2.566425,s-2.354534,s30.691969
158_46,s1.761170,s-2.211702,s9.114233
158_47,s0.739804,s2.084995,s97.264305
158_48,s-1.508838,s-2.552899,s285.951004
158_49,s2.938891,s-0.525761,s332.262736
158_50,s0.564949,s-2.780917,s105.721938
158_51,s2.637943,s1.506143,s340.432562
158_52,s1.119852,s2.163493,s225.409864
158_53,s-0.972274,s3.002156,s173.215751
158_54,s2.852126,s1.784109,s66.445577
158_55,s-1.001901,s-2.876284,s144.420815
158_56,s2.276773,s-2.369871,s287.414595
158_57,s2.791685,s0.111448,s0.220989
158_58,s-3.162449,s-1.028735,s221.445742
158_59,s1.598118,s-2.898790,s220.405068
158_60,s0.538704,s-3.503821,s218.656640
158_61,s3.203466,s-2.460780,s297.280295
158_62,s-0.592788,s3.626374,s205.239814
158_63,s0.055659,s-3.080638,s284.504310
158_64,s-1.382933,s-3.239793,s192.901967
158_65,s-2.954475,s2.016608,s329.038814
158_66,s3.608711,s0.079158,s291.019250
158_67,s1.557482,s-3.611294,s288.457749
158_68,s-2.067463,s-2.664275,s223.256379
158_69,s-3.374872,s0.882928,s163.605080
158_70,s2.666274,s-2.375459,s191.421638
158_71,s-4.047898,s-1.419293,s307.476708
158_72,s-3.000386,s-2.262150,s131.424713
158_73,s-1.428531,s-4.175816,s118.347846
158_74,s-3.673227,s-0.041834,s213.517045
158_75,s2.220308,s-3.540223,s290.568544
158_76,s0.527191,s4.009957,s221.103061
158_77,s-3.898729,s-0.850557,s217.451723
158_78,s-3.066243,s-3.426090,s227.431594
158_79,s3.784274,s-0.533202,s197.046357
158_80,s4.594932,s0.921753,s295.491033
158_81,s-1.313217,s4.039811,s331.001522
158_82,s2.533251,s2.804340,s229.914449
158_83,s-3.736080,s-2.187607,s321.869002
158_84,s-4.652128,s2.982798,s288.598107
158_85,s1.269548,s4.030459,s254.953416
158_86,s-3.029524,s2.645050,s60.812299
158_87,s-4.066469,s0.352615,s-0.211145
158_88,s-0.328746,s4.090324,s303.858218
158_89,s-0.733704,s-3.759545,s136.878503
158_90,s3.734297,s-1.565672,s82.421867
158_91,s3.035824,s-3.306453,s98.853834
158_92,s4.544019,s-0.840105,s213.986278
158_93,s1.719370,s-4.088801,s326.160755
158_94,s-2.424298,s3.126683,s299.023528
158_95,s2.780226,s1.007382,s66.005698
158_96,s4.263289,s-1.486715,s228.775424
158_97,s3.220677,s2.719764,s251.364734
158_98,s-0.758490,s3.879281,s117.445652
158_99,s0.083759,s-4.392056,s-8.600114
158_100,s2.056941,s3.849596,s285.078518
158_101,s-2.467694,s-3.533866,s287.414595
158_102,s-4.526326,s-0.400978,s300.611576
158_103,s3.429173,s3.371756,s234.881727
158_104,s4.280348,s-2.833124,s204.315248
158_105,s-1.507834,s4.624721,s116.246001
158_106,s-2.298796,s3.782848,s270.992653
158_107,s-0.414800,s-4.750423,s-2.250756
158_108,s5.120834,s0.086449,s193.061376
158_109,s4.089901,s0.895920,s119.039620
158_110,s2.712853,s4.547373,s293.170474
158_111,s-4.676062,s0.749665,s195.935993
158_112,s-3.771126,s-3.447369,s187.326354
158_113,s4.456537,s3.240596,s286.246364
158_114,s4.159760,s-2.068337,s217.106275
158_115,s1.093338,s-4.869691,s223.677841
158_116,s4.731106,s-1.586423,s99.130320
158_117,s-5.087052,s-1.104031,s34.452718
158_118,s1.259872,s4.437818,s325.489942
158_119,s-5.364001,s-1.925092,s296.825916
158_120,s0.846488,s-4.352825,s123.339110
158_121,s2.793165,s-4.142960,s288.302320
158_122,s-3.716850,s-2.781898,s144.649539
158_123,s-4.244282,s2.264591,s202.436114
158_124,s-0.303566,s4.598392,s337.360886
158_125,s4.278320,s-4.331557,s201.295749
158_126,s-2.535052,s4.538786,s40.541615
158_127,s4.520146,s1.457504,s304.112149
158_128,s2.111705,s4.888677,s165.151840
158_129,s-2.505046,s-4.338654,s64.894174
158_130,s4.688283,s2.139341,s96.908455
158_131,s0.345636,s4.669917,s280.578943
158_132,s-0.950846,s-4.779618,s157.921227
158_133,s-5.346450,s0.237243,s233.384171
158_134,s-4.842361,s2.177021,s218.518972
158_135,s5.032082,s0.432804,s313.143790
158_136,s3.754751,s-3.106181,s162.612036
158_137,s-1.519929,s-5.163392,s100.469439
158_138,s1.891396,s-4.449831,s229.690437
158_139,s-0.252073,s-5.049128,s162.590371
158_140,s2.881992,s3.610890,s298.107152
158_141,s0.343908,s-5.577607,s273.826134
158_142,s-3.608221,s3.497443,s104.345898
158_143,s5.571699,s-0.093075,s223.187346
158_144,s-4.387489,s-3.177423,s109.869007
158_145,s-3.682529,s3.970039,s65.922620
158_146,s4.904867,s2.466699,s345.243269
158_147,s-3.216087,s-4.637869,s185.860009
158_148,s-4.704421,s-2.159949,s271.980744
158_149,s-1.733836,s5.369633,s300.262885
158_150,s0.533069,s5.114614,s366.233324
158_151,s-4.684147,s1.488620,s157.692667
158_152,s-0.516976,s5.490592,s296.680831
158_153,s3.679585,s4.013562,s231.631621
158_154,s5.304375,s-1.294296,s197.300033
158_155,s-4.746830,s-2.697999,s117.445652
158_156,s-5.231321,s0.855018,s128.818409
158_157,s3.009638,s-4.852441,s117.526844
159_0,s-0.502968,s0.254997,s222.859483
159_1,s0.375263,s-0.048300,s32.461180
159_2,s0.304365,s0.545589,s134.486915
159_3,s-0.140663,s1.055826,s71.746520
159_4,s1.539867,s-0.590435,s88.809212
159_5,s-1.050790,s0.093190,s134.248838
159_6,s0.321354,s1.209870,s0.906503
159_7,s-1.180517,s-1.137761,s306.890718
159_8,s1.426924,s-0.059935,s327.854022
159_9,s-0.217020,s-0.445322,s148.518281
159_10,s1.052553,s0.312889,s19.069495
159_11,s0.748716,s-0.996606,s236.776896
159_12,s-1.861248,s1.290713,s32.747731
159_13,s0.156586,s-1.088577,s121.403115
159_14,s1.981272,s-1.266590,s13.557199
159_15,s-2.113916,s-0.202978,s29.846928
159_16,s-2.692127,s1.511487,s137.199109
159_17,s0.577241,s1.648483,s60.101240
159_18,s1.028588,s-1.991510,s28.484840
159_19,s1.473047,s1.274146,s80.008527
159_20,s2.133152,s-0.229464,s198.106980
159_21,s-1.842830,s0.238598,s338.494483
159_22,s-1.819479,s-1.356800,s325.981471
159_23,s1.830270,s1.799627,s335.163986
159_24,s-0.322730,s1.906328,s90.562082
159_25,s0.326849,s-2.026537,s60.815372
159_26,s1.547451,s0.646325,s306.872606
159_27,s-0.687710,s-1.870119,s242.689973
159_28,s0.154104,s2.214652,s33.209249
159_29,s-2.246740,s-0.787530,s147.131539
159_30,s1.709183,s2.450163,s65.434037
159_31,s-1.126947,s-2.072204,s292.188275
159_32,s2.255012,s3.077822,s339.757482
159_33,s-1.371937,s1.970354,s60.735549
159_34,s-0.583267,s2.561394,s291.000157
159_35,s-0.802528,s-2.577331,s133.088201
159_36,s2.836843,s-1.200743,s161.802843
159_37,s-2.745289,s3.347410,s61.973841
159_38,s-2.255061,s2.656199,s256.056109
159_39,s0.516527,s3.142081,s268.280314
159_40,s2.347117,s0.354229,s49.497021
159_41,s-2.049985,s-1.770548,s164.744590
159_42,s-2.886616,s0.765369,s197.790231
159_43,s0.852577,s-2.426926,s169.968944
159_44,s-3.089800,s-0.200029,s135.277051
159_45,s-2.566425,s-2.354534,s30.691969
159_46,s1.803037,s-2.357087,s5.772315
159_47,s0.739804,s2.084995,s97.264305
159_48,s-1.508838,s-2.552899,s285.951004
159_49,s2.938891,s-0.525761,s332.262736
159_50,s0.564949,s-2.780917,s105.721938
159_51,s2.637943,s1.506143,s340.432562
159_52,s1.119852,s2.163493,s225.409864
159_53,s-0.972274,s3.002156,s173.215751
159_54,s2.852126,s1.784109,s66.445577
159_55,s-1.001901,s-2.876284,s144.420815
159_56,s2.276773,s-2.369871,s287.414595
159_57,s2.791685,s0.111448,s0.220989
159_58,s-3.162449,s-1.028735,s221.445742
159_59,s1.598118,s-2.898790,s220.405068
159_60,s0.468697,s-3.562563,s294.696127
159_61,s3.185102,s-2.622145,s288.385731
159_62,s-0.592788,s3.626374,s205.239814
159_63,s0.055659,s-3.080638,s284.504310
159_64,s-1.382933,s-3.239793,s192.901967
159_65,s-2.866015,s1.959286,s330.316065
159_66,s3.608711,s0.079158,s291.019250
159_67,s1.557482,s-3.611294,s288.457749
159_68,s-2.067463,s-2.664275,s223.256379
159_69,s-3.374872,s0.882928,s163.605080
159_70,s2.666274,s-2.375459,s191.421638
159_71,s-4.047898,s-1.419293,s307.476708
159_72,s-3.000386,s-2.262150,s131.424713
159_73,s-1.428531,s-4.175816,s118.347846
159_74,s-3.673227,s-0.041834,s213.517045
159_75,s2.220308,s-3.540223,s290.568544
159_76,s0.340086,s4.059697,s218.718232
159_77,s-3.898729,s-0.850557,s217.451723
159_78,s-3.096427,s-3.456045,s224.928724
159_79,s3.784274,s-0.533202,s197.046357
159_80,s4.594932,s0.921753,s295.491033
159_81,s-1.313217,s4.039811,s331.001522
159_82,s2.533251,s2.804340,s229.914449
159_83,s-3.736080,s-2.187607,s321.869002
159_84,s-4.652128,s2.982798,s288.598107
159_85,s1.269548,s4.030459,s254.953416
159_86,s-3.029524,s2.645050,s60.812299
159_87,s-4.066469,s0.352615,s-0.211145
159_88,s-0.328746,s4.090324,s303.858218
159_89,s-0.733704,s-3.759545,s136.878503
159_90,s3.734297,s-1.565672,s82.421867
159_91,s3.035824,s-3.306453,s98.853834
159_92,s4.544019,s-0.840105,s213.986278
159_93,s1.719370,s-4.088801,s326.160755
159_94,s-2.424298,s3.126683,s299.023528
159_95,s2.780226,s1.007382,s66.005698
159_96,s4.263289,s-1.486715,s228.775424
159_97,s3.220677,s2.719764,s251.364734
159_98,s-0.758490,s3.879281,s117.445652
159_99,s0.083759,s-4.392056,s-8.600114
159_100,s2.056941,s3.849596,s285.078518
159_101,s-2.516161,s-3.453139,s275.844704
159_102,s-4.530446,s-0.466814,s303.643303
159_103,s3.429173,s3.371756,s234.881727
159_104,s4.280348,s-2.833124,s204.315248
159_105,s-1.507834,s4.624721,s116.246001
159_106,s-2.298796,s3.782848,s270.992653
159_107,s-0.414800,s-4.750423,s-2.250756
159_108,s5.120834,s0.086449,s193.061376
159_109,s4.089901,s0.895920,s119.039620
159_110,s2.734860,s4.566497,s294.121195
159_111,s-4.676062,s0.749665,s195.935993
159_112,s-3.771126,s-3.447369,s187.326354
159_113,s4.456537,s3.240596,s286.246364
159_114,s4.159760,s-2.068337,s217.106275
159_115,s1.142552,s-4.948081,s231.052612
159_116,s4.731106,s-1.586423,s99.130320
159_117,s-5.094424,s-1.081197,s42.045976
159_118,s1.259872,s4.437818,s325.489942
159_119,s-5.344084,s-1.630349,s295.841578
159_120,s0.846488,s-4.352825,s123.339110
159_121,s2.696801,s-4.102144,s307.476708
159_122,s-3.716850,s-2.781898,s144.649539
159_123,s-4.244282,s2.264591,s202.436114
159_124,s-0.303566,s4.598392,s337.360886
159_125,s4.221666,s-4.423037,s47.524674
159_126,s-2.535052,s4.538786,s40.541615
159_127,s4.520146,s1.457504,s304.112149
159_128,s2.111705,s4.888677,s165.151840
159_129,s-2.427327,s-4.311089,s65.862634
159_130,s4.777016,s2.197298,s94.458344
159_131,s0.345636,s4.669917,s280.578943
159_132,s-0.950846,s-4.779618,s157.921227
159_133,s-5.346450,s0.237243,s233.384171
159_134,s-4.842361,s2.177021,s218.518972
159_135,s5.032082,s0.432804,s313.143790
159_136,s3.798764,s-3.034861,s166.414000
159_137,s-1.519929,s-5.163392,s100.469439
159_138,s1.891396,s-4.449831,s229.690437
159_139,s-0.252073,s-5.049128,s162.590371
159_140,s2.881992,s3.610890,s298.107152
159_141,s0.440948,s-5.603041,s97.763303
159_142,s-3.608221,s3.497443,s104.345898
159_143,s5.668932,s-0.189762,s212.514317
159_144,s-4.387489,s-3.177423,s109.869007
159_145,s-3.682529,s3.970039,s65.922620
159_146,s4.913312,s2.549286,s345.429406
159_147,s-3.111015,s-4.625422,s193.911201
159_148,s-4.704421,s-2.159949,s271.980744
159_149,s-1.710870,s5.151041,s294.260464
159_150,s0.533069,s5.114614,s366.233324
159_151,s-4.684147,s1.488620,s157.692667
159_152,s-0.516976,s5.490592,s296.680831
159_153,s3.679585,s4.013562,s231.631621
159_154,s5.304375,s-1.294296,s197.300033
159_155,s-5.138155,s-2.492242,s128.555029
159_156,s-5.231321,s0.855018,s128.818409
159_157,s3.009638,s-4.852441,s117.526844
159_158,s-5.234734,s2.325398,s42.724374
160_0,s-0.502968,s0.254997,s222.859483
160_1,s0.375263,s-0.048300,s32.461180
160_2,s0.304365,s0.545589,s134.486915
160_3,s-0.140663,s1.055826,s71.746520
160_4,s1.539867,s-0.590435,s88.809212
160_5,s-1.050790,s0.093190,s134.248838
160_6,s0.321354,s1.209870,s0.906503
160_7,s-1.180517,s-1.137761,s306.890718
160_8,s1.426924,s-0.059935,s327.854022
160_9,s-0.217020,s-0.445322,s148.518281
160_10,s1.052553,s0.312889,s19.069495
160_11,s0.748716,s-0.996606,s236.776896
160_12,s-1.861248,s1.290713,s32.747731
160_13,s0.156586,s-1.088577,s121.403115
160_14,s1.981272,s-1.266590,s13.557199
160_15,s-2.113916,s-0.202978,s29.846928
160_16,s-2.692127,s1.511487,s137.199109
160_17,s0.577241,s1.648483,s60.101240
160_18,s1.028588,s-1.991510,s28.484840
160_19,s1.473047,s1.274146,s80.008527
160_20,s2.133152,s-0.229464,s198.106980
160_21,s-1.842830,s0.238598,s338.494483
160_22,s-1.819479,s-1.356800,s325.981471
160_23,s1.830270,s1.799627,s335.163986
160_24,s-0.322730,s1.906328,s90.562082
160_25,s0.326849,s-2.026537,s60.815372
160_26,s1.547451,s0.646325,s306.872606
160_27,s-0.687710,s-1.870119,s242.689973
160_28,s0.154104,s2.214652,s33.209249
160_29,s-2.246740,s-0.787530,s147.131539
160_30,s1.709183,s2.450163,s65.434037
160_31,s-1.126947,s-2.072204,s292.188275
160_32,s2.255012,s3.077822,s339.757482
160_33,s-1.371937,s1.970354,s60.735549
160_34,s-0.583267,s2.561394,s291.000157
160_35,s-0.802528,s-2.577331,s133.088201
160_36,s2.836843,s-1.200743,s161.802843
160_37,s-2.745289,s3.347410,s61.973841
160_38,s-2.255061,s2.656199,s256.056109
160_39,s0.516527,s3.142081,s268.280314
160_40,s2.347117,s0.354229,s49.497021
160_41,s-2.049985,s-1.770548,s164.744590
160_42,s-2.886616,s0.765369,s197.790231
160_43,s0.852577,s-2.426926,s169.968944
160_44,s-3.089800,s-0.200029,s135.277051
160_45,s-2.566425,s-2.354534,s30.691969
160_46,s1.803037,s-2.357087,s5.772315
160_47,s0.739804,s2.084995,s97.264305
160_48,s-1.508838,s-2.552899,s285.951004
160_49,s2.938891,s-0.525761,s332.262736
160_50,s0.564949,s-2.780917,s105.721938
160_51,s2.637943,s1.506143,s340.432562
160_52,s1.119852,s2.163493,s225.409864
160_53,s-0.972274,s3.002156,s173.215751
160_54,s2.852126,s1.784109,s66.445577
160_55,s-1.001901,s-2.876284,s144.420815
160_56,s2.276773,s-2.369871,s287.414595
160_57,s2.791685,s0.111448,s0.220989
160_58,s-3.162449,s-1.028735,s221.445742
160_59,s1.598118,s-2.898790,s220.405068
160_60,s0.468697,s-3.562563,s294.696127
160_61,s3.185102,s-2.622145,s288.385731
160_62,s-0.592788,s3.626374,s205.239814
160_63,s0.055659,s-3.080638,s284.504310
160_64,s-1.382933,s-3.239793,s192.901967
160_65,s-2.866015,s1.959286,s330.316065
160_66,s3.608711,s0.079158,s291.019250
160_67,s1.557482,s-3.611294,s288.457749
160_68,s-2.067463,s-2.664275,s223.256379
160_69,s-3.374872,s0.882928,s163.605080
160_70,s2.666274,s-2.375459,s191.421638
160_71,s-4.047898,s-1.419293,s307.476708
160_72,s-3.000386,s-2.262150,s131.424713
160_73,s-1.428531,s-4.175816,s118.347846
160_74,s-3.673227,s-0.041834,s213.517045
160_75,s2.220308,s-3.540223,s290.568544
160_76,s0.340086,s4.059697,s218.718232
160_77,s-3.898729,s-0.850557,s217.451723
160_78,s-3.096427,s-3.456045,s224.928724
160_79,s3.784274,s-0.533202,s197.046357
160_80,s4.594932,s0.921753,s295.491033
160_81,s-1.313217,s4.039811,s331.001522
160_82,s2.533251,s2.804340,s229.914449
160_83,s-3.736080,s-2.187607,s321.869002
160_84,s-4.652128,s2.982798,s288.598107
160_85,s1.269548,s4.030459,s254.953416
160_86,s-3.029524,s2.645050,s60.812299
160_87,s-4.066469,s0.352615,s-0.211145
160_88,s-0.328746,s4.090324,s303.858218
160_89,s-0.733704,s-3.759545,s136.878503
160_90,s3.734297,s-1.565672,s82.421867
160_91,s3.035824,s-3.306453,s98.853834
160_92,s4.544019,s-0.840105,s213.986278
160_93,s1.719370,s-4.088801,s326.160755
160_94,s-2.424298,s3.126683,s299.023528
160_95,s2.780226,s1.007382,s66.005698
160_96,s4.263289,s-1.486715,s228.775424
160_97,s3.220677,s2.719764,s251.364734
160_98,s-0.758490,s3.879281,s117.445652
160_99,s0.083759,s-4.392056,s-8.600114
160_100,s2.056941,s3.849596,s285.078518
160_101,s-2.516161,s-3.453139,s275.844704
160_102,s-4.530446,s-0.466814,s303.643303
160_103,s3.429173,s3.371756,s234.881727
160_104,s4.280348,s-2.833124,s204.315248
160_105,s-1.507834,s4.624721,s116.246001
160_106,s-2.298796,s3.782848,s270.992653
160_107,s-0.414800,s-4.750423,s-2.250756
160_108,s5.120834,s0.086449,s193.061376
160_109,s4.089901,s0.895920,s119.039620
160_110,s2.734860,s4.566497,s294.121195
160_111,s-4.676062,s0.749665,s195.935993
160_112,s-3.771126,s-3.447369,s187.326354
160_113,s4.456537,s3.240596,s286.246364
160_114,s4.159760,s-2.068337,s217.106275
160_115,s1.142552,s-4.948081,s231.052612
160_116,s4.731106,s-1.586423,s99.130320
160_117,s-5.094424,s-1.081197,s42.045976
160_118,s1.259872,s4.437818,s325.489942
160_119,s-5.344084,s-1.630349,s295.841578
160_120,s0.846488,s-4.352825,s123.339110
160_121,s2.696801,s-4.102144,s307.476708
160_122,s-3.716850,s-2.781898,s144.649539
160_123,s-4.244282,s2.264591,s202.436114
160_124,s-0.303566,s4.598392,s337.360886
160_125,s4.221666,s-4.423037,s47.524674
160_126,s-2.535052,s4.538786,s40.541615
160_127,s4.520146,s1.457504,s304.112149
160_128,s2.111705,s4.888677,s165.151840
160_129,s-2.427327,s-4.311089,s65.862634
160_130,s4.777016,s2.197298,s94.458344
160_131,s0.345636,s4.669917,s280.578943
160_132,s-0.950846,s-4.779618,s157.921227
160_133,s-5.346450,s0.237243,s233.384171
160_134,s-4.842361,s2.177021,s218.518972
160_135,s5.032082,s0.432804,s313.143790
160_136,s3.798764,s-3.034861,s166.414000
160_137,s-1.519929,s-5.163392,s100.469439
160_138,s1.891396,s-4.449831,s229.690437
160_139,s-0.252073,s-5.049128,s162.590371
160_140,s2.881992,s3.610890,s298.107152
160_141,s0.440948,s-5.603041,s97.763303
160_142,s-3.608221,s3.497443,s104.345898
160_143,s5.668932,s-0.189762,s212.514317
160_144,s-4.387489,s-3.177423,s109.869007
160_145,s-3.682529,s3.970039,s65.922620
160_146,s4.913312,s2.549286,s345.429406
160_147,s-3.111015,s-4.625422,s193.911201
160_148,s-4.704421,s-2.159949,s271.980744
160_149,s-1.710870,s5.151041,s294.260464
160_150,s0.533069,s5.114614,s366.233324
160_151,s-4.684147,s1.488620,s157.692667
160_152,s-0.516976,s5.490592,s296.680831
160_153,s3.679585,s4.013562,s231.631621
160_154,s5.304375,s-1.294296,s197.300033
160_155,s-5.138155,s-2.492242,s128.555029
160_156,s-5.231321,s0.855018,s128.818409
160_157,s3.009638,s-4.852441,s117.526844
160_158,s-5.234734,s2.325398,s42.724374
160_159,s1.764487,s5.430533,s84.984472
161_0,s-0.502968,s0.254997,s222.859483
161_1,s0.375263,s-0.048300,s32.461180
161_2,s0.304365,s0.545589,s134.486915
161_3,s-0.140663,s1.055826,s71.746520
161_4,s1.539867,s-0.590435,s88.809212
161_5,s-1.050790,s0.093190,s134.248838
161_6,s0.321354,s1.209870,s0.906503
161_7,s-1.180517,s-1.137761,s306.890718
161_8,s1.426924,s-0.059935,s327.854022
161_9,s-0.217020,s-0.445322,s148.518281
161_10,s1.052553,s0.312889,s19.069495
161_11,s0.748716,s-0.996606,s236.776896
161_12,s-1.861248,s1.290713,s32.747731
161_13,s0.156586,s-1.088577,s121.403115
161_14,s1.981272,s-1.266590,s13.557199
161_15,s-2.113916,s-0.202978,s29.846928
161_16,s-2.692127,s1.511487,s137.199109
161_17,s0.577241,s1.648483,s60.101240
161_18,s1.028588,s-1.991510,s28.484840
161_19,s1.473047,s1.274146,s80.008527
161_20,s2.133152,s-0.229464,s198.106980
161_21,s-1.842830,s0.238598,s338.494483
161_22,s-1.819479,s-1.356800,s325.981471
161_23,s1.830270,s1.799627,s335.163986
161_24,s-0.322730,s1.906328,s90.562082
161_25,s0.326849,s-2.026537,s60.815372
161_26,s1.547451,s0.646325,s306.872606
161_27,s-0.687710,s-1.870119,s242.689973
161_28,s0.154104,s2.214652,s33.209249
161_29,s-2.246740,s-0.787530,s147.131539
161_30,s1.709183,s2.450163,s65.434037
161_31,s-1.126947,s-2.072204,s292.188275
161_32,s2.255012,s3.077822,s339.757482
161_33,s-1.371937,s1.970354,s60.735549
161_34,s-0.583267,s2.561394,s291.000157
161_35,s-0.802528,s-2.577331,s133.088201
161_36,s2.836843,s-1.200743,s161.802843
161_37,s-2.745289,s3.347410,s61.973841
161_38,s-2.255061,s2.656199,s256.056109
161_39,s0.516527,s3.142081,s268.280314
161_40,s2.347117,s0.354229,s49.497021
161_41,s-2.049985,s-1.770548,s164.744590
161_42,s-2.886616,s0.765369,s197.790231
161_43,s0.852577,s-2.426926,s169.968944
161_44,s-3.089800,s-0.200029,s135.277051
161_45,s-2.566425,s-2.354534,s30.691969
161_46,s1.803037,s-2.357087,s5.772315
161_47,s0.739804,s2.084995,s97.264305
161_48,s-1.508838,s-2.552899,s285.951004
161_49,s2.938891,s-0.525761,s332.262736
161_50,s0.564949,s-2.780917,s105.721938
161_51,s2.637943,s1.506143,s340.432562
161_52,s1.119852,s2.163493,s225.409864
161_53,s-0.972274,s3.002156,s173.215751
161_54,s2.852126,s1.784109,s66.445577
161_55,s-1.001901,s-2.876284,s144.420815
161_56,s2.276773,s-2.369871,s287.414595
161_57,s2.791685,s0.111448,s0.220989
161_58,s-3.162449,s-1.028735,s221.445742
161_59,s1.598118,s-2.898790,s220.405068
161_60,s0.468697,s-3.562563,s294.696127
161_61,s3.185102,s-2.622145,s288.385731
161_62,s-0.592788,s3.626374,s205.239814
161_63,s0.055659,s-3.080638,s284.504310
161_64,s-1.382933,s-3.239793,s192.901967
161_65,s-2.866015,s1.959286,s330.316065
161_66,s3.608711,s0.079158,s291.019250
161_67,s1.557482,s-3.611294,s288.457749
161_68,s-2.067463,s-2.664275,s223.256379
161_69,s-3.374872,s0.882928,s163.605080
161_70,s2.666274,s-2.375459,s191.421638
161_71,s-4.047898,s-1.419293,s307.476708
161_72,s-3.000386,s-2.262150,s131.424713
161_73,s-1.428531,s-4.175816,s118.347846
161_74,s-3.673227,s-0.041834,s213.517045
161_75,s2.220308,s-3.540223,s290.568544
161_76,s0.340086,s4.059697,s218.718232
161_77,s-3.898729,s-0.850557,s217.451723
161_78,s-3.096427,s-3.456045,s224.928724
161_79,s3.784274,s-0.533202,s197.046357
161_80,s4.594932,s0.921753,s295.491033
161_81,s-1.313217,s4.039811,s331.001522
161_82,s2.533251,s2.804340,s229.914449
161_83,s-3.736080,s-2.187607,s321.869002
161_84,s-4.652128,s2.982798,s288.598107
161_85,s1.269548,s4.030459,s254.953416
161_86,s-3.029524,s2.645050,s60.812299
161_87,s-4.066469,s0.352615,s-0.211145
161_88,s-0.328746,s4.090324,s303.858218
161_89,s-0.733704,s-3.759545,s136.878503
161_90,s3.734297,s-1.565672,s82.421867
161_91,s3.035824,s-3.306453,s98.853834
161_92,s4.544019,s-0.840105,s213.986278
161_93,s1.719370,s-4.088801,s326.160755
161_94,s-2.424298,s3.126683,s299.023528
161_95,s2.780226,s1.007382,s66.005698
161_96,s4.263289,s-1.486715,s228.775424
161_97,s3.220677,s2.719764,s251.364734
161_98,s-0.758490,s3.879281,s117.445652
161_99,s0.083759,s-4.392056,s-8.600114
161_100,s2.056941,s3.849596,s285.078518
161_101,s-2.516161,s-3.453139,s275.844704
161_102,s-4.530446,s-0.466814,s303.643303
161_103,s3.429173,s3.371756,s234.881727
161_104,s4.280348,s-2.833124,s204.315248
161_105,s-1.507834,s4.624721,s116.246001
161_106,s-2.298796,s3.782848,s270.992653
161_107,s-0.414800,s-4.750423,s-2.250756
161_108,s5.120834,s0.086449,s193.061376
161_109,s4.089901,s0.895920,s119.039620
161_110,s2.734860,s4.566497,s294.121195
161_111,s-4.676062,s0.749665,s195.935993
161_112,s-3.771126,s-3.447369,s187.326354
161_113,s4.456537,s3.240596,s286.246364
161_114,s4.159760,s-2.068337,s217.106275
161_115,s1.142552,s-4.948081,s231.052612
161_116,s4.731106,s-1.586423,s99.130320
161_117,s-5.094424,s-1.081197,s42.045976
161_118,s1.259872,s4.437818,s325.489942
161_119,s-5.344084,s-1.630349,s295.841578
161_120,s0.846488,s-4.352825,s123.339110
161_121,s2.696801,s-4.102144,s307.476708
161_122,s-3.716850,s-2.781898,s144.649539
161_123,s-4.244282,s2.264591,s202.436114
161_124,s-0.303566,s4.598392,s337.360886
161_125,s4.221666,s-4.423037,s47.524674
161_126,s-2.535052,s4.538786,s40.541615
161_127,s4.520146,s1.457504,s304.112149
161_128,s2.111705,s4.888677,s165.151840
161_129,s-2.427327,s-4.311089,s65.862634
161_130,s4.777016,s2.197298,s94.458344
161_131,s0.345636,s4.669917,s280.578943
161_132,s-0.950846,s-4.779618,s157.921227
161_133,s-5.346450,s0.237243,s233.384171
161_134,s-4.842361,s2.177021,s218.518972
161_135,s5.032082,s0.432804,s313.143790
161_136,s3.798764,s-3.034861,s166.414000
161_137,s-1.519929,s-5.163392,s100.469439
161_138,s1.891396,s-4.449831,s229.690437
161_139,s-0.252073,s-5.049128,s162.590371
161_140,s2.881992,s3.610890,s298.107152
161_141,s0.440948,s-5.603041,s97.763303
161_142,s-3.608221,s3.497443,s104.345898
161_143,s5.668932,s-0.189762,s212.514317
161_144,s-4.387489,s-3.177423,s109.869007
161_145,s-3.682529,s3.970039,s65.922620
161_146,s4.913312,s2.549286,s345.429406
161_147,s-3.111015,s-4.625422,s193.911201
161_148,s-4.704421,s-2.159949,s271.980744
161_149,s-1.710870,s5.151041,s294.260464
161_150,s0.533069,s5.114614,s366.233324
161_151,s-4.684147,s1.488620,s157.692667
161_152,s-0.516976,s5.490592,s296.680831
161_153,s3.679585,s4.013562,s231.631621
161_154,s5.304375,s-1.294296,s197.300033
161_155,s-5.138155,s-2.492242,s128.555029
161_156,s-5.231321,s0.855018,s128.818409
161_157,s3.009638,s-4.852441,s117.526844
161_158,s-5.234734,s2.325398,s42.724374
161_159,s1.764487,s5.430533,s84.984472
161_160,s5.041166,s-2.135947,s254.953416
162_0,s-0.502968,s0.254997,s222.859483
162_1,s0.375263,s-0.048300,s32.461180
162_2,s0.304365,s0.545589,s134.486915
162_3,s-0.140663,s1.055826,s71.746520
162_4,s1.539867,s-0.590435,s88.809212
162_5,s-1.050790,s0.093190,s134.248838
162_6,s0.321354,s1.209870,s0.906503
162_7,s-1.180517,s-1.137761,s306.890718
162_8,s1.426924,s-0.059935,s327.854022
162_9,s-0.217020,s-0.445322,s148.518281
162_10,s1.052553,s0.312889,s19.069495
162_11,s0.748716,s-0.996606,s236.776896
162_12,s-1.861248,s1.290713,s32.747731
162_13,s0.156586,s-1.088577,s121.403115
162_14,s1.981272,s-1.266590,s13.557199
162_15,s-2.113916,s-0.202978,s29.846928
162_16,s-2.692127,s1.511487,s137.199109
162_17,s0.577241,s1.648483,s60.101240
162_18,s1.028588,s-1.991510,s28.484840
162_19,s1.473047,s1.274146,s80.008527
162_20,s2.133152,s-0.229464,s198.106980
162_21,s-1.842830,s0.238598,s338.494483
162_22,s-1.819479,s-1.356800,s325.981471
162_23,s1.830270,s1.799627,s335.163986
162_24,s-0.322730,s1.906328,s90.562082
162_25,s0.326849,s-2.026537,s60.815372
162_26,s1.547451,s0.646325,s306.872606
162_27,s-0.687710,s-1.870119,s242.689973
162_28,s0.154104,s2.214652,s33.209249
162_29,s-2.246740,s-0.787530,s147.131539
162_30,s1.709183,s2.450163,s65.434037
162_31,s-1.126947,s-2.072204,s292.188275
162_32,s2.255012,s3.077822,s339.757482
162_33,s-1.371937,s1.970354,s60.735549
162_34,s-0.583267,s2.561394,s291.000157
162_35,s-0.802528,s-2.577331,s133.088201
162_36,s2.836843,s-1.200743,s161.802843
162_37,s-2.745289,s3.347410,s61.973841
162_38,s-2.255061,s2.656199,s256.056109
162_39,s0.516527,s3.142081,s268.280314
162_40,s2.347117,s0.354229,s49.497021
162_41,s-2.049985,s-1.770548,s164.744590
162_42,s-2.886616,s0.765369,s197.790231
162_43,s0.852577,s-2.426926,s169.968944
162_44,s-3.089800,s-0.200029,s135.277051
162_45,s-2.566425,s-2.354534,s30.691969
162_46,s1.803037,s-2.357087,s5.772315
162_47,s0.739804,s2.084995,s97.264305
162_48,s-1.508838,s-2.552899,s285.951004
162_49,s2.938891,s-0.525761,s332.262736
162_50,s0.564949,s-2.780917,s105.721938
162_51,s2.637943,s1.506143,s340.432562
162_52,s1.119852,s2.163493,s225.409864
162_53,s-0.972274,s3.002156,s173.215751
162_54,s2.852126,s1.784109,s66.445577
162_55,s-1.001901,s-2.876284,s144.420815
162_56,s2.276773,s-2.369871,s287.414595
162_57,s2.791685,s0.111448,s0.220989
162_58,s-3.162449,s-1.028735,s221.445742
162_59,s1.598118,s-2.898790,s220.405068
162_60,s0.468697,s-3.562563,s294.696127
162_61,s3.185102,s-2.622145,s288.385731
162_62,s-0.592788,s3.626374,s205.239814
162_63,s0.055659,s-3.080638,s284.504310
162_64,s-1.382933,s-3.239793,s192.901967
162_65,s-2.866015,s1.959286,s330.316065
162_66,s3.608711,s0.079158,s291.019250
162_67,s1.557482,s-3.611294,s288.457749
162_68,s-2.067463,s-2.664275,s223.256379
162_69,s-3.374872,s0.882928,s163.605080
162_70,s2.666274,s-2.375459,s191.421638
162_71,s-4.047898,s-1.419293,s307.476708
162_72,s-3.000386,s-2.262150,s131.424713
162_73,s-1.428531,s-4.175816,s118.347846
162_74,s-3.673227,s-0.041834,s213.517045
162_75,s2.220308,s-3.540223,s290.568544
162_76,s0.340086,s4.059697,s218.718232
162_77,s-3.898729,s-0.850557,s217.451723
162_78,s-3.096427,s-3.456045,s224.928724
162_79,s3.784274,s-0.533202,s197.046357
162_80,s4.594932,s0.921753,s295.491033
162_81,s-1.313217,s4.039811,s331.001522
162_82,s2.533251,s2.804340,s229.914449
162_83,s-3.736080,s-2.187607,s321.869002
162_84,s-4.652128,s2.982798,s288.598107
162_85,s1.269548,s4.030459,s254.953416
162_86,s-3.029524,s2.645050,s60.812299
162_87,s-4.066469,s0.352615,s-0.211145
162_88,s-0.328746,s4.090324,s303.858218
162_89,s-0.733704,s-3.759545,s136.878503
162_90,s3.734297,s-1.565672,s82.421867
162_91,s3.035824,s-3.306453,s98.853834
162_92,s4.544019,s-0.840105,s213.986278
162_93,s1.719370,s-4.088801,s326.160755
162_94,s-2.424298,s3.126683,s299.023528
162_95,s2.780226,s1.007382,s66.005698
162_96,s4.263289,s-1.486715,s228.775424
162_97,s3.220677,s2.719764,s251.364734
162_98,s-0.758490,s3.879281,s117.445652
162_99,s0.083759,s-4.392056,s-8.600114
162_100,s2.056941,s3.849596,s285.078518
162_101,s-2.516161,s-3.453139,s275.844704
162_102,s-4.530446,s-0.466814,s303.643303
162_103,s3.429173,s3.371756,s234.881727
162_104,s4.280348,s-2.833124,s204.315248
162_105,s-1.507834,s4.624721,s116.246001
162_106,s-2.298796,s3.782848,s270.992653
162_107,s-0.414800,s-4.750423,s-2.250756
162_108,s5.120834,s0.086449,s193.061376
162_109,s4.089901,s0.895920,s119.039620
162_110,s2.734860,s4.566497,s294.121195
162_111,s-4.676062,s0.749665,s195.935993
162_112,s-3.771126,s-3.447369,s187.326354
162_113,s4.456537,s3.240596,s286.246364
162_114,s4.159760,s-2.068337,s217.106275
162_115,s1.142552,s-4.948081,s231.052612
162_116,s4.731106,s-1.586423,s99.130320
162_117,s-5.094424,s-1.081197,s42.045976
162_118,s1.259872,s4.437818,s325.489942
162_119,s-5.344084,s-1.630349,s295.841578
162_120,s0.846488,s-4.352825,s123.339110
162_121,s2.696801,s-4.102144,s307.476708
162_122,s-3.716850,s-2.781898,s144.649539
162_123,s-4.244282,s2.264591,s202.436114
162_124,s-0.303566,s4.598392,s337.360886
162_125,s4.221666,s-4.423037,s47.524674
162_126,s-2.535052,s4.538786,s40.541615
162_127,s4.520146,s1.457504,s304.112149
162_128,s2.111705,s4.888677,s165.151840
162_129,s-2.427327,s-4.311089,s65.862634
162_130,s4.777016,s2.197298,s94.458344
162_131,s0.345636,s4.669917,s280.578943
162_132,s-0.950846,s-4.779618,s157.921227
162_133,s-5.346450,s0.237243,s233.384171
162_134,s-4.842361,s2.177021,s218.518972
162_135,s5.032082,s0.432804,s313.143790
162_136,s3.798764,s-3.034861,s166.414000
162_137,s-1.519929,s-5.163392,s100.469439
162_138,s1.891396,s-4.449831,s229.690437
162_139,s-0.252073,s-5.049128,s162.590371
162_140,s2.881992,s3.610890,s298.107152
162_141,s0.440948,s-5.603041,s97.763303
162_142,s-3.608221,s3.497443,s104.345898
162_143,s5.668932,s-0.189762,s212.514317
162_144,s-4.387489,s-3.177423,s109.869007
162_145,s-3.682529,s3.970039,s65.922620
162_146,s4.913312,s2.549286,s345.429406
162_147,s-3.111015,s-4.625422,s193.911201
162_148,s-4.704421,s-2.159949,s271.980744
162_149,s-1.710870,s5.151041,s294.260464
162_150,s0.533069,s5.114614,s366.233324
162_151,s-4.684147,s1.488620,s157.692667
162_152,s-0.516976,s5.490592,s296.680831
162_153,s3.679585,s4.013562,s231.631621
162_154,s5.304375,s-1.294296,s197.300033
162_155,s-5.138155,s-2.492242,s128.555029
162_156,s-5.231321,s0.855018,s128.818409
162_157,s3.009638,s-4.852441,s117.526844
162_158,s-5.234734,s2.325398,s42.724374
162_159,s1.764487,s5.430533,s84.984472
162_160,s5.041166,s-2.135947,s254.953416
162_161,s-3.671846,s-4.521966,s72.711821
163_0,s-0.502968,s0.254997,s222.859483
163_1,s0.375263,s-0.048300,s32.461180
163_2,s0.304365,s0.545589,s134.486915
163_3,s-0.240238,s1.063570,s140.551017
163_4,s1.539867,s-0.590435,s88.809212
163_5,s-1.069796,s0.034004,s130.377942
163_6,s0.321354,s1.209870,s0.906503
163_7,s-1.224677,s-1.310440,s312.459717
163_8,s1.426924,s-0.059935,s327.854022
163_9,s-0.217020,s-0.445322,s148.518281
163_10,s1.022829,s0.376735,s147.181538
163_11,s0.748716,s-0.996606,s236.776896
163_12,s-1.841888,s1.296891,s40.525060
163_13,s0.156586,s-1.088577,s121.403115
163_14,s1.941088,s-1.440389,s9.338690
163_15,s-2.070755,s-0.231229,s22.394639
163_16,s-2.627613,s1.498450,s131.186465
163_17,s0.577241,s1.648483,s60.101240
163_18,s1.028588,s-1.991510,s28.484840
163_19,s1.427608,s1.328438,s290.364443
163_20,s2.133152,s-0.229464,s198.106980
163_21,s-1.910731,s0.454592,s331.590112
163_22,s-1.810809,s-1.214965,s328.047693
163_23,s1.830270,s1.799627,s335.163986
163_24,s-0.347698,s1.947404,s73.310988
163_25,s0.207733,s-1.938240,s61.831650
163_26,s1.547451,s0.646325,s306.872606
163_27,s-0.687710,s-1.870119,s242.689973
163_28,s0.154104,s2.214652,s33.209249
163_29,s-2.246740,s-0.787530,s147.131539
163_30,s1.709183,s2.450163,s65.434037
163_31,s-1.126947,s-2.072204,s292.188275
163_32,s2.255012,s3.077822,s339.757482
163_33,s-1.370505,s1.945533,s56.568810
163_34,s-0.583267,s2.561394,s291.000157
163_35,s-0.802528,s-2.577331,s133.088201
163_36,s2.801470,s-1.089079,s155.659188
163_37,s-2.745289,s3.347410,s61.973841
163_38,s-2.255061,s2.656199,s256.056109
163_39,s0.628397,s3.243355,s197.187182
163_40,s2.347117,s0.354229,s49.497021
163_41,s-2.049985,s-1.770548,s164.744590
163_42,s-2.886616,s0.765369,s197.790231
163_43,s0.852577,s-2.426926,s169.968944
163_44,s-3.089800,s-0.200029,s135.277051
163_45,s-2.566425,s-2.354534,s30.691969
163_46,s1.803037,s-2.357087,s5.772315
163_47,s0.739804,s2.084995,s97.264305
163_48,s-1.508838,s-2.552899,s285.951004
163_49,s2.917369,s-0.503681,s287.206662
163_50,s0.564949,s-2.780917,s105.721938
163_51,s2.637943,s1.506143,s340.432562
163_52,s1.119852,s2.163493,s225.409864
163_53,s-0.994204,s3.017352,s176.418698
163_54,s2.852126,s1.784109,s66.445577
163_55,s-1.001901,s-2.876284,s144.420815
163_56,s2.276773,s-2.369871,s287.414595
163_57,s2.791685,s0.111448,s0.220989
163_58,s-3.162645,s-1.191560,s222.566518
163_59,s1.598118,s-2.898790,s220.405068
163_60,s0.511898,s-3.601571,s304.265665
163_61,s3.301308,s-2.569230,s279.123187
163_62,s-0.592788,s3.626374,s205.239814
163_63,s0.055659,s-3.080638,s284.504310
163_64,s-1.382933,s-3.239793,s192.901967
163_65,s-2.921719,s1.952781,s314.611563
163_66,s3.665309,s0.169345,s286.362901
163_67,s1.557482,s-3.611294,s288.457749
163_68,s-2.070860,s-2.672300,s224.573324
163_69,s-3.374872,s0.882928,s163.605080
163_70,s2.666274,s-2.375459,s191.421638
163_71,s-4.047898,s-1.419293,s307.476708
163_72,s-3.000386,s-2.262150,s131.424713
163_73,s-1.598236,s-4.296421,s125.728164
163_74,s-3.673227,s-0.041834,s213.517045
163_75,s2.220308,s-3.540223,s290.568544
163_76,s0.375940,s4.112713,s214.937943
163_77,s-3.898729,s-0.850557,s217.451723
163_78,s-3.127233,s-3.503612,s-2.234085
163_79,s3.746329,s-0.496160,s199.429170
163_80,s4.603183,s0.920683,s285.116265
163_81,s-1.313217,s4.039811,s331.001522
163_82,s2.533251,s2.804340,s229.914449
163_83,s-3.736080,s-2.187607,s321.869002
163_84,s-4.621971,s2.945356,s282.779291
163_85,s1.269548,s4.030459,s254.953416
163_86,s-3.088840,s2.706591,s55.629224
163_87,s-3.977022,s0.403158,s6.067595
163_88,s-0.328746,s4.090324,s303.858218
163_89,s-0.763637,s-3.841570,s140.033417
163_90,s3.734297,s-1.565672,s82.421867
163_91,s3.035824,s-3.306453,s98.853834
163_92,s4.545451,s-0.821935,s328.197410
163_93,s1.719370,s-4.088801,s326.160755
163_94,s-2.391960,s3.153078,s298.990506
163_95,s2.780226,s1.007382,s66.005698
163_96,s4.263289,s-1.486715,s228.775424
163_97,s3.243261,s2.715670,s251.267827
163_98,s-0.758490,s3.879281,s117.445652
163_99,s0.114364,s-4.362170,s-5.015997
163_100,s2.056941,s3.849596,s285.078518
163_101,s-2.502074,s-3.460258,s270.867046
163_102,s-4.530446,s-0.466814,s303.643303
163_103,s3.385361,s3.365885,s232.704594
163_104,s4.280348,s-2.833124,s204.315248
163_105,s-1.507834,s4.624721,s116.246001
163_106,s-2.252257,s3.901970,s283.401326
163_107,s-0.421576,s-4.776312,s-1.693882
163_108,s5.120834,s0.086449,s193.061376
163_109,s4.089901,s0.895920,s119.039620
163_110,s2.644061,s4.572630,s300.654186
163_111,s-4.676062,s0.749665,s195.935993
163_112,s-3.785210,s-3.413177,s186.636446
163_113,s4.494511,s3.279689,s284.930552
163_114,s4.159760,s-2.068337,s217.106275
163_115,s1.159089,s-5.219367,s219.769466
163_116,s4.731106,s-1.586423,s99.130320
163_117,s-5.135061,s-1.009664,s117.843944
163_118,s1.259872,s4.437818,s325.489942
163_119,s-5.322300,s-1.647731,s295.120693
163_120,s0.922867,s-4.451477,s145.518888
163_121,s2.701285,s-4.257440,s309.957908
163_122,s-3.716850,s-2.781898,s144.649539
163_123,s-4.166932,s2.255293,s254.953416
163_124,s-0.303566,s4.598392,s337.360886
163_125,s4.260628,s-4.378378,s57.692128
163_126,s-2.342424,s4.557156,s29.418198
163_127,s4.520146,s1.457504,s304.112149
163_128,s2.111705,s4.888677,s165.151840
163_129,s-2.434844,s-4.448917,s62.498202
163_130,s4.777016,s2.197298,s94.458344
163_131,s0.345636,s4.669917,s280.578943
163_132,s-0.978424,s-4.810928,s167.966105
163_133,s-5.315126,s0.274226,s239.391349
163_134,s-4.842361,s2.177021,s218.518972
163_135,s5.032082,s0.432804,s313.143790
163_136,s3.798764,s-3.034861,s166.414000
163_137,s-1.473206,s-5.139111,s75.824980
163_138,s1.822061,s-4.465172,s223.910254
163_139,s-0.288160,s-5.181964,s168.388275
163_140,s2.881992,s3.610890,s298.107152
163_141,s0.619527,s-5.649814,s249.010735
163_142,s-3.608221,s3.497443,s104.345898
163_143,s5.703340,s-0.071530,s198.623819
163_144,s-4.517985,s-3.222583,s113.744590
163_145,s-3.682529,s3.970039,s65.922620
163_146,s5.017190,s2.552354,s344.693873
163_147,s-3.068022,s-4.589293,s193.381704
163_148,s-4.650138,s-2.194489,s339.937888
163_149,s-1.624043,s5.241527,s285.816590
163_150,s0.713377,s5.140676,s375.507787
163_151,s-4.684147,s1.488620,s157.692667
163_152,s-0.593484,s5.624214,s289.909535
163_153,s3.729024,s4.051479,s219.651576
163_154,s5.304375,s-1.294296,s197.300033
163_155,s-5.020412,s-2.526144,s132.294669
163_156,s-5.231321,s0.855018,s128.818409
163_157,s3.010492,s-4.861488,s123.373134
163_158,s-5.222918,s2.398697,s37.132304
163_159,s1.764487,s5.430533,s84.984472
163_160,s4.839932,s-2.146050,s242.891918
163_161,s-3.678689,s-4.685294,s69.850989
163_162,s-5.653305,s-0.089880,s150.037300
164_0,s-0.502968,s0.254997,s222.859483
164_1,s0.375263,s-0.048300,s32.461180
164_2,s0.304365,s0.545589,s134.486915
164_3,s-0.182838,s1.072807,s132.957627
164_4,s1.426105,s-0.604672,s83.334499
164_5,s-1.030311,s0.121276,s198.371854
164_6,s0.321354,s1.209870,s0.906503
164_7,s-1.224677,s-1.310440,s312.459717
164_8,s1.426924,s-0.059935,s327.854022
164_9,s-0.249173,s-0.438276,s158.415979
164_10,s1.022829,s0.376735,s147.181538
164_11,s0.730957,s-0.982380,s238.640340
164_12,s-1.849485,s1.301444,s37.160018
164_13,s0.025029,s-1.080439,s118.591172
164_14,s2.052574,s-1.417554,s15.143612
164_15,s-2.064267,s-0.272169,s14.503485
164_16,s-2.638549,s1.366855,s139.575405
164_17,s0.577241,s1.648483,s60.101240
164_18,s1.207924,s-1.997481,s29.728488
164_19,s1.427608,s1.328438,s290.364443
164_20,s2.208357,s-0.227089,s199.056553
164_21,s-1.910731,s0.454592,s331.590112
164_22,s-1.810809,s-1.214965,s328.047693
164_23,s1.830270,s1.799627,s335.163986
164_24,s-0.282846,s1.964502,s74.259728
164_25,s0.395970,s-1.859628,s65.244393
164_26,s1.547451,s0.646325,s306.872606
164_27,s-0.687710,s-1.870119,s242.689973
164_28,s0.154104,s2.214652,s33.209249
164_29,s-2.189727,s-0.736317,s157.381172
164_30,s1.680771,s2.478319,s62.012953
164_31,s-1.126947,s-2.072204,s292.188275
164_32,s2.295134,s3.147183,s341.598795
164_33,s-1.260029,s1.758876,s62.041130
164_34,s-0.583267,s2.561394,s291.000157
164_35,s-0.802528,s-2.577331,s133.088201
164_36,s2.679804,s-1.264961,s148.537101
164_37,s-2.745289,s3.347410,s61.973841
164_38,s-2.007641,s2.614472,s256.325026
164_39,s0.573442,s3.240895,s193.716937
164_40,s2.347117,s0.354229,s49.497021
164_41,s-2.161410,s-1.693263,s258.308661
164_42,s-2.824600,s0.697357,s208.537509
164_43,s0.852577,s-2.426926,s169.968944
164_44,s-3.089800,s-0.200029,s135.277051
164_45,s-2.566425,s-2.354534,s30.691969
164_46,s1.803037,s-2.357087,s5.772315
164_47,s0.739804,s2.084995,s97.264305
164_48,s-1.508838,s-2.552899,s285.951004
164_49,s2.936092,s-0.506682,s284.706433
164_50,s0.564949,s-2.780917,s105.721938
164_51,s2.637943,s1.506143,s340.432562
164_52,s1.119852,s2.163493,s225.409864
164_53,s-0.955067,s3.208158,s117.504566
164_54,s2.852126,s1.784109,s66.445577
164_55,s-1.001901,s-2.876284,s144.420815
164_56,s2.276773,s-2.369871,s287.414595
164_57,s2.756856,s0.030460,s-2.134784
164_58,s-3.102062,s-1.230233,s228.386679
164_59,s1.650517,s-2.968085,s86.145988
164_60,s0.480197,s-3.594273,s307.657561
164_61,s3.201332,s-2.605534,s280.081369
164_62,s-0.592788,s3.626374,s205.239814
164_63,s0.055659,s-3.080638,s284.504310
164_64,s-1.382933,s-3.239793,s192.901967
164_65,s-2.921719,s1.952781,s314.611563
164_66,s3.665309,s0.169345,s286.362901
164_67,s1.557482,s-3.611294,s288.457749
164_68,s-2.070860,s-2.672300,s224.573324
164_69,s-3.365769,s0.800349,s163.173966
164_70,s2.666274,s-2.375459,s191.421638
164_71,s-4.047898,s-1.419293,s307.476708
164_72,s-3.000386,s-2.262150,s131.424713
164_73,s-1.453713,s-4.345032,s110.416708
164_74,s-3.673227,s-0.041834,s213.517045
164_75,s2.220308,s-3.540223,s290.568544
164_76,s0.375940,s4.112713,s214.937943
164_77,s-3.898729,s-0.850557,s217.451723
164_78,s-3.024651,s-3.539471,s-10.486485
164_79,s3.777137,s-0.631625,s190.909127
164_80,s4.603183,s0.920683,s285.116265
164_81,s-1.313217,s4.039811,s331.001522
164_82,s2.496104,s2.770772,s225.133176
164_83,s-3.743799,s-2.199346,s324.287716
164_84,s-4.530630,s3.008671,s279.329580
164_85,s1.269548,s4.030459,s254.953416
164_86,s-3.088840,s2.706591,s55.629224
164_87,s-3.977022,s0.403158,s6.067595
164_88,s-0.338940,s4.007961,s306.768189
164_89,s-0.648044,s-3.830224,s168.685958
164_90,s3.734297,s-1.565672,s82.421867
164_91,s3.035824,s-3.306453,s98.853834
164_92,s4.545451,s-0.821935,s328.197410
164_93,s1.719370,s-4.088801,s326.160755
164_94,s-2.391960,s3.153078,s298.990506
164_95,s2.728993,s0.934690,s311.590558
164_96,s4.263289,s-1.486715,s228.775424
164_97,s3.360218,s2.607930,s244.448030
164_98,s-0.758490,s3.879281,s117.445652
164_99,s0.114364,s-4.362170,s-5.015997
164_100,s2.056941,s3.849596,s285.078518
164_101,s-2.536539,s-3.438653,s261.472796
164_102,s-4.609847,s-0.651460,s204.428954
164_103,s3.517647,s3.354562,s247.795422
164_104,s4.293694,s-2.901522,s207.876375
164_105,s-1.507834,s4.624721,s116.246001
164_106,s-2.284752,s3.928644,s286.097251
164_107,s-0.421576,s-4.776312,s-1.693882
164_108,s5.120834,s0.086449,s193.061376
164_109,s4.089901,s0.895920,s119.039620
164_110,s2.644061,s4.572630,s300.654186
164_111,s-4.676062,s0.749665,s195.935993
164_112,s-3.721965,s-3.403200,s199.442176
164_113,s4.736466,s3.261697,s291.672336
164_114,s4.159760,s-2.068337,s217.106275
164_115,s1.187753,s-5.257431,s203.109224
164_116,s4.731106,s-1.586423,s99.130320
164_117,s-5.218431,s-0.799522,s128.821711
164_118,s1.259872,s4.437818,s325.489942
164_119,s-5.282885,s-1.612655,s295.808773
164_120,s0.922867,s-4.451477,s145.518888
164_121,s2.394604,s-4.344861,s292.380964
164_122,s-3.716850,s-2.781898,s144.649539
164_123,s-4.016129,s2.015112,s245.569694
164_124,s-0.277496,s4.682030,s328.587569
164_125,s4.286143,s-4.360564,s145.202968
164_126,s-2.338496,s4.474831,s36.505538
164_127,s4.529498,s1.471304,s67.715720
164_128,s2.111705,s4.888677,s165.151840
164_129,s-2.385862,s-4.445452,s63.754195
164_130,s4.573009,s2.129556,s95.867750
164_131,s0.345636,s4.669917,s280.578943
164_132,s-1.013213,s-4.962943,s168.516072
164_133,s-5.315126,s0.274226,s239.391349
164_134,s-4.854888,s2.256671,s294.830078
164_135,s5.230402,s0.582400,s313.433201
164_136,s3.850582,s-3.048041,s165.266930
164_137,s-1.497670,s-5.122723,s78.756823
164_138,s1.858119,s-4.474083,s211.116984
164_139,s-0.288160,s-5.181964,s168.388275
164_140,s2.881992,s3.610890,s298.107152
164_141,s0.414449,s-5.747912,s246.369262
164_142,s-3.608221,s3.497443,s104.345898
164_143,s5.699784,s-0.195991,s198.416954
164_144,s-4.507157,s-3.484330,s73.219381
164_145,s-3.682529,s3.970039,s65.922620
164_146,s5.017190,s2.552354,s344.693873
164_147,s-3.066561,s-4.662942,s192.513327
164_148,s-4.449484,s-2.197389,s193.112382
164_149,s-1.659046,s5.225527,s290.237454
164_150,s0.713377,s5.140676,s375.507787
164_151,s-4.684147,s1.488620,s157.692667
164_152,s-0.535767,s5.790204,s198.756359
164_153,s3.745009,s3.962971,s210.820749
164_154,s5.441308,s-1.246566,s172.992346
164_155,s-5.018351,s-2.521698,s137.464358
164_156,s-5.388667,s1.104466,s149.866771
164_157,s3.004143,s-4.852661,s117.502033
164_158,s-5.344075,s2.633954,s35.701897
164_159,s1.764487,s5.430533,s84.984472
164_160,s4.839932,s-2.146050,s242.891918
164_161,s-3.708411,s-4.687337,s75.085939
164_162,s-5.640238,s0.039459,s153.575676
164_163,s-3.559996,s4.386074,s293.953601
165_0,s-0.502968,s0.254997,s222.859483
165_1,s0.375263,s-0.048300,s32.461180
165_2,s0.304365,s0.545589,s134.486915
165_3,s-0.182838,s1.072807,s132.957627
165_4,s1.366623,s-0.636349,s75.591149
165_5,s-1.039947,s0.119729,s198.709359
165_6,s0.321354,s1.209870,s0.906503
165_7,s-1.220211,s-1.167194,s309.103649
165_8,s1.426924,s-0.059935,s327.854022
165_9,s-0.249173,s-0.438276,s158.415979
165_10,s1.022829,s0.376735,s147.181538
165_11,s0.730957,s-0.982380,s238.640340
165_12,s-1.716658,s1.258149,s28.045718
165_13,s0.025029,s-1.080439,s118.591172
165_14,s2.052574,s-1.417554,s15.143612
165_15,s-2.075787,s-0.245204,s12.852585
165_16,s-2.529802,s1.338095,s140.617159
165_17,s0.577241,s1.648483,s60.101240
165_18,s1.207924,s-1.997481,s29.728488
165_19,s1.340606,s1.286846,s291.630056
165_20,s2.208357,s-0.227089,s199.056553
165_21,s-1.550107,s0.525901,s332.076147
165_22,s-1.810809,s-1.214965,s328.047693
165_23,s1.830270,s1.799627,s335.163986
165_24,s-0.282846,s1.964502,s74.259728
165_25,s0.539730,s-1.725749,s68.985208
165_26,s1.547451,s0.646325,s306.872606
165_27,s-0.687710,s-1.870119,s242.689973
165_28,s0.154104,s2.214652,s33.209249
165_29,s-2.189727,s-0.736317,s157.381172
165_30,s1.818932,s2.717142,s97.898021
165_31,s-1.126947,s-2.072204,s292.188275
165_32,s2.267718,s3.053026,s343.395012
165_33,s-1.260029,s1.758876,s62.041130
165_34,s-0.583267,s2.561394,s291.000157
165_35,s-0.802528,s-2.577331,s133.088201
165_36,s2.679804,s-1.264961,s148.537101
165_37,s-2.775323,s3.359497,s54.907677
165_38,s-1.842167,s2.551213,s147.423080
165_39,s0.719895,s3.290522,s120.717754
165_40,s2.347117,s0.354229,s49.497021
165_41,s-2.161410,s-1.693263,s258.308661
165_42,s-2.801118,s0.542424,s213.061353
165_43,s0.852577,s-2.426926,s169.968944
165_44,s-3.089800,s-0.200029,s135.277051
165_45,s-2.566425,s-2.354534,s30.691969
165_46,s1.732795,s-2.383767,s10.673947
165_47,s0.739804,s2.084995,s97.264305
165_48,s-1.508838,s-2.552899,s285.951004
165_49,s2.781815,s-0.597419,s300.033595
165_50,s0.564949,s-2.780917,s105.721938
165_51,s2.637943,s1.506143,s340.432562
165_52,s1.119852,s2.163493,s225.409864
165_53,s-0.897037,s3.182379,s121.587701
165_54,s2.852126,s1.784109,s66.445577
165_55,s-1.001901,s-2.876284,s144.420815
165_56,s2.276773,s-2.369871,s287.414595
165_57,s2.671967,s-0.093399,s-4.296230
165_58,s-3.139230,s-1.228301,s235.131160
165_59,s1.888843,s-2.863639,s77.988667
165_60,s0.485908,s-3.666916,s254.953416
165_61,s3.173074,s-2.532445,s294.156845
165_62,s-0.592788,s3.626374,s205.239814
165_63,s0.055659,s-3.080638,s284.504310
165_64,s-1.382933,s-3.239793,s192.901967
165_65,s-2.878866,s1.816030,s317.781028
165_66,s3.732008,s0.218384,s69.586775
165_67,s1.557482,s-3.611294,s288.457749
165_68,s-2.070860,s-2.672300,s224.573324
165_69,s-3.365769,s0.800349,s163.173966
165_70,s2.666274,s-2.375459,s191.421638
165_71,s-4.047898,s-1.419293,s307.476708
165_72,s-3.000386,s-2.262150,s131.424713
165_73,s-1.470959,s-4.347698,s100.127917
165_74,s-3.673227,s-0.041834,s213.517045
165_75,s2.220308,s-3.540223,s290.568544
165_76,s0.375940,s4.112713,s214.937943
165_77,s-3.898729,s-0.850557,s217.451723
165_78,s-3.079844,s-3.516136,s-13.001053
165_79,s3.751735,s-0.681086,s1.103680
165_80,s4.624813,s0.899439,s279.060331
165_81,s-1.313217,s4.039811,s331.001522
165_82,s2.496104,s2.770772,s225.133176
165_83,s-3.721726,s-2.221937,s338.367189
165_84,s-4.530630,s3.008671,s279.329580
165_85,s1.269548,s4.030459,s254.953416
165_86,s-3.088840,s2.706591,s55.629224
165_87,s-3.977022,s0.403158,s6.067595
165_88,s-0.338940,s4.007961,s306.768189
165_89,s-0.776407,s-3.756952,s169.405739
165_90,s3.734297,s-1.565672,s82.421867
165_91,s3.035824,s-3.306453,s98.853834
165_92,s4.357462,s-0.885144,s333.290094
165_93,s1.719370,s-4.088801,s326.160755
165_94,s-2.300138,s3.073035,s295.421070
165_95,s2.934090,s0.973682,s309.094052
165_96,s4.263289,s-1.486715,s228.775424
165_97,s3.285184,s2.533259,s253.025883
165_98,s-0.758490,s3.879281,s117.445652
165_99,s0.114364,s-4.362170,s-5.015997
165_100,s2.056941,s3.849596,s285.078518
165_101,s-2.536539,s-3.438653,s261.472796
165_102,s-4.609847,s-0.651460,s204.428954
165_103,s3.517647,s3.354562,s247.795422
165_104,s4.293694,s-2.901522,s207.876375
165_105,s-1.507834,s4.624721,s116.246001
165_106,s-2.284752,s3.928644,s286.097251
165_107,s-0.421576,s-4.776312,s-1.693882
165_108,s5.120834,s0.086449,s193.061376
165_109,s4.089901,s0.895920,s119.039620
165_110,s2.644061,s4.572630,s300.654186
165_111,s-4.676062,s0.749665,s195.935993
165_112,s-3.721965,s-3.403200,s199.442176
165_113,s4.801578,s3.306581,s-1.588822
165_114,s4.159760,s-2.068337,s217.106275
165_115,s1.187753,s-5.257431,s203.109224
165_116,s4.731106,s-1.586423,s99.130320
165_117,s-5.218431,s-0.799522,s128.821711
165_118,s1.259872,s4.437818,s325.489942
165_119,s-5.228262,s-1.797073,s259.912778
165_120,s0.932273,s-4.543896,s170.930643
165_121,s2.568264,s-4.362104,s300.972769
165_122,s-3.721377,s-2.681920,s136.712649
165_123,s-3.887119,s1.974766,s232.164652
165_124,s-0.293671,s4.645497,s326.261814
165_125,s4.261151,s-4.239831,s154.864342
165_126,s-2.474663,s4.630098,s44.725001
165_127,s4.529498,s1.471304,s67.715720
165_128,s2.114555,s5.089058,s169.412154
165_129,s-2.516976,s-4.445214,s74.217215
165_130,s4.573009,s2.129556,s95.867750
165_131,s0.408331,s4.630541,s287.158315
165_132,s-0.933843,s-5.013138,s174.144162
165_133,s-5.315126,s0.274226,s239.391349
165_134,s-4.769030,s2.139722,s113.740906
165_135,s5.259760,s0.545459,s260.047707
165_136,s3.466284,s-2.980784,s181.657590
165_137,s-1.497670,s-5.122723,s78.756823
165_138,s1.858119,s-4.474083,s211.116984
165_139,s-0.275567,s-5.174912,s216.382384
165_140,s2.881992,s3.610890,s298.107152
165_141,s0.414353,s-5.733647,s246.108961
165_142,s-3.608221,s3.497443,s104.345898
165_143,s5.708014,s-0.407045,s205.224510
165_144,s-4.634664,s-3.606313,s71.066360
165_145,s-3.682529,s3.970039,s65.922620
165_146,s5.056654,s2.483497,s222.492236
165_147,s-3.066561,s-4.662942,s192.513327
165_148,s-4.592125,s-2.240698,s191.971951
165_149,s-1.686158,s5.344046,s293.235668
165_150,s0.713377,s5.140676,s375.507787
165_151,s-4.684147,s1.488620,s157.692667
165_152,s-0.535767,s5.790204,s198.756359
165_153,s3.745009,s3.962971,s210.820749
165_154,s5.441308,s-1.246566,s172.992346
165_155,s-5.100638,s-2.488525,s64.831641
165_156,s-5.388667,s1.104466,s149.866771
165_157,s3.005748,s-4.923036,s114.658978
165_158,s-5.211898,s2.681036,s46.376097
165_159,s1.764487,s5.430533,s84.984472
165_160,s4.839932,s-2.146050,s242.891918
165_161,s-3.699617,s-4.779430,s126.401209
165_162,s-5.640238,s0.039459,s153.575676
165_163,s-3.559996,s4.386074,s293.953601
165_164,s-4.715048,s3.707543,s113.319618
166_0,s-0.502968,s0.254997,s222.859483
166_1,s0.375263,s-0.048300,s32.461180
166_2,s0.304365,s0.545589,s134.486915
166_3,s-0.182838,s1.072807,s132.957627
166_4,s1.366623,s-0.636349,s75.591149
166_5,s-1.039947,s0.119729,s198.709359
166_6,s0.321354,s1.209870,s0.906503
166_7,s-1.220211,s-1.167194,s309.103649
166_8,s1.426924,s-0.059935,s327.854022
166_9,s-0.249173,s-0.438276,s158.415979
166_10,s1.022829,s0.376735,s147.181538
166_11,s0.741398,s-0.938334,s34.225980
166_12,s-1.716658,s1.258149,s28.045718
166_13,s0.025029,s-1.080439,s118.591172
166_14,s2.052574,s-1.417554,s15.143612
166_15,s-2.075787,s-0.245204,s12.852585
166_16,s-2.529802,s1.338095,s140.617159
166_17,s0.577241,s1.648483,s60.101240
166_18,s1.207924,s-1.997481,s29.728488
166_19,s1.340606,s1.286846,s291.630056
166_20,s2.208357,s-0.227089,s199.056553
166_21,s-1.587412,s0.495573,s316.135646
166_22,s-1.810809,s-1.214965,s328.047693
166_23,s1.830270,s1.799627,s335.163986
166_24,s-0.282846,s1.964502,s74.259728
166_25,s0.539730,s-1.725749,s68.985208
166_26,s1.547451,s0.646325,s306.872606
166_27,s-0.687710,s-1.870119,s242.689973
166_28,s0.154104,s2.214652,s33.209249
166_29,s-2.189727,s-0.736317,s157.381172
166_30,s1.818932,s2.717142,s97.898021
166_31,s-1.126947,s-2.072204,s292.188275
166_32,s2.267718,s3.053026,s343.395012
166_33,s-1.260029,s1.758876,s62.041130
166_34,s-0.583267,s2.561394,s291.000157
166_35,s-0.802528,s-2.577331,s133.088201
166_36,s2.679804,s-1.264961,s148.537101
166_37,s-2.761869,s3.273978,s47.221683
166_38,s-1.842167,s2.551213,s147.423080
166_39,s0.719895,s3.290522,s120.717754
166_40,s2.347117,s0.354229,s49.497021
166_41,s-2.162697,s-1.853589,s256.204223
166_42,s-2.801118,s0.542424,s213.061353
166_43,s0.852577,s-2.426926,s169.968944
166_44,s-3.089800,s-0.200029,s135.277051
166_45,s-2.566425,s-2.354534,s30.691969
166_46,s1.732795,s-2.383767,s10.673947
166_47,s0.739804,s2.084995,s97.264305
166_48,s-1.508838,s-2.552899,s285.951004
166_49,s2.781815,s-0.597419,s300.033595
166_50,s0.564949,s-2.780917,s105.721938
166_51,s2.637943,s1.506143,s340.432562
166_52,s1.119852,s2.163493,s225.409864
166_53,s-0.897037,s3.182379,s121.587701
166_54,s2.852126,s1.784109,s66.445577
166_55,s-1.001901,s-2.876284,s144.420815
166_56,s2.276773,s-2.369871,s287.414595
166_57,s2.671967,s-0.093399,s-4.296230
166_58,s-3.139230,s-1.228301,s235.131160
166_59,s1.888843,s-2.863639,s77.988667
166_60,s0.485908,s-3.666916,s254.953416
166_61,s3.173074,s-2.532445,s294.156845
166_62,s-0.592788,s3.626374,s205.239814
166_63,s0.055659,s-3.080638,s284.504310
166_64,s-1.382933,s-3.239793,s192.901967
166_65,s-2.878866,s1.816030,s317.781028
166_66,s3.732008,s0.218384,s69.586775
166_67,s1.557482,s-3.611294,s288.457749
166_68,s-2.070860,s-2.672300,s224.573324
166_69,s-3.365769,s0.800349,s163.173966
166_70,s2.666274,s-2.375459,s191.421638
166_71,s-4.047898,s-1.419293,s307.476708
166_72,s-3.000386,s-2.262150,s131.424713
166_73,s-1.225008,s-4.482761,s93.720917
166_74,s-3.673227,s-0.041834,s213.517045
166_75,s2.220308,s-3.540223,s290.568544
166_76,s0.375940,s4.112713,s214.937943
166_77,s-3.898729,s-0.850557,s217.451723
166_78,s-3.079844,s-3.516136,s-13.001053
166_79,s3.751735,s-0.681086,s1.103680
166_80,s4.624813,s0.899439,s279.060331
166_81,s-1.313217,s4.039811,s331.001522
166_82,s2.496104,s2.770772,s225.133176
166_83,s-3.721726,s-2.221937,s338.367189
166_84,s-4.530630,s3.008671,s279.329580
166_85,s1.269548,s4.030459,s254.953416
166_86,s-3.088840,s2.706591,s55.629224
166_87,s-3.977022,s0.403158,s6.067595
166_88,s-0.338940,s4.007961,s306.768189
166_89,s-0.776407,s-3.756952,s169.405739
166_90,s3.734297,s-1.565672,s82.421867
166_91,s3.035824,s-3.306453,s98.853834
166_92,s4.357462,s-0.885144,s333.290094
166_93,s1.719370,s-4.088801,s326.160755
166_94,s-2.300138,s3.073035,s295.421070
166_95,s2.934090,s0.973682,s309.094052
166_96,s4.263289,s-1.486715,s228.775424
166_97,s3.285184,s2.533259,s253.025883
166_98,s-0.758490,s3.879281,s117.445652
166_99,s0.114364,s-4.362170,s-5.015997
166_100,s2.056941,s3.849596,s285.078518
166_101,s-2.536539,s-3.438653,s261.472796
166_102,s-4.609847,s-0.651460,s204.428954
166_103,s3.517647,s3.354562,s247.795422
166_104,s4.249224,s-3.057483,s208.701860
166_105,s-1.507834,s4.624721,s116.246001
166_106,s-2.305277,s3.881081,s289.859782
166_107,s-0.582039,s-4.787006,s-12.163370
166_108,s5.120834,s0.086449,s193.061376
166_109,s4.089901,s0.895920,s119.039620
166_110,s2.644061,s4.572630,s300.654186
166_111,s-4.676062,s0.749665,s195.935993
166_112,s-3.721965,s-3.403200,s199.442176
166_113,s4.801578,s3.306581,s-1.588822
166_114,s4.159760,s-2.068337,s217.106275
166_115,s1.187753,s-5.257431,s203.109224
166_116,s4.731106,s-1.586423,s99.130320
166_117,s-5.218431,s-0.799522,s128.821711
166_118,s1.259872,s4.437818,s325.489942
166_119,s-5.228262,s-1.797073,s259.912778
166_120,s0.932273,s-4.543896,s170.930643
166_121,s2.568264,s-4.362104,s300.972769
166_122,s-3.721377,s-2.681920,s136.712649
166_123,s-3.982310,s1.948811,s31.335188
166_124,s-0.293671,s4.645497,s326.261814
166_125,s4.277337,s-4.406016,s154.411835
166_126,s-2.471860,s4.675225,s32.254416
166_127,s4.529498,s1.471304,s67.715720
166_128,s2.114555,s5.089058,s169.412154
166_129,s-2.516976,s-4.445214,s74.217215
166_130,s4.573009,s2.129556,s95.867750
166_131,s0.408331,s4.630541,s287.158315
166_132,s-0.933843,s-5.013138,s174.144162
166_133,s-5.315126,s0.274226,s239.391349
166_134,s-4.769030,s2.139722,s113.740906
166_135,s5.259760,s0.545459,s260.047707
166_136,s3.466284,s-2.980784,s181.657590
166_137,s-1.497670,s-5.122723,s78.756823
166_138,s1.858119,s-4.474083,s211.116984
166_139,s-0.275567,s-5.174912,s216.382384
166_140,s2.881992,s3.610890,s298.107152
166_141,s0.414353,s-5.733647,s246.108961
166_142,s-3.608221,s3.497443,s104.345898
166_143,s5.708014,s-0.407045,s205.224510
166_144,s-4.634664,s-3.606313,s71.066360
166_145,s-3.682529,s3.970039,s65.922620
166_146,s5.056654,s2.483497,s222.492236
166_147,s-3.066561,s-4.662942,s192.513327
166_148,s-4.592125,s-2.240698,s191.971951
166_149,s-1.686158,s5.344046,s293.235668
166_150,s0.713377,s5.140676,s375.507787
166_151,s-4.684147,s1.488620,s157.692667
166_152,s-0.573019,s5.710059,s145.726549
166_153,s3.745009,s3.962971,s210.820749
166_154,s5.441308,s-1.246566,s172.992346
166_155,s-5.266943,s-2.550911,s64.641199
166_156,s-5.388667,s1.104466,s149.866771
166_157,s3.005748,s-4.923036,s114.658978
166_158,s-5.327305,s2.658100,s41.565179
166_159,s1.764487,s5.430533,s84.984472
166_160,s4.839932,s-2.146050,s242.891918
166_161,s-3.699617,s-4.779430,s126.401209
166_162,s-5.640238,s0.039459,s153.575676
166_163,s-3.559996,s4.386074,s293.953601
166_164,s-4.715048,s3.707543,s113.319618
166_165,s2.638291,s5.047023,s339.937888
167_0,s-0.502968,s0.254997,s222.859483
167_1,s0.375263,s-0.048300,s32.461180
167_2,s0.304365,s0.545589,s134.486915
167_3,s-0.182838,s1.072807,s132.957627
167_4,s1.325964,s-0.695237,s72.872110
167_5,s-1.039947,s0.119729,s198.709359
167_6,s0.321354,s1.209870,s0.906503
167_7,s-1.220211,s-1.167194,s309.103649
167_8,s1.426924,s-0.059935,s327.854022
167_9,s-0.249173,s-0.438276,s158.415979
167_10,s1.022829,s0.376735,s147.181538
167_11,s0.628878,s-0.937598,s32.109014
167_12,s-1.715961,s1.232175,s64.267139
167_13,s0.025029,s-1.080439,s118.591172
167_14,s2.052574,s-1.417554,s15.143612
167_15,s-2.075787,s-0.245204,s12.852585
167_16,s-2.529802,s1.338095,s140.617159
167_17,s0.577241,s1.648483,s60.101240
167_18,s1.207924,s-1.997481,s29.728488
167_19,s1.340606,s1.286846,s291.630056
167_20,s2.208357,s-0.227089,s199.056553
167_21,s-1.484084,s0.550882,s312.216757
167_22,s-1.810809,s-1.214965,s328.047693
167_23,s1.830270,s1.799627,s335.163986
167_24,s-0.282846,s1.964502,s74.259728
167_25,s0.539730,s-1.725749,s68.985208
167_26,s1.547451,s0.646325,s306.872606
167_27,s-0.687710,s-1.870119,s242.689973
167_28,s0.154104,s2.214652,s33.209249
167_29,s-2.189727,s-0.736317,s157.381172
167_30,s1.727598,s2.800029,s90.439020
167_31,s-1.126947,s-2.072204,s292.188275
167_32,s2.267718,s3.053026,s343.395012
167_33,s-1.264801,s1.660045,s59.268311
167_34,s-0.583267,s2.561394,s291.000157
167_35,s-0.802528,s-2.577331,s133.088201
167_36,s2.679804,s-1.264961,s148.537101
167_37,s-2.761869,s3.273978,s47.221683
167_38,s-1.842167,s2.551213,s147.423080
167_39,s0.719895,s3.290522,s120.717754
167_40,s2.347117,s0.354229,s49.497021
167_41,s-2.162697,s-1.853589,s256.204223
167_42,s-2.801118,s0.542424,s213.061353
167_43,s0.852577,s-2.426926,s169.968944
167_44,s-3.089800,s-0.200029,s135.277051
167_45,s-2.566425,s-2.354534,s30.691969
167_46,s1.732795,s-2.383767,s10.673947
167_47,s0.739804,s2.084995,s97.264305
167_48,s-1.508838,s-2.552899,s285.951004
167_49,s2.781815,s-0.597419,s300.033595
167_50,s0.564949,s-2.780917,s105.721938
167_51,s2.637943,s1.506143,s340.432562
167_52,s1.119852,s2.163493,s225.409864
167_53,s-0.897037,s3.182379,s121.587701
167_54,s2.852126,s1.784109,s66.445577
167_55,s-1.001901,s-2.876284,s144.420815
167_56,s2.276773,s-2.369871,s287.414595
167_57,s2.671967,s-0.093399,s-4.296230
167_58,s-3.139230,s-1.228301,s235.131160
167_59,s1.888843,s-2.863639,s77.988667
167_60,s0.597741,s-3.747210,s256.773629
167_61,s3.173074,s-2.532445,s294.156845
167_62,s-0.592788,s3.626374,s205.239814
167_63,s0.055659,s-3.080638,s284.504310
167_64,s-1.382933,s-3.239793,s192.901967
167_65,s-2.940616,s2.263694,s309.719215
167_66,s3.732008,s0.218384,s69.586775
167_67,s1.557482,s-3.611294,s288.457749
167_68,s-2.070860,s-2.672300,s224.573324
167_69,s-3.365769,s0.800349,s163.173966
167_70,s2.666274,s-2.375459,s191.421638
167_71,s-4.027587,s-1.467679,s168.923588
167_72,s-3.000386,s-2.262150,s131.424713
167_73,s-1.225008,s-4.482761,s93.720917
167_74,s-3.673227,s-0.041834,s213.517045
167_75,s2.220308,s-3.540223,s290.568544
167_76,s0.375940,s4.112713,s214.937943
167_77,s-3.898729,s-0.850557,s217.451723
167_78,s-3.147975,s-3.562682,s330.992625
167_79,s3.751735,s-0.681086,s1.103680
167_80,s4.624813,s0.899439,s279.060331
167_81,s-1.313217,s4.039811,s331.001522
167_82,s2.496104,s2.770772,s225.133176
167_83,s-3.721726,s-2.221937,s338.367189
167_84,s-4.607719,s2.791812,s272.594774
167_85,s1.269548,s4.030459,s254.953416
167_86,s-3.088840,s2.706591,s55.629224
167_87,s-4.087024,s0.356784,s3.321052
167_88,s-0.338940,s4.007961,s306.768189
167_89,s-0.763006,s-3.819398,s170.777953
167_90,s3.734297,s-1.565672,s82.421867
167_91,s3.035824,s-3.306453,s98.853834
167_92,s4.357462,s-0.885144,s333.290094
167_93,s1.719370,s-4.088801,s326.160755
167_94,s-2.219218,s3.075068,s288.682407
167_95,s2.956508,s0.925821,s317.216393
167_96,s4.263289,s-1.486715,s228.775424
167_97,s3.281142,s2.713421,s258.777579
167_98,s-0.758490,s3.879281,s117.445652
167_99,s0.114364,s-4.362170,s-5.015997
167_100,s2.056941,s3.849596,s285.078518
167_101,s-2.239321,s-3.612014,s257.935901
167_102,s-4.663466,s-0.585628,s204.800983
167_103,s3.481174,s3.416078,s237.112066
167_104,s4.328786,s-3.005417,s204.667134
167_105,s-1.587211,s4.625245,s109.136252
167_106,s-2.305277,s3.881081,s289.859782
167_107,s-0.582039,s-4.787006,s-12.163370
167_108,s5.120834,s0.086449,s193.061376
167_109,s4.079556,s0.926735,s217.248228
167_110,s2.644061,s4.572630,s300.654186
167_111,s-4.676062,s0.749665,s195.935993
167_112,s-3.702557,s-3.429071,s117.445652
167_113,s4.718042,s3.287996,s-9.487675
167_114,s4.252213,s-2.135946,s217.230624
167_115,s1.117402,s-5.242488,s212.300049
167_116,s4.731106,s-1.586423,s99.130320
167_117,s-5.218431,s-0.799522,s128.821711
167_118,s1.259872,s4.437818,s325.489942
167_119,s-5.146792,s-1.787008,s309.231132
167_120,s0.932273,s-4.543896,s170.930643
167_121,s2.397995,s-4.324063,s299.744854
167_122,s-3.721377,s-2.681920,s136.712649
167_123,s-3.964491,s1.871209,s30.829508
167_124,s-0.177927,s4.640637,s328.966594
167_125,s4.268012,s-4.676103,s146.577605
167_126,s-2.471860,s4.675225,s32.254416
167_127,s4.529498,s1.471304,s67.715720
167_128,s2.114555,s5.089058,s169.412154
167_129,s-2.536510,s-4.370869,s67.518001
167_130,s4.573009,s2.129556,s95.867750
167_131,s0.408331,s4.630541,s287.158315
167_132,s-1.013079,s-4.971515,s171.702940
167_133,s-5.193256,s0.265826,s228.200492
167_134,s-4.825879,s2.079059,s111.074236
167_135,s5.259760,s0.545459,s260.047707
167_136,s3.589061,s-3.027672,s215.564354
167_137,s-1.497670,s-5.122723,s78.756823
167_138,s1.858119,s-4.474083,s211.116984
167_139,s-0.275567,s-5.174912,s216.382384
167_140,s2.881992,s3.610890,s298.107152
167_141,s0.414353,s-5.733647,s246.108961
167_142,s-3.608221,s3.497443,s104.345898
167_143,s5.708014,s-0.407045,s205.224510
167_144,s-4.634664,s-3.606313,s71.066360
167_145,s-3.682529,s3.970039,s65.922620
167_146,s5.128338,s2.543480,s221.664071
167_147,s-3.097028,s-4.722685,s199.221008
167_148,s-4.597302,s-2.349482,s200.489751
167_149,s-1.686158,s5.344046,s293.235668
167_150,s0.713377,s5.140676,s375.507787
167_151,s-4.684147,s1.488620,s157.692667
167_152,s-0.604702,s5.703234,s144.743293
167_153,s3.745009,s3.962971,s210.820749
167_154,s5.318996,s-1.291073,s180.180539
167_155,s-5.266943,s-2.550911,s64.641199
167_156,s-5.308532,s1.214721,s144.887677
167_157,s3.117701,s-4.967039,s3.121977
167_158,s-5.218265,s2.678387,s41.914153
167_159,s1.745158,s5.553117,s96.561943
167_160,s4.839932,s-2.146050,s242.891918
167_161,s-3.714542,s-4.836383,s210.645028
167_162,s-5.608531,s-0.019673,s154.926935
167_163,s-3.559996,s4.386074,s293.953601
167_164,s-4.715048,s3.707543,s113.319618
167_165,s2.690100,s5.081680,s343.332346
167_166,s3.705758,s4.344129,s286.577882
168_0,s-0.502968,s0.254997,s222.859483
168_1,s0.375263,s-0.048300,s32.461180
168_2,s0.304365,s0.545589,s134.486915
168_3,s-0.182838,s1.072807,s132.957627
168_4,s1.325964,s-0.695237,s72.872110
168_5,s-1.039947,s0.119729,s198.709359
168_6,s0.321354,s1.209870,s0.906503
168_7,s-1.220211,s-1.167194,s309.103649
168_8,s1.426924,s-0.059935,s327.854022
168_9,s-0.249173,s-0.438276,s158.415979
168_10,s1.022829,s0.376735,s147.181538
168_11,s0.628878,s-0.937598,s32.109014
168_12,s-1.715961,s1.232175,s64.267139
168_13,s0.025029,s-1.080439,s118.591172
168_14,s2.052574,s-1.417554,s15.143612
168_15,s-2.075787,s-0.245204,s12.852585
168_16,s-2.529802,s1.338095,s140.617159
168_17,s0.577241,s1.648483,s60.101240
168_18,s1.207924,s-1.997481,s29.728488
168_19,s1.340606,s1.286846,s291.630056
168_20,s2.208357,s-0.227089,s199.056553
168_21,s-1.484084,s0.550882,s312.216757
168_22,s-1.810809,s-1.214965,s328.047693
168_23,s1.830270,s1.799627,s335.163986
168_24,s-0.282846,s1.964502,s74.259728
168_25,s0.539730,s-1.725749,s68.985208
168_26,s1.547451,s0.646325,s306.872606
168_27,s-0.687710,s-1.870119,s242.689973
168_28,s0.154104,s2.214652,s33.209249
168_29,s-2.189727,s-0.736317,s157.381172
168_30,s1.727598,s2.800029,s90.439020
168_31,s-1.126947,s-2.072204,s292.188275
168_32,s2.267718,s3.053026,s343.395012
168_33,s-1.264801,s1.660045,s59.268311
168_34,s-0.583267,s2.561394,s291.000157
168_35,s-0.802528,s-2.577331,s133.088201
168_36,s2.679804,s-1.264961,s148.537101
168_37,s-2.761869,s3.273978,s47.221683
168_38,s-1.842167,s2.551213,s147.423080
168_39,s0.719895,s3.290522,s120.717754
168_40,s2.347117,s0.354229,s49.497021
168_41,s-2.162697,s-1.853589,s256.204223
168_42,s-2.801118,s0.542424,s213.061353
168_43,s0.852577,s-2.426926,s169.968944
168_44,s-3.089800,s-0.200029,s135.277051
168_45,s-2.566425,s-2.354534,s30.691969
168_46,s1.732795,s-2.383767,s10.673947
168_47,s0.739804,s2.084995,s97.264305
168_48,s-1.508838,s-2.552899,s285.951004
168_49,s2.781815,s-0.597419,s300.033595
168_50,s0.564949,s-2.780917,s105.721938
168_51,s2.637943,s1.506143,s340.432562
168_52,s1.119852,s2.163493,s225.409864
168_53,s-0.897037,s3.182379,s121.587701
168_54,s2.852126,s1.784109,s66.445577
168_55,s-1.001901,s-2.876284,s144.420815
168_56,s2.276773,s-2.369871,s287.414595
168_57,s2.671967,s-0.093399,s-4.296230
168_58,s-3.139230,s-1.228301,s235.131160
168_59,s1.888843,s-2.863639,s77.988667
168_60,s0.597741,s-3.747210,s256.773629
168_61,s3.173074,s-2.532445,s294.156845
168_62,s-0.592788,s3.626374,s205.239814
168_63,s0.055659,s-3.080638,s284.504310
168_64,s-1.382933,s-3.239793,s192.901967
168_65,s-2.940616,s2.263694,s309.719215
168_66,s3.732008,s0.218384,s69.586775
168_67,s1.557482,s-3.611294,s288.457749
168_68,s-2.070860,s-2.672300,s224.573324
168_69,s-3.365769,s0.800349,s163.173966
168_70,s2.666274,s-2.375459,s191.421638
168_71,s-4.027587,s-1.467679,s168.923588
168_72,s-3.000386,s-2.262150,s131.424713
168_73,s-1.225008,s-4.482761,s93.720917
168_74,s-3.673227,s-0.041834,s213.517045
168_75,s2.220308,s-3.540223,s290.568544
168_76,s0.375940,s4.112713,s214.937943
168_77,s-3.898729,s-0.850557,s217.451723
168_78,s-3.147975,s-3.562682,s330.992625
168_79,s3.751735,s-0.681086,s1.103680
168_80,s4.624813,s0.899439,s279.060331
168_81,s-1.313217,s4.039811,s331.001522
168_82,s2.496104,s2.770772,s225.133176
168_83,s-3.721726,s-2.221937,s338.367189
168_84,s-4.607719,s2.791812,s272.594774
168_85,s1.269548,s4.030459,s254.953416
168_86,s-3.088840,s2.706591,s55.629224
168_87,s-4.087024,s0.356784,s3.321052
168_88,s-0.338940,s4.007961,s306.768189
168_89,s-0.763006,s-3.819398,s170.777953
168_90,s3.734297,s-1.565672,s82.421867
168_91,s3.035824,s-3.306453,s98.853834
168_92,s4.357462,s-0.885144,s333.290094
168_93,s1.719370,s-4.088801,s326.160755
168_94,s-2.219218,s3.075068,s288.682407
168_95,s2.956508,s0.925821,s317.216393
168_96,s4.263289,s-1.486715,s228.775424
168_97,s3.281142,s2.713421,s258.777579
168_98,s-0.758490,s3.879281,s117.445652
168_99,s0.114364,s-4.362170,s-5.015997
168_100,s2.056941,s3.849596,s285.078518
168_101,s-2.239321,s-3.612014,s257.935901
168_102,s-4.663466,s-0.585628,s204.800983
168_103,s3.481174,s3.416078,s237.112066
168_104,s4.328786,s-3.005417,s204.667134
168_105,s-1.587211,s4.625245,s109.136252
168_106,s-2.305277,s3.881081,s289.859782
168_107,s-0.582039,s-4.787006,s-12.163370
168_108,s5.120834,s0.086449,s193.061376
168_109,s4.079556,s0.926735,s217.248228
168_110,s2.644061,s4.572630,s300.654186
168_111,s-4.676062,s0.749665,s195.935993
168_112,s-3.702557,s-3.429071,s117.445652
168_113,s4.718042,s3.287996,s-9.487675
168_114,s4.252213,s-2.135946,s217.230624
168_115,s1.117402,s-5.242488,s212.300049
168_116,s4.731106,s-1.586423,s99.130320
168_117,s-5.218431,s-0.799522,s128.821711
168_118,s1.259872,s4.437818,s325.489942
168_119,s-5.146792,s-1.787008,s309.231132
168_120,s0.932273,s-4.543896,s170.930643
168_121,s2.397995,s-4.324063,s299.744854
168_122,s-3.721377,s-2.681920,s136.712649
168_123,s-3.964491,s1.871209,s30.829508
168_124,s-0.177927,s4.640637,s328.966594
168_125,s4.268012,s-4.676103,s146.577605
168_126,s-2.471860,s4.675225,s32.254416
168_127,s4.529498,s1.471304,s67.715720
168_128,s2.114555,s5.089058,s169.412154
168_129,s-2.536510,s-4.370869,s67.518001
168_130,s4.573009,s2.129556,s95.867750
168_131,s0.408331,s4.630541,s287.158315
168_132,s-1.013079,s-4.971515,s171.702940
168_133,s-5.193256,s0.265826,s228.200492
168_134,s-4.825879,s2.079059,s111.074236
168_135,s5.259760,s0.545459,s260.047707
168_136,s3.589061,s-3.027672,s215.564354
168_137,s-1.497670,s-5.122723,s78.756823
168_138,s1.858119,s-4.474083,s211.116984
168_139,s-0.275567,s-5.174912,s216.382384
168_140,s2.881992,s3.610890,s298.107152
168_141,s0.414353,s-5.733647,s246.108961
168_142,s-3.608221,s3.497443,s104.345898
168_143,s5.708014,s-0.407045,s205.224510
168_144,s-4.634664,s-3.606313,s71.066360
168_145,s-3.682529,s3.970039,s65.922620
168_146,s5.128338,s2.543480,s221.664071
168_147,s-3.097028,s-4.722685,s199.221008
168_148,s-4.597302,s-2.349482,s200.489751
168_149,s-1.686158,s5.344046,s293.235668
168_150,s0.713377,s5.140676,s375.507787
168_151,s-4.684147,s1.488620,s157.692667
168_152,s-0.604702,s5.703234,s144.743293
168_153,s3.745009,s3.962971,s210.820749
168_154,s5.318996,s-1.291073,s180.180539
168_155,s-5.266943,s-2.550911,s64.641199
168_156,s-5.308532,s1.214721,s144.887677
168_157,s3.117701,s-4.967039,s3.121977
168_158,s-5.218265,s2.678387,s41.914153
168_159,s1.745158,s5.553117,s96.561943
168_160,s4.839932,s-2.146050,s242.891918
168_161,s-3.714542,s-4.836383,s210.645028
168_162,s-5.608531,s-0.019673,s154.926935
168_163,s-3.559996,s4.386074,s293.953601
168_164,s-4.715048,s3.707543,s113.319618
168_165,s2.690100,s5.081680,s343.332346
168_166,s3.705758,s4.344129,s286.577882
168_167,s1.659421,s-5.107173,s233.093521
169_0,s-0.502968,s0.254997,s222.859483
169_1,s0.375263,s-0.048300,s32.461180
169_2,s0.304365,s0.545589,s134.486915
169_3,s-0.182838,s1.072807,s132.957627
169_4,s1.325964,s-0.695237,s72.872110
169_5,s-1.039947,s0.119729,s198.709359
169_6,s0.321354,s1.209870,s0.906503
169_7,s-1.220211,s-1.167194,s309.103649
169_8,s1.426924,s-0.059935,s327.854022
169_9,s-0.249173,s-0.438276,s158.415979
169_10,s1.022829,s0.376735,s147.181538
169_11,s0.628878,s-0.937598,s32.109014
169_12,s-1.715961,s1.232175,s64.267139
169_13,s0.025029,s-1.080439,s118.591172
169_14,s2.052574,s-1.417554,s15.143612
169_15,s-2.075787,s-0.245204,s12.852585
169_16,s-2.529802,s1.338095,s140.617159
169_17,s0.577241,s1.648483,s60.101240
169_18,s1.207924,s-1.997481,s29.728488
169_19,s1.340606,s1.286846,s291.630056
169_20,s2.208357,s-0.227089,s199.056553
169_21,s-1.484084,s0.550882,s312.216757
169_22,s-1.810809,s-1.214965,s328.047693
169_23,s1.830270,s1.799627,s335.163986
169_24,s-0.282846,s1.964502,s74.259728
169_25,s0.539730,s-1.725749,s68.985208
169_26,s1.547451,s0.646325,s306.872606
169_27,s-0.687710,s-1.870119,s242.689973
169_28,s0.154104,s2.214652,s33.209249
169_29,s-2.189727,s-0.736317,s157.381172
169_30,s1.727598,s2.800029,s90.439020
169_31,s-1.126947,s-2.072204,s292.188275
169_32,s2.267718,s3.053026,s343.395012
169_33,s-1.264801,s1.660045,s59.268311
169_34,s-0.583267,s2.561394,s291.000157
169_35,s-0.802528,s-2.577331,s133.088201
169_36,s2.679804,s-1.264961,s148.537101
169_37,s-2.761869,s3.273978,s47.221683
169_38,s-1.842167,s2.551213,s147.423080
169_39,s0.719895,s3.290522,s120.717754
169_40,s2.347117,s0.354229,s49.497021
169_41,s-2.162697,s-1.853589,s256.204223
169_42,s-2.801118,s0.542424,s213.061353
169_43,s0.852577,s-2.426926,s169.968944
169_44,s-3.089800,s-0.200029,s135.277051
169_45,s-2.566425,s-2.354534,s30.691969
169_46,s1.732795,s-2.383767,s10.673947
169_47,s0.739804,s2.084995,s97.264305
169_48,s-1.508838,s-2.552899,s285.951004
169_49,s2.781815,s-0.597419,s300.033595
169_50,s0.564949,s-2.780917,s105.721938
169_51,s2.637943,s1.506143,s340.432562
169_52,s1.119852,s2.163493,s225.409864
169_53,s-0.897037,s3.182379,s121.587701
169_54,s2.852126,s1.784109,s66.445577
169_55,s-1.001901,s-2.876284,s144.420815
169_56,s2.276773,s-2.369871,s287.414595
169_57,s2.671967,s-0.093399,s-4.296230
169_58,s-3.139230,s-1.228301,s235.131160
169_59,s1.888843,s-2.863639,s77.988667
169_60,s0.597741,s-3.747210,s256.773629
169_61,s3.173074,s-2.532445,s294.156845
169_62,s-0.592788,s3.626374,s205.239814
169_63,s0.055659,s-3.080638,s284.504310
169_64,s-1.382933,s-3.239793,s192.901967
169_65,s-2.940616,s2.263694,s309.719215
169_66,s3.732008,s0.218384,s69.586775
169_67,s1.557482,s-3.611294,s288.457749
169_68,s-2.070860,s-2.672300,s224.573324
169_69,s-3.365769,s0.800349,s163.173966
169_70,s2.666274,s-2.375459,s191.421638
169_71,s-4.027587,s-1.467679,s168.923588
169_72,s-3.000386,s-2.262150,s131.424713
169_73,s-1.225008,s-4.482761,s93.720917
169_74,s-3.673227,s-0.041834,s213.517045
169_75,s2.220308,s-3.540223,s290.568544
169_76,s0.375940,s4.112713,s214.937943
169_77,s-3.898729,s-0.850557,s217.451723
169_78,s-3.147975,s-3.562682,s330.992625
169_79,s3.751735,s-0.681086,s1.103680
169_80,s4.624813,s0.899439,s279.060331
169_81,s-1.313217,s4.039811,s331.001522
169_82,s2.496104,s2.770772,s225.133176
169_83,s-3.721726,s-2.221937,s338.367189
169_84,s-4.607719,s2.791812,s272.594774
169_85,s1.269548,s4.030459,s254.953416
169_86,s-3.088840,s2.706591,s55.629224
169_87,s-4.087024,s0.356784,s3.321052
169_88,s-0.338940,s4.007961,s306.768189
169_89,s-0.763006,s-3.819398,s170.777953
169_90,s3.734297,s-1.565672,s82.421867
169_91,s3.035824,s-3.306453,s98.853834
169_92,s4.357462,s-0.885144,s333.290094
169_93,s1.719370,s-4.088801,s326.160755
169_94,s-2.219218,s3.075068,s288.682407
169_95,s2.956508,s0.925821,s317.216393
169_96,s4.263289,s-1.486715,s228.775424
169_97,s3.281142,s2.713421,s258.777579
169_98,s-0.758490,s3.879281,s117.445652
169_99,s0.114364,s-4.362170,s-5.015997
169_100,s2.056941,s3.849596,s285.078518
169_101,s-2.239321,s-3.612014,s257.935901
169_102,s-4.663466,s-0.585628,s204.800983
169_103,s3.481174,s3.416078,s237.112066
169_104,s4.328786,s-3.005417,s204.667134
169_105,s-1.587211,s4.625245,s109.136252
169_106,s-2.305277,s3.881081,s289.859782
169_107,s-0.582039,s-4.787006,s-12.163370
169_108,s5.120834,s0.086449,s193.061376
169_109,s4.079556,s0.926735,s217.248228
169_110,s2.644061,s4.572630,s300.654186
169_111,s-4.676062,s0.749665,s195.935993
169_112,s-3.702557,s-3.429071,s117.445652
169_113,s4.718042,s3.287996,s-9.487675
169_114,s4.252213,s-2.135946,s217.230624
169_115,s1.117402,s-5.242488,s212.300049
169_116,s4.731106,s-1.586423,s99.130320
169_117,s-5.218431,s-0.799522,s128.821711
169_118,s1.259872,s4.437818,s325.489942
169_119,s-5.146792,s-1.787008,s309.231132
169_120,s0.932273,s-4.543896,s170.930643
169_121,s2.397995,s-4.324063,s299.744854
169_122,s-3.721377,s-2.681920,s136.712649
169_123,s-3.964491,s1.871209,s30.829508
169_124,s-0.177927,s4.640637,s328.966594
169_125,s4.268012,s-4.676103,s146.577605
169_126,s-2.471860,s4.675225,s32.254416
169_127,s4.529498,s1.471304,s67.715720
169_128,s2.114555,s5.089058,s169.412154
169_129,s-2.536510,s-4.370869,s67.518001
169_130,s4.573009,s2.129556,s95.867750
169_131,s0.408331,s4.630541,s287.158315
169_132,s-1.013079,s-4.971515,s171.702940
169_133,s-5.193256,s0.265826,s228.200492
169_134,s-4.825879,s2.079059,s111.074236
169_135,s5.259760,s0.545459,s260.047707
169_136,s3.589061,s-3.027672,s215.564354
169_137,s-1.497670,s-5.122723,s78.756823
169_138,s1.858119,s-4.474083,s211.116984
169_139,s-0.275567,s-5.174912,s216.382384
169_140,s2.881992,s3.610890,s298.107152
169_141,s0.414353,s-5.733647,s246.108961
169_142,s-3.608221,s3.497443,s104.345898
169_143,s5.708014,s-0.407045,s205.224510
169_144,s-4.634664,s-3.606313,s71.066360
169_145,s-3.682529,s3.970039,s65.922620
169_146,s5.128338,s2.543480,s221.664071
169_147,s-3.097028,s-4.722685,s199.221008
169_148,s-4.597302,s-2.349482,s200.489751
169_149,s-1.686158,s5.344046,s293.235668
169_150,s0.713377,s5.140676,s375.507787
169_151,s-4.684147,s1.488620,s157.692667
169_152,s-0.604702,s5.703234,s144.743293
169_153,s3.745009,s3.962971,s210.820749
169_154,s5.318996,s-1.291073,s180.180539
169_155,s-5.266943,s-2.550911,s64.641199
169_156,s-5.308532,s1.214721,s144.887677
169_157,s3.117701,s-4.967039,s3.121977
169_158,s-5.218265,s2.678387,s41.914153
169_159,s1.745158,s5.553117,s96.561943
169_160,s4.839932,s-2.146050,s242.891918
169_161,s-3.714542,s-4.836383,s210.645028
169_162,s-5.608531,s-0.019673,s154.926935
169_163,s-3.559996,s4.386074,s293.953601
169_164,s-4.715048,s3.707543,s113.319618
169_165,s2.690100,s5.081680,s343.332346
169_166,s3.705758,s4.344129,s286.577882
169_167,s1.659421,s-5.107173,s233.093521
169_168,s5.679174,s0.931133,s339.311527
170_0,s-0.502968,s0.254997,s222.859483
170_1,s0.375263,s-0.048300,s32.461180
170_2,s0.304365,s0.545589,s134.486915
170_3,s-0.182838,s1.072807,s132.957627
170_4,s1.325964,s-0.695237,s72.872110
170_5,s-1.039947,s0.119729,s198.709359
170_6,s0.321354,s1.209870,s0.906503
170_7,s-1.220211,s-1.167194,s309.103649
170_8,s1.426924,s-0.059935,s327.854022
170_9,s-0.249173,s-0.438276,s158.415979
170_10,s1.022829,s0.376735,s147.181538
170_11,s0.628878,s-0.937598,s32.109014
170_12,s-1.715961,s1.232175,s64.267139
170_13,s0.025029,s-1.080439,s118.591172
170_14,s2.052574,s-1.417554,s15.143612
170_15,s-2.075787,s-0.245204,s12.852585
170_16,s-2.529802,s1.338095,s140.617159
170_17,s0.577241,s1.648483,s60.101240
170_18,s1.207924,s-1.997481,s29.728488
170_19,s1.340606,s1.286846,s291.630056
170_20,s2.208357,s-0.227089,s199.056553
170_21,s-1.484084,s0.550882,s312.216757
170_22,s-1.810809,s-1.214965,s328.047693
170_23,s1.830270,s1.799627,s335.163986
170_24,s-0.282846,s1.964502,s74.259728
170_25,s0.539730,s-1.725749,s68.985208
170_26,s1.547451,s0.646325,s306.872606
170_27,s-0.687710,s-1.870119,s242.689973
170_28,s0.154104,s2.214652,s33.209249
170_29,s-2.189727,s-0.736317,s157.381172
170_30,s1.727598,s2.800029,s90.439020
170_31,s-1.126947,s-2.072204,s292.188275
170_32,s2.267718,s3.053026,s343.395012
170_33,s-1.264801,s1.660045,s59.268311
170_34,s-0.583267,s2.561394,s291.000157
170_35,s-0.802528,s-2.577331,s133.088201
170_36,s2.679804,s-1.264961,s148.537101
170_37,s-2.761869,s3.273978,s47.221683
170_38,s-1.842167,s2.551213,s147.423080
170_39,s0.719895,s3.290522,s120.717754
170_40,s2.347117,s0.354229,s49.497021
170_41,s-2.162697,s-1.853589,s256.204223
170_42,s-2.801118,s0.542424,s213.061353
170_43,s0.852577,s-2.426926,s169.968944
170_44,s-3.089800,s-0.200029,s135.277051
170_45,s-2.566425,s-2.354534,s30.691969
170_46,s1.732795,s-2.383767,s10.673947
170_47,s0.739804,s2.084995,s97.264305
170_48,s-1.508838,s-2.552899,s285.951004
170_49,s2.781815,s-0.597419,s300.033595
170_50,s0.564949,s-2.780917,s105.721938
170_51,s2.637943,s1.506143,s340.432562
170_52,s1.119852,s2.163493,s225.409864
170_53,s-0.897037,s3.182379,s121.587701
170_54,s2.852126,s1.784109,s66.445577
170_55,s-1.001901,s-2.876284,s144.420815
170_56,s2.276773,s-2.369871,s287.414595
170_57,s2.671967,s-0.093399,s-4.296230
170_58,s-3.139230,s-1.228301,s235.131160
170_59,s1.888843,s-2.863639,s77.988667
170_60,s0.597741,s-3.747210,s256.773629
170_61,s3.173074,s-2.532445,s294.156845
170_62,s-0.592788,s3.626374,s205.239814
170_63,s0.055659,s-3.080638,s284.504310
170_64,s-1.382933,s-3.239793,s192.901967
170_65,s-2.940616,s2.263694,s309.719215
170_66,s3.732008,s0.218384,s69.586775
170_67,s1.557482,s-3.611294,s288.457749
170_68,s-2.070860,s-2.672300,s224.573324
170_69,s-3.365769,s0.800349,s163.173966
170_70,s2.666274,s-2.375459,s191.421638
170_71,s-4.027587,s-1.467679,s168.923588
170_72,s-3.000386,s-2.262150,s131.424713
170_73,s-1.225008,s-4.482761,s93.720917
170_74,s-3.673227,s-0.041834,s213.517045
170_75,s2.220308,s-3.540223,s290.568544
170_76,s0.375940,s4.112713,s214.937943
170_77,s-3.898729,s-0.850557,s217.451723
170_78,s-3.147975,s-3.562682,s330.992625
170_79,s3.751735,s-0.681086,s1.103680
170_80,s4.624813,s0.899439,s279.060331
170_81,s-1.313217,s4.039811,s331.001522
170_82,s2.496104,s2.770772,s225.133176
170_83,s-3.721726,s-2.221937,s338.367189
170_84,s-4.607719,s2.791812,s272.594774
170_85,s1.269548,s4.030459,s254.953416
170_86,s-3.088840,s2.706591,s55.629224
170_87,s-4.087024,s0.356784,s3.321052
170_88,s-0.338940,s4.007961,s306.768189
170_89,s-0.763006,s-3.819398,s170.777953
170_90,s3.734297,s-1.565672,s82.421867
170_91,s3.035824,s-3.306453,s98.853834
170_92,s4.357462,s-0.885144,s333.290094
170_93,s1.719370,s-4.088801,s326.160755
170_94,s-2.219218,s3.075068,s288.682407
170_95,s2.956508,s0.925821,s317.216393
170_96,s4.263289,s-1.486715,s228.775424
170_97,s3.281142,s2.713421,s258.777579
170_98,s-0.758490,s3.879281,s117.445652
170_99,s0.114364,s-4.362170,s-5.015997
170_100,s2.056941,s3.849596,s285.078518
170_101,s-2.239321,s-3.612014,s257.935901
170_102,s-4.663466,s-0.585628,s204.800983
170_103,s3.481174,s3.416078,s237.112066
170_104,s4.328786,s-3.005417,s204.667134
170_105,s-1.587211,s4.625245,s109.136252
170_106,s-2.305277,s3.881081,s289.859782
170_107,s-0.582039,s-4.787006,s-12.163370
170_108,s5.120834,s0.086449,s193.061376
170_109,s4.079556,s0.926735,s217.248228
170_110,s2.644061,s4.572630,s300.654186
170_111,s-4.676062,s0.749665,s195.935993
170_112,s-3.702557,s-3.429071,s117.445652
170_113,s4.718042,s3.287996,s-9.487675
170_114,s4.252213,s-2.135946,s217.230624
170_115,s1.117402,s-5.242488,s212.300049
170_116,s4.731106,s-1.586423,s99.130320
170_117,s-5.218431,s-0.799522,s128.821711
170_118,s1.259872,s4.437818,s325.489942
170_119,s-5.146792,s-1.787008,s309.231132
170_120,s0.932273,s-4.543896,s170.930643
170_121,s2.397995,s-4.324063,s299.744854
170_122,s-3.721377,s-2.681920,s136.712649
170_123,s-3.964491,s1.871209,s30.829508
170_124,s-0.177927,s4.640637,s328.966594
170_125,s4.268012,s-4.676103,s146.577605
170_126,s-2.471860,s4.675225,s32.254416
170_127,s4.529498,s1.471304,s67.715720
170_128,s2.114555,s5.089058,s169.412154
170_129,s-2.536510,s-4.370869,s67.518001
170_130,s4.573009,s2.129556,s95.867750
170_131,s0.408331,s4.630541,s287.158315
170_132,s-1.013079,s-4.971515,s171.702940
170_133,s-5.193256,s0.265826,s228.200492
170_134,s-4.825879,s2.079059,s111.074236
170_135,s5.259760,s0.545459,s260.047707
170_136,s3.589061,s-3.027672,s215.564354
170_137,s-1.497670,s-5.122723,s78.756823
170_138,s1.858119,s-4.474083,s211.116984
170_139,s-0.275567,s-5.174912,s216.382384
170_140,s2.881992,s3.610890,s298.107152
170_141,s0.414353,s-5.733647,s246.108961
170_142,s-3.608221,s3.497443,s104.345898
170_143,s5.708014,s-0.407045,s205.224510
170_144,s-4.634664,s-3.606313,s71.066360
170_145,s-3.682529,s3.970039,s65.922620
170_146,s5.128338,s2.543480,s221.664071
170_147,s-3.097028,s-4.722685,s199.221008
170_148,s-4.597302,s-2.349482,s200.489751
170_149,s-1.686158,s5.344046,s293.235668
170_150,s0.713377,s5.140676,s375.507787
170_151,s-4.684147,s1.488620,s157.692667
170_152,s-0.604702,s5.703234,s144.743293
170_153,s3.745009,s3.962971,s210.820749
170_154,s5.318996,s-1.291073,s180.180539
170_155,s-5.266943,s-2.550911,s64.641199
170_156,s-5.308532,s1.214721,s144.887677
170_157,s3.117701,s-4.967039,s3.121977
170_158,s-5.218265,s2.678387,s41.914153
170_159,s1.745158,s5.553117,s96.561943
170_160,s4.839932,s-2.146050,s242.891918
170_161,s-3.714542,s-4.836383,s210.645028
170_162,s-5.608531,s-0.019673,s154.926935
170_163,s-3.559996,s4.386074,s293.953601
170_164,s-4.715048,s3.707543,s113.319618
170_165,s2.690100,s5.081680,s343.332346
170_166,s3.705758,s4.344129,s286.577882
170_167,s1.659421,s-5.107173,s233.093521
170_168,s5.679174,s0.931133,s339.311527
170_169,s-1.790753,s-5.511373,s116.053634
171_0,s-0.502968,s0.254997,s222.859483
171_1,s0.375263,s-0.048300,s32.461180
171_2,s0.304365,s0.545589,s134.486915
171_3,s-0.182838,s1.072807,s132.957627
171_4,s1.325964,s-0.695237,s72.872110
171_5,s-1.039947,s0.119729,s198.709359
171_6,s0.321354,s1.209870,s0.906503
171_7,s-1.220211,s-1.167194,s309.103649
171_8,s1.426924,s-0.059935,s327.854022
171_9,s-0.249173,s-0.438276,s158.415979
171_10,s1.022829,s0.376735,s147.181538
171_11,s0.628878,s-0.937598,s32.109014
171_12,s-1.715961,s1.232175,s64.267139
171_13,s0.025029,s-1.080439,s118.591172
171_14,s2.052574,s-1.417554,s15.143612
171_15,s-2.075787,s-0.245204,s12.852585
171_16,s-2.529802,s1.338095,s140.617159
171_17,s0.577241,s1.648483,s60.101240
171_18,s1.207924,s-1.997481,s29.728488
171_19,s1.340606,s1.286846,s291.630056
171_20,s2.208357,s-0.227089,s199.056553
171_21,s-1.484084,s0.550882,s312.216757
171_22,s-1.810809,s-1.214965,s328.047693
171_23,s1.830270,s1.799627,s335.163986
171_24,s-0.282846,s1.964502,s74.259728
171_25,s0.539730,s-1.725749,s68.985208
171_26,s1.547451,s0.646325,s306.872606
171_27,s-0.687710,s-1.870119,s242.689973
171_28,s0.154104,s2.214652,s33.209249
171_29,s-2.189727,s-0.736317,s157.381172
171_30,s1.727598,s2.800029,s90.439020
171_31,s-1.126947,s-2.072204,s292.188275
171_32,s2.267718,s3.053026,s343.395012
171_33,s-1.264801,s1.660045,s59.268311
171_34,s-0.583267,s2.561394,s291.000157
171_35,s-0.802528,s-2.577331,s133.088201
171_36,s2.679804,s-1.264961,s148.537101
171_37,s-2.761869,s3.273978,s47.221683
171_38,s-1.842167,s2.551213,s147.423080
171_39,s0.719895,s3.290522,s120.717754
171_40,s2.347117,s0.354229,s49.497021
171_41,s-2.162697,s-1.853589,s256.204223
171_42,s-2.801118,s0.542424,s213.061353
171_43,s0.852577,s-2.426926,s169.968944
171_44,s-3.089800,s-0.200029,s135.277051
171_45,s-2.566425,s-2.354534,s30.691969
171_46,s1.732795,s-2.383767,s10.673947
171_47,s0.739804,s2.084995,s97.264305
171_48,s-1.508838,s-2.552899,s285.951004
171_49,s2.781815,s-0.597419,s300.033595
171_50,s0.564949,s-2.780917,s105.721938
171_51,s2.637943,s1.506143,s340.432562
171_52,s1.119852,s2.163493,s225.409864
171_53,s-0.897037,s3.182379,s121.587701
171_54,s2.852126,s1.784109,s66.445577
171_55,s-1.001901,s-2.876284,s144.420815
171_56,s2.276773,s-2.369871,s287.414595
171_57,s2.671967,s-0.093399,s-4.296230
171_58,s-3.139230,s-1.228301,s235.131160
171_59,s1.888843,s-2.863639,s77.988667
171_60,s0.597741,s-3.747210,s256.773629
171_61,s3.173074,s-2.532445,s294.156845
171_62,s-0.592788,s3.626374,s205.239814
171_63,s0.055659,s-3.080638,s284.504310
171_64,s-1.382933,s-3.239793,s192.901967
171_65,s-2.940616,s2.263694,s309.719215
171_66,s3.732008,s0.218384,s69.586775
171_67,s1.557482,s-3.611294,s288.457749
171_68,s-2.070860,s-2.672300,s224.573324
171_69,s-3.365769,s0.800349,s163.173966
171_70,s2.666274,s-2.375459,s191.421638
171_71,s-4.027587,s-1.467679,s168.923588
171_72,s-3.000386,s-2.262150,s131.424713
171_73,s-1.225008,s-4.482761,s93.720917
171_74,s-3.673227,s-0.041834,s213.517045
171_75,s2.220308,s-3.540223,s290.568544
171_76,s0.375940,s4.112713,s214.937943
171_77,s-3.898729,s-0.850557,s217.451723
171_78,s-3.147975,s-3.562682,s330.992625
171_79,s3.751735,s-0.681086,s1.103680
171_80,s4.624813,s0.899439,s279.060331
171_81,s-1.313217,s4.039811,s331.001522
171_82,s2.496104,s2.770772,s225.133176
171_83,s-3.721726,s-2.221937,s338.367189
171_84,s-4.607719,s2.791812,s272.594774
171_85,s1.269548,s4.030459,s254.953416
171_86,s-3.088840,s2.706591,s55.629224
171_87,s-4.087024,s0.356784,s3.321052
171_88,s-0.338940,s4.007961,s306.768189
171_89,s-0.763006,s-3.819398,s170.777953
171_90,s3.734297,s-1.565672,s82.421867
171_91,s3.035824,s-3.306453,s98.853834
171_92,s4.357462,s-0.885144,s333.290094
171_93,s1.719370,s-4.088801,s326.160755
171_94,s-2.219218,s3.075068,s288.682407
171_95,s2.956508,s0.925821,s317.216393
171_96,s4.263289,s-1.486715,s228.775424
171_97,s3.281142,s2.713421,s258.777579
171_98,s-0.758490,s3.879281,s117.445652
171_99,s0.114364,s-4.362170,s-5.015997
171_100,s2.056941,s3.849596,s285.078518
171_101,s-2.239321,s-3.612014,s257.935901
171_102,s-4.663466,s-0.585628,s204.800983
171_103,s3.481174,s3.416078,s237.112066
171_104,s4.328786,s-3.005417,s204.667134
171_105,s-1.587211,s4.625245,s109.136252
171_106,s-2.305277,s3.881081,s289.859782
171_107,s-0.582039,s-4.787006,s-12.163370
171_108,s5.120834,s0.086449,s193.061376
171_109,s4.079556,s0.926735,s217.248228
171_110,s2.644061,s4.572630,s300.654186
171_111,s-4.676062,s0.749665,s195.935993
171_112,s-3.702557,s-3.429071,s117.445652
171_113,s4.718042,s3.287996,s-9.487675
171_114,s4.252213,s-2.135946,s217.230624
171_115,s1.117402,s-5.242488,s212.300049
171_116,s4.731106,s-1.586423,s99.130320
171_117,s-5.218431,s-0.799522,s128.821711
171_118,s1.259872,s4.437818,s325.489942
171_119,s-5.146792,s-1.787008,s309.231132
171_120,s0.932273,s-4.543896,s170.930643
171_121,s2.397995,s-4.324063,s299.744854
171_122,s-3.721377,s-2.681920,s136.712649
171_123,s-3.964491,s1.871209,s30.829508
171_124,s-0.177927,s4.640637,s328.966594
171_125,s4.268012,s-4.676103,s146.577605
171_126,s-2.471860,s4.675225,s32.254416
171_127,s4.529498,s1.471304,s67.715720
171_128,s2.114555,s5.089058,s169.412154
171_129,s-2.536510,s-4.370869,s67.518001
171_130,s4.573009,s2.129556,s95.867750
171_131,s0.408331,s4.630541,s287.158315
171_132,s-1.013079,s-4.971515,s171.702940
171_133,s-5.193256,s0.265826,s228.200492
171_134,s-4.825879,s2.079059,s111.074236
171_135,s5.259760,s0.545459,s260.047707
171_136,s3.589061,s-3.027672,s215.564354
171_137,s-1.497670,s-5.122723,s78.756823
171_138,s1.858119,s-4.474083,s211.116984
171_139,s-0.275567,s-5.174912,s216.382384
171_140,s2.881992,s3.610890,s298.107152
171_141,s0.414353,s-5.733647,s246.108961
171_142,s-3.608221,s3.497443,s104.345898
171_143,s5.708014,s-0.407045,s205.224510
171_144,s-4.634664,s-3.606313,s71.066360
171_145,s-3.682529,s3.970039,s65.922620
171_146,s5.128338,s2.543480,s221.664071
171_147,s-3.097028,s-4.722685,s199.221008
171_148,s-4.597302,s-2.349482,s200.489751
171_149,s-1.686158,s5.344046,s293.235668
171_150,s0.713377,s5.140676,s375.507787
171_151,s-4.684147,s1.488620,s157.692667
171_152,s-0.604702,s5.703234,s144.743293
171_153,s3.745009,s3.962971,s210.820749
171_154,s5.318996,s-1.291073,s180.180539
171_155,s-5.266943,s-2.550911,s64.641199
171_156,s-5.308532,s1.214721,s144.887677
171_157,s3.117701,s-4.967039,s3.121977
171_158,s-5.218265,s2.678387,s41.914153
171_159,s1.745158,s5.553117,s96.561943
171_160,s4.839932,s-2.146050,s242.891918
171_161,s-3.714542,s-4.836383,s210.645028
171_162,s-5.608531,s-0.019673,s154.926935
171_163,s-3.559996,s4.386074,s293.953601
171_164,s-4.715048,s3.707543,s113.319618
171_165,s2.690100,s5.081680,s343.332346
171_166,s3.705758,s4.344129,s286.577882
171_167,s1.659421,s-5.107173,s233.093521
171_168,s5.679174,s0.931133,s339.311527
171_169,s-1.790753,s-5.511373,s116.053634
171_170,s4.147469,s-3.858850,s212.536789
172_0,s-0.502968,s0.254997,s222.859483
172_1,s0.375263,s-0.048300,s32.461180
172_2,s0.304365,s0.545589,s134.486915
172_3,s-0.182838,s1.072807,s132.957627
172_4,s1.240260,s-0.572073,s80.410075
172_5,s-1.039947,s0.119729,s198.709359
172_6,s0.321354,s1.209870,s0.906503
172_7,s-1.149761,s-1.305355,s316.477863
172_8,s1.426924,s-0.059935,s327.854022
172_9,s-0.263984,s-0.424634,s161.672641
172_10,s1.022829,s0.376735,s147.181538
172_11,s0.628281,s-0.961775,s43.878698
172_12,s-1.624648,s1.072796,s269.084743
172_13,s0.099790,s-1.054075,s115.233381
172_14,s1.969518,s-1.204895,s-3.179917
172_15,s-2.038521,s-0.296525,s13.363767
172_16,s-2.437572,s1.256298,s134.212693
172_17,s0.577241,s1.648483,s60.101240
172_18,s1.207924,s-1.997481,s29.728488
172_19,s1.268324,s1.278377,s289.696190
172_20,s2.239493,s-0.216231,s186.695725
172_21,s-1.436551,s0.427925,s315.740002
172_22,s-1.810809,s-1.214965,s328.047693
172_23,s1.830270,s1.799627,s335.163986
172_24,s-0.414492,s1.917325,s60.398609
172_25,s0.431091,s-1.733361,s71.359925
172_26,s1.547451,s0.646325,s306.872606
172_27,s-0.687710,s-1.870119,s242.689973
172_28,s0.154104,s2.214652,s33.209249
172_29,s-2.189727,s-0.736317,s157.381172
172_30,s1.699889,s2.887723,s92.328304
172_31,s-1.126947,s-2.072204,s292.188275
172_32,s2.267718,s3.053026,s343.395012
172_33,s-1.134387,s1.672950,s53.772581
172_34,s-0.583267,s2.561394,s291.000157
172_35,s-0.802528,s-2.577331,s133.088201
172_36,s2.553603,s-1.342610,s212.091519
172_37,s-2.761869,s3.273978,s47.221683
172_38,s-1.824521,s2.467459,s7.719053
172_39,s0.719895,s3.290522,s120.717754
172_40,s2.347117,s0.354229,s49.497021
172_41,s-2.162697,s-1.853589,s256.204223
172_42,s-2.801118,s0.542424,s213.061353
172_43,s0.852577,s-2.426926,s169.968944
172_44,s-3.089800,s-0.200029,s135.277051
172_45,s-2.566425,s-2.354534,s30.691969
172_46,s1.756286,s-2.245546,s0.782446
172_47,s0.739804,s2.084995,s97.264305
172_48,s-1.508838,s-2.552899,s285.951004
172_49,s2.793983,s-0.625101,s295.961121
172_50,s0.564949,s-2.780917,s105.721938
172_51,s2.637943,s1.506143,s340.432562
172_52,s1.119852,s2.163493,s225.409864
172_53,s-0.972929,s3.206799,s128.609133
172_54,s2.852126,s1.784109,s66.445577
172_55,s-1.001901,s-2.876284,s144.420815
172_56,s2.276773,s-2.369871,s287.414595
172_57,s2.671967,s-0.093399,s-4.296230
172_58,s-3.107349,s-1.221019,s235.147188
172_59,s1.888843,s-2.863639,s77.988667
172_60,s0.660105,s-3.810283,s256.170407
172_61,s3.173074,s-2.532445,s294.156845
172_62,s-0.592788,s3.626374,s205.239814
172_63,s0.055659,s-3.080638,s284.504310
172_64,s-1.382933,s-3.239793,s192.901967
172_65,s-2.887517,s2.250585,s135.485550
172_66,s3.745689,s0.284698,s80.623224
172_67,s1.557482,s-3.611294,s288.457749
172_68,s-2.070860,s-2.672300,s224.573324
172_69,s-3.365769,s0.800349,s163.173966
172_70,s2.666274,s-2.375459,s191.421638
172_71,s-4.015953,s-1.449289,s171.246176
172_72,s-3.000386,s-2.262150,s131.424713
172_73,s-1.225008,s-4.482761,s93.720917
172_74,s-3.673227,s-0.041834,s213.517045
172_75,s2.220308,s-3.540223,s290.568544
172_76,s0.406088,s4.150319,s218.730163
172_77,s-3.898729,s-0.850557,s217.451723
172_78,s-3.165426,s-3.266354,s327.295437
172_79,s3.706881,s-0.738766,s128.960694
172_80,s4.624813,s0.899439,s279.060331
172_81,s-1.313217,s4.039811,s331.001522
172_82,s2.496104,s2.770772,s225.133176
172_83,s-3.721726,s-2.221937,s338.367189
172_84,s-4.625510,s2.832790,s282.315171
172_85,s1.172394,s3.631101,s247.396554
172_86,s-3.088840,s2.706591,s55.629224
172_87,s-4.047890,s0.314683,s-1.620823
172_88,s-0.338940,s4.007961,s306.768189
172_89,s-0.792311,s-3.826554,s167.430125
172_90,s3.734297,s-1.565672,s82.421867
172_91,s3.035824,s-3.306453,s98.853834
172_92,s4.557513,s-0.910492,s341.229918
172_93,s1.719370,s-4.088801,s326.160755
172_94,s-2.324657,s3.334385,s281.564412
172_95,s2.876976,s0.949885,s317.843799
172_96,s4.263289,s-1.486715,s228.775424
172_97,s3.281142,s2.713421,s258.777579
172_98,s-0.758490,s3.879281,s117.445652
172_99,s0.199361,s-4.309265,s6.380014
172_100,s2.135170,s3.981706,s283.069217
172_101,s-2.579080,s-3.189390,s237.255737
172_102,s-4.732349,s-0.460227,s184.277086
172_103,s3.481174,s3.416078,s237.112066
172_104,s4.215093,s-2.953356,s195.788608
172_105,s-1.643438,s4.630332,s106.546086
172_106,s-2.305277,s3.881081,s289.859782
172_107,s-0.612269,s-4.792659,s-14.899911
172_108,s5.185621,s-0.104128,s189.646203
172_109,s4.096320,s0.931000,s207.633184
172_110,s2.682741,s4.609632,s299.466135
172_111,s-4.702068,s0.755640,s194.014492
172_112,s-3.733705,s-3.376827,s121.273708
172_113,s4.604698,s2.969422,s3.744875
172_114,s4.212171,s-2.167021,s219.937063
172_115,s1.108541,s-5.348058,s210.947940
172_116,s4.731106,s-1.586423,s99.130320
172_117,s-5.238601,s-0.831853,s127.925134
172_118,s1.275832,s4.437787,s337.131615
172_119,s-5.140226,s-1.907282,s317.567887
172_120,s0.841035,s-4.592764,s179.294019
172_121,s2.459233,s-4.400041,s305.096139
172_122,s-3.721377,s-2.681920,s136.712649
172_123,s-3.959429,s1.928106,s220.842962
172_124,s-0.118985,s4.705647,s-5.772515
172_125,s4.265535,s-4.694669,s150.347302
172_126,s-2.474327,s4.666189,s31.832179
172_127,s4.370674,s1.431175,s287.750597
172_128,s2.198047,s5.110433,s174.800347
172_129,s-2.536510,s-4.370869,s67.518001
172_130,s4.456117,s2.112846,s265.441501
172_131,s0.410781,s4.625418,s288.521815
172_132,s-1.018628,s-4.967197,s176.242036
172_133,s-5.157804,s0.282275,s226.264788
172_134,s-4.733960,s2.184287,s123.981739
172_135,s5.259760,s0.545459,s260.047707
172_136,s3.605246,s-3.053133,s144.494231
172_137,s-1.502997,s-5.129200,s79.859140
172_138,s1.858119,s-4.474083,s211.116984
172_139,s-0.223572,s-5.231568,s216.995345
172_140,s2.881992,s3.610890,s298.107152
172_141,s0.460259,s-5.680702,s226.404750
172_142,s-3.566605,s3.452724,s103.158237
172_143,s5.719202,s-0.510918,s211.563394
172_144,s-4.790577,s-3.592352,s65.016874
172_145,s-3.652770,s3.905652,s65.404627
172_146,s5.053430,s2.595691,s345.195773
172_147,s-3.103525,s-4.617397,s185.326414
172_148,s-4.532116,s-2.408755,s14.170097
172_149,s-1.689902,s5.440656,s288.318206
172_150,s0.816418,s5.292454,s376.638015
172_151,s-4.599302,s1.539776,s148.375617
172_152,s-0.585619,s5.641348,s149.354211
172_153,s3.745009,s3.962971,s210.820749
172_154,s5.349586,s-1.505667,s192.701754
172_155,s-5.320201,s-2.570801,s214.566793
172_156,s-5.239403,s1.409862,s145.958396
172_157,s3.250620,s-4.867199,s-8.786206
172_158,s-5.186924,s2.734184,s43.903246
172_159,s1.746282,s5.769275,s97.005871
172_160,s4.839932,s-2.146050,s242.891918
172_161,s-3.880181,s-4.653422,s342.068028
172_162,s-5.625802,s-0.083355,s169.968944
172_163,s-3.559996,s4.386074,s293.953601
172_164,s-4.747884,s3.755374,s110.891010
172_165,s2.690100,s5.081680,s343.332346
172_166,s3.785424,s4.244876,s32.461180
172_167,s1.727279,s-5.135830,s33.780701
172_168,s5.679174,s0.931133,s339.311527
172_169,s-1.803162,s-5.614250,s111.297758
172_170,s4.273225,s-3.926014,s207.122164
172_171,s5.968454,s-0.102016,s301.092055
173_0,s-0.502968,s0.254997,s222.859483
173_1,s0.375263,s-0.048300,s32.461180
173_2,s0.304365,s0.545589,s134.486915
173_3,s-0.182838,s1.072807,s132.957627
173_4,s1.240260,s-0.572073,s80.410075
173_5,s-1.039947,s0.119729,s198.709359
173_6,s0.321354,s1.209870,s0.906503
173_7,s-1.149761,s-1.305355,s316.477863
173_8,s1.426924,s-0.059935,s327.854022
173_9,s-0.263984,s-0.424634,s161.672641
173_10,s1.022829,s0.376735,s147.181538
173_11,s0.628281,s-0.961775,s43.878698
173_12,s-1.624648,s1.072796,s269.084743
173_13,s0.099790,s-1.054075,s115.233381
173_14,s1.969518,s-1.204895,s-3.179917
173_15,s-2.038521,s-0.296525,s13.363767
173_16,s-2.437572,s1.256298,s134.212693
173_17,s0.577241,s1.648483,s60.101240
173_18,s1.207924,s-1.997481,s29.728488
173_19,s1.268324,s1.278377,s289.696190
173_20,s2.239493,s-0.216231,s186.695725
173_21,s-1.436551,s0.427925,s315.740002
173_22,s-1.810809,s-1.214965,s328.047693
173_23,s1.830270,s1.799627,s335.163986
173_24,s-0.414492,s1.917325,s60.398609
173_25,s0.431091,s-1.733361,s71.359925
173_26,s1.547451,s0.646325,s306.872606
173_27,s-0.687710,s-1.870119,s242.689973
173_28,s0.154104,s2.214652,s33.209249
173_29,s-2.189727,s-0.736317,s157.381172
173_30,s1.699889,s2.887723,s92.328304
173_31,s-1.126947,s-2.072204,s292.188275
173_32,s2.267718,s3.053026,s343.395012
173_33,s-1.134387,s1.672950,s53.772581
173_34,s-0.583267,s2.561394,s291.000157
173_35,s-0.802528,s-2.577331,s133.088201
173_36,s2.553603,s-1.342610,s212.091519
173_37,s-2.761869,s3.273978,s47.221683
173_38,s-1.824521,s2.467459,s7.719053
173_39,s0.719895,s3.290522,s120.717754
173_40,s2.347117,s0.354229,s49.497021
173_41,s-2.162697,s-1.853589,s256.204223
173_42,s-2.801118,s0.542424,s213.061353
173_43,s0.852577,s-2.426926,s169.968944
173_44,s-3.089800,s-0.200029,s135.277051
173_45,s-2.566425,s-2.354534,s30.691969
173_46,s1.756286,s-2.245546,s0.782446
173_47,s0.739804,s2.084995,s97.264305
173_48,s-1.508838,s-2.552899,s285.951004
173_49,s2.793983,s-0.625101,s295.961121
173_50,s0.564949,s-2.780917,s105.721938
173_51,s2.637943,s1.506143,s340.432562
173_52,s1.119852,s2.163493,s225.409864
173_53,s-0.972929,s3.206799,s128.609133
173_54,s2.852126,s1.784109,s66.445577
173_55,s-1.001901,s-2.876284,s144.420815
173_56,s2.276773,s-2.369871,s287.414595
173_57,s2.671967,s-0.093399,s-4.296230
173_58,s-3.107349,s-1.221019,s235.147188
173_59,s1.888843,s-2.863639,s77.988667
173_60,s0.660105,s-3.810283,s256.170407
173_61,s3.173074,s-2.532445,s294.156845
173_62,s-0.592788,s3.626374,s205.239814
173_63,s0.055659,s-3.080638,s284.504310
173_64,s-1.382933,s-3.239793,s192.901967
173_65,s-2.887517,s2.250585,s135.485550
173_66,s3.745689,s0.284698,s80.623224
173_67,s1.557482,s-3.611294,s288.457749
173_68,s-2.070860,s-2.672300,s224.573324
173_69,s-3.365769,s0.800349,s163.173966
173_70,s2.666274,s-2.375459,s191.421638
173_71,s-4.015953,s-1.449289,s171.246176
173_72,s-3.000386,s-2.262150,s131.424713
173_73,s-1.225008,s-4.482761,s93.720917
173_74,s-3.673227,s-0.041834,s213.517045
173_75,s2.220308,s-3.540223,s290.568544
173_76,s0.406088,s4.150319,s218.730163
173_77,s-3.898729,s-0.850557,s217.451723
173_78,s-3.165426,s-3.266354,s327.295437
173_79,s3.706881,s-0.738766,s128.960694
173_80,s4.624813,s0.899439,s279.060331
173_81,s-1.313217,s4.039811,s331.001522
173_82,s2.496104,s2.770772,s225.133176
173_83,s-3.721726,s-2.221937,s338.367189
173_84,s-4.625510,s2.832790,s282.315171
173_85,s1.172394,s3.631101,s247.396554
173_86,s-3.088840,s2.706591,s55.629224
173_87,s-4.047890,s0.314683,s-1.620823
173_88,s-0.338940,s4.007961,s306.768189
173_89,s-0.792311,s-3.826554,s167.430125
173_90,s3.734297,s-1.565672,s82.421867
173_91,s3.035824,s-3.306453,s98.853834
173_92,s4.557513,s-0.910492,s341.229918
173_93,s1.719370,s-4.088801,s326.160755
173_94,s-2.324657,s3.334385,s281.564412
173_95,s2.925438,s0.885381,s314.352367
173_96,s4.263289,s-1.486715,s228.775424
173_97,s3.281142,s2.713421,s258.777579
173_98,s-0.758490,s3.879281,s117.445652
173_99,s0.199361,s-4.309265,s6.380014
173_100,s2.135170,s3.981706,s283.069217
173_101,s-2.579080,s-3.189390,s237.255737
173_102,s-4.732349,s-0.460227,s184.277086
173_103,s3.481174,s3.416078,s237.112066
173_104,s4.215093,s-2.953356,s195.788608
173_105,s-1.643438,s4.630332,s106.546086
173_106,s-2.305277,s3.881081,s289.859782
173_107,s-0.612269,s-4.792659,s-14.899911
173_108,s5.185621,s-0.104128,s189.646203
173_109,s4.096320,s0.931000,s207.633184
173_110,s2.682741,s4.609632,s299.466135
173_111,s-4.702068,s0.755640,s194.014492
173_112,s-3.733705,s-3.376827,s121.273708
173_113,s4.604698,s2.969422,s3.744875
173_114,s4.212171,s-2.167021,s219.937063
173_115,s1.108541,s-5.348058,s210.947940
173_116,s4.731106,s-1.586423,s99.130320
173_117,s-5.238601,s-0.831853,s127.925134
173_118,s1.275832,s4.437787,s337.131615
173_119,s-5.218408,s-1.865644,s325.250769
173_120,s0.841035,s-4.592764,s179.294019
173_121,s2.459233,s-4.400041,s305.096139
173_122,s-3.721377,s-2.681920,s136.712649
173_123,s-3.959429,s1.928106,s220.842962
173_124,s-0.118985,s4.705647,s-5.772515
173_125,s4.265535,s-4.694669,s150.347302
173_126,s-2.474327,s4.666189,s31.832179
173_127,s4.370674,s1.431175,s287.750597
173_128,s2.198047,s5.110433,s174.800347
173_129,s-2.536510,s-4.370869,s67.518001
173_130,s4.456117,s2.112846,s265.441501
173_131,s0.410781,s4.625418,s288.521815
173_132,s-1.018628,s-4.967197,s176.242036
173_133,s-5.157804,s0.282275,s226.264788
173_134,s-4.733960,s2.184287,s123.981739
173_135,s5.259760,s0.545459,s260.047707
173_136,s3.605246,s-3.053133,s144.494231
173_137,s-1.502997,s-5.129200,s79.859140
173_138,s1.858119,s-4.474083,s211.116984
173_139,s-0.223572,s-5.231568,s216.995345
173_140,s2.881992,s3.610890,s298.107152
173_141,s0.460259,s-5.680702,s226.404750
173_142,s-3.566605,s3.452724,s103.158237
173_143,s5.719202,s-0.510918,s211.563394
173_144,s-4.790577,s-3.592352,s65.016874
173_145,s-3.652770,s3.905652,s65.404627
173_146,s5.053430,s2.595691,s345.195773
173_147,s-3.103525,s-4.617397,s185.326414
173_148,s-4.532116,s-2.408755,s14.170097
173_149,s-1.689902,s5.440656,s288.318206
173_150,s0.816418,s5.292454,s376.638015
173_151,s-4.599302,s1.539776,s148.375617
173_152,s-0.585619,s5.641348,s149.354211
173_153,s3.745009,s3.962971,s210.820749
173_154,s5.349586,s-1.505667,s192.701754
173_155,s-5.320201,s-2.570801,s214.566793
173_156,s-5.239403,s1.409862,s145.958396
173_157,s3.250620,s-4.867199,s-8.786206
173_158,s-5.186924,s2.734184,s43.903246
173_159,s1.746282,s5.769275,s97.005871
173_160,s4.839932,s-2.146050,s242.891918
173_161,s-3.880181,s-4.653422,s342.068028
173_162,s-5.625802,s-0.083355,s169.968944
173_163,s-3.559996,s4.386074,s293.953601
173_164,s-4.747884,s3.755374,s110.891010
173_165,s2.690100,s5.081680,s343.332346
173_166,s3.785424,s4.244876,s32.461180
173_167,s1.727279,s-5.135830,s33.780701
173_168,s5.679174,s0.931133,s339.311527
173_169,s-1.560648,s-5.604597,s117.586455
173_170,s4.273225,s-3.926014,s207.122164
173_171,s5.873317,s0.006686,s292.430339
173_172,s4.870245,s-2.682222,s223.758681
174_0,s-0.502968,s0.254997,s222.859483
174_1,s0.375263,s-0.048300,s32.461180
174_2,s0.304365,s0.545589,s134.486915
174_3,s-0.182838,s1.072807,s132.957627
174_4,s1.240260,s-0.572073,s80.410075
174_5,s-1.039947,s0.119729,s198.709359
174_6,s0.321354,s1.209870,s0.906503
174_7,s-1.149761,s-1.305355,s316.477863
174_8,s1.426924,s-0.059935,s327.854022
174_9,s-0.263984,s-0.424634,s161.672641
174_10,s1.022829,s0.376735,s147.181538
174_11,s0.628281,s-0.961775,s43.878698
174_12,s-1.624648,s1.072796,s269.084743
174_13,s0.099790,s-1.054075,s115.233381
174_14,s1.969518,s-1.204895,s-3.179917
174_15,s-2.038521,s-0.296525,s13.363767
174_16,s-2.437572,s1.256298,s134.212693
174_17,s0.577241,s1.648483,s60.101240
174_18,s1.207924,s-1.997481,s29.728488
174_19,s1.268324,s1.278377,s289.696190
174_20,s2.239493,s-0.216231,s186.695725
174_21,s-1.436551,s0.427925,s315.740002
174_22,s-1.810809,s-1.214965,s328.047693
174_23,s1.830270,s1.799627,s335.163986
174_24,s-0.414492,s1.917325,s60.398609
174_25,s0.431091,s-1.733361,s71.359925
174_26,s1.547451,s0.646325,s306.872606
174_27,s-0.687710,s-1.870119,s242.689973
174_28,s0.154104,s2.214652,s33.209249
174_29,s-2.189727,s-0.736317,s157.381172
174_30,s1.699889,s2.887723,s92.328304
174_31,s-1.126947,s-2.072204,s292.188275
174_32,s2.267718,s3.053026,s343.395012
174_33,s-1.134387,s1.672950,s53.772581
174_34,s-0.583267,s2.561394,s291.000157
174_35,s-0.802528,s-2.577331,s133.088201
174_36,s2.553603,s-1.342610,s212.091519
174_37,s-2.761869,s3.273978,s47.221683
174_38,s-1.824521,s2.467459,s7.719053
174_39,s0.719895,s3.290522,s120.717754
174_40,s2.347117,s0.354229,s49.497021
174_41,s-2.162697,s-1.853589,s256.204223
174_42,s-2.801118,s0.542424,s213.061353
174_43,s0.852577,s-2.426926,s169.968944
174_44,s-3.089800,s-0.200029,s135.277051
174_45,s-2.566425,s-2.354534,s30.691969
174_46,s1.756286,s-2.245546,s0.782446
174_47,s0.739804,s2.084995,s97.264305
174_48,s-1.508838,s-2.552899,s285.951004
174_49,s2.793983,s-0.625101,s295.961121
174_50,s0.564949,s-2.780917,s105.721938
174_51,s2.637943,s1.506143,s340.432562
174_52,s1.119852,s2.163493,s225.409864
174_53,s-0.972929,s3.206799,s128.609133
174_54,s2.852126,s1.784109,s66.445577
174_55,s-1.001901,s-2.876284,s144.420815
174_56,s2.276773,s-2.369871,s287.414595
174_57,s2.671967,s-0.093399,s-4.296230
174_58,s-3.107349,s-1.221019,s235.147188
174_59,s1.888843,s-2.863639,s77.988667
174_60,s0.660105,s-3.810283,s256.170407
174_61,s3.173074,s-2.532445,s294.156845
174_62,s-0.592788,s3.626374,s205.239814
174_63,s0.055659,s-3.080638,s284.504310
174_64,s-1.382933,s-3.239793,s192.901967
174_65,s-2.887517,s2.250585,s135.485550
174_66,s3.745689,s0.284698,s80.623224
174_67,s1.557482,s-3.611294,s288.457749
174_68,s-2.070860,s-2.672300,s224.573324
174_69,s-3.365769,s0.800349,s163.173966
174_70,s2.666274,s-2.375459,s191.421638
174_71,s-4.015953,s-1.449289,s171.246176
174_72,s-3.000386,s-2.262150,s131.424713
174_73,s-1.225008,s-4.482761,s93.720917
174_74,s-3.673227,s-0.041834,s213.517045
174_75,s2.220308,s-3.540223,s290.568544
174_76,s0.406088,s4.150319,s218.730163
174_77,s-3.898729,s-0.850557,s217.451723
174_78,s-3.165426,s-3.266354,s327.295437
174_79,s3.706881,s-0.738766,s128.960694
174_80,s4.624813,s0.899439,s279.060331
174_81,s-1.313217,s4.039811,s331.001522
174_82,s2.496104,s2.770772,s225.133176
174_83,s-3.721726,s-2.221937,s338.367189
174_84,s-4.625510,s2.832790,s282.315171
174_85,s1.172394,s3.631101,s247.396554
174_86,s-3.088840,s2.706591,s55.629224
174_87,s-4.047890,s0.314683,s-1.620823
174_88,s-0.338940,s4.007961,s306.768189
174_89,s-0.792311,s-3.826554,s167.430125
174_90,s3.734297,s-1.565672,s82.421867
174_91,s3.035824,s-3.306453,s98.853834
174_92,s4.557513,s-0.910492,s341.229918
174_93,s1.719370,s-4.088801,s326.160755
174_94,s-2.324657,s3.334385,s281.564412
174_95,s2.925438,s0.885381,s314.352367
174_96,s4.263289,s-1.486715,s228.775424
174_97,s3.281142,s2.713421,s258.777579
174_98,s-0.758490,s3.879281,s117.445652
174_99,s0.199361,s-4.309265,s6.380014
174_100,s2.135170,s3.981706,s283.069217
174_101,s-2.579080,s-3.189390,s237.255737
174_102,s-4.732349,s-0.460227,s184.277086
174_103,s3.481174,s3.416078,s237.112066
174_104,s4.215093,s-2.953356,s195.788608
174_105,s-1.643438,s4.630332,s106.546086
174_106,s-2.305277,s3.881081,s289.859782
174_107,s-0.612269,s-4.792659,s-14.899911
174_108,s5.185621,s-0.104128,s189.646203
174_109,s4.096320,s0.931000,s207.633184
174_110,s2.682741,s4.609632,s299.466135
174_111,s-4.702068,s0.755640,s194.014492
174_112,s-3.733705,s-3.376827,s121.273708
174_113,s4.604698,s2.969422,s3.744875
174_114,s4.212171,s-2.167021,s219.937063
174_115,s1.108541,s-5.348058,s210.947940
174_116,s4.731106,s-1.586423,s99.130320
174_117,s-5.238601,s-0.831853,s127.925134
174_118,s1.275832,s4.437787,s337.131615
174_119,s-5.218408,s-1.865644,s325.250769
174_120,s0.841035,s-4.592764,s179.294019
174_121,s2.459233,s-4.400041,s305.096139
174_122,s-3.721377,s-2.681920,s136.712649
174_123,s-3.959429,s1.928106,s220.842962
174_124,s-0.118985,s4.705647,s-5.772515
174_125,s4.265535,s-4.694669,s150.347302
174_126,s-2.474327,s4.666189,s31.832179
174_127,s4.370674,s1.431175,s287.750597
174_128,s2.198047,s5.110433,s174.800347
174_129,s-2.536510,s-4.370869,s67.518001
174_130,s4.456117,s2.112846,s265.441501
174_131,s0.410781,s4.625418,s288.521815
174_132,s-1.018628,s-4.967197,s176.242036
174_133,s-5.157804,s0.282275,s226.264788
174_134,s-4.733960,s2.184287,s123.981739
174_135,s5.259760,s0.545459,s260.047707
174_136,s3.605246,s-3.053133,s144.494231
174_137,s-1.502997,s-5.129200,s79.859140
174_138,s1.858119,s-4.474083,s211.116984
174_139,s-0.223572,s-5.231568,s216.995345
174_140,s2.881992,s3.610890,s298.107152
174_141,s0.460259,s-5.680702,s226.404750
174_142,s-3.566605,s3.452724,s103.158237
174_143,s5.719202,s-0.510918,s211.563394
174_144,s-4.790577,s-3.592352,s65.016874
174_145,s-3.652770,s3.905652,s65.404627
174_146,s5.053430,s2.595691,s345.195773
174_147,s-3.103525,s-4.617397,s185.326414
174_148,s-4.532116,s-2.408755,s14.170097
174_149,s-1.689902,s5.440656,s288.318206
174_150,s0.816418,s5.292454,s376.638015
174_151,s-4.599302,s1.539776,s148.375617
174_152,s-0.585619,s5.641348,s149.354211
174_153,s3.745009,s3.962971,s210.820749
174_154,s5.349586,s-1.505667,s192.701754
174_155,s-5.320201,s-2.570801,s214.566793
174_156,s-5.239403,s1.409862,s145.958396
174_157,s3.250620,s-4.867199,s-8.786206
174_158,s-5.186924,s2.734184,s43.903246
174_159,s1.746282,s5.769275,s97.005871
174_160,s4.839932,s-2.146050,s242.891918
174_161,s-3.880181,s-4.653422,s342.068028
174_162,s-5.625802,s-0.083355,s169.968944
174_163,s-3.559996,s4.386074,s293.953601
174_164,s-4.747884,s3.755374,s110.891010
174_165,s2.690100,s5.081680,s343.332346
174_166,s3.785424,s4.244876,s32.461180
174_167,s1.727279,s-5.135830,s33.780701
174_168,s5.679174,s0.931133,s339.311527
174_169,s-1.560648,s-5.604597,s117.586455
174_170,s4.273225,s-3.926014,s207.122164
174_171,s5.873317,s0.006686,s292.430339
174_172,s4.870245,s-2.682222,s223.758681
174_173,s1.804659,s-5.554170,s201.597968
175_0,s-0.502968,s0.254997,s222.859483
175_1,s0.375263,s-0.048300,s32.461180
175_2,s0.304365,s0.545589,s134.486915
175_3,s-0.182838,s1.072807,s132.957627
175_4,s1.208560,s-0.575511,s78.878307
175_5,s-1.039947,s0.119729,s198.709359
175_6,s0.321354,s1.209870,s0.906503
175_7,s-1.150788,s-1.341948,s318.086577
175_8,s1.426924,s-0.059935,s327.854022
175_9,s-0.263984,s-0.424634,s161.672641
175_10,s1.022829,s0.376735,s147.181538
175_11,s0.628281,s-0.961775,s43.878698
175_12,s-1.624648,s1.072796,s269.084743
175_13,s0.099790,s-1.054075,s115.233381
175_14,s1.969518,s-1.204895,s-3.179917
175_15,s-2.038521,s-0.296525,s13.363767
175_16,s-2.619935,s1.352042,s211.723016
175_17,s0.577241,s1.648483,s60.101240
175_18,s1.189243,s-1.589262,s22.595612
175_19,s1.278014,s1.193291,s97.296429
175_20,s2.239493,s-0.216231,s186.695725
175_21,s-1.565150,s0.320341,s316.008394
175_22,s-1.810809,s-1.214965,s328.047693
175_23,s1.852478,s1.987812,s336.254557
175_24,s-0.414492,s1.917325,s60.398609
175_25,s0.476274,s-1.674395,s164.504190
175_26,s1.547451,s0.646325,s306.872606
175_27,s-0.687710,s-1.870119,s242.689973
175_28,s0.154104,s2.214652,s33.209249
175_29,s-2.220215,s-0.641473,s161.575151
175_30,s1.648374,s2.916034,s86.965501
175_31,s-1.126947,s-2.072204,s292.188275
175_32,s2.267718,s3.053026,s343.395012
175_33,s-1.195153,s1.538789,s56.621182
175_34,s-0.583267,s2.561394,s291.000157
175_35,s-0.802528,s-2.577331,s133.088201
175_36,s2.443479,s-1.241131,s218.074182
175_37,s-2.827758,s3.248171,s53.315514
175_38,s-1.736993,s2.479898,s13.987183
175_39,s0.719895,s3.290522,s120.717754
175_40,s2.347117,s0.354229,s49.497021
175_41,s-2.162697,s-1.853589,s256.204223
175_42,s-2.852390,s0.418697,s222.764551
175_43,s0.852577,s-2.426926,s169.968944
175_44,s-3.089800,s-0.200029,s135.277051
175_45,s-2.566425,s-2.354534,s30.691969
175_46,s1.784098,s-2.250894,s-5.276840
175_47,s0.739804,s2.084995,s97.264305
175_48,s-1.508838,s-2.552899,s285.951004
175_49,s2.845282,s-0.847724,s305.996562
175_50,s0.564949,s-2.780917,s105.721938
175_51,s2.637943,s1.506143,s340.432562
175_52,s1.119852,s2.163493,s225.409864
175_53,s-0.972929,s3.206799,s128.609133
175_54,s2.852126,s1.784109,s66.445577
175_55,s-1.001901,s-2.876284,s144.420815
175_56,s2.276773,s-2.369871,s287.414595
175_57,s2.671967,s-0.093399,s-4.296230
175_58,s-3.147495,s-1.312361,s239.075011
175_59,s1.846755,s-2.974743,s71.311338
175_60,s0.664854,s-3.609315,s303.586907
175_61,s3.173074,s-2.532445,s294.156845
175_62,s-0.592788,s3.626374,s205.239814
175_63,s0.055659,s-3.080638,s284.504310
175_64,s-1.382933,s-3.239793,s192.901967
175_65,s-2.845560,s2.215867,s133.106084
175_66,s3.724248,s0.366155,s144.387339
175_67,s1.557482,s-3.611294,s288.457749
175_68,s-2.070860,s-2.672300,s224.573324
175_69,s-3.389575,s0.844531,s169.968944
175_70,s2.666274,s-2.375459,s191.421638
175_71,s-4.015953,s-1.449289,s171.246176
175_72,s-3.000386,s-2.262150,s131.424713
175_73,s-1.290372,s-4.555083,s88.425775
175_74,s-3.673227,s-0.041834,s213.517045
175_75,s2.220308,s-3.540223,s290.568544
175_76,s0.406088,s4.150319,s218.730163
175_77,s-3.898729,s-0.850557,s217.451723
175_78,s-3.208349,s-3.265519,s330.959471
175_79,s3.706881,s-0.738766,s128.960694
175_80,s4.624813,s0.899439,s279.060331
175_81,s-1.313217,s4.039811,s331.001522
175_82,s2.496104,s2.770772,s225.133176
175_83,s-3.721726,s-2.221937,s338.367189
175_84,s-4.625510,s2.832790,s282.315171
175_85,s1.134042,s3.676144,s248.099174
175_86,s-3.060575,s2.648937,s49.848101
175_87,s-4.082618,s0.271584,s-5.893461
175_88,s-0.338940,s4.007961,s306.768189
175_89,s-0.759334,s-3.870740,s166.499095
175_90,s3.845544,s-1.518740,s84.503156
175_91,s3.035824,s-3.306453,s98.853834
175_92,s4.292263,s-0.811999,s323.709628
175_93,s1.719370,s-4.088801,s326.160755
175_94,s-2.324657,s3.334385,s281.564412
175_95,s2.959578,s0.948911,s287.414595
175_96,s4.263289,s-1.486715,s228.775424
175_97,s3.281142,s2.713421,s258.777579
175_98,s-0.758490,s3.879281,s117.445652
175_99,s0.182598,s-4.412307,s-2.044401
175_100,s2.135170,s3.981706,s283.069217
175_101,s-2.544117,s-3.135827,s254.815231
175_102,s-4.810184,s-0.441495,s194.684657
175_103,s3.440150,s3.438630,s236.430422
175_104,s4.228011,s-2.984556,s192.401719
175_105,s-1.643438,s4.630332,s106.546086
175_106,s-2.314671,s3.953755,s98.009079
175_107,s-0.530515,s-4.716430,s-29.905973
175_108,s5.147630,s-0.252230,s183.450826
175_109,s4.096320,s0.931000,s207.633184
175_110,s2.682741,s4.609632,s299.466135
175_111,s-4.702068,s0.755640,s194.014492
175_112,s-3.715278,s-3.297088,s166.089316
175_113,s4.539238,s2.970277,s1.884485
175_114,s4.187690,s-2.211385,s220.463179
175_115,s1.108541,s-5.348058,s210.947940
175_116,s4.731106,s-1.586423,s99.130320
175_117,s-5.238601,s-0.831853,s127.925134
175_118,s1.275832,s4.437787,s337.131615
175_119,s-5.243825,s-1.838084,s318.030929
175_120,s0.741526,s-4.587168,s182.749215
175_121,s2.438185,s-4.174306,s304.796731
175_122,s-3.851084,s-2.705305,s137.500075
175_123,s-4.003083,s1.929128,s221.156585
175_124,s-0.084149,s4.892283,s-4.488040
175_125,s3.954050,s-4.715357,s149.175131
175_126,s-2.457596,s4.760238,s21.772146
175_127,s4.397110,s1.427675,s32.239389
175_128,s2.198047,s5.110433,s174.800347
175_129,s-2.605290,s-4.305684,s340.072767
175_130,s4.792547,s2.093162,s270.583035
175_131,s0.410781,s4.625418,s288.521815
175_132,s-1.090854,s-4.946896,s169.968944
175_133,s-5.157804,s0.282275,s226.264788
175_134,s-4.795547,s2.139925,s128.305689
175_135,s5.259760,s0.545459,s260.047707
175_136,s3.605246,s-3.053133,s144.494231
175_137,s-1.554466,s-5.070466,s76.027583
175_138,s1.858119,s-4.474083,s211.116984
175_139,s-0.223572,s-5.231568,s216.995345
175_140,s2.881992,s3.610890,s298.107152
175_141,s0.460259,s-5.680702,s226.404750
175_142,s-3.566605,s3.452724,s103.158237
175_143,s5.717198,s-0.613804,s206.189618
175_144,s-4.790577,s-3.592352,s65.016874
175_145,s-3.652770,s3.905652,s65.404627
175_146,s5.053430,s2.595691,s345.195773
175_147,s-3.185640,s-4.848519,s178.913668
175_148,s-4.427441,s-2.392872,s20.902832
175_149,s-1.637895,s5.488761,s288.982526
175_150,s0.691102,s5.406309,s374.480256
175_151,s-4.599302,s1.539776,s148.375617
175_152,s-0.585619,s5.641348,s149.354211
175_153,s3.745009,s3.962971,s210.820749
175_154,s5.304050,s-1.469601,s189.534170
175_155,s-5.249439,s-2.348584,s213.644030
175_156,s-5.239403,s1.409862,s145.958396
175_157,s3.243220,s-4.768736,s-11.940825
175_158,s-5.194331,s2.640531,s36.907950
175_159,s1.675597,s5.771817,s144.257735
175_160,s4.839932,s-2.146050,s242.891918
175_161,s-3.796878,s-4.623502,s348.746453
175_162,s-5.643571,s0.102706,s158.470063
175_163,s-3.495527,s4.543434,s290.451412
175_164,s-4.747884,s3.755374,s110.891010
175_165,s2.690100,s5.081680,s343.332346
175_166,s3.785424,s4.244876,s32.461180
175_167,s1.727279,s-5.135830,s33.780701
175_168,s5.799125,s1.148883,s342.571169
175_169,s-1.613764,s-5.555346,s114.859897
175_170,s4.273225,s-3.926014,s207.122164
175_171,s5.875591,s-0.009385,s296.216727
175_172,s4.870245,s-2.682222,s223.758681
175_173,s1.804659,s-5.554170,s201.597968
175_174,s4.833877,s-3.512017,s163.033355
176_0,s-0.502968,s0.254997,s222.859483
176_1,s0.375263,s-0.048300,s32.461180
176_2,s0.304365,s0.545589,s134.486915
176_3,s-0.199973,s1.071758,s161.454335
176_4,s1.208560,s-0.575511,s78.878307
176_5,s-1.082685,s0.128060,s201.919148
176_6,s0.321354,s1.209870,s0.906503
176_7,s-1.150788,s-1.341948,s318.086577
176_8,s1.426924,s-0.059935,s327.854022
176_9,s-0.263984,s-0.424634,s161.672641
176_10,s1.054717,s0.373432,s153.448041
176_11,s0.622337,s-0.964926,s48.758904
176_12,s-1.802934,s1.005009,s282.933670
176_13,s0.152981,s-1.136576,s116.158502
176_14,s1.850335,s-1.270963,s65.124744
176_15,s-2.029332,s-0.304529,s8.060561
176_16,s-2.619935,s1.352042,s211.723016
176_17,s0.577241,s1.648483,s60.101240
176_18,s1.189243,s-1.589262,s22.595612
176_19,s1.372316,s1.424073,s90.454701
176_20,s2.148388,s-0.186190,s186.287748
176_21,s-1.534996,s0.363155,s323.988670
176_22,s-1.818698,s-1.025127,s327.879486
176_23,s1.821131,s1.960125,s344.614601
176_24,s-0.414492,s1.917325,s60.398609
176_25,s0.543238,s-1.792534,s157.420661
176_26,s1.547451,s0.646325,s306.872606
176_27,s-0.687710,s-1.870119,s242.689973
176_28,s0.154104,s2.214652,s33.209249
176_29,s-2.239548,s-0.613503,s168.834035
176_30,s1.648374,s2.916034,s86.965501
176_31,s-1.126947,s-2.072204,s292.188275
176_32,s2.185510,s3.016821,s347.146070
176_33,s-1.192031,s1.593844,s56.891978
176_34,s-0.583267,s2.561394,s291.000157
176_35,s-0.802528,s-2.577331,s133.088201
176_36,s2.511476,s-1.352106,s229.440181
176_37,s-2.827758,s3.248171,s53.315514
176_38,s-1.736993,s2.479898,s13.987183
176_39,s0.719895,s3.290522,s120.717754
176_40,s2.347117,s0.354229,s49.497021
176_41,s-2.097284,s-1.876192,s255.971322
176_42,s-2.885498,s0.435736,s228.263423
176_43,s0.852577,s-2.426926,s169.968944
176_44,s-3.089800,s-0.200029,s135.277051
176_45,s-2.566425,s-2.354534,s30.691969
176_46,s1.756642,s-2.223033,s-8.710542
176_47,s0.739804,s2.084995,s97.264305
176_48,s-1.508838,s-2.552899,s285.951004
176_49,s2.843917,s-0.873351,s306.532163
176_50,s0.564949,s-2.780917,s105.721938
176_51,s2.637943,s1.506143,s340.432562
176_52,s1.119852,s2.163493,s225.409864
176_53,s-0.972929,s3.206799,s128.609133
176_54,s2.852126,s1.784109,s66.445577
176_55,s-1.001901,s-2.876284,s144.420815
176_56,s2.276773,s-2.369871,s287.414595
176_57,s2.673465,s-0.131162,s-8.095634
176_58,s-3.085861,s-1.259080,s239.875343
176_59,s1.802625,s-2.942011,s68.088127
176_60,s0.634194,s-3.626655,s287.776549
176_61,s3.120269,s-2.513076,s281.075601
176_62,s-0.592788,s3.626374,s205.239814
176_63,s0.055659,s-3.080638,s284.504310
176_64,s-1.382933,s-3.239793,s192.901967
176_65,s-2.874443,s2.129615,s303.840204
176_66,s3.783903,s0.539956,s147.039118
176_67,s1.557482,s-3.611294,s288.457749
176_68,s-2.137199,s-2.663575,s225.398319
176_69,s-3.392751,s0.878060,s166.003174
176_70,s2.666274,s-2.375459,s191.421638
176_71,s-4.063116,s-1.348286,s100.953969
176_72,s-3.000386,s-2.262150,s131.424713
176_73,s-1.290372,s-4.555083,s88.425775
176_74,s-3.673227,s-0.041834,s213.517045
176_75,s2.220308,s-3.540223,s290.568544
176_76,s0.406088,s4.150319,s218.730163
176_77,s-3.912838,s-0.723826,s217.598719
176_78,s-3.271285,s-3.339364,s328.486090
176_79,s3.709670,s-0.756232,s-4.019627
176_80,s4.685795,s0.912160,s290.043996
176_81,s-1.313217,s4.039811,s331.001522
176_82,s2.496104,s2.770772,s225.133176
176_83,s-3.721726,s-2.221937,s338.367189
176_84,s-4.572585,s2.889586,s272.117674
176_85,s1.049796,s3.796076,s248.057024
176_86,s-3.060575,s2.648937,s49.848101
176_87,s-4.096279,s0.435200,s1.382633
176_88,s-0.338940,s4.007961,s306.768189
176_89,s-0.728333,s-3.831588,s168.518901
176_90,s3.661737,s-1.507530,s80.495391
176_91,s3.035824,s-3.306453,s98.853834
176_92,s4.354366,s-0.862359,s287.414595
176_93,s1.719370,s-4.088801,s326.160755
176_94,s-2.444925,s3.380118,s282.476704
176_95,s2.963769,s0.865491,s334.114528
176_96,s4.263289,s-1.486715,s228.775424
176_97,s3.289088,s2.761991,s262.942702
176_98,s-0.758490,s3.879281,s117.445652
176_99,s0.179512,s-4.293023,s7.482856
176_100,s2.071979,s3.959121,s282.826011
176_101,s-2.572018,s-3.163860,s251.333831
176_102,s-4.849869,s-0.429668,s198.641506
176_103,s3.440150,s3.438630,s236.430422
176_104,s4.228011,s-2.984556,s192.401719
176_105,s-1.577149,s4.749724,s99.334167
176_106,s-2.319288,s3.959929,s89.985767
176_107,s-0.530515,s-4.716430,s-29.905973
176_108,s5.223847,s-0.175719,s118.474522
176_109,s4.096320,s0.931000,s207.633184
176_110,s2.682266,s4.619141,s299.823865
176_111,s-4.749790,s0.775139,s196.543409
176_112,s-3.701281,s-3.234422,s166.488179
176_113,s4.513952,s2.856374,s3.171335
176_114,s4.170967,s-2.132036,s218.017450
176_115,s1.010094,s-5.169495,s198.698779
176_116,s4.731106,s-1.586423,s99.130320
176_117,s-5.402660,s-0.773214,s143.077034
176_118,s1.275832,s4.437787,s337.131615
176_119,s-5.469633,s-1.864306,s308.939881
176_120,s0.762385,s-4.415490,s221.122106
176_121,s2.438185,s-4.174306,s304.796731
176_122,s-3.900241,s-2.711789,s139.513359
176_123,s-3.863048,s1.721124,s327.948977
176_124,s-0.084149,s4.892283,s-4.488040
176_125,s3.922745,s-4.743233,s254.953416
176_126,s-2.429346,s4.920823,s-1.714164
176_127,s4.522990,s1.617105,s242.815356
176_128,s2.175512,s5.144182,s176.214761
176_129,s-2.608711,s-4.273511,s-1.471673
176_130,s4.795990,s2.045295,s263.819555
176_131,s0.426499,s4.664563,s289.491468
176_132,s-1.090854,s-4.946896,s169.968944
176_133,s-5.157804,s0.282275,s226.264788
176_134,s-4.830796,s2.144693,s124.891234
176_135,s5.351577,s0.445125,s262.752471
176_136,s3.605246,s-3.053133,s144.494231
176_137,s-1.547228,s-5.079734,s76.640192
176_138,s1.858119,s-4.474083,s211.116984
176_139,s-0.151092,s-5.166049,s206.271836
176_140,s2.881992,s3.610890,s298.107152
176_141,s0.531341,s-5.721186,s225.250635
176_142,s-3.576390,s3.479668,s106.832017
176_143,s5.751536,s-0.590065,s200.305994
176_144,s-4.856829,s-3.593721,s254.953416
176_145,s-3.673614,s3.926527,s66.163768
176_146,s5.027401,s2.626967,s296.659095
176_147,s-3.096116,s-4.581776,s72.270665
176_148,s-4.446177,s-2.444407,s21.939141
176_149,s-1.472810,s5.641768,s202.430124
176_150,s0.752993,s5.301303,s373.495355
176_151,s-4.599302,s1.539776,s148.375617
176_152,s-0.531026,s5.608872,s157.128560
176_153,s3.745009,s3.962971,s210.820749
176_154,s5.370681,s-1.434595,s257.076828
176_155,s-5.205544,s-2.436512,s202.430124
176_156,s-5.176154,s1.346837,s117.445652
176_157,s3.106881,s-4.816020,s-12.634185
176_158,s-5.194693,s2.751855,s51.384588
176_159,s1.536376,s5.660349,s145.394115
176_160,s4.839932,s-2.146050,s242.891918
176_161,s-3.831758,s-4.642318,s171.846244
176_162,s-5.593297,s0.081890,s156.331622
176_163,s-3.512101,s4.500864,s288.986879
176_164,s-4.737680,s3.789119,s104.281111
176_165,s2.740215,s5.184757,s354.728680
176_166,s3.785424,s4.244876,s32.461180
176_167,s1.727279,s-5.135830,s33.780701
176_168,s5.801846,s1.168794,s217.208481
176_169,s-1.635787,s-5.608567,s111.197257
176_170,s4.229146,s-4.003602,s212.271139
176_171,s5.857230,s-0.155678,s300.734792
176_172,s4.870245,s-2.682222,s223.758681
176_173,s1.876301,s-5.679553,s216.531108
176_174,s4.833877,s-3.512017,s163.033355
176_175,s2.431574,s-5.438433,s343.391497
177_0,s-0.502968,s0.254997,s222.859483
177_1,s0.375263,s-0.048300,s32.461180
177_2,s0.304365,s0.545589,s134.486915
177_3,s-0.199973,s1.071758,s161.454335
177_4,s1.208560,s-0.575511,s78.878307
177_5,s-1.082685,s0.128060,s201.919148
177_6,s0.321354,s1.209870,s0.906503
177_7,s-1.150788,s-1.341948,s318.086577
177_8,s1.426924,s-0.059935,s327.854022
177_9,s-0.263984,s-0.424634,s161.672641
177_10,s1.054717,s0.373432,s153.448041
177_11,s0.622337,s-0.964926,s48.758904
177_12,s-1.802934,s1.005009,s282.933670
177_13,s0.152981,s-1.136576,s116.158502
177_14,s1.850335,s-1.270963,s65.124744
177_15,s-2.029332,s-0.304529,s8.060561
177_16,s-2.619935,s1.352042,s211.723016
177_17,s0.577241,s1.648483,s60.101240
177_18,s1.189243,s-1.589262,s22.595612
177_19,s1.372316,s1.424073,s90.454701
177_20,s2.148388,s-0.186190,s186.287748
177_21,s-1.534996,s0.363155,s323.988670
177_22,s-1.818698,s-1.025127,s327.879486
177_23,s1.821131,s1.960125,s344.614601
177_24,s-0.414492,s1.917325,s60.398609
177_25,s0.543238,s-1.792534,s157.420661
177_26,s1.547451,s0.646325,s306.872606
177_27,s-0.687710,s-1.870119,s242.689973
177_28,s0.154104,s2.214652,s33.209249
177_29,s-2.239548,s-0.613503,s168.834035
177_30,s1.648374,s2.916034,s86.965501
177_31,s-1.126947,s-2.072204,s292.188275
177_32,s2.185510,s3.016821,s347.146070
177_33,s-1.192031,s1.593844,s56.891978
177_34,s-0.583267,s2.561394,s291.000157
177_35,s-0.802528,s-2.577331,s133.088201
177_36,s2.511476,s-1.352106,s229.440181
177_37,s-2.827758,s3.248171,s53.315514
177_38,s-1.736993,s2.479898,s13.987183
177_39,s0.719895,s3.290522,s120.717754
177_40,s2.347117,s0.354229,s49.497021
177_41,s-2.097284,s-1.876192,s255.971322
177_42,s-2.885498,s0.435736,s228.263423
177_43,s0.852577,s-2.426926,s169.968944
177_44,s-3.089800,s-0.200029,s135.277051
177_45,s-2.566425,s-2.354534,s30.691969
177_46,s1.756642,s-2.223033,s-8.710542
177_47,s0.739804,s2.084995,s97.264305
177_48,s-1.508838,s-2.552899,s285.951004
177_49,s2.843917,s-0.873351,s306.532163
177_50,s0.564949,s-2.780917,s105.721938
177_51,s2.637943,s1.506143,s340.432562
177_52,s1.119852,s2.163493,s225.409864
177_53,s-0.972929,s3.206799,s128.609133
177_54,s2.852126,s1.784109,s66.445577
177_55,s-1.001901,s-2.876284,s144.420815
177_56,s2.276773,s-2.369871,s287.414595
177_57,s2.673465,s-0.131162,s-8.095634
177_58,s-3.085861,s-1.259080,s239.875343
177_59,s1.802625,s-2.942011,s68.088127
177_60,s0.634194,s-3.626655,s287.776549
177_61,s3.120269,s-2.513076,s281.075601
177_62,s-0.592788,s3.626374,s205.239814
177_63,s0.055659,s-3.080638,s284.504310
177_64,s-1.382933,s-3.239793,s192.901967
177_65,s-2.874443,s2.129615,s303.840204
177_66,s3.783903,s0.539956,s147.039118
177_67,s1.557482,s-3.611294,s288.457749
177_68,s-2.137199,s-2.663575,s225.398319
177_69,s-3.392751,s0.878060,s166.003174
177_70,s2.666274,s-2.375459,s191.421638
177_71,s-4.063116,s-1.348286,s100.953969
177_72,s-3.000386,s-2.262150,s131.424713
177_73,s-1.290372,s-4.555083,s88.425775
177_74,s-3.673227,s-0.041834,s213.517045
177_75,s2.220308,s-3.540223,s290.568544
177_76,s0.406088,s4.150319,s218.730163
177_77,s-3.912838,s-0.723826,s217.598719
177_78,s-3.271285,s-3.339364,s328.486090
177_79,s3.709670,s-0.756232,s-4.019627
177_80,s4.685795,s0.912160,s290.043996
177_81,s-1.313217,s4.039811,s331.001522
177_82,s2.496104,s2.770772,s225.133176
177_83,s-3.721726,s-2.221937,s338.367189
177_84,s-4.572585,s2.889586,s272.117674
177_85,s1.049796,s3.796076,s248.057024
177_86,s-3.060575,s2.648937,s49.848101
177_87,s-4.096279,s0.435200,s1.382633
177_88,s-0.338940,s4.007961,s306.768189
177_89,s-0.728333,s-3.831588,s168.518901
177_90,s3.661737,s-1.507530,s80.495391
177_91,s3.035824,s-3.306453,s98.853834
177_92,s4.354366,s-0.862359,s287.414595
177_93,s1.719370,s-4.088801,s326.160755
177_94,s-2.444925,s3.380118,s282.476704
177_95,s2.963769,s0.865491,s334.114528
177_96,s4.263289,s-1.486715,s228.775424
177_97,s3.289088,s2.761991,s262.942702
177_98,s-0.758490,s3.879281,s117.445652
177_99,s0.179512,s-4.293023,s7.482856
177_100,s2.071979,s3.959121,s282.826011
177_101,s-2.572018,s-3.163860,s251.333831
177_102,s-4.849869,s-0.429668,s198.641506
177_103,s3.440150,s3.438630,s236.430422
177_104,s4.228011,s-2.984556,s192.401719
177_105,s-1.577149,s4.749724,s99.334167
177_106,s-2.319288,s3.959929,s89.985767
177_107,s-0.530515,s-4.716430,s-29.905973
177_108,s5.223847,s-0.175719,s118.474522
177_109,s4.096320,s0.931000,s207.633184
177_110,s2.682266,s4.619141,s299.823865
177_111,s-4.749790,s0.775139,s196.543409
177_112,s-3.701281,s-3.234422,s166.488179
177_113,s4.513952,s2.856374,s3.171335
177_114,s4.170967,s-2.132036,s218.017450
177_115,s1.010094,s-5.169495,s198.698779
177_116,s4.731106,s-1.586423,s99.130320
177_117,s-5.402660,s-0.773214,s143.077034
177_118,s1.275832,s4.437787,s337.131615
177_119,s-5.469633,s-1.864306,s308.939881
177_120,s0.762385,s-4.415490,s221.122106
177_121,s2.438185,s-4.174306,s304.796731
177_122,s-3.900241,s-2.711789,s139.513359
177_123,s-3.863048,s1.721124,s327.948977
177_124,s-0.084149,s4.892283,s-4.488040
177_125,s3.922745,s-4.743233,s254.953416
177_126,s-2.429346,s4.920823,s-1.714164
177_127,s4.522990,s1.617105,s242.815356
177_128,s2.175512,s5.144182,s176.214761
177_129,s-2.608711,s-4.273511,s-1.471673
177_130,s4.795990,s2.045295,s263.819555
177_131,s0.426499,s4.664563,s289.491468
177_132,s-1.090854,s-4.946896,s169.968944
177_133,s-5.157804,s0.282275,s226.264788
177_134,s-4.830796,s2.144693,s124.891234
177_135,s5.351577,s0.445125,s262.752471
177_136,s3.605246,s-3.053133,s144.494231
177_137,s-1.547228,s-5.079734,s76.640192
177_138,s1.858119,s-4.474083,s211.116984
177_139,s-0.151092,s-5.166049,s206.271836
177_140,s2.881992,s3.610890,s298.107152
177_141,s0.531341,s-5.721186,s225.250635
177_142,s-3.576390,s3.479668,s106.832017
177_143,s5.751536,s-0.590065,s200.305994
177_144,s-4.856829,s-3.593721,s254.953416
177_145,s-3.673614,s3.926527,s66.163768
177_146,s5.027401,s2.626967,s296.659095
177_147,s-3.096116,s-4.581776,s72.270665
177_148,s-4.446177,s-2.444407,s21.939141
177_149,s-1.472810,s5.641768,s202.430124
177_150,s0.752993,s5.301303,s373.495355
177_151,s-4.599302,s1.539776,s148.375617
177_152,s-0.531026,s5.608872,s157.128560
177_153,s3.745009,s3.962971,s210.820749
177_154,s5.370681,s-1.434595,s257.076828
177_155,s-5.205544,s-2.436512,s202.430124
177_156,s-5.176154,s1.346837,s117.445652
177_157,s3.106881,s-4.816020,s-12.634185
177_158,s-5.194693,s2.751855,s51.384588
177_159,s1.536376,s5.660349,s145.394115
177_160,s4.839932,s-2.146050,s242.891918
177_161,s-3.831758,s-4.642318,s171.846244
177_162,s-5.593297,s0.081890,s156.331622
177_163,s-3.512101,s4.500864,s288.986879
177_164,s-4.737680,s3.789119,s104.281111
177_165,s2.740215,s5.184757,s354.728680
177_166,s3.785424,s4.244876,s32.461180
177_167,s1.727279,s-5.135830,s33.780701
177_168,s5.801846,s1.168794,s217.208481
177_169,s-1.635787,s-5.608567,s111.197257
177_170,s4.229146,s-4.003602,s212.271139
177_171,s5.857230,s-0.155678,s300.734792
177_172,s4.870245,s-2.682222,s223.758681
177_173,s1.876301,s-5.679553,s216.531108
177_174,s4.833877,s-3.512017,s163.033355
177_175,s2.431574,s-5.438433,s343.391497
177_176,s-0.603351,s-5.733340,s-4.326205
178_0,s-0.502968,s0.254997,s222.859483
178_1,s0.375263,s-0.048300,s32.461180
178_2,s0.304365,s0.545589,s134.486915
178_3,s-0.199973,s1.071758,s161.454335
178_4,s1.208560,s-0.575511,s78.878307
178_5,s-1.082685,s0.128060,s201.919148
178_6,s0.321354,s1.209870,s0.906503
178_7,s-1.150788,s-1.341948,s318.086577
178_8,s1.426924,s-0.059935,s327.854022
178_9,s-0.263984,s-0.424634,s161.672641
178_10,s1.054717,s0.373432,s153.448041
178_11,s0.622337,s-0.964926,s48.758904
178_12,s-1.802934,s1.005009,s282.933670
178_13,s0.152981,s-1.136576,s116.158502
178_14,s1.873430,s-1.293735,s69.243739
178_15,s-2.029332,s-0.304529,s8.060561
178_16,s-2.619935,s1.352042,s211.723016
178_17,s0.577241,s1.648483,s60.101240
178_18,s1.281339,s-1.557170,s144.534190
178_19,s1.372316,s1.424073,s90.454701
178_20,s2.148388,s-0.186190,s186.287748
178_21,s-1.625529,s0.326827,s321.189820
178_22,s-1.818698,s-1.025127,s327.879486
178_23,s1.821131,s1.960125,s344.614601
178_24,s-0.414492,s1.917325,s60.398609
178_25,s0.543238,s-1.792534,s157.420661
178_26,s1.547451,s0.646325,s306.872606
178_27,s-0.687710,s-1.870119,s242.689973
178_28,s0.154104,s2.214652,s33.209249
178_29,s-2.239548,s-0.613503,s168.834035
178_30,s1.648374,s2.916034,s86.965501
178_31,s-1.126947,s-2.072204,s292.188275
178_32,s2.185510,s3.016821,s347.146070
178_33,s-1.192031,s1.593844,s56.891978
178_34,s-0.583267,s2.561394,s291.000157
178_35,s-0.802528,s-2.577331,s133.088201
178_36,s2.382965,s-1.482018,s233.284308
178_37,s-2.827758,s3.248171,s53.315514
178_38,s-1.736993,s2.479898,s13.987183
178_39,s0.719895,s3.290522,s120.717754
178_40,s2.347117,s0.354229,s49.497021
178_41,s-2.097284,s-1.876192,s255.971322
178_42,s-3.027930,s0.405920,s216.324365
178_43,s0.852577,s-2.426926,s169.968944
178_44,s-3.089800,s-0.200029,s135.277051
178_45,s-2.566425,s-2.354534,s30.691969
178_46,s1.756642,s-2.223033,s-8.710542
178_47,s0.739804,s2.084995,s97.264305
178_48,s-1.508838,s-2.552899,s285.951004
178_49,s2.859361,s-0.893043,s316.099930
178_50,s0.564949,s-2.780917,s105.721938
178_51,s2.637943,s1.506143,s340.432562
178_52,s1.119852,s2.163493,s225.409864
178_53,s-0.972929,s3.206799,s128.609133
178_54,s2.852126,s1.784109,s66.445577
178_55,s-1.001901,s-2.876284,s144.420815
178_56,s2.276773,s-2.369871,s287.414595
178_57,s2.825412,s-0.176555,s17.053403
178_58,s-3.085861,s-1.259080,s239.875343
178_59,s1.802625,s-2.942011,s68.088127
178_60,s0.634194,s-3.626655,s287.776549
178_61,s3.120269,s-2.513076,s281.075601
178_62,s-0.417763,s3.570090,s207.032878
178_63,s0.055659,s-3.080638,s284.504310
178_64,s-1.382933,s-3.239793,s192.901967
178_65,s-2.747919,s2.095367,s301.772185
178_66,s3.783903,s0.539956,s147.039118
178_67,s1.557482,s-3.611294,s288.457749
178_68,s-2.137199,s-2.663575,s225.398319
178_69,s-3.309701,s0.844126,s159.048101
178_70,s2.666274,s-2.375459,s191.421638
178_71,s-4.063116,s-1.348286,s100.953969
178_72,s-3.000386,s-2.262150,s131.424713
178_73,s-1.290372,s-4.555083,s88.425775
178_74,s-3.673227,s-0.041834,s213.517045
178_75,s2.220308,s-3.540223,s290.568544
178_76,s0.406088,s4.150319,s218.730163
178_77,s-3.912838,s-0.723826,s217.598719
178_78,s-3.223580,s-3.351503,s315.682807
178_79,s3.602134,s-0.828385,s0.903443
178_80,s4.685795,s0.912160,s290.043996
178_81,s-1.319397,s4.133257,s343.276632
178_82,s2.496104,s2.770772,s225.133176
178_83,s-3.721726,s-2.221937,s338.367189
178_84,s-4.572585,s2.889586,s272.117674
178_85,s1.049796,s3.796076,s248.057024
178_86,s-3.060575,s2.648937,s49.848101
178_87,s-4.157871,s0.316351,s16.407461
178_88,s-0.338940,s4.007961,s306.768189
178_89,s-0.754439,s-3.887796,s165.472590
178_90,s3.574781,s-1.417202,s80.228310
178_91,s3.035824,s-3.306453,s98.853834
178_92,s4.452708,s-0.828556,s117.262767
178_93,s1.719370,s-4.088801,s326.160755
178_94,s-2.444925,s3.380118,s282.476704
178_95,s2.963769,s0.865491,s334.114528
178_96,s4.263289,s-1.486715,s228.775424
178_97,s3.289088,s2.761991,s262.942702
178_98,s-0.758490,s3.879281,s117.445652
178_99,s0.179512,s-4.293023,s7.482856
178_100,s2.071979,s3.959121,s282.826011
178_101,s-2.572018,s-3.163860,s251.333831
178_102,s-4.849869,s-0.429668,s198.641506
178_103,s3.440150,s3.438630,s236.430422
178_104,s4.202772,s-3.055505,s195.035325
178_105,s-1.577149,s4.749724,s99.334167
178_106,s-2.067898,s4.156366,s97.174492
178_107,s-0.530515,s-4.716430,s-29.905973
178_108,s5.223847,s-0.175719,s118.474522
178_109,s4.096320,s0.931000,s207.633184
178_110,s2.682266,s4.619141,s299.823865
178_111,s-4.749790,s0.775139,s196.543409
178_112,s-3.701281,s-3.234422,s166.488179
178_113,s4.513952,s2.856374,s3.171335
178_114,s4.170967,s-2.132036,s218.017450
178_115,s1.010094,s-5.169495,s198.698779
178_116,s4.731106,s-1.586423,s99.130320
178_117,s-5.402660,s-0.773214,s143.077034
178_118,s1.297365,s4.510444,s341.359282
178_119,s-5.469633,s-1.864306,s308.939881
178_120,s0.762385,s-4.415490,s221.122106
178_121,s2.413335,s-4.416607,s318.769908
178_122,s-3.900241,s-2.711789,s139.513359
178_123,s-3.863048,s1.721124,s327.948977
178_124,s-0.084149,s4.892283,s-4.488040
178_125,s3.922745,s-4.743233,s254.953416
178_126,s-2.429346,s4.920823,s-1.714164
178_127,s4.532915,s1.563955,s243.832193
178_128,s2.129006,s5.129737,s156.892191
178_129,s-2.608711,s-4.273511,s-1.471673
178_130,s4.795990,s2.045295,s263.819555
178_131,s0.426499,s4.664563,s289.491468
178_132,s-1.061979,s-4.970160,s173.610961
178_133,s-5.157804,s0.282275,s226.264788
178_134,s-4.830796,s2.144693,s124.891234
178_135,s5.351577,s0.445125,s262.752471
178_136,s3.605246,s-3.053133,s144.494231
178_137,s-1.564837,s-5.100969,s67.648918
178_138,s1.858119,s-4.474083,s211.116984
178_139,s-0.151092,s-5.166049,s206.271836
178_140,s2.881992,s3.610890,s298.107152
178_141,s0.531341,s-5.721186,s225.250635
178_142,s-3.576390,s3.479668,s106.832017
178_143,s5.751536,s-0.590065,s200.305994
178_144,s-4.856829,s-3.593721,s254.953416
178_145,s-3.673614,s3.926527,s66.163768
178_146,s5.115988,s2.596471,s328.089738
178_147,s-3.080684,s-4.574942,s134.216231
178_148,s-4.446177,s-2.444407,s21.939141
178_149,s-1.571711,s5.607037,s202.715994
178_150,s0.752993,s5.301303,s373.495355
178_151,s-4.703490,s1.632791,s247.379408
178_152,s-0.531026,s5.608872,s157.128560
178_153,s3.745009,s3.962971,s210.820749
178_154,s5.473239,s-1.536283,s244.005406
178_155,s-5.184835,s-2.491735,s140.716490
178_156,s-5.162423,s1.375285,s112.560708
178_157,s3.106881,s-4.816020,s-12.634185
178_158,s-5.194693,s2.751855,s51.384588
178_159,s1.536376,s5.660349,s145.394115
178_160,s4.837431,s-2.144362,s253.719829
178_161,s-3.975231,s-4.813309,s179.843194
178_162,s-5.574820,s0.008896,s157.398002
178_163,s-3.535398,s4.523433,s271.207312
178_164,s-4.737680,s3.789119,s104.281111
178_165,s2.622803,s5.406891,s313.799844
178_166,s3.785424,s4.244876,s32.461180
178_167,s1.727279,s-5.135830,s33.780701
178_168,s5.801846,s1.168794,s217.208481
178_169,s-1.635787,s-5.608567,s111.197257
178_170,s4.090717,s-4.052706,s66.028540
178_171,s5.857230,s-0.155678,s300.734792
178_172,s4.870245,s-2.682222,s223.758681
178_173,s1.876301,s-5.679553,s216.531108
178_174,s4.833877,s-3.512017,s163.033355
178_175,s2.431574,s-5.438433,s343.391497
178_176,s-0.603351,s-5.733340,s-4.326205
178_177,s4.797471,s3.485567,s307.476708
179_0,s-0.502968,s0.254997,s222.859483
179_1,s0.375263,s-0.048300,s32.461180
179_2,s0.304365,s0.545589,s134.486915
179_3,s-0.199973,s1.071758,s161.454335
179_4,s1.208560,s-0.575511,s78.878307
179_5,s-1.075542,s0.142589,s206.773791
179_6,s0.321354,s1.209870,s0.906503
179_7,s-1.263385,s-1.311470,s299.966835
179_8,s1.426924,s-0.059935,s327.854022
179_9,s-0.263984,s-0.424634,s161.672641
179_10,s1.082079,s0.391205,s150.935584
179_11,s0.622337,s-0.964926,s48.758904
179_12,s-1.805096,s0.976874,s283.861208
179_13,s0.165255,s-1.191463,s111.005075
179_14,s1.873430,s-1.293735,s69.243739
179_15,s-1.914674,s-0.201787,s6.659309
179_16,s-2.797925,s1.247980,s205.806311
179_17,s0.577241,s1.648483,s60.101240
179_18,s1.251133,s-1.574782,s71.837266
179_19,s1.374206,s1.405106,s91.254344
179_20,s2.177304,s-0.195007,s180.713319
179_21,s-1.623598,s0.358258,s316.707045
179_22,s-1.795950,s-1.098636,s332.157436
179_23,s1.821131,s1.960125,s344.614601
179_24,s-0.306244,s1.937933,s66.439121
179_25,s0.539786,s-1.756118,s157.678590
179_26,s1.547451,s0.646325,s306.872606
179_27,s-0.687710,s-1.870119,s242.689973
179_28,s0.154104,s2.214652,s33.209249
179_29,s-2.208303,s-0.656630,s64.922359
179_30,s1.756696,s2.915118,s88.802450
179_31,s-1.126947,s-2.072204,s292.188275
179_32,s2.216010,s3.049678,s343.845352
179_33,s-1.044490,s1.731865,s72.138220
179_34,s-0.624823,s2.574515,s77.259549
179_35,s-0.802528,s-2.577331,s133.088201
179_36,s2.396152,s-1.470027,s234.410222
179_37,s-2.827758,s3.248171,s53.315514
179_38,s-1.881448,s2.499388,s339.937888
179_39,s0.686760,s3.276295,s113.636713
179_40,s2.347117,s0.354229,s49.497021
179_41,s-2.166628,s-1.909206,s252.046585
179_42,s-3.015836,s0.498177,s206.492259
179_43,s0.852577,s-2.426926,s169.968944
179_44,s-3.089800,s-0.200029,s135.277051
179_45,s-2.566425,s-2.354534,s30.691969
179_46,s1.756642,s-2.223033,s-8.710542
179_47,s0.739804,s2.084995,s97.264305
179_48,s-1.508838,s-2.552899,s285.951004
179_49,s2.959909,s-0.906422,s315.511812
179_50,s0.564949,s-2.780917,s105.721938
179_51,s2.637943,s1.506143,s340.432562
179_52,s1.119852,s2.163493,s225.409864
179_53,s-0.972929,s3.206799,s128.609133
179_54,s2.852126,s1.784109,s66.445577
179_55,s-1.001901,s-2.876284,s144.420815
179_56,s2.276773,s-2.369871,s287.414595
179_57,s2.979616,s-0.288829,s7.431475
179_58,s-3.085861,s-1.259080,s239.875343
179_59,s1.808403,s-2.966832,s71.217483
179_60,s0.591788,s-3.667320,s280.538927
179_61,s3.120269,s-2.513076,s281.075601
179_62,s-0.417763,s3.570090,s207.032878
179_63,s0.055659,s-3.080638,s284.504310
179_64,s-1.382933,s-3.239793,s192.901967
179_65,s-2.676315,s2.120778,s116.117599
179_66,s3.783903,s0.539956,s147.039118
179_67,s1.557482,s-3.611294,s288.457749
179_68,s-2.137199,s-2.663575,s225.398319
179_69,s-3.377010,s0.844976,s159.072902
179_70,s2.666274,s-2.375459,s191.421638
179_71,s-4.016710,s-1.291393,s174.171748
179_72,s-3.083693,s-2.339671,s123.667928
179_73,s-1.290372,s-4.555083,s88.425775
179_74,s-3.673227,s-0.041834,s213.517045
179_75,s2.220308,s-3.540223,s290.568544
179_76,s0.406088,s4.150319,s218.730163
179_77,s-3.960161,s-0.784246,s33.783934
179_78,s-3.223580,s-3.351503,s315.682807
179_79,s3.660329,s-0.782391,s-2.062721
179_80,s4.630748,s0.838350,s281.962688
179_81,s-1.342773,s4.129899,s344.399098
179_82,s2.629371,s2.715165,s225.840211
179_83,s-3.701836,s-2.146330,s337.151368
179_84,s-4.345968,s2.830088,s270.718413
179_85,s1.049796,s3.796076,s248.057024
179_86,s-3.031440,s2.567656,s45.991670
179_87,s-4.157871,s0.316351,s16.407461
179_88,s-0.338940,s4.007961,s306.768189
179_89,s-0.754439,s-3.887796,s165.472590
179_90,s3.716685,s-1.597127,s77.581140
179_91,s3.035824,s-3.306453,s98.853834
179_92,s4.452708,s-0.828556,s117.262767
179_93,s1.719370,s-4.088801,s326.160755
179_94,s-2.476907,s3.348509,s281.749952
179_95,s2.939054,s0.829314,s326.387390
179_96,s4.263289,s-1.486715,s228.775424
179_97,s3.417311,s2.811928,s270.679152
179_98,s-0.758490,s3.879281,s117.445652
179_99,s0.313573,s-4.510723,s15.710003
179_100,s2.071979,s3.959121,s282.826011
179_101,s-2.572018,s-3.163860,s251.333831
179_102,s-4.849869,s-0.429668,s198.641506
179_103,s3.440150,s3.438630,s236.430422
179_104,s4.157437,s-3.013657,s199.400764
179_105,s-1.577149,s4.749724,s99.334167
179_106,s-2.139998,s4.214802,s104.743298
179_107,s-0.600586,s-4.825977,s-29.031036
179_108,s5.078753,s-0.284507,s108.435443
179_109,s4.030809,s0.940963,s204.014950
179_110,s2.702346,s4.637215,s210.902645
179_111,s-4.749790,s0.775139,s196.543409
179_112,s-3.710497,s-3.258424,s167.027177
179_113,s4.520185,s3.000528,s13.439405
179_114,s4.152790,s-2.162144,s221.196126
179_115,s0.844733,s-5.130650,s200.705675
179_116,s4.731106,s-1.586423,s99.130320
179_117,s-5.471463,s-0.930534,s145.111596
179_118,s1.255586,s4.408185,s337.091461
179_119,s-5.430582,s-1.748293,s320.794569
179_120,s0.762385,s-4.415490,s221.122106
179_121,s2.407484,s-4.353521,s317.322631
179_122,s-3.890963,s-2.688052,s131.983004
179_123,s-3.991207,s1.763179,s321.082376
179_124,s-0.109410,s4.818637,s121.862489
179_125,s3.868356,s-4.614088,s307.476708
179_126,s-2.429346,s4.920823,s-1.714164
179_127,s4.387537,s1.555474,s249.944151
179_128,s2.052866,s5.247649,s151.258548
179_129,s-2.803865,s-4.247962,s-6.484453
179_130,s4.818497,s1.903854,s267.535198
179_131,s0.435453,s4.632364,s288.281007
179_132,s-1.061979,s-4.970160,s173.610961
179_133,s-5.200936,s0.210191,s-3.026158
179_134,s-4.786644,s2.219109,s123.431248
179_135,s5.298540,s0.605473,s245.067692
179_136,s3.605246,s-3.053133,s144.494231
179_137,s-1.564837,s-5.100969,s67.648918
179_138,s1.858119,s-4.474083,s211.116984
179_139,s-0.091046,s-5.164249,s207.867287
179_140,s2.781150,s3.624683,s300.720465
179_141,s0.472704,s-5.721164,s230.256738
179_142,s-3.576390,s3.479668,s106.832017
179_143,s5.821920,s-0.673947,s202.671263
179_144,s-4.856829,s-3.593721,s254.953416
179_145,s-3.673614,s3.926527,s66.163768
179_146,s5.156729,s2.604508,s328.936420
179_147,s-3.080684,s-4.574942,s134.216231
179_148,s-4.360760,s-2.346443,s36.122788
179_149,s-1.555476,s5.645867,s197.855508
179_150,s0.785208,s5.321102,s369.958815
179_151,s-4.703490,s1.632791,s247.379408
179_152,s-0.573831,s5.603726,s165.255141
179_153,s3.745009,s3.962971,s210.820749
179_154,s5.473239,s-1.536283,s244.005406
179_155,s-5.253403,s-2.473621,s117.445652
179_156,s-5.143850,s1.390496,s115.647893
179_157,s3.346438,s-4.848319,s-13.511449
179_158,s-5.186862,s2.822699,s52.259957
179_159,s1.536376,s5.660349,s145.394115
179_160,s4.837431,s-2.144362,s253.719829
179_161,s-4.010863,s-4.907482,s170.410102
179_162,s-5.574820,s0.008896,s157.398002
179_163,s-3.535398,s4.523433,s271.207312
179_164,s-4.785406,s3.677526,s126.994621
179_165,s2.703132,s5.299565,s311.229626
179_166,s3.785424,s4.244876,s32.461180
179_167,s1.826590,s-5.333063,s32.926958
179_168,s5.801803,s1.236203,s226.172900
179_169,s-1.736343,s-5.550094,s116.352333
179_170,s4.090302,s-4.020402,s33.164585
179_171,s5.754744,s-0.196202,s298.437992
179_172,s4.870245,s-2.682222,s223.758681
179_173,s1.758478,s-5.782065,s220.355953
179_174,s4.796963,s-3.517192,s160.519184
179_175,s2.481214,s-5.360493,s343.741167
179_176,s-0.603351,s-5.733340,s-4.326205
179_177,s4.939474,s3.431298,s284.664589
179_178,s-6.060000,s0.000000,s73.046601
180_0,s-0.502968,s0.254997,s-1.795644
180_1,s0.375263,s-0.048300,s129.453663
180_2,s0.225219,s0.549322,s291.111234
180_3,s-0.254016,s1.091349,s161.068143
180_4,s1.208560,s-0.575511,s341.416842
180_5,s-1.075542,s0.142589,s287.414595
180_6,s0.321354,s1.209870,s254.953416
180_7,s-1.367517,s-1.337624,s214.842730
180_8,s1.426924,s-0.059935,s68.582700
180_9,s-0.189558,s-0.500148,s33.098488
180_10,s1.082079,s0.391205,s339.937888
180_11,s0.622337,s-0.964926,s128.523736
180_12,s-1.725741,s0.973870,s33.367952
180_13,s0.165255,s-1.191463,s215.108760
180_14,s1.864890,s-1.304854,s201.681574
180_15,s-2.000466,s-0.234503,s117.494605
180_16,s-2.819237,s1.191949,s75.257139
180_17,s0.577241,s1.648483,s84.984472
180_18,s1.149415,s-1.564376,s298.149169
180_19,s1.325443,s1.376600,s339.937888
180_20,s2.103817,s-0.315781,s19.937570
180_21,s-1.591095,s0.395114,s64.828182
180_22,s-1.954214,s-1.116653,s99.109470
180_23,s1.821131,s1.960125,s289.039926
180_24,s-0.314069,s1.934160,s66.060800
180_25,s0.564533,s-1.938471,s339.686235
180_26,s1.547451,s0.646325,s306.592395
180_27,s-0.635260,s-1.845254,s339.937888
180_28,s0.154104,s2.214652,s173.237970
180_29,s-2.185187,s-0.744791,s-1.469299
180_30,s1.770827,s2.921335,s65.452217
180_31,s-1.126947,s-2.072204,s211.655952
180_32,s2.208534,s3.067662,s291.225157
180_33,s-0.929687,s1.620069,s117.445652
180_34,s-0.624823,s2.574515,s126.241097
180_35,s-0.802528,s-2.577331,s208.880920
180_36,s2.396152,s-1.470027,s168.707504
180_37,s-2.993875,s3.252369,s346.308874
180_38,s-1.881448,s2.499388,s198.736456
180_39,s0.756966,s3.188019,s212.813615
180_40,s2.347117,s0.354229,s-0.343748
180_41,s-2.164672,s-1.880253,s326.723158
180_42,s-3.015836,s0.498177,s331.909865
180_43,s0.852577,s-2.426926,s164.506894
180_44,s-3.089800,s-0.200029,s141.571798
180_45,s-2.610802,s-2.325834,s-1.086090
180_46,s1.814057,s-2.336012,s77.348662
180_47,s0.739804,s2.084995,s196.402117
180_48,s-1.508838,s-2.552899,s32.186200
180_49,s2.803560,s-0.889180,s307.476708
180_50,s0.564949,s-2.780917,s95.089196
180_51,s2.637943,s1.506143,s151.273917
180_52,s1.119852,s2.163493,s202.430124
180_53,s-0.969108,s3.259714,s169.968944
180_54,s3.126453,s1.603821,s309.411785
180_55,s-1.001901,s-2.876284,s-1.278445
180_56,s2.276773,s-2.369871,s263.418400
180_57,s2.979616,s-0.288829,s147.835149
180_58,s-3.191342,s-1.236949,s2.492596
180_59,s1.796552,s-3.063901,s287.241559
180_60,s0.581006,s-3.568689,s287.414595
180_61,s3.120269,s-2.513076,s67.659262
180_62,s-0.417763,s3.570090,s32.461180
180_63,s0.055659,s-3.080638,s143.122501
180_64,s-1.382933,s-3.239793,s258.847204
180_65,s-2.594152,s2.116466,s292.846670
180_66,s3.783903,s0.539956,s221.300135
180_67,s1.557482,s-3.611294,s75.641662
180_68,s-2.137199,s-2.663575,s138.776779
180_69,s-3.279644,s0.941025,s339.937888
180_70,s2.666274,s-2.375459,s196.377185
180_71,s-4.066088,s-1.289901,s73.440937
180_72,s-3.083693,s-2.339671,s284.551358
180_73,s-1.361185,s-4.478634,s202.533217
180_74,s-3.673227,s-0.041834,s292.461967
180_75,s2.220308,s-3.540223,s198.184722
180_76,s0.344873,s4.050811,s158.297546
180_77,s-3.912140,s-0.784723,s84.984472
180_78,s-3.244044,s-3.316679,s344.861017
180_79,s3.477462,s-1.007073,s263.493335
180_80,s4.623023,s0.858787,s256.368238
180_81,s-1.466800,s4.019686,s72.551254
180_82,s2.595769,s2.721097,s97.417377
180_83,s-3.701836,s-2.146330,s-0.191063
180_84,s-4.211899,s2.713047,s291.300275
180_85,s1.220614,s3.705039,s130.461853
180_86,s-2.919131,s2.565033,s32.541542
180_87,s-4.108864,s0.259326,s2.487309
180_88,s-0.300754,s4.012568,s143.830645
180_89,s-0.754439,s-3.887796,s93.221088
180_90,s3.715468,s-1.570523,s319.228138
180_91,s3.035824,s-3.306453,s136.513482
180_92,s4.452708,s-0.828556,s222.492236
180_93,s1.719370,s-4.088801,s200.999343
180_94,s-2.408135,s3.178104,s223.829314
180_95,s2.962118,s0.755671,s67.467968
180_96,s4.263289,s-1.486715,s130.549318
180_97,s3.306064,s2.676151,s297.292319
180_98,s-0.758490,s3.879281,s1.513526
180_99,s0.194019,s-4.569471,s101.269922
180_100,s2.004398,s3.773165,s131.268060
180_101,s-2.572018,s-3.163860,s33.672336
180_102,s-4.779588,s-0.505211,s323.293743
180_103,s3.352965,s3.406836,s130.547398
180_104,s4.152118,s-3.032559,s133.950286
180_105,s-1.530973,s4.798422,s289.820537
180_106,s-1.987606,s4.164019,s247.124052
180_107,s-0.600586,s-4.825977,s287.392253
180_108,s5.058851,s-0.254623,s166.481630
180_109,s4.030809,s0.940963,s145.682549
180_110,s2.667134,s4.757553,s-2.442013
180_111,s-4.749790,s0.775139,s216.454847
180_112,s-3.832396,s-3.150977,s117.445652
180_113,s4.460120,s2.949774,s218.215527
180_114,s4.208393,s-2.270917,s194.119289
180_115,s0.903991,s-5.009451,s285.248198
180_116,s4.731106,s-1.586423,s46.839454
180_117,s-5.499789,s-0.913382,s66.672600
180_118,s1.227686,s4.333876,s339.937888
180_119,s-5.411364,s-1.794167,s330.059673
180_120,s0.804860,s-4.433570,s11.481353
180_121,s2.412433,s-4.314738,s2.234548
180_122,s-3.910382,s-2.644965,s314.697860
180_123,s-3.892436,s1.577717,s70.743695
180_124,s-0.109410,s4.818637,s169.968944
180_125,s3.868356,s-4.614088,s230.794307
180_126,s-2.441865,s4.819622,s309.166284
180_127,s4.272457,s1.693049,s1.280353
180_128,s1.946086,s5.085070,s164.737782
180_129,s-2.767420,s-4.318763,s8.143766
180_130,s4.970327,s1.974826,s284.269923
180_131,s0.352746,s4.651403,s61.335145
180_132,s-1.027888,s-5.044613,s32.064577
180_133,s-5.200936,s0.210191,s196.947712
180_134,s-4.786644,s2.219109,s101.260311
180_135,s5.298540,s0.605473,s68.986928
180_136,s3.599876,s-3.080643,s339.937888
180_137,s-1.583249,s-5.120322,s31.731723
180_138,s1.884579,s-4.460890,s32.461180
180_139,s-0.106007,s-5.028096,s71.544205
180_140,s2.904468,s3.713713,s287.213327
180_141,s0.532004,s-5.904361,s-0.540673
180_142,s-3.576390,s3.479668,s25.192574
180_143,s5.852071,s-0.847124,s337.861499
180_144,s-4.912618,s-3.544344,s116.629733
180_145,s-3.673614,s3.926527,s284.953618
180_146,s5.552718,s2.632834,s218.146422
180_147,s-3.022931,s-4.713656,s61.179077
180_148,s-4.490564,s-2.396916,s74.937073
180_149,s-1.564789,s5.594444,s41.879950
180_150,s0.845894,s5.428895,s206.367527
180_151,s-4.703490,s1.632791,s169.968944
180_152,s-0.540151,s5.616379,s226.589488
180_153,s3.735392,s3.962257,s64.922359
180_154,s5.483769,s-1.558740,s32.461180
180_155,s-5.382046,s-2.466036,s117.312697
180_156,s-5.162973,s1.295910,s39.410480
180_157,s3.346438,s-4.848319,s228.699970
180_158,s-5.264836,s2.747211,s64.922359
180_159,s1.532581,s5.651026,s59.293803
180_160,s4.837431,s-2.144362,s326.384982
180_161,s-3.962772,s-4.913787,s194.465546
180_162,s-5.574820,s0.008896,s299.990275
180_163,s-3.472228,s4.522939,s289.779485
180_164,s-4.816774,s3.427550,s255.019730
180_165,s2.631658,s5.201155,s32.829677
180_166,s3.725256,s4.354671,s78.037236
180_167,s1.843464,s-5.370366,s85.330352
180_168,s5.726184,s1.270982,s84.984472
180_169,s-1.842692,s-5.531090,s180.032526
180_170,s4.044541,s-4.016106,s230.896482
180_171,s5.680022,s-0.049746,s336.612741
180_172,s5.275989,s-3.067072,s217.357200
180_173,s1.734330,s-5.789599,s64.987084
180_174,s4.733787,s-3.668674,s201.020475
180_175,s2.472406,s-5.375164,s325.733294
180_176,s-0.603351,s-5.733340,s286.521702
180_177,s4.819425,s3.697505,s60.355859
180_178,s-6.094757,s0.074312,s142.536613
180_179,s0.160851,s5.267559,s63.376645
181_0,s-0.502968,s0.254997,s-1.795644
181_1,s0.375263,s-0.048300,s129.453663
181_2,s0.225219,s0.549322,s291.111234
181_3,s-0.254016,s1.091349,s161.068143
181_4,s1.208560,s-0.575511,s341.416842
181_5,s-1.075542,s0.142589,s287.414595
181_6,s0.321354,s1.209870,s254.953416
181_7,s-1.367517,s-1.337624,s214.842730
181_8,s1.426924,s-0.059935,s68.582700
181_9,s-0.189558,s-0.500148,s33.098488
181_10,s1.082079,s0.391205,s339.937888
181_11,s0.622337,s-0.964926,s128.523736
181_12,s-1.725741,s0.973870,s33.367952
181_13,s0.165255,s-1.191463,s215.108760
181_14,s1.864890,s-1.304854,s201.681574
181_15,s-2.000466,s-0.234503,s117.494605
181_16,s-2.819237,s1.191949,s75.257139
181_17,s0.577241,s1.648483,s84.984472
181_18,s1.149415,s-1.564376,s298.149169
181_19,s1.325443,s1.376600,s339.937888
181_20,s2.103817,s-0.315781,s19.937570
181_21,s-1.591095,s0.395114,s64.828182
181_22,s-1.954214,s-1.116653,s99.109470
181_23,s1.821131,s1.960125,s289.039926
181_24,s-0.314069,s1.934160,s66.060800
181_25,s0.564533,s-1.938471,s339.686235
181_26,s1.547451,s0.646325,s306.592395
181_27,s-0.635260,s-1.845254,s339.937888
181_28,s0.154104,s2.214652,s173.237970
181_29,s-2.185187,s-0.744791,s-1.469299
181_30,s1.770827,s2.921335,s65.452217
181_31,s-1.126947,s-2.072204,s211.655952
181_32,s2.208534,s3.067662,s291.225157
181_33,s-0.929687,s1.620069,s117.445652
181_34,s-0.624823,s2.574515,s126.241097
181_35,s-0.802528,s-2.577331,s208.880920
181_36,s2.396152,s-1.470027,s168.707504
181_37,s-2.993875,s3.252369,s346.308874
181_38,s-1.881448,s2.499388,s198.736456
181_39,s0.756966,s3.188019,s212.813615
181_40,s2.347117,s0.354229,s-0.343748
181_41,s-2.164672,s-1.880253,s326.723158
181_42,s-3.015836,s0.498177,s331.909865
181_43,s0.852577,s-2.426926,s164.506894
181_44,s-3.089800,s-0.200029,s141.571798
181_45,s-2.610802,s-2.325834,s-1.086090
181_46,s1.814057,s-2.336012,s77.348662
181_47,s0.739804,s2.084995,s196.402117
181_48,s-1.508838,s-2.552899,s32.186200
181_49,s2.803560,s-0.889180,s307.476708
181_50,s0.564949,s-2.780917,s95.089196
181_51,s2.637943,s1.506143,s151.273917
181_52,s1.119852,s2.163493,s202.430124
181_53,s-0.969108,s3.259714,s169.968944
181_54,s3.126453,s1.603821,s309.411785
181_55,s-1.001901,s-2.876284,s-1.278445
181_56,s2.276773,s-2.369871,s263.418400
181_57,s2.979616,s-0.288829,s147.835149
181_58,s-3.191342,s-1.236949,s2.492596
181_59,s1.796552,s-3.063901,s287.241559
181_60,s0.581006,s-3.568689,s287.414595
181_61,s3.120269,s-2.513076,s67.659262
181_62,s-0.417763,s3.570090,s32.461180
181_63,s0.055659,s-3.080638,s143.122501
181_64,s-1.382933,s-3.239793,s258.847204
181_65,s-2.594152,s2.116466,s292.846670
181_66,s3.783903,s0.539956,s221.300135
181_67,s1.557482,s-3.611294,s75.641662
181_68,s-2.137199,s-2.663575,s138.776779
181_69,s-3.279644,s0.941025,s339.937888
181_70,s2.666274,s-2.375459,s196.377185
181_71,s-4.066088,s-1.289901,s73.440937
181_72,s-3.083693,s-2.339671,s284.551358
181_73,s-1.361185,s-4.478634,s202.533217
181_74,s-3.673227,s-0.041834,s292.461967
181_75,s2.220308,s-3.540223,s198.184722
181_76,s0.344873,s4.050811,s158.297546
181_77,s-3.912140,s-0.784723,s84.984472
181_78,s-3.244044,s-3.316679,s344.861017
181_79,s3.477462,s-1.007073,s263.493335
181_80,s4.623023,s0.858787,s256.368238
181_81,s-1.466800,s4.019686,s72.551254
181_82,s2.595769,s2.721097,s97.417377
181_83,s-3.701836,s-2.146330,s-0.191063
181_84,s-4.211899,s2.713047,s291.300275
181_85,s1.220614,s3.705039,s130.461853
181_86,s-2.919131,s2.565033,s32.541542
181_87,s-4.108864,s0.259326,s2.487309
181_88,s-0.300754,s4.012568,s143.830645
181_89,s-0.754439,s-3.887796,s93.221088
181_90,s3.715468,s-1.570523,s319.228138
181_91,s3.035824,s-3.306453,s136.513482
181_92,s4.452708,s-0.828556,s222.492236
181_93,s1.719370,s-4.088801,s200.999343
181_94,s-2.408135,s3.178104,s223.829314
181_95,s2.962118,s0.755671,s67.467968
181_96,s4.263289,s-1.486715,s130.549318
181_97,s3.306064,s2.676151,s297.292319
181_98,s-0.758490,s3.879281,s1.513526
181_99,s0.194019,s-4.569471,s101.269922
181_100,s2.004398,s3.773165,s131.268060
181_101,s-2.572018,s-3.163860,s33.672336
181_102,s-4.779588,s-0.505211,s323.293743
181_103,s3.352965,s3.406836,s130.547398
181_104,s4.152118,s-3.032559,s133.950286
181_105,s-1.530973,s4.798422,s289.820537
181_106,s-1.987606,s4.164019,s247.124052
181_107,s-0.600586,s-4.825977,s287.392253
181_108,s5.058851,s-0.254623,s166.481630
181_109,s4.030809,s0.940963,s145.682549
181_110,s2.667134,s4.757553,s-2.442013
181_111,s-4.749790,s0.775139,s216.454847
181_112,s-3.832396,s-3.150977,s117.445652
181_113,s4.460120,s2.949774,s218.215527
181_114,s4.208393,s-2.270917,s194.119289
181_115,s0.903991,s-5.009451,s285.248198
181_116,s4.731106,s-1.586423,s46.839454
181_117,s-5.499789,s-0.913382,s66.672600
181_118,s1.227686,s4.333876,s339.937888
181_119,s-5.411364,s-1.794167,s330.059673
181_120,s0.804860,s-4.433570,s11.481353
181_121,s2.412433,s-4.314738,s2.234548
181_122,s-3.910382,s-2.644965,s314.697860
181_123,s-3.892436,s1.577717,s70.743695
181_124,s-0.109410,s4.818637,s169.968944
181_125,s3.868356,s-4.614088,s230.794307
181_126,s-2.441865,s4.819622,s309.166284
181_127,s4.272457,s1.693049,s1.280353
181_128,s1.946086,s5.085070,s164.737782
181_129,s-2.767420,s-4.318763,s8.143766
181_130,s4.970327,s1.974826,s284.269923
181_131,s0.352746,s4.651403,s61.335145
181_132,s-1.027888,s-5.044613,s32.064577
181_133,s-5.200936,s0.210191,s196.947712
181_134,s-4.786644,s2.219109,s101.260311
181_135,s5.298540,s0.605473,s68.986928
181_136,s3.599876,s-3.080643,s339.937888
181_137,s-1.583249,s-5.120322,s31.731723
181_138,s1.884579,s-4.460890,s32.461180
181_139,s-0.106007,s-5.028096,s71.544205
181_140,s2.904468,s3.713713,s287.213327
181_141,s0.532004,s-5.904361,s-0.540673
181_142,s-3.576390,s3.479668,s25.192574
181_143,s5.852071,s-0.847124,s337.861499
181_144,s-4.912618,s-3.544344,s116.629733
181_145,s-3.673614,s3.926527,s284.953618
181_146,s5.552718,s2.632834,s218.146422
181_147,s-3.022931,s-4.713656,s61.179077
181_148,s-4.490564,s-2.396916,s74.937073
181_149,s-1.564789,s5.594444,s41.879950
181_150,s0.845894,s5.428895,s206.367527
181_151,s-4.703490,s1.632791,s169.968944
181_152,s-0.540151,s5.616379,s226.589488
181_153,s3.735392,s3.962257,s64.922359
181_154,s5.483769,s-1.558740,s32.461180
181_155,s-5.382046,s-2.466036,s117.312697
181_156,s-5.162973,s1.295910,s39.410480
181_157,s3.346438,s-4.848319,s228.699970
181_158,s-5.264836,s2.747211,s64.922359
181_159,s1.532581,s5.651026,s59.293803
181_160,s4.837431,s-2.144362,s326.384982
181_161,s-3.962772,s-4.913787,s194.465546
181_162,s-5.574820,s0.008896,s299.990275
181_163,s-3.472228,s4.522939,s289.779485
181_164,s-4.816774,s3.427550,s255.019730
181_165,s2.631658,s5.201155,s32.829677
181_166,s3.725256,s4.354671,s78.037236
181_167,s1.843464,s-5.370366,s85.330352
181_168,s5.726184,s1.270982,s84.984472
181_169,s-1.842692,s-5.531090,s180.032526
181_170,s4.044541,s-4.016106,s230.896482
181_171,s5.680022,s-0.049746,s336.612741
181_172,s5.275989,s-3.067072,s217.357200
181_173,s1.734330,s-5.789599,s64.987084
181_174,s4.733787,s-3.668674,s201.020475
181_175,s2.472406,s-5.375164,s325.733294
181_176,s-0.603351,s-5.733340,s286.521702
181_177,s4.819425,s3.697505,s60.355859
181_178,s-6.094757,s0.074312,s142.536613
181_179,s0.160851,s5.267559,s63.376645
181_180,s-4.124671,s-4.134331,s328.976827
182_0,s-0.502968,s0.254997,s-1.795644
182_1,s0.375263,s-0.048300,s129.453663
182_2,s0.223478,s0.531634,s295.487781
182_3,s-0.254016,s1.091349,s161.068143
182_4,s1.208560,s-0.575511,s341.416842
182_5,s-1.075542,s0.142589,s287.414595
182_6,s0.321354,s1.209870,s254.953416
182_7,s-1.367517,s-1.337624,s214.842730
182_8,s1.426924,s-0.059935,s68.582700
182_9,s-0.189558,s-0.500148,s33.098488
182_10,s1.082079,s0.391205,s339.937888
182_11,s0.622337,s-0.964926,s128.523736
182_12,s-1.725741,s0.973870,s33.367952
182_13,s0.165255,s-1.191463,s215.108760
182_14,s1.864890,s-1.304854,s201.681574
182_15,s-2.000466,s-0.234503,s117.494605
182_16,s-2.819237,s1.191949,s75.257139
182_17,s0.577241,s1.648483,s84.984472
182_18,s1.149415,s-1.564376,s298.149169
182_19,s1.325443,s1.376600,s339.937888
182_20,s2.109765,s-0.726943,s15.130718
182_21,s-1.591095,s0.395114,s64.828182
182_22,s-1.954214,s-1.116653,s99.109470
182_23,s1.821131,s1.960125,s289.039926
182_24,s-0.314069,s1.934160,s66.060800
182_25,s0.564533,s-1.938471,s339.686235
182_26,s1.547451,s0.646325,s306.592395
182_27,s-0.635260,s-1.845254,s339.937888
182_28,s0.154104,s2.214652,s173.237970
182_29,s-2.185187,s-0.744791,s-1.469299
182_30,s1.770827,s2.921335,s65.452217
182_31,s-1.126947,s-2.072204,s211.655952
182_32,s2.208534,s3.067662,s291.225157
182_33,s-0.929687,s1.620069,s117.445652
182_34,s-0.624823,s2.574515,s126.241097
182_35,s-0.802528,s-2.577331,s208.880920
182_36,s2.396152,s-1.470027,s168.707504
182_37,s-2.993875,s3.252369,s346.308874
182_38,s-1.881448,s2.499388,s198.736456
182_39,s0.756966,s3.188019,s212.813615
182_40,s2.347117,s0.354229,s-0.343748
182_41,s-2.164672,s-1.880253,s326.723158
182_42,s-3.015836,s0.498177,s331.909865
182_43,s0.852577,s-2.426926,s164.506894
182_44,s-3.089800,s-0.200029,s141.571798
182_45,s-2.610802,s-2.325834,s-1.086090
182_46,s1.844144,s-2.357167,s162.190874
182_47,s0.739804,s2.084995,s196.402117
182_48,s-1.508838,s-2.552899,s32.186200
182_49,s2.803560,s-0.889180,s307.476708
182_50,s0.564949,s-2.780917,s95.089196
182_51,s2.637943,s1.506143,s151.273917
182_52,s1.119852,s2.163493,s202.430124
182_53,s-0.969108,s3.259714,s169.968944
182_54,s3.126453,s1.603821,s309.411785
182_55,s-1.001901,s-2.876284,s-1.278445
182_56,s2.276773,s-2.369871,s263.418400
182_57,s2.979616,s-0.288829,s147.835149
182_58,s-3.061761,s-1.303520,s-7.518570
182_59,s1.883742,s-3.160983,s282.673382
182_60,s0.581006,s-3.568689,s287.414595
182_61,s3.120269,s-2.513076,s67.659262
182_62,s-0.417763,s3.570090,s32.461180
182_63,s0.055659,s-3.080638,s143.122501
182_64,s-1.382933,s-3.239793,s258.847204
182_65,s-2.594152,s2.116466,s292.846670
182_66,s3.783903,s0.539956,s221.300135
182_67,s1.557482,s-3.611294,s75.641662
182_68,s-2.137199,s-2.663575,s138.776779
182_69,s-3.279644,s0.941025,s339.937888
182_70,s2.666274,s-2.375459,s196.377185
182_71,s-4.066088,s-1.289901,s73.440937
182_72,s-3.083693,s-2.339671,s284.551358
182_73,s-1.361185,s-4.478634,s202.533217
182_74,s-3.673227,s-0.041834,s292.461967
182_75,s2.220308,s-3.540223,s198.184722
182_76,s0.325763,s4.016266,s162.158711
182_77,s-3.912140,s-0.784723,s84.984472
182_78,s-3.244044,s-3.316679,s344.861017
182_79,s3.477462,s-1.007073,s263.493335
182_80,s4.623023,s0.858787,s256.368238
182_81,s-1.466800,s4.019686,s72.551254
182_82,s2.595769,s2.721097,s97.417377
182_83,s-3.702159,s-1.951034,s-3.629930
182_84,s-4.271181,s2.534862,s292.273721
182_85,s1.220614,s3.705039,s130.461853
182_86,s-2.919131,s2.565033,s32.541542
182_87,s-4.108864,s0.259326,s2.487309
182_88,s-0.300754,s4.012568,s143.830645
182_89,s-0.555413,s-4.013259,s76.977113
182_90,s3.715468,s-1.570523,s319.228138
182_91,s3.035824,s-3.306453,s136.513482
182_92,s4.452708,s-0.828556,s222.492236
182_93,s1.719370,s-4.088801,s200.999343
182_94,s-2.408135,s3.178104,s223.829314
182_95,s2.962118,s0.755671,s67.467968
182_96,s4.263289,s-1.486715,s130.549318
182_97,s3.306064,s2.676151,s297.292319
182_98,s-0.758490,s3.879281,s1.513526
182_99,s0.194019,s-4.569471,s101.269922
182_100,s2.004398,s3.773165,s131.268060
182_101,s-2.572018,s-3.163860,s33.672336
182_102,s-4.779588,s-0.505211,s323.293743
182_103,s3.352965,s3.406836,s130.547398
182_104,s4.152118,s-3.032559,s133.950286
182_105,s-1.608063,s4.811577,s278.819234
182_106,s-1.987606,s4.164019,s247.124052
182_107,s-0.600586,s-4.825977,s287.392253
182_108,s4.913596,s-0.169890,s177.130273
182_109,s4.030809,s0.940963,s145.682549
182_110,s2.667134,s4.757553,s-2.442013
182_111,s-4.749790,s0.775139,s216.454847
182_112,s-3.832396,s-3.150977,s117.445652
182_113,s4.460120,s2.949774,s218.215527
182_114,s4.320367,s-2.168023,s198.473174
182_115,s0.903991,s-5.009451,s285.248198
182_116,s4.731106,s-1.586423,s46.839454
182_117,s-5.422177,s-0.997884,s19.956748
182_118,s0.762673,s4.227118,s348.847053
182_119,s-5.382807,s-1.868646,s53.184519
182_120,s0.804860,s-4.433570,s11.481353
182_121,s2.412433,s-4.314738,s2.234548
182_122,s-3.910382,s-2.644965,s314.697860
182_123,s-3.982476,s1.664018,s60.266385
182_124,s-0.109410,s4.818637,s169.968944
182_125,s3.868356,s-4.614088,s230.794307
182_126,s-2.441865,s4.819622,s309.166284
182_127,s4.107690,s1.598848,s-3.914740
182_128,s1.946086,s5.085070,s164.737782
182_129,s-2.767420,s-4.318763,s8.143766
182_130,s4.934889,s1.999097,s279.570219
182_131,s0.352746,s4.651403,s61.335145
182_132,s-1.027888,s-5.044613,s32.064577
182_133,s-5.200936,s0.210191,s196.947712
182_134,s-4.949486,s2.288901,s100.677409
182_135,s5.298540,s0.605473,s68.986928
182_136,s3.599876,s-3.080643,s339.937888
182_137,s-1.583249,s-5.120322,s31.731723
182_138,s1.884579,s-4.460890,s32.461180
182_139,s-0.106007,s-5.028096,s71.544205
182_140,s2.904468,s3.713713,s287.213327
182_141,s0.532004,s-5.904361,s-0.540673
182_142,s-3.576390,s3.479668,s25.192574
182_143,s5.852071,s-0.847124,s337.861499
182_144,s-5.056030,s-3.533166,s-6.454857
182_145,s-3.673614,s3.926527,s284.953618
182_146,s5.513164,s2.592377,s226.775672
182_147,s-3.019086,s-4.709477,s61.123145
182_148,s-4.490564,s-2.396916,s74.937073
182_149,s-1.564789,s5.594444,s41.879950
182_150,s0.845894,s5.428895,s206.367527
182_151,s-4.703490,s1.632791,s169.968944
182_152,s-0.540151,s5.616379,s226.589488
182_153,s3.735392,s3.962257,s64.922359
182_154,s5.579000,s-1.403675,s31.950667
182_155,s-5.263781,s-2.477515,s127.937431
182_156,s-5.162973,s1.295910,s39.410480
182_157,s3.213789,s-4.815603,s222.258017
182_158,s-5.329419,s2.819040,s59.773700
182_159,s1.532581,s5.651026,s59.293803
182_160,s4.837431,s-2.144362,s326.384982
182_161,s-3.611340,s-4.925390,s200.141371
182_162,s-5.574820,s0.008896,s299.990275
182_163,s-3.497943,s4.540606,s284.873194
182_164,s-4.869853,s3.195037,s3.888571
182_165,s2.631658,s5.201155,s32.829677
182_166,s3.725256,s4.354671,s78.037236
182_167,s1.843464,s-5.370366,s85.330352
182_168,s5.606549,s1.356171,s76.787785
182_169,s-1.842692,s-5.531090,s180.032526
182_170,s4.044541,s-4.016106,s230.896482
182_171,s5.680022,s-0.049746,s336.612741
182_172,s5.454691,s-2.814935,s212.880000
182_173,s1.734330,s-5.789599,s64.987084
182_174,s4.658486,s-3.760049,s211.755238
182_175,s2.472406,s-5.375164,s325.733294
182_176,s-0.537236,s-5.691888,s222.492236
182_177,s4.834757,s3.754065,s58.140613
182_178,s-5.939562,s0.135110,s127.958009
182_179,s0.160851,s5.267559,s63.376645
182_180,s-4.143425,s-4.154518,s97.566467
182_181,s-5.400020,s0.596136,s68.117897
183_0,s-0.502968,s0.254997,s-1.795644
183_1,s0.375263,s-0.048300,s129.453663
183_2,s0.223478,s0.531634,s295.487781
183_3,s-0.254016,s1.091349,s161.068143
183_4,s1.208560,s-0.575511,s341.416842
183_5,s-1.075542,s0.142589,s287.414595
183_6,s0.321354,s1.209870,s254.953416
183_7,s-1.367517,s-1.337624,s214.842730
183_8,s1.426924,s-0.059935,s68.582700
183_9,s-0.189558,s-0.500148,s33.098488
183_10,s1.082079,s0.391205,s339.937888
183_11,s0.622337,s-0.964926,s128.523736
183_12,s-1.725741,s0.973870,s33.367952
183_13,s0.165255,s-1.191463,s215.108760
183_14,s1.864890,s-1.304854,s201.681574
183_15,s-2.000466,s-0.234503,s117.494605
183_16,s-2.819237,s1.191949,s75.257139
183_17,s0.577241,s1.648483,s84.984472
183_18,s1.149415,s-1.564376,s298.149169
183_19,s1.325443,s1.376600,s339.937888
183_20,s2.109765,s-0.726943,s15.130718
183_21,s-1.591095,s0.395114,s64.828182
183_22,s-1.954214,s-1.116653,s99.109470
183_23,s1.821131,s1.960125,s289.039926
183_24,s-0.314069,s1.934160,s66.060800
183_25,s0.564533,s-1.938471,s339.686235
183_26,s1.547451,s0.646325,s306.592395
183_27,s-0.635260,s-1.845254,s339.937888
183_28,s0.154104,s2.214652,s173.237970
183_29,s-2.185187,s-0.744791,s-1.469299
183_30,s1.770827,s2.921335,s65.452217
183_31,s-1.126947,s-2.072204,s211.655952
183_32,s2.208534,s3.067662,s291.225157
183_33,s-0.929687,s1.620069,s117.445652
183_34,s-0.624823,s2.574515,s126.241097
183_35,s-0.802528,s-2.577331,s208.880920
183_36,s2.396152,s-1.470027,s168.707504
183_37,s-2.993875,s3.252369,s346.308874
183_38,s-1.881448,s2.499388,s198.736456
183_39,s0.756966,s3.188019,s212.813615
183_40,s2.347117,s0.354229,s-0.343748
183_41,s-2.164672,s-1.880253,s326.723158
183_42,s-3.015836,s0.498177,s331.909865
183_43,s0.852577,s-2.426926,s164.506894
183_44,s-3.089800,s-0.200029,s141.571798
183_45,s-2.610802,s-2.325834,s-1.086090
183_46,s1.844144,s-2.357167,s162.190874
183_47,s0.739804,s2.084995,s196.402117
183_48,s-1.508838,s-2.552899,s32.186200
183_49,s2.803560,s-0.889180,s307.476708
183_50,s0.564949,s-2.780917,s95.089196
183_51,s2.637943,s1.506143,s151.273917
183_52,s1.119852,s2.163493,s202.430124
183_53,s-0.969108,s3.259714,s169.968944
183_54,s3.126453,s1.603821,s309.411785
183_55,s-1.001901,s-2.876284,s-1.278445
183_56,s2.276773,s-2.369871,s263.418400
183_57,s2.979616,s-0.288829,s147.835149
183_58,s-3.061761,s-1.303520,s-7.518570
183_59,s1.883742,s-3.160983,s282.673382
183_60,s0.581006,s-3.568689,s287.414595
183_61,s3.120269,s-2.513076,s67.659262
183_62,s-0.417763,s3.570090,s32.461180
183_63,s0.055659,s-3.080638,s143.122501
183_64,s-1.382933,s-3.239793,s258.847204
183_65,s-2.594152,s2.116466,s292.846670
183_66,s3.783903,s0.539956,s221.300135
183_67,s1.557482,s-3.611294,s75.641662
183_68,s-2.137199,s-2.663575,s138.776779
183_69,s-3.279644,s0.941025,s339.937888
183_70,s2.666274,s-2.375459,s196.377185
183_71,s-4.066088,s-1.289901,s73.440937
183_72,s-3.083693,s-2.339671,s284.551358
183_73,s-1.361185,s-4.478634,s202.533217
183_74,s-3.673227,s-0.041834,s292.461967
183_75,s2.220308,s-3.540223,s198.184722
183_76,s0.325763,s4.016266,s162.158711
183_77,s-3.912140,s-0.784723,s84.984472
183_78,s-3.244044,s-3.316679,s344.861017
183_79,s3.477462,s-1.007073,s263.493335
183_80,s4.623023,s0.858787,s256.368238
183_81,s-1.466800,s4.019686,s72.551254
183_82,s2.595769,s2.721097,s97.417377
183_83,s-3.702159,s-1.951034,s-3.629930
183_84,s-4.271181,s2.534862,s292.273721
183_85,s1.220614,s3.705039,s130.461853
183_86,s-2.919131,s2.565033,s32.541542
183_87,s-4.108864,s0.259326,s2.487309
183_88,s-0.300754,s4.012568,s143.830645
183_89,s-0.555413,s-4.013259,s76.977113
183_90,s3.715468,s-1.570523,s319.228138
183_91,s3.035824,s-3.306453,s136.513482
183_92,s4.452708,s-0.828556,s222.492236
183_93,s1.719370,s-4.088801,s200.999343
183_94,s-2.408135,s3.178104,s223.829314
183_95,s2.962118,s0.755671,s67.467968
183_96,s4.263289,s-1.486715,s130.549318
183_97,s3.306064,s2.676151,s297.292319
183_98,s-0.758490,s3.879281,s1.513526
183_99,s0.194019,s-4.569471,s101.269922
183_100,s2.004398,s3.773165,s131.268060
183_101,s-2.572018,s-3.163860,s33.672336
183_102,s-4.779588,s-0.505211,s323.293743
183_103,s3.352965,s3.406836,s130.547398
183_104,s4.152118,s-3.032559,s133.950286
183_105,s-1.608063,s4.811577,s278.819234
183_106,s-1.987606,s4.164019,s247.124052
183_107,s-0.600586,s-4.825977,s287.392253
183_108,s4.913596,s-0.169890,s177.130273
183_109,s4.030809,s0.940963,s145.682549
183_110,s2.667134,s4.757553,s-2.442013
183_111,s-4.749790,s0.775139,s216.454847
183_112,s-3.832396,s-3.150977,s117.445652
183_113,s4.460120,s2.949774,s218.215527
183_114,s4.320367,s-2.168023,s198.473174
183_115,s0.903991,s-5.009451,s285.248198
183_116,s4.731106,s-1.586423,s46.839454
183_117,s-5.422177,s-0.997884,s19.956748
183_118,s0.762673,s4.227118,s348.847053
183_119,s-5.382807,s-1.868646,s53.184519
183_120,s0.804860,s-4.433570,s11.481353
183_121,s2.412433,s-4.314738,s2.234548
183_122,s-3.910382,s-2.644965,s314.697860
183_123,s-3.982476,s1.664018,s60.266385
183_124,s-0.109410,s4.818637,s169.968944
183_125,s3.868356,s-4.614088,s230.794307
183_126,s-2.441865,s4.819622,s309.166284
183_127,s4.107690,s1.598848,s-3.914740
183_128,s1.946086,s5.085070,s164.737782
183_129,s-2.767420,s-4.318763,s8.143766
183_130,s4.934889,s1.999097,s279.570219
183_131,s0.352746,s4.651403,s61.335145
183_132,s-1.027888,s-5.044613,s32.064577
183_133,s-5.200936,s0.210191,s196.947712
183_134,s-4.949486,s2.288901,s100.677409
183_135,s5.298540,s0.605473,s68.986928
183_136,s3.599876,s-3.080643,s339.937888
183_137,s-1.583249,s-5.120322,s31.731723
183_138,s1.884579,s-4.460890,s32.461180
183_139,s-0.106007,s-5.028096,s71.544205
183_140,s2.904468,s3.713713,s287.213327
183_141,s0.532004,s-5.904361,s-0.540673
183_142,s-3.576390,s3.479668,s25.192574
183_143,s5.852071,s-0.847124,s337.861499
183_144,s-5.056030,s-3.533166,s-6.454857
183_145,s-3.673614,s3.926527,s284.953618
183_146,s5.513164,s2.592377,s226.775672
183_147,s-3.019086,s-4.709477,s61.123145
183_148,s-4.490564,s-2.396916,s74.937073
183_149,s-1.564789,s5.594444,s41.879950
183_150,s0.845894,s5.428895,s206.367527
183_151,s-4.703490,s1.632791,s169.968944
183_152,s-0.540151,s5.616379,s226.589488
183_153,s3.735392,s3.962257,s64.922359
183_154,s5.579000,s-1.403675,s31.950667
183_155,s-5.263781,s-2.477515,s127.937431
183_156,s-5.162973,s1.295910,s39.410480
183_157,s3.213789,s-4.815603,s222.258017
183_158,s-5.329419,s2.819040,s59.773700
183_159,s1.532581,s5.651026,s59.293803
183_160,s4.837431,s-2.144362,s326.384982
183_161,s-3.611340,s-4.925390,s200.141371
183_162,s-5.574820,s0.008896,s299.990275
183_163,s-3.497943,s4.540606,s284.873194
183_164,s-4.869853,s3.195037,s3.888571
183_165,s2.631658,s5.201155,s32.829677
183_166,s3.725256,s4.354671,s78.037236
183_167,s1.843464,s-5.370366,s85.330352
183_168,s5.606549,s1.356171,s76.787785
183_169,s-1.842692,s-5.531090,s180.032526
183_170,s4.044541,s-4.016106,s230.896482
183_171,s5.680022,s-0.049746,s336.612741
183_172,s5.454691,s-2.814935,s212.880000
183_173,s1.734330,s-5.789599,s64.987084
183_174,s4.658486,s-3.760049,s211.755238
183_175,s2.472406,s-5.375164,s325.733294
183_176,s-0.537236,s-5.691888,s222.492236
183_177,s4.834757,s3.754065,s58.140613
183_178,s-5.939562,s0.135110,s127.958009
183_179,s0.160851,s5.267559,s63.376645
183_180,s-4.143425,s-4.154518,s97.566467
183_181,s-5.400020,s0.596136,s68.117897
183_182,s5.165473,s3.111075,s2.880278
184_0,s-0.502968,s0.254997,s-1.795644
184_1,s0.375263,s-0.048300,s129.453663
184_2,s0.223478,s0.531634,s295.487781
184_3,s-0.254016,s1.091349,s161.068143
184_4,s1.208560,s-0.575511,s341.416842
184_5,s-1.075542,s0.142589,s287.414595
184_6,s0.321354,s1.209870,s254.953416
184_7,s-1.367517,s-1.337624,s214.842730
184_8,s1.426924,s-0.059935,s68.582700
184_9,s-0.189558,s-0.500148,s33.098488
184_10,s1.082079,s0.391205,s339.937888
184_11,s0.622337,s-0.964926,s128.523736
184_12,s-1.725741,s0.973870,s33.367952
184_13,s0.165255,s-1.191463,s215.108760
184_14,s1.864890,s-1.304854,s201.681574
184_15,s-2.000466,s-0.234503,s117.494605
184_16,s-2.819237,s1.191949,s75.257139
184_17,s0.577241,s1.648483,s84.984472
184_18,s1.149415,s-1.564376,s298.149169
184_19,s1.325443,s1.376600,s339.937888
184_20,s2.109765,s-0.726943,s15.130718
184_21,s-1.591095,s0.395114,s64.828182
184_22,s-1.954214,s-1.116653,s99.109470
184_23,s1.821131,s1.960125,s289.039926
184_24,s-0.314069,s1.934160,s66.060800
184_25,s0.564533,s-1.938471,s339.686235
184_26,s1.547451,s0.646325,s306.592395
184_27,s-0.635260,s-1.845254,s339.937888
184_28,s0.154104,s2.214652,s173.237970
184_29,s-2.185187,s-0.744791,s-1.469299
184_30,s1.770827,s2.921335,s65.452217
184_31,s-1.126947,s-2.072204,s211.655952
184_32,s2.208534,s3.067662,s291.225157
184_33,s-0.929687,s1.620069,s117.445652
184_34,s-0.624823,s2.574515,s126.241097
184_35,s-0.802528,s-2.577331,s208.880920
184_36,s2.396152,s-1.470027,s168.707504
184_37,s-2.993875,s3.252369,s346.308874
184_38,s-1.881448,s2.499388,s198.736456
184_39,s0.756966,s3.188019,s212.813615
184_40,s2.347117,s0.354229,s-0.343748
184_41,s-2.164672,s-1.880253,s326.723158
184_42,s-3.015836,s0.498177,s331.909865
184_43,s0.852577,s-2.426926,s164.506894
184_44,s-3.089800,s-0.200029,s141.571798
184_45,s-2.610802,s-2.325834,s-1.086090
184_46,s1.844144,s-2.357167,s162.190874
184_47,s0.739804,s2.084995,s196.402117
184_48,s-1.508838,s-2.552899,s32.186200
184_49,s2.803560,s-0.889180,s307.476708
184_50,s0.564949,s-2.780917,s95.089196
184_51,s2.637943,s1.506143,s151.273917
184_52,s1.119852,s2.163493,s202.430124
184_53,s-0.969108,s3.259714,s169.968944
184_54,s3.126453,s1.603821,s309.411785
184_55,s-1.001901,s-2.876284,s-1.278445
184_56,s2.276773,s-2.369871,s263.418400
184_57,s2.979616,s-0.288829,s147.835149
184_58,s-3.061761,s-1.303520,s-7.518570
184_59,s1.883742,s-3.160983,s282.673382
184_60,s0.581006,s-3.568689,s287.414595
184_61,s3.120269,s-2.513076,s67.659262
184_62,s-0.417763,s3.570090,s32.461180
184_63,s0.055659,s-3.080638,s143.122501
184_64,s-1.382933,s-3.239793,s258.847204
184_65,s-2.594152,s2.116466,s292.846670
184_66,s3.783903,s0.539956,s221.300135
184_67,s1.557482,s-3.611294,s75.641662
184_68,s-2.137199,s-2.663575,s138.776779
184_69,s-3.279644,s0.941025,s339.937888
184_70,s2.666274,s-2.375459,s196.377185
184_71,s-4.066088,s-1.289901,s73.440937
184_72,s-3.083693,s-2.339671,s284.551358
184_73,s-1.361185,s-4.478634,s202.533217
184_74,s-3.673227,s-0.041834,s292.461967
184_75,s2.220308,s-3.540223,s198.184722
184_76,s0.325763,s4.016266,s162.158711
184_77,s-3.912140,s-0.784723,s84.984472
184_78,s-3.244044,s-3.316679,s344.861017
184_79,s3.477462,s-1.007073,s263.493335
184_80,s4.623023,s0.858787,s256.368238
184_81,s-1.466800,s4.019686,s72.551254
184_82,s2.595769,s2.721097,s97.417377
184_83,s-3.702159,s-1.951034,s-3.629930
184_84,s-4.271181,s2.534862,s292.273721
184_85,s1.220614,s3.705039,s130.461853
184_86,s-2.919131,s2.565033,s32.541542
184_87,s-4.108864,s0.259326,s2.487309
184_88,s-0.300754,s4.012568,s143.830645
184_89,s-0.555413,s-4.013259,s76.977113
184_90,s3.715468,s-1.570523,s319.228138
184_91,s3.035824,s-3.306453,s136.513482
184_92,s4.452708,s-0.828556,s222.492236
184_93,s1.719370,s-4.088801,s200.999343
184_94,s-2.408135,s3.178104,s223.829314
184_95,s2.962118,s0.755671,s67.467968
184_96,s4.263289,s-1.486715,s130.549318
184_97,s3.306064,s2.676151,s297.292319
184_98,s-0.758490,s3.879281,s1.513526
184_99,s0.194019,s-4.569471,s101.269922
184_100,s2.004398,s3.773165,s131.268060
184_101,s-2.572018,s-3.163860,s33.672336
184_102,s-4.779588,s-0.505211,s323.293743
184_103,s3.352965,s3.406836,s130.547398
184_104,s4.152118,s-3.032559,s133.950286
184_105,s-1.608063,s4.811577,s278.819234
184_106,s-1.987606,s4.164019,s247.124052
184_107,s-0.600586,s-4.825977,s287.392253
184_108,s4.913596,s-0.169890,s177.130273
184_109,s4.030809,s0.940963,s145.682549
184_110,s2.667134,s4.757553,s-2.442013
184_111,s-4.749790,s0.775139,s216.454847
184_112,s-3.832396,s-3.150977,s117.445652
184_113,s4.460120,s2.949774,s218.215527
184_114,s4.320367,s-2.168023,s198.473174
184_115,s0.903991,s-5.009451,s285.248198
184_116,s4.731106,s-1.586423,s46.839454
184_117,s-5.422177,s-0.997884,s19.956748
184_118,s0.762673,s4.227118,s348.847053
184_119,s-5.382807,s-1.868646,s53.184519
184_120,s0.804860,s-4.433570,s11.481353
184_121,s2.412433,s-4.314738,s2.234548
184_122,s-3.910382,s-2.644965,s314.697860
184_123,s-3.982476,s1.664018,s60.266385
184_124,s-0.109410,s4.818637,s169.968944
184_125,s3.868356,s-4.614088,s230.794307
184_126,s-2.441865,s4.819622,s309.166284
184_127,s4.107690,s1.598848,s-3.914740
184_128,s1.946086,s5.085070,s164.737782
184_129,s-2.767420,s-4.318763,s8.143766
184_130,s4.934889,s1.999097,s279.570219
184_131,s0.352746,s4.651403,s61.335145
184_132,s-1.027888,s-5.044613,s32.064577
184_133,s-5.200936,s0.210191,s196.947712
184_134,s-4.949486,s2.288901,s100.677409
184_135,s5.298540,s0.605473,s68.986928
184_136,s3.599876,s-3.080643,s339.937888
184_137,s-1.583249,s-5.120322,s31.731723
184_138,s1.884579,s-4.460890,s32.461180
184_139,s-0.106007,s-5.028096,s71.544205
184_140,s2.904468,s3.713713,s287.213327
184_141,s0.532004,s-5.904361,s-0.540673
184_142,s-3.576390,s3.479668,s25.192574
184_143,s5.852071,s-0.847124,s337.861499
184_144,s-5.056030,s-3.533166,s-6.454857
184_145,s-3.673614,s3.926527,s284.953618
184_146,s5.513164,s2.592377,s226.775672
184_147,s-3.019086,s-4.709477,s61.123145
184_148,s-4.490564,s-2.396916,s74.937073
184_149,s-1.564789,s5.594444,s41.879950
184_150,s0.845894,s5.428895,s206.367527
184_151,s-4.703490,s1.632791,s169.968944
184_152,s-0.540151,s5.616379,s226.589488
184_153,s3.735392,s3.962257,s64.922359
184_154,s5.579000,s-1.403675,s31.950667
184_155,s-5.263781,s-2.477515,s127.937431
184_156,s-5.162973,s1.295910,s39.410480
184_157,s3.213789,s-4.815603,s222.258017
184_158,s-5.329419,s2.819040,s59.773700
184_159,s1.532581,s5.651026,s59.293803
184_160,s4.837431,s-2.144362,s326.384982
184_161,s-3.611340,s-4.925390,s200.141371
184_162,s-5.574820,s0.008896,s299.990275
184_163,s-3.497943,s4.540606,s284.873194
184_164,s-4.869853,s3.195037,s3.888571
184_165,s2.631658,s5.201155,s32.829677
184_166,s3.725256,s4.354671,s78.037236
184_167,s1.843464,s-5.370366,s85.330352
184_168,s5.606549,s1.356171,s76.787785
184_169,s-1.842692,s-5.531090,s180.032526
184_170,s4.044541,s-4.016106,s230.896482
184_171,s5.680022,s-0.049746,s336.612741
184_172,s5.454691,s-2.814935,s212.880000
184_173,s1.734330,s-5.789599,s64.987084
184_174,s4.658486,s-3.760049,s211.755238
184_175,s2.472406,s-5.375164,s325.733294
184_176,s-0.537236,s-5.691888,s222.492236
184_177,s4.834757,s3.754065,s58.140613
184_178,s-5.939562,s0.135110,s127.958009
184_179,s0.160851,s5.267559,s63.376645
184_180,s-4.143425,s-4.154518,s97.566467
184_181,s-5.400020,s0.596136,s68.117897
184_182,s5.165473,s3.111075,s2.880278
184_183,s-1.107638,s-5.479164,s132.240634
185_0,s-0.502968,s0.254997,s-1.795644
185_1,s0.375263,s-0.048300,s129.453663
185_2,s0.223478,s0.531634,s295.487781
185_3,s-0.254016,s1.091349,s161.068143
185_4,s1.208560,s-0.575511,s341.416842
185_5,s-1.075542,s0.142589,s287.414595
185_6,s0.321354,s1.209870,s254.953416
185_7,s-1.367517,s-1.337624,s214.842730
185_8,s1.426924,s-0.059935,s68.582700
185_9,s-0.189558,s-0.500148,s33.098488
185_10,s1.082079,s0.391205,s339.937888
185_11,s0.622337,s-0.964926,s128.523736
185_12,s-1.725741,s0.973870,s33.367952
185_13,s0.165255,s-1.191463,s215.108760
185_14,s1.864890,s-1.304854,s201.681574
185_15,s-2.000466,s-0.234503,s117.494605
185_16,s-2.819237,s1.191949,s75.257139
185_17,s0.577241,s1.648483,s84.984472
185_18,s1.149415,s-1.564376,s298.149169
185_19,s1.325443,s1.376600,s339.937888
185_20,s2.109765,s-0.726943,s15.130718
185_21,s-1.591095,s0.395114,s64.828182
185_22,s-1.954214,s-1.116653,s99.109470
185_23,s1.821131,s1.960125,s289.039926
185_24,s-0.314069,s1.934160,s66.060800
185_25,s0.564533,s-1.938471,s339.686235
185_26,s1.547451,s0.646325,s306.592395
185_27,s-0.635260,s-1.845254,s339.937888
185_28,s0.154104,s2.214652,s173.237970
185_29,s-2.185187,s-0.744791,s-1.469299
185_30,s1.770827,s2.921335,s65.452217
185_31,s-1.126947,s-2.072204,s211.655952
185_32,s2.208534,s3.067662,s291.225157
185_33,s-0.929687,s1.620069,s117.445652
185_34,s-0.624823,s2.574515,s126.241097
185_35,s-0.802528,s-2.577331,s208.880920
185_36,s2.396152,s-1.470027,s168.707504
185_37,s-2.993875,s3.252369,s346.308874
185_38,s-1.881448,s2.499388,s198.736456
185_39,s0.756966,s3.188019,s212.813615
185_40,s2.347117,s0.354229,s-0.343748
185_41,s-2.164672,s-1.880253,s326.723158
185_42,s-3.015836,s0.498177,s331.909865
185_43,s0.852577,s-2.426926,s164.506894
185_44,s-3.089800,s-0.200029,s141.571798
185_45,s-2.610802,s-2.325834,s-1.086090
185_46,s1.844144,s-2.357167,s162.190874
185_47,s0.739804,s2.084995,s196.402117
185_48,s-1.508838,s-2.552899,s32.186200
185_49,s2.803560,s-0.889180,s307.476708
185_50,s0.564949,s-2.780917,s95.089196
185_51,s2.637943,s1.506143,s151.273917
185_52,s1.119852,s2.163493,s202.430124
185_53,s-0.969108,s3.259714,s169.968944
185_54,s3.126453,s1.603821,s309.411785
185_55,s-1.001901,s-2.876284,s-1.278445
185_56,s2.276773,s-2.369871,s263.418400
185_57,s2.979616,s-0.288829,s147.835149
185_58,s-3.061761,s-1.303520,s-7.518570
185_59,s1.883742,s-3.160983,s282.673382
185_60,s0.581006,s-3.568689,s287.414595
185_61,s3.120269,s-2.513076,s67.659262
185_62,s-0.417763,s3.570090,s32.461180
185_63,s0.055659,s-3.080638,s143.122501
185_64,s-1.382933,s-3.239793,s258.847204
185_65,s-2.594152,s2.116466,s292.846670
185_66,s3.783903,s0.539956,s221.300135
185_67,s1.557482,s-3.611294,s75.641662
185_68,s-2.137199,s-2.663575,s138.776779
185_69,s-3.279644,s0.941025,s339.937888
185_70,s2.666274,s-2.375459,s196.377185
185_71,s-4.066088,s-1.289901,s73.440937
185_72,s-3.083693,s-2.339671,s284.551358
185_73,s-1.361185,s-4.478634,s202.533217
185_74,s-3.673227,s-0.041834,s292.461967
185_75,s2.220308,s-3.540223,s198.184722
185_76,s0.325763,s4.016266,s162.158711
185_77,s-3.912140,s-0.784723,s84.984472
185_78,s-3.244044,s-3.316679,s344.861017
185_79,s3.477462,s-1.007073,s263.493335
185_80,s4.623023,s0.858787,s256.368238
185_81,s-1.466800,s4.019686,s72.551254
185_82,s2.595769,s2.721097,s97.417377
185_83,s-3.702159,s-1.951034,s-3.629930
185_84,s-4.271181,s2.534862,s292.273721
185_85,s1.220614,s3.705039,s130.461853
185_86,s-2.919131,s2.565033,s32.541542
185_87,s-4.108864,s0.259326,s2.487309
185_88,s-0.300754,s4.012568,s143.830645
185_89,s-0.555413,s-4.013259,s76.977113
185_90,s3.715468,s-1.570523,s319.228138
185_91,s3.035824,s-3.306453,s136.513482
185_92,s4.452708,s-0.828556,s222.492236
185_93,s1.719370,s-4.088801,s200.999343
185_94,s-2.408135,s3.178104,s223.829314
185_95,s2.962118,s0.755671,s67.467968
185_96,s4.263289,s-1.486715,s130.549318
185_97,s3.306064,s2.676151,s297.292319
185_98,s-0.758490,s3.879281,s1.513526
185_99,s0.194019,s-4.569471,s101.269922
185_100,s2.004398,s3.773165,s131.268060
185_101,s-2.572018,s-3.163860,s33.672336
185_102,s-4.779588,s-0.505211,s323.293743
185_103,s3.352965,s3.406836,s130.547398
185_104,s4.152118,s-3.032559,s133.950286
185_105,s-1.608063,s4.811577,s278.819234
185_106,s-1.987606,s4.164019,s247.124052
185_107,s-0.600586,s-4.825977,s287.392253
185_108,s4.913596,s-0.169890,s177.130273
185_109,s4.030809,s0.940963,s145.682549
185_110,s2.667134,s4.757553,s-2.442013
185_111,s-4.749790,s0.775139,s216.454847
185_112,s-3.832396,s-3.150977,s117.445652
185_113,s4.460120,s2.949774,s218.215527
185_114,s4.320367,s-2.168023,s198.473174
185_115,s0.903991,s-5.009451,s285.248198
185_116,s4.731106,s-1.586423,s46.839454
185_117,s-5.422177,s-0.997884,s19.956748
185_118,s0.762673,s4.227118,s348.847053
185_119,s-5.382807,s-1.868646,s53.184519
185_120,s0.804860,s-4.433570,s11.481353
185_121,s2.412433,s-4.314738,s2.234548
185_122,s-3.910382,s-2.644965,s314.697860
185_123,s-3.982476,s1.664018,s60.266385
185_124,s-0.109410,s4.818637,s169.968944
185_125,s3.868356,s-4.614088,s230.794307
185_126,s-2.441865,s4.819622,s309.166284
185_127,s4.107690,s1.598848,s-3.914740
185_128,s1.946086,s5.085070,s164.737782
185_129,s-2.767420,s-4.318763,s8.143766
185_130,s4.934889,s1.999097,s279.570219
185_131,s0.352746,s4.651403,s61.335145
185_132,s-1.027888,s-5.044613,s32.064577
185_133,s-5.200936,s0.210191,s196.947712
185_134,s-4.949486,s2.288901,s100.677409
185_135,s5.298540,s0.605473,s68.986928
185_136,s3.599876,s-3.080643,s339.937888
185_137,s-1.583249,s-5.120322,s31.731723
185_138,s1.884579,s-4.460890,s32.461180
185_139,s-0.106007,s-5.028096,s71.544205
185_140,s2.904468,s3.713713,s287.213327
185_141,s0.532004,s-5.904361,s-0.540673
185_142,s-3.576390,s3.479668,s25.192574
185_143,s5.852071,s-0.847124,s337.861499
185_144,s-5.056030,s-3.533166,s-6.454857
185_145,s-3.673614,s3.926527,s284.953618
185_146,s5.513164,s2.592377,s226.775672
185_147,s-3.019086,s-4.709477,s61.123145
185_148,s-4.490564,s-2.396916,s74.937073
185_149,s-1.564789,s5.594444,s41.879950
185_150,s0.845894,s5.428895,s206.367527
185_151,s-4.703490,s1.632791,s169.968944
185_152,s-0.540151,s5.616379,s226.589488
185_153,s3.735392,s3.962257,s64.922359
185_154,s5.579000,s-1.403675,s31.950667
185_155,s-5.263781,s-2.477515,s127.937431
185_156,s-5.162973,s1.295910,s39.410480
185_157,s3.213789,s-4.815603,s222.258017
185_158,s-5.329419,s2.819040,s59.773700
185_159,s1.532581,s5.651026,s59.293803
185_160,s4.837431,s-2.144362,s326.384982
185_161,s-3.611340,s-4.925390,s200.141371
185_162,s-5.574820,s0.008896,s299.990275
185_163,s-3.497943,s4.540606,s284.873194
185_164,s-4.869853,s3.195037,s3.888571
185_165,s2.631658,s5.201155,s32.829677
185_166,s3.725256,s4.354671,s78.037236
185_167,s1.843464,s-5.370366,s85.330352
185_168,s5.606549,s1.356171,s76.787785
185_169,s-1.842692,s-5.531090,s180.032526
185_170,s4.044541,s-4.016106,s230.896482
185_171,s5.680022,s-0.049746,s336.612741
185_172,s5.454691,s-2.814935,s212.880000
185_173,s1.734330,s-5.789599,s64.987084
185_174,s4.658486,s-3.760049,s211.755238
185_175,s2.472406,s-5.375164,s325.733294
185_176,s-0.537236,s-5.691888,s222.492236
185_177,s4.834757,s3.754065,s58.140613
185_178,s-5.939562,s0.135110,s127.958009
185_179,s0.160851,s5.267559,s63.376645
185_180,s-4.143425,s-4.154518,s97.566467
185_181,s-5.400020,s0.596136,s68.117897
185_182,s5.165473,s3.111075,s2.880278
185_183,s-1.107638,s-5.479164,s132.240634
185_184,s-3.005642,s4.989664,s352.926254
186_0,s-0.502968,s0.254997,s-1.795644
186_1,s0.375263,s-0.048300,s129.453663
186_2,s0.223478,s0.531634,s295.487781
186_3,s-0.254016,s1.091349,s161.068143
186_4,s1.208560,s-0.575511,s341.416842
186_5,s-1.075542,s0.142589,s287.414595
186_6,s0.321354,s1.209870,s254.953416
186_7,s-1.367517,s-1.337624,s214.842730
186_8,s1.426924,s-0.059935,s68.582700
186_9,s-0.189558,s-0.500148,s33.098488
186_10,s1.082079,s0.391205,s339.937888
186_11,s0.622337,s-0.964926,s128.523736
186_12,s-1.725741,s0.973870,s33.367952
186_13,s0.165255,s-1.191463,s215.108760
186_14,s1.864890,s-1.304854,s201.681574
186_15,s-2.000466,s-0.234503,s117.494605
186_16,s-2.819237,s1.191949,s75.257139
186_17,s0.577241,s1.648483,s84.984472
186_18,s1.149415,s-1.564376,s298.149169
186_19,s1.325443,s1.376600,s339.937888
186_20,s2.109765,s-0.726943,s15.130718
186_21,s-1.591095,s0.395114,s64.828182
186_22,s-1.954214,s-1.116653,s99.109470
186_23,s1.821131,s1.960125,s289.039926
186_24,s-0.314069,s1.934160,s66.060800
186_25,s0.564533,s-1.938471,s339.686235
186_26,s1.547451,s0.646325,s306.592395
186_27,s-0.635260,s-1.845254,s339.937888
186_28,s0.154104,s2.214652,s173.237970
186_29,s-2.185187,s-0.744791,s-1.469299
186_30,s1.770827,s2.921335,s65.452217
186_31,s-1.126947,s-2.072204,s211.655952
186_32,s2.208534,s3.067662,s291.225157
186_33,s-0.929687,s1.620069,s117.445652
186_34,s-0.624823,s2.574515,s126.241097
186_35,s-0.802528,s-2.577331,s208.880920
186_36,s2.396152,s-1.470027,s168.707504
186_37,s-2.993875,s3.252369,s346.308874
186_38,s-1.881448,s2.499388,s198.736456
186_39,s0.756966,s3.188019,s212.813615
186_40,s2.347117,s0.354229,s-0.343748
186_41,s-2.164672,s-1.880253,s326.723158
186_42,s-3.015836,s0.498177,s331.909865
186_43,s0.852577,s-2.426926,s164.506894
186_44,s-3.089800,s-0.200029,s141.571798
186_45,s-2.610802,s-2.325834,s-1.086090
186_46,s1.844144,s-2.357167,s162.190874
186_47,s0.739804,s2.084995,s196.402117
186_48,s-1.508838,s-2.552899,s32.186200
186_49,s2.803560,s-0.889180,s307.476708
186_50,s0.564949,s-2.780917,s95.089196
186_51,s2.637943,s1.506143,s151.273917
186_52,s1.119852,s2.163493,s202.430124
186_53,s-0.969108,s3.259714,s169.968944
186_54,s3.126453,s1.603821,s309.411785
186_55,s-1.001901,s-2.876284,s-1.278445
186_56,s2.276773,s-2.369871,s263.418400
186_57,s2.979616,s-0.288829,s147.835149
186_58,s-3.061761,s-1.303520,s-7.518570
186_59,s1.883742,s-3.160983,s282.673382
186_60,s0.581006,s-3.568689,s287.414595
186_61,s3.120269,s-2.513076,s67.659262
186_62,s-0.417763,s3.570090,s32.461180
186_63,s0.055659,s-3.080638,s143.122501
186_64,s-1.382933,s-3.239793,s258.847204
186_65,s-2.594152,s2.116466,s292.846670
186_66,s3.783903,s0.539956,s221.300135
186_67,s1.557482,s-3.611294,s75.641662
186_68,s-2.137199,s-2.663575,s138.776779
186_69,s-3.279644,s0.941025,s339.937888
186_70,s2.666274,s-2.375459,s196.377185
186_71,s-4.066088,s-1.289901,s73.440937
186_72,s-3.083693,s-2.339671,s284.551358
186_73,s-1.361185,s-4.478634,s202.533217
186_74,s-3.673227,s-0.041834,s292.461967
186_75,s2.220308,s-3.540223,s198.184722
186_76,s0.325763,s4.016266,s162.158711
186_77,s-3.912140,s-0.784723,s84.984472
186_78,s-3.244044,s-3.316679,s344.861017
186_79,s3.477462,s-1.007073,s263.493335
186_80,s4.623023,s0.858787,s256.368238
186_81,s-1.466800,s4.019686,s72.551254
186_82,s2.595769,s2.721097,s97.417377
186_83,s-3.702159,s-1.951034,s-3.629930
186_84,s-4.271181,s2.534862,s292.273721
186_85,s1.220614,s3.705039,s130.461853
186_86,s-2.919131,s2.565033,s32.541542
186_87,s-4.108864,s0.259326,s2.487309
186_88,s-0.300754,s4.012568,s143.830645
186_89,s-0.555413,s-4.013259,s76.977113
186_90,s3.715468,s-1.570523,s319.228138
186_91,s3.035824,s-3.306453,s136.513482
186_92,s4.452708,s-0.828556,s222.492236
186_93,s1.719370,s-4.088801,s200.999343
186_94,s-2.408135,s3.178104,s223.829314
186_95,s2.962118,s0.755671,s67.467968
186_96,s4.263289,s-1.486715,s130.549318
186_97,s3.306064,s2.676151,s297.292319
186_98,s-0.758490,s3.879281,s1.513526
186_99,s0.194019,s-4.569471,s101.269922
186_100,s2.004398,s3.773165,s131.268060
186_101,s-2.572018,s-3.163860,s33.672336
186_102,s-4.779588,s-0.505211,s323.293743
186_103,s3.352965,s3.406836,s130.547398
186_104,s4.152118,s-3.032559,s133.950286
186_105,s-1.608063,s4.811577,s278.819234
186_106,s-1.987606,s4.164019,s247.124052
186_107,s-0.600586,s-4.825977,s287.392253
186_108,s4.913596,s-0.169890,s177.130273
186_109,s4.030809,s0.940963,s145.682549
186_110,s2.667134,s4.757553,s-2.442013
186_111,s-4.749790,s0.775139,s216.454847
186_112,s-3.832396,s-3.150977,s117.445652
186_113,s4.460120,s2.949774,s218.215527
186_114,s4.320367,s-2.168023,s198.473174
186_115,s0.903991,s-5.009451,s285.248198
186_116,s4.731106,s-1.586423,s46.839454
186_117,s-5.422177,s-0.997884,s19.956748
186_118,s0.762673,s4.227118,s348.847053
186_119,s-5.382807,s-1.868646,s53.184519
186_120,s0.804860,s-4.433570,s11.481353
186_121,s2.412433,s-4.314738,s2.234548
186_122,s-3.910382,s-2.644965,s314.697860
186_123,s-3.982476,s1.664018,s60.266385
186_124,s-0.109410,s4.818637,s169.968944
186_125,s3.868356,s-4.614088,s230.794307
186_126,s-2.441865,s4.819622,s309.166284
186_127,s4.107690,s1.598848,s-3.914740
186_128,s1.946086,s5.085070,s164.737782
186_129,s-2.767420,s-4.318763,s8.143766
186_130,s4.934889,s1.999097,s279.570219
186_131,s0.352746,s4.651403,s61.335145
186_132,s-1.027888,s-5.044613,s32.064577
186_133,s-5.200936,s0.210191,s196.947712
186_134,s-4.949486,s2.288901,s100.677409
186_135,s5.298540,s0.605473,s68.986928
186_136,s3.599876,s-3.080643,s339.937888
186_137,s-1.583249,s-5.120322,s31.731723
186_138,s1.884579,s-4.460890,s32.461180
186_139,s-0.106007,s-5.028096,s71.544205
186_140,s2.904468,s3.713713,s287.213327
186_141,s0.532004,s-5.904361,s-0.540673
186_142,s-3.576390,s3.479668,s25.192574
186_143,s5.852071,s-0.847124,s337.861499
186_144,s-5.056030,s-3.533166,s-6.454857
186_145,s-3.673614,s3.926527,s284.953618
186_146,s5.513164,s2.592377,s226.775672
186_147,s-3.019086,s-4.709477,s61.123145
186_148,s-4.490564,s-2.396916,s74.937073
186_149,s-1.564789,s5.594444,s41.879950
186_150,s0.845894,s5.428895,s206.367527
186_151,s-4.703490,s1.632791,s169.968944
186_152,s-0.540151,s5.616379,s226.589488
186_153,s3.735392,s3.962257,s64.922359
186_154,s5.579000,s-1.403675,s31.950667
186_155,s-5.263781,s-2.477515,s127.937431
186_156,s-5.162973,s1.295910,s39.410480
186_157,s3.213789,s-4.815603,s222.258017
186_158,s-5.329419,s2.819040,s59.773700
186_159,s1.532581,s5.651026,s59.293803
186_160,s4.837431,s-2.144362,s326.384982
186_161,s-3.611340,s-4.925390,s200.141371
186_162,s-5.574820,s0.008896,s299.990275
186_163,s-3.497943,s4.540606,s284.873194
186_164,s-4.869853,s3.195037,s3.888571
186_165,s2.631658,s5.201155,s32.829677
186_166,s3.725256,s4.354671,s78.037236
186_167,s1.843464,s-5.370366,s85.330352
186_168,s5.606549,s1.356171,s76.787785
186_169,s-1.842692,s-5.531090,s180.032526
186_170,s4.044541,s-4.016106,s230.896482
186_171,s5.680022,s-0.049746,s336.612741
186_172,s5.454691,s-2.814935,s212.880000
186_173,s1.734330,s-5.789599,s64.987084
186_174,s4.658486,s-3.760049,s211.755238
186_175,s2.472406,s-5.375164,s325.733294
186_176,s-0.537236,s-5.691888,s222.492236
186_177,s4.834757,s3.754065,s58.140613
186_178,s-5.939562,s0.135110,s127.958009
186_179,s0.160851,s5.267559,s63.376645
186_180,s-4.143425,s-4.154518,s97.566467
186_181,s-5.400020,s0.596136,s68.117897
186_182,s5.165473,s3.111075,s2.880278
186_183,s-1.107638,s-5.479164,s132.240634
186_184,s-3.005642,s4.989664,s352.926254
186_185,s3.352164,s4.782112,s0.376672
187_0,s-0.502968,s0.254997,s-1.795644
187_1,s0.375263,s-0.048300,s129.453663
187_2,s0.223478,s0.531634,s295.487781
187_3,s-0.254016,s1.091349,s161.068143
187_4,s1.208560,s-0.575511,s341.416842
187_5,s-1.075542,s0.142589,s287.414595
187_6,s0.321354,s1.209870,s254.953416
187_7,s-1.367517,s-1.337624,s214.842730
187_8,s1.426924,s-0.059935,s68.582700
187_9,s-0.189558,s-0.500148,s33.098488
187_10,s1.082079,s0.391205,s339.937888
187_11,s0.622337,s-0.964926,s128.523736
187_12,s-1.725741,s0.973870,s33.367952
187_13,s0.165255,s-1.191463,s215.108760
187_14,s1.864890,s-1.304854,s201.681574
187_15,s-2.000466,s-0.234503,s117.494605
187_16,s-2.819237,s1.191949,s75.257139
187_17,s0.577241,s1.648483,s84.984472
187_18,s1.149415,s-1.564376,s298.149169
187_19,s1.325443,s1.376600,s339.937888
187_20,s2.109765,s-0.726943,s15.130718
187_21,s-1.591095,s0.395114,s64.828182
187_22,s-1.954214,s-1.116653,s99.109470
187_23,s1.821131,s1.960125,s289.039926
187_24,s-0.314069,s1.934160,s66.060800
187_25,s0.564533,s-1.938471,s339.686235
187_26,s1.547451,s0.646325,s306.592395
187_27,s-0.635260,s-1.845254,s339.937888
187_28,s0.154104,s2.214652,s173.237970
187_29,s-2.185187,s-0.744791,s-1.469299
187_30,s1.770827,s2.921335,s65.452217
187_31,s-1.126947,s-2.072204,s211.655952
187_32,s2.208534,s3.067662,s291.225157
187_33,s-0.929687,s1.620069,s117.445652
187_34,s-0.624823,s2.574515,s126.241097
187_35,s-0.802528,s-2.577331,s208.880920
187_36,s2.396152,s-1.470027,s168.707504
187_37,s-2.993875,s3.252369,s346.308874
187_38,s-1.881448,s2.499388,s198.736456
187_39,s0.756966,s3.188019,s212.813615
187_40,s2.347117,s0.354229,s-0.343748
187_41,s-2.164672,s-1.880253,s326.723158
187_42,s-3.015836,s0.498177,s331.909865
187_43,s0.852577,s-2.426926,s164.506894
187_44,s-3.089800,s-0.200029,s141.571798
187_45,s-2.610802,s-2.325834,s-1.086090
187_46,s1.844144,s-2.357167,s162.190874
187_47,s0.739804,s2.084995,s196.402117
187_48,s-1.508838,s-2.552899,s32.186200
187_49,s2.803560,s-0.889180,s307.476708
187_50,s0.564949,s-2.780917,s95.089196
187_51,s2.637943,s1.506143,s151.273917
187_52,s1.119852,s2.163493,s202.430124
187_53,s-0.969108,s3.259714,s169.968944
187_54,s3.126453,s1.603821,s309.411785
187_55,s-1.001901,s-2.876284,s-1.278445
187_56,s2.276773,s-2.369871,s263.418400
187_57,s2.979616,s-0.288829,s147.835149
187_58,s-3.061761,s-1.303520,s-7.518570
187_59,s1.883742,s-3.160983,s282.673382
187_60,s0.581006,s-3.568689,s287.414595
187_61,s3.120269,s-2.513076,s67.659262
187_62,s-0.417763,s3.570090,s32.461180
187_63,s0.055659,s-3.080638,s143.122501
187_64,s-1.382933,s-3.239793,s258.847204
187_65,s-2.594152,s2.116466,s292.846670
187_66,s3.783903,s0.539956,s221.300135
187_67,s1.557482,s-3.611294,s75.641662
187_68,s-2.137199,s-2.663575,s138.776779
187_69,s-3.279644,s0.941025,s339.937888
187_70,s2.666274,s-2.375459,s196.377185
187_71,s-4.066088,s-1.289901,s73.440937
187_72,s-3.083693,s-2.339671,s284.551358
187_73,s-1.361185,s-4.478634,s202.533217
187_74,s-3.673227,s-0.041834,s292.461967
187_75,s2.220308,s-3.540223,s198.184722
187_76,s0.325763,s4.016266,s162.158711
187_77,s-3.912140,s-0.784723,s84.984472
187_78,s-3.244044,s-3.316679,s344.861017
187_79,s3.477462,s-1.007073,s263.493335
187_80,s4.623023,s0.858787,s256.368238
187_81,s-1.466800,s4.019686,s72.551254
187_82,s2.595769,s2.721097,s97.417377
187_83,s-3.702159,s-1.951034,s-3.629930
187_84,s-4.271181,s2.534862,s292.273721
187_85,s1.220614,s3.705039,s130.461853
187_86,s-2.919131,s2.565033,s32.541542
187_87,s-4.108864,s0.259326,s2.487309
187_88,s-0.300754,s4.012568,s143.830645
187_89,s-0.555413,s-4.013259,s76.977113
187_90,s3.715468,s-1.570523,s319.228138
187_91,s3.035824,s-3.306453,s136.513482
187_92,s4.452708,s-0.828556,s222.492236
187_93,s1.719370,s-4.088801,s200.999343
187_94,s-2.408135,s3.178104,s223.829314
187_95,s2.962118,s0.755671,s67.467968
187_96,s4.263289,s-1.486715,s130.549318
187_97,s3.306064,s2.676151,s297.292319
187_98,s-0.758490,s3.879281,s1.513526
187_99,s0.194019,s-4.569471,s101.269922
187_100,s2.004398,s3.773165,s131.268060
187_101,s-2.572018,s-3.163860,s33.672336
187_102,s-4.779588,s-0.505211,s323.293743
187_103,s3.352965,s3.406836,s130.547398
187_104,s4.152118,s-3.032559,s133.950286
187_105,s-1.608063,s4.811577,s278.819234
187_106,s-1.987606,s4.164019,s247.124052
187_107,s-0.600586,s-4.825977,s287.392253
187_108,s4.913596,s-0.169890,s177.130273
187_109,s4.030809,s0.940963,s145.682549
187_110,s2.667134,s4.757553,s-2.442013
187_111,s-4.749790,s0.775139,s216.454847
187_112,s-3.832396,s-3.150977,s117.445652
187_113,s4.460120,s2.949774,s218.215527
187_114,s4.320367,s-2.168023,s198.473174
187_115,s0.903991,s-5.009451,s285.248198
187_116,s4.731106,s-1.586423,s46.839454
187_117,s-5.422177,s-0.997884,s19.956748
187_118,s0.762673,s4.227118,s348.847053
187_119,s-5.382807,s-1.868646,s53.184519
187_120,s0.804860,s-4.433570,s11.481353
187_121,s2.412433,s-4.314738,s2.234548
187_122,s-3.910382,s-2.644965,s314.697860
187_123,s-3.982476,s1.664018,s60.266385
187_124,s-0.109410,s4.818637,s169.968944
187_125,s3.868356,s-4.614088,s230.794307
187_126,s-2.441865,s4.819622,s309.166284
187_127,s4.107690,s1.598848,s-3.914740
187_128,s1.946086,s5.085070,s164.737782
187_129,s-2.767420,s-4.318763,s8.143766
187_130,s4.934889,s1.999097,s279.570219
187_131,s0.352746,s4.651403,s61.335145
187_132,s-1.027888,s-5.044613,s32.064577
187_133,s-5.200936,s0.210191,s196.947712
187_134,s-4.949486,s2.288901,s100.677409
187_135,s5.298540,s0.605473,s68.986928
187_136,s3.599876,s-3.080643,s339.937888
187_137,s-1.583249,s-5.120322,s31.731723
187_138,s1.884579,s-4.460890,s32.461180
187_139,s-0.106007,s-5.028096,s71.544205
187_140,s2.904468,s3.713713,s287.213327
187_141,s0.532004,s-5.904361,s-0.540673
187_142,s-3.576390,s3.479668,s25.192574
187_143,s5.852071,s-0.847124,s337.861499
187_144,s-5.056030,s-3.533166,s-6.454857
187_145,s-3.673614,s3.926527,s284.953618
187_146,s5.513164,s2.592377,s226.775672
187_147,s-3.019086,s-4.709477,s61.123145
187_148,s-4.490564,s-2.396916,s74.937073
187_149,s-1.564789,s5.594444,s41.879950
187_150,s0.845894,s5.428895,s206.367527
187_151,s-4.703490,s1.632791,s169.968944
187_152,s-0.540151,s5.616379,s226.589488
187_153,s3.735392,s3.962257,s64.922359
187_154,s5.579000,s-1.403675,s31.950667
187_155,s-5.263781,s-2.477515,s127.937431
187_156,s-5.162973,s1.295910,s39.410480
187_157,s3.213789,s-4.815603,s222.258017
187_158,s-5.329419,s2.819040,s59.773700
187_159,s1.532581,s5.651026,s59.293803
187_160,s4.837431,s-2.144362,s326.384982
187_161,s-3.611340,s-4.925390,s200.141371
187_162,s-5.574820,s0.008896,s299.990275
187_163,s-3.497943,s4.540606,s284.873194
187_164,s-4.869853,s3.195037,s3.888571
187_165,s2.631658,s5.201155,s32.829677
187_166,s3.725256,s4.354671,s78.037236
187_167,s1.843464,s-5.370366,s85.330352
187_168,s5.606549,s1.356171,s76.787785
187_169,s-1.842692,s-5.531090,s180.032526
187_170,s4.044541,s-4.016106,s230.896482
187_171,s5.680022,s-0.049746,s336.612741
187_172,s5.454691,s-2.814935,s212.880000
187_173,s1.734330,s-5.789599,s64.987084
187_174,s4.658486,s-3.760049,s211.755238
187_175,s2.472406,s-5.375164,s325.733294
187_176,s-0.537236,s-5.691888,s222.492236
187_177,s4.834757,s3.754065,s58.140613
187_178,s-5.939562,s0.135110,s127.958009
187_179,s0.160851,s5.267559,s63.376645
187_180,s-4.143425,s-4.154518,s97.566467
187_181,s-5.400020,s0.596136,s68.117897
187_182,s5.165473,s3.111075,s2.880278
187_183,s-1.107638,s-5.479164,s132.240634
187_184,s-3.005642,s4.989664,s352.926254
187_185,s3.352164,s4.782112,s0.376672
187_186,s5.860766,s-1.709515,s252.951288
188_0,s-0.502968,s0.254997,s-1.795644
188_1,s0.375263,s-0.048300,s129.453663
188_2,s0.223478,s0.531634,s295.487781
188_3,s-0.254016,s1.091349,s161.068143
188_4,s1.208560,s-0.575511,s341.416842
188_5,s-1.075542,s0.142589,s287.414595
188_6,s0.321354,s1.209870,s254.953416
188_7,s-1.367517,s-1.337624,s214.842730
188_8,s1.426924,s-0.059935,s68.582700
188_9,s-0.189558,s-0.500148,s33.098488
188_10,s1.082079,s0.391205,s339.937888
188_11,s0.622337,s-0.964926,s128.523736
188_12,s-1.725741,s0.973870,s33.367952
188_13,s0.165255,s-1.191463,s215.108760
188_14,s1.864890,s-1.304854,s201.681574
188_15,s-2.000466,s-0.234503,s117.494605
188_16,s-2.819237,s1.191949,s75.257139
188_17,s0.577241,s1.648483,s84.984472
188_18,s1.149415,s-1.564376,s298.149169
188_19,s1.325443,s1.376600,s339.937888
188_20,s2.109765,s-0.726943,s15.130718
188_21,s-1.591095,s0.395114,s64.828182
188_22,s-1.954214,s-1.116653,s99.109470
188_23,s1.821131,s1.960125,s289.039926
188_24,s-0.314069,s1.934160,s66.060800
188_25,s0.564533,s-1.938471,s339.686235
188_26,s1.547451,s0.646325,s306.592395
188_27,s-0.635260,s-1.845254,s339.937888
188_28,s0.154104,s2.214652,s173.237970
188_29,s-2.185187,s-0.744791,s-1.469299
188_30,s1.770827,s2.921335,s65.452217
188_31,s-1.126947,s-2.072204,s211.655952
188_32,s2.208534,s3.067662,s291.225157
188_33,s-0.929687,s1.620069,s117.445652
188_34,s-0.624823,s2.574515,s126.241097
188_35,s-0.802528,s-2.577331,s208.880920
188_36,s2.396152,s-1.470027,s168.707504
188_37,s-2.993875,s3.252369,s346.308874
188_38,s-1.881448,s2.499388,s198.736456
188_39,s0.756966,s3.188019,s212.813615
188_40,s2.347117,s0.354229,s-0.343748
188_41,s-2.164672,s-1.880253,s326.723158
188_42,s-3.015836,s0.498177,s331.909865
188_43,s0.852577,s-2.426926,s164.506894
188_44,s-3.089800,s-0.200029,s141.571798
188_45,s-2.610802,s-2.325834,s-1.086090
188_46,s1.844144,s-2.357167,s162.190874
188_47,s0.739804,s2.084995,s196.402117
188_48,s-1.508838,s-2.552899,s32.186200
188_49,s2.803560,s-0.889180,s307.476708
188_50,s0.564949,s-2.780917,s95.089196
188_51,s2.637943,s1.506143,s151.273917
188_52,s1.119852,s2.163493,s202.430124
188_53,s-0.969108,s3.259714,s169.968944
188_54,s3.126453,s1.603821,s309.411785
188_55,s-1.001901,s-2.876284,s-1.278445
188_56,s2.276773,s-2.369871,s263.418400
188_57,s2.979616,s-0.288829,s147.835149
188_58,s-3.061761,s-1.303520,s-7.518570
188_59,s1.883742,s-3.160983,s282.673382
188_60,s0.581006,s-3.568689,s287.414595
188_61,s3.120269,s-2.513076,s67.659262
188_62,s-0.417763,s3.570090,s32.461180
188_63,s0.055659,s-3.080638,s143.122501
188_64,s-1.382933,s-3.239793,s258.847204
188_65,s-2.594152,s2.116466,s292.846670
188_66,s3.783903,s0.539956,s221.300135
188_67,s1.557482,s-3.611294,s75.641662
188_68,s-2.137199,s-2.663575,s138.776779
188_69,s-3.279644,s0.941025,s339.937888
188_70,s2.666274,s-2.375459,s196.377185
188_71,s-4.066088,s-1.289901,s73.440937
188_72,s-3.083693,s-2.339671,s284.551358
188_73,s-1.361185,s-4.478634,s202.533217
188_74,s-3.673227,s-0.041834,s292.461967
188_75,s2.220308,s-3.540223,s198.184722
188_76,s0.325763,s4.016266,s162.158711
188_77,s-3.912140,s-0.784723,s84.984472
188_78,s-3.244044,s-3.316679,s344.861017
188_79,s3.477462,s-1.007073,s263.493335
188_80,s4.623023,s0.858787,s256.368238
188_81,s-1.466800,s4.019686,s72.551254
188_82,s2.595769,s2.721097,s97.417377
188_83,s-3.702159,s-1.951034,s-3.629930
188_84,s-4.271181,s2.534862,s292.273721
188_85,s1.220614,s3.705039,s130.461853
188_86,s-2.919131,s2.565033,s32.541542
188_87,s-4.108864,s0.259326,s2.487309
188_88,s-0.300754,s4.012568,s143.830645
188_89,s-0.555413,s-4.013259,s76.977113
188_90,s3.715468,s-1.570523,s319.228138
188_91,s3.035824,s-3.306453,s136.513482
188_92,s4.452708,s-0.828556,s222.492236
188_93,s1.719370,s-4.088801,s200.999343
188_94,s-2.408135,s3.178104,s223.829314
188_95,s2.962118,s0.755671,s67.467968
188_96,s4.263289,s-1.486715,s130.549318
188_97,s3.306064,s2.676151,s297.292319
188_98,s-0.758490,s3.879281,s1.513526
188_99,s0.194019,s-4.569471,s101.269922
188_100,s2.004398,s3.773165,s131.268060
188_101,s-2.572018,s-3.163860,s33.672336
188_102,s-4.779588,s-0.505211,s323.293743
188_103,s3.352965,s3.406836,s130.547398
188_104,s4.152118,s-3.032559,s133.950286
188_105,s-1.608063,s4.811577,s278.819234
188_106,s-1.987606,s4.164019,s247.124052
188_107,s-0.600586,s-4.825977,s287.392253
188_108,s4.913596,s-0.169890,s177.130273
188_109,s4.030809,s0.940963,s145.682549
188_110,s2.667134,s4.757553,s-2.442013
188_111,s-4.749790,s0.775139,s216.454847
188_112,s-3.832396,s-3.150977,s117.445652
188_113,s4.460120,s2.949774,s218.215527
188_114,s4.320367,s-2.168023,s198.473174
188_115,s0.903991,s-5.009451,s285.248198
188_116,s4.731106,s-1.586423,s46.839454
188_117,s-5.422177,s-0.997884,s19.956748
188_118,s0.762673,s4.227118,s348.847053
188_119,s-5.382807,s-1.868646,s53.184519
188_120,s0.804860,s-4.433570,s11.481353
188_121,s2.412433,s-4.314738,s2.234548
188_122,s-3.910382,s-2.644965,s314.697860
188_123,s-3.982476,s1.664018,s60.266385
188_124,s-0.109410,s4.818637,s169.968944
188_125,s3.868356,s-4.614088,s230.794307
188_126,s-2.441865,s4.819622,s309.166284
188_127,s4.107690,s1.598848,s-3.914740
188_128,s1.946086,s5.085070,s164.737782
188_129,s-2.767420,s-4.318763,s8.143766
188_130,s4.934889,s1.999097,s279.570219
188_131,s0.352746,s4.651403,s61.335145
188_132,s-1.027888,s-5.044613,s32.064577
188_133,s-5.200936,s0.210191,s196.947712
188_134,s-4.949486,s2.288901,s100.677409
188_135,s5.298540,s0.605473,s68.986928
188_136,s3.599876,s-3.080643,s339.937888
188_137,s-1.583249,s-5.120322,s31.731723
188_138,s1.884579,s-4.460890,s32.461180
188_139,s-0.106007,s-5.028096,s71.544205
188_140,s2.904468,s3.713713,s287.213327
188_141,s0.532004,s-5.904361,s-0.540673
188_142,s-3.576390,s3.479668,s25.192574
188_143,s5.852071,s-0.847124,s337.861499
188_144,s-5.056030,s-3.533166,s-6.454857
188_145,s-3.673614,s3.926527,s284.953618
188_146,s5.513164,s2.592377,s226.775672
188_147,s-3.019086,s-4.709477,s61.123145
188_148,s-4.490564,s-2.396916,s74.937073
188_149,s-1.564789,s5.594444,s41.879950
188_150,s0.845894,s5.428895,s206.367527
188_151,s-4.703490,s1.632791,s169.968944
188_152,s-0.540151,s5.616379,s226.589488
188_153,s3.735392,s3.962257,s64.922359
188_154,s5.579000,s-1.403675,s31.950667
188_155,s-5.263781,s-2.477515,s127.937431
188_156,s-5.162973,s1.295910,s39.410480
188_157,s3.213789,s-4.815603,s222.258017
188_158,s-5.329419,s2.819040,s59.773700
188_159,s1.532581,s5.651026,s59.293803
188_160,s4.837431,s-2.144362,s326.384982
188_161,s-3.611340,s-4.925390,s200.141371
188_162,s-5.574820,s0.008896,s299.990275
188_163,s-3.497943,s4.540606,s284.873194
188_164,s-4.869853,s3.195037,s3.888571
188_165,s2.631658,s5.201155,s32.829677
188_166,s3.725256,s4.354671,s78.037236
188_167,s1.843464,s-5.370366,s85.330352
188_168,s5.606549,s1.356171,s76.787785
188_169,s-1.842692,s-5.531090,s180.032526
188_170,s4.044541,s-4.016106,s230.896482
188_171,s5.680022,s-0.049746,s336.612741
188_172,s5.454691,s-2.814935,s212.880000
188_173,s1.734330,s-5.789599,s64.987084
188_174,s4.658486,s-3.760049,s211.755238
188_175,s2.472406,s-5.375164,s325.733294
188_176,s-0.537236,s-5.691888,s222.492236
188_177,s4.834757,s3.754065,s58.140613
188_178,s-5.939562,s0.135110,s127.958009
188_179,s0.160851,s5.267559,s63.376645
188_180,s-4.143425,s-4.154518,s97.566467
188_181,s-5.400020,s0.596136,s68.117897
188_182,s5.165473,s3.111075,s2.880278
188_183,s-1.107638,s-5.479164,s132.240634
188_184,s-3.005642,s4.989664,s352.926254
188_185,s3.352164,s4.782112,s0.376672
188_186,s5.860766,s-1.709515,s252.951288
188_187,s4.362622,s4.356002,s-0.709963
189_0,s-0.502968,s0.254997,s-1.795644
189_1,s0.375263,s-0.048300,s129.453663
189_2,s0.223478,s0.531634,s295.487781
189_3,s-0.254016,s1.091349,s161.068143
189_4,s1.208560,s-0.575511,s341.416842
189_5,s-1.075542,s0.142589,s287.414595
189_6,s0.321354,s1.209870,s254.953416
189_7,s-1.367517,s-1.337624,s214.842730
189_8,s1.426924,s-0.059935,s68.582700
189_9,s-0.189558,s-0.500148,s33.098488
189_10,s1.082079,s0.391205,s339.937888
189_11,s0.622337,s-0.964926,s128.523736
189_12,s-1.725741,s0.973870,s33.367952
189_13,s0.165255,s-1.191463,s215.108760
189_14,s1.864890,s-1.304854,s201.681574
189_15,s-2.000466,s-0.234503,s117.494605
189_16,s-2.819237,s1.191949,s75.257139
189_17,s0.577241,s1.648483,s84.984472
189_18,s1.149415,s-1.564376,s298.149169
189_19,s1.325443,s1.376600,s339.937888
189_20,s2.109765,s-0.726943,s15.130718
189_21,s-1.591095,s0.395114,s64.828182
189_22,s-1.954214,s-1.116653,s99.109470
189_23,s1.821131,s1.960125,s289.039926
189_24,s-0.314069,s1.934160,s66.060800
189_25,s0.564533,s-1.938471,s339.686235
189_26,s1.547451,s0.646325,s306.592395
189_27,s-0.635260,s-1.845254,s339.937888
189_28,s0.154104,s2.214652,s173.237970
189_29,s-2.185187,s-0.744791,s-1.469299
189_30,s1.770827,s2.921335,s65.452217
189_31,s-1.126947,s-2.072204,s211.655952
189_32,s2.208534,s3.067662,s291.225157
189_33,s-0.929687,s1.620069,s117.445652
189_34,s-0.624823,s2.574515,s126.241097
189_35,s-0.802528,s-2.577331,s208.880920
189_36,s2.396152,s-1.470027,s168.707504
189_37,s-2.993875,s3.252369,s346.308874
189_38,s-1.881448,s2.499388,s198.736456
189_39,s0.756966,s3.188019,s212.813615
189_40,s2.347117,s0.354229,s-0.343748
189_41,s-2.164672,s-1.880253,s326.723158
189_42,s-3.015836,s0.498177,s331.909865
189_43,s0.852577,s-2.426926,s164.506894
189_44,s-3.089800,s-0.200029,s141.571798
189_45,s-2.610802,s-2.325834,s-1.086090
189_46,s1.844144,s-2.357167,s162.190874
189_47,s0.739804,s2.084995,s196.402117
189_48,s-1.508838,s-2.552899,s32.186200
189_49,s2.803560,s-0.889180,s307.476708
189_50,s0.564949,s-2.780917,s95.089196
189_51,s2.637943,s1.506143,s151.273917
189_52,s1.119852,s2.163493,s202.430124
189_53,s-0.969108,s3.259714,s169.968944
189_54,s3.126453,s1.603821,s309.411785
189_55,s-1.001901,s-2.876284,s-1.278445
189_56,s2.276773,s-2.369871,s263.418400
189_57,s2.979616,s-0.288829,s147.835149
189_58,s-3.061761,s-1.303520,s-7.518570
189_59,s1.883742,s-3.160983,s282.673382
189_60,s0.581006,s-3.568689,s287.414595
189_61,s3.120269,s-2.513076,s67.659262
189_62,s-0.417763,s3.570090,s32.461180
189_63,s0.055659,s-3.080638,s143.122501
189_64,s-1.382933,s-3.239793,s258.847204
189_65,s-2.594152,s2.116466,s292.846670
189_66,s3.783903,s0.539956,s221.300135
189_67,s1.557482,s-3.611294,s75.641662
189_68,s-2.137199,s-2.663575,s138.776779
189_69,s-3.279644,s0.941025,s339.937888
189_70,s2.666274,s-2.375459,s196.377185
189_71,s-4.066088,s-1.289901,s73.440937
189_72,s-3.083693,s-2.339671,s284.551358
189_73,s-1.361185,s-4.478634,s202.533217
189_74,s-3.673227,s-0.041834,s292.461967
189_75,s2.220308,s-3.540223,s198.184722
189_76,s0.325763,s4.016266,s162.158711
189_77,s-3.912140,s-0.784723,s84.984472
189_78,s-3.244044,s-3.316679,s344.861017
189_79,s3.477462,s-1.007073,s263.493335
189_80,s4.623023,s0.858787,s256.368238
189_81,s-1.466800,s4.019686,s72.551254
189_82,s2.595769,s2.721097,s97.417377
189_83,s-3.702159,s-1.951034,s-3.629930
189_84,s-4.271181,s2.534862,s292.273721
189_85,s1.220614,s3.705039,s130.461853
189_86,s-2.919131,s2.565033,s32.541542
189_87,s-4.108864,s0.259326,s2.487309
189_88,s-0.300754,s4.012568,s143.830645
189_89,s-0.555413,s-4.013259,s76.977113
189_90,s3.715468,s-1.570523,s319.228138
189_91,s3.035824,s-3.306453,s136.513482
189_92,s4.452708,s-0.828556,s222.492236
189_93,s1.719370,s-4.088801,s200.999343
189_94,s-2.408135,s3.178104,s223.829314
189_95,s2.962118,s0.755671,s67.467968
189_96,s4.263289,s-1.486715,s130.549318
189_97,s3.306064,s2.676151,s297.292319
189_98,s-0.758490,s3.879281,s1.513526
189_99,s0.194019,s-4.569471,s101.269922
189_100,s2.004398,s3.773165,s131.268060
189_101,s-2.572018,s-3.163860,s33.672336
189_102,s-4.779588,s-0.505211,s323.293743
189_103,s3.352965,s3.406836,s130.547398
189_104,s4.152118,s-3.032559,s133.950286
189_105,s-1.608063,s4.811577,s278.819234
189_106,s-1.987606,s4.164019,s247.124052
189_107,s-0.600586,s-4.825977,s287.392253
189_108,s4.913596,s-0.169890,s177.130273
189_109,s4.030809,s0.940963,s145.682549
189_110,s2.667134,s4.757553,s-2.442013
189_111,s-4.749790,s0.775139,s216.454847
189_112,s-3.832396,s-3.150977,s117.445652
189_113,s4.460120,s2.949774,s218.215527
189_114,s4.320367,s-2.168023,s198.473174
189_115,s0.903991,s-5.009451,s285.248198
189_116,s4.731106,s-1.586423,s46.839454
189_117,s-5.422177,s-0.997884,s19.956748
189_118,s0.762673,s4.227118,s348.847053
189_119,s-5.382807,s-1.868646,s53.184519
189_120,s0.804860,s-4.433570,s11.481353
189_121,s2.412433,s-4.314738,s2.234548
189_122,s-3.910382,s-2.644965,s314.697860
189_123,s-3.982476,s1.664018,s60.266385
189_124,s-0.109410,s4.818637,s169.968944
189_125,s3.868356,s-4.614088,s230.794307
189_126,s-2.441865,s4.819622,s309.166284
189_127,s4.107690,s1.598848,s-3.914740
189_128,s1.946086,s5.085070,s164.737782
189_129,s-2.767420,s-4.318763,s8.143766
189_130,s4.934889,s1.999097,s279.570219
189_131,s0.352746,s4.651403,s61.335145
189_132,s-1.027888,s-5.044613,s32.064577
189_133,s-5.200936,s0.210191,s196.947712
189_134,s-4.949486,s2.288901,s100.677409
189_135,s5.298540,s0.605473,s68.986928
189_136,s3.599876,s-3.080643,s339.937888
189_137,s-1.583249,s-5.120322,s31.731723
189_138,s1.884579,s-4.460890,s32.461180
189_139,s-0.106007,s-5.028096,s71.544205
189_140,s2.904468,s3.713713,s287.213327
189_141,s0.532004,s-5.904361,s-0.540673
189_142,s-3.576390,s3.479668,s25.192574
189_143,s5.852071,s-0.847124,s337.861499
189_144,s-5.056030,s-3.533166,s-6.454857
189_145,s-3.673614,s3.926527,s284.953618
189_146,s5.513164,s2.592377,s226.775672
189_147,s-3.019086,s-4.709477,s61.123145
189_148,s-4.490564,s-2.396916,s74.937073
189_149,s-1.564789,s5.594444,s41.879950
189_150,s0.845894,s5.428895,s206.367527
189_151,s-4.703490,s1.632791,s169.968944
189_152,s-0.540151,s5.616379,s226.589488
189_153,s3.735392,s3.962257,s64.922359
189_154,s5.579000,s-1.403675,s31.950667
189_155,s-5.263781,s-2.477515,s127.937431
189_156,s-5.162973,s1.295910,s39.410480
189_157,s3.213789,s-4.815603,s222.258017
189_158,s-5.329419,s2.819040,s59.773700
189_159,s1.532581,s5.651026,s59.293803
189_160,s4.837431,s-2.144362,s326.384982
189_161,s-3.611340,s-4.925390,s200.141371
189_162,s-5.574820,s0.008896,s299.990275
189_163,s-3.497943,s4.540606,s284.873194
189_164,s-4.869853,s3.195037,s3.888571
189_165,s2.631658,s5.201155,s32.829677
189_166,s3.725256,s4.354671,s78.037236
189_167,s1.843464,s-5.370366,s85.330352
189_168,s5.606549,s1.356171,s76.787785
189_169,s-1.842692,s-5.531090,s180.032526
189_170,s4.044541,s-4.016106,s230.896482
189_171,s5.680022,s-0.049746,s336.612741
189_172,s5.454691,s-2.814935,s212.880000
189_173,s1.734330,s-5.789599,s64.987084
189_174,s4.658486,s-3.760049,s211.755238
189_175,s2.472406,s-5.375164,s325.733294
189_176,s-0.537236,s-5.691888,s222.492236
189_177,s4.834757,s3.754065,s58.140613
189_178,s-5.939562,s0.135110,s127.958009
189_179,s0.160851,s5.267559,s63.376645
189_180,s-4.143425,s-4.154518,s97.566467
189_181,s-5.400020,s0.596136,s68.117897
189_182,s5.165473,s3.111075,s2.880278
189_183,s-1.107638,s-5.479164,s132.240634
189_184,s-3.005642,s4.989664,s352.926254
189_185,s3.352164,s4.782112,s0.376672
189_186,s5.860766,s-1.709515,s252.951288
189_187,s4.362622,s4.356002,s-0.709963
189_188,s2.228763,s-5.796267,s144.908451
190_0,s-0.502968,s0.254997,s-1.795644
190_1,s0.375263,s-0.048300,s129.453663
190_2,s0.223478,s0.531634,s295.487781
190_3,s-0.254016,s1.091349,s161.068143
190_4,s1.208560,s-0.575511,s341.416842
190_5,s-1.075542,s0.142589,s287.414595
190_6,s0.321354,s1.209870,s254.953416
190_7,s-1.367517,s-1.337624,s214.842730
190_8,s1.426924,s-0.059935,s68.582700
190_9,s-0.189558,s-0.500148,s33.098488
190_10,s1.082079,s0.391205,s339.937888
190_11,s0.622337,s-0.964926,s128.523736
190_12,s-1.725741,s0.973870,s33.367952
190_13,s0.165255,s-1.191463,s215.108760
190_14,s1.864890,s-1.304854,s201.681574
190_15,s-2.000466,s-0.234503,s117.494605
190_16,s-2.819237,s1.191949,s75.257139
190_17,s0.577241,s1.648483,s84.984472
190_18,s1.149415,s-1.564376,s298.149169
190_19,s1.325443,s1.376600,s339.937888
190_20,s2.109765,s-0.726943,s15.130718
190_21,s-1.591095,s0.395114,s64.828182
190_22,s-1.954214,s-1.116653,s99.109470
190_23,s1.821131,s1.960125,s289.039926
190_24,s-0.314069,s1.934160,s66.060800
190_25,s0.564533,s-1.938471,s339.686235
190_26,s1.547451,s0.646325,s306.592395
190_27,s-0.635260,s-1.845254,s339.937888
190_28,s0.154104,s2.214652,s173.237970
190_29,s-2.185187,s-0.744791,s-1.469299
190_30,s1.770827,s2.921335,s65.452217
190_31,s-1.126947,s-2.072204,s211.655952
190_32,s2.208534,s3.067662,s291.225157
190_33,s-0.929687,s1.620069,s117.445652
190_34,s-0.624823,s2.574515,s126.241097
190_35,s-0.802528,s-2.577331,s208.880920
190_36,s2.396152,s-1.470027,s168.707504
190_37,s-2.993875,s3.252369,s346.308874
190_38,s-1.881448,s2.499388,s198.736456
190_39,s0.756966,s3.188019,s212.813615
190_40,s2.347117,s0.354229,s-0.343748
190_41,s-2.164672,s-1.880253,s326.723158
190_42,s-3.015836,s0.498177,s331.909865
190_43,s0.852577,s-2.426926,s164.506894
190_44,s-3.089800,s-0.200029,s141.571798
190_45,s-2.610802,s-2.325834,s-1.086090
190_46,s1.844144,s-2.357167,s162.190874
190_47,s0.739804,s2.084995,s196.402117
190_48,s-1.508838,s-2.552899,s32.186200
190_49,s2.803560,s-0.889180,s307.476708
190_50,s0.564949,s-2.780917,s95.089196
190_51,s2.637943,s1.506143,s151.273917
190_52,s1.119852,s2.163493,s202.430124
190_53,s-0.969108,s3.259714,s169.968944
190_54,s3.126453,s1.603821,s309.411785
190_55,s-1.001901,s-2.876284,s-1.278445
190_56,s2.276773,s-2.369871,s263.418400
190_57,s2.979616,s-0.288829,s147.835149
190_58,s-3.061761,s-1.303520,s-7.518570
190_59,s1.883742,s-3.160983,s282.673382
190_60,s0.581006,s-3.568689,s287.414595
190_61,s3.120269,s-2.513076,s67.659262
190_62,s-0.417763,s3.570090,s32.461180
190_63,s0.055659,s-3.080638,s143.122501
190_64,s-1.382933,s-3.239793,s258.847204
190_65,s-2.594152,s2.116466,s292.846670
190_66,s3.783903,s0.539956,s221.300135
190_67,s1.557482,s-3.611294,s75.641662
190_68,s-2.137199,s-2.663575,s138.776779
190_69,s-3.279644,s0.941025,s339.937888
190_70,s2.666274,s-2.375459,s196.377185
190_71,s-4.066088,s-1.289901,s73.440937
190_72,s-3.083693,s-2.339671,s284.551358
190_73,s-1.361185,s-4.478634,s202.533217
190_74,s-3.673227,s-0.041834,s292.461967
190_75,s2.220308,s-3.540223,s198.184722
190_76,s0.325763,s4.016266,s162.158711
190_77,s-3.912140,s-0.784723,s84.984472
190_78,s-3.244044,s-3.316679,s344.861017
190_79,s3.477462,s-1.007073,s263.493335
190_80,s4.623023,s0.858787,s256.368238
190_81,s-1.466800,s4.019686,s72.551254
190_82,s2.595769,s2.721097,s97.417377
190_83,s-3.702159,s-1.951034,s-3.629930
190_84,s-4.271181,s2.534862,s292.273721
190_85,s1.220614,s3.705039,s130.461853
190_86,s-2.919131,s2.565033,s32.541542
190_87,s-4.108864,s0.259326,s2.487309
190_88,s-0.300754,s4.012568,s143.830645
190_89,s-0.555413,s-4.013259,s76.977113
190_90,s3.715468,s-1.570523,s319.228138
190_91,s3.035824,s-3.306453,s136.513482
190_92,s4.452708,s-0.828556,s222.492236
190_93,s1.719370,s-4.088801,s200.999343
190_94,s-2.408135,s3.178104,s223.829314
190_95,s2.962118,s0.755671,s67.467968
190_96,s4.263289,s-1.486715,s130.549318
190_97,s3.306064,s2.676151,s297.292319
190_98,s-0.758490,s3.879281,s1.513526
190_99,s0.194019,s-4.569471,s101.269922
190_100,s2.004398,s3.773165,s131.268060
190_101,s-2.572018,s-3.163860,s33.672336
190_102,s-4.779588,s-0.505211,s323.293743
190_103,s3.352965,s3.406836,s130.547398
190_104,s4.152118,s-3.032559,s133.950286
190_105,s-1.608063,s4.811577,s278.819234
190_106,s-1.987606,s4.164019,s247.124052
190_107,s-0.600586,s-4.825977,s287.392253
190_108,s4.913596,s-0.169890,s177.130273
190_109,s4.030809,s0.940963,s145.682549
190_110,s2.667134,s4.757553,s-2.442013
190_111,s-4.749790,s0.775139,s216.454847
190_112,s-3.832396,s-3.150977,s117.445652
190_113,s4.460120,s2.949774,s218.215527
190_114,s4.320367,s-2.168023,s198.473174
190_115,s0.903991,s-5.009451,s285.248198
190_116,s4.731106,s-1.586423,s46.839454
190_117,s-5.422177,s-0.997884,s19.956748
190_118,s0.762673,s4.227118,s348.847053
190_119,s-5.382807,s-1.868646,s53.184519
190_120,s0.804860,s-4.433570,s11.481353
190_121,s2.412433,s-4.314738,s2.234548
190_122,s-3.910382,s-2.644965,s314.697860
190_123,s-3.982476,s1.664018,s60.266385
190_124,s-0.109410,s4.818637,s169.968944
190_125,s3.868356,s-4.614088,s230.794307
190_126,s-2.441865,s4.819622,s309.166284
190_127,s4.107690,s1.598848,s-3.914740
190_128,s1.946086,s5.085070,s164.737782
190_129,s-2.767420,s-4.318763,s8.143766
190_130,s4.934889,s1.999097,s279.570219
190_131,s0.352746,s4.651403,s61.335145
190_132,s-1.027888,s-5.044613,s32.064577
190_133,s-5.200936,s0.210191,s196.947712
190_134,s-4.949486,s2.288901,s100.677409
190_135,s5.298540,s0.605473,s68.986928
190_136,s3.599876,s-3.080643,s339.937888
190_137,s-1.583249,s-5.120322,s31.731723
190_138,s1.884579,s-4.460890,s32.461180
190_139,s-0.106007,s-5.028096,s71.544205
190_140,s2.904468,s3.713713,s287.213327
190_141,s0.532004,s-5.904361,s-0.540673
190_142,s-3.576390,s3.479668,s25.192574
190_143,s5.852071,s-0.847124,s337.861499
190_144,s-5.056030,s-3.533166,s-6.454857
190_145,s-3.673614,s3.926527,s284.953618
190_146,s5.513164,s2.592377,s226.775672
190_147,s-3.019086,s-4.709477,s61.123145
190_148,s-4.490564,s-2.396916,s74.937073
190_149,s-1.564789,s5.594444,s41.879950
190_150,s0.845894,s5.428895,s206.367527
190_151,s-4.703490,s1.632791,s169.968944
190_152,s-0.540151,s5.616379,s226.589488
190_153,s3.735392,s3.962257,s64.922359
190_154,s5.579000,s-1.403675,s31.950667
190_155,s-5.263781,s-2.477515,s127.937431
190_156,s-5.162973,s1.295910,s39.410480
190_157,s3.213789,s-4.815603,s222.258017
190_158,s-5.329419,s2.819040,s59.773700
190_159,s1.532581,s5.651026,s59.293803
190_160,s4.837431,s-2.144362,s326.384982
190_161,s-3.611340,s-4.925390,s200.141371
190_162,s-5.574820,s0.008896,s299.990275
190_163,s-3.497943,s4.540606,s284.873194
190_164,s-4.869853,s3.195037,s3.888571
190_165,s2.631658,s5.201155,s32.829677
190_166,s3.725256,s4.354671,s78.037236
190_167,s1.843464,s-5.370366,s85.330352
190_168,s5.606549,s1.356171,s76.787785
190_169,s-1.842692,s-5.531090,s180.032526
190_170,s4.044541,s-4.016106,s230.896482
190_171,s5.680022,s-0.049746,s336.612741
190_172,s5.454691,s-2.814935,s212.880000
190_173,s1.734330,s-5.789599,s64.987084
190_174,s4.658486,s-3.760049,s211.755238
190_175,s2.472406,s-5.375164,s325.733294
190_176,s-0.537236,s-5.691888,s222.492236
190_177,s4.834757,s3.754065,s58.140613
190_178,s-5.939562,s0.135110,s127.958009
190_179,s0.160851,s5.267559,s63.376645
190_180,s-4.143425,s-4.154518,s97.566467
190_181,s-5.400020,s0.596136,s68.117897
190_182,s5.165473,s3.111075,s2.880278
190_183,s-1.107638,s-5.479164,s132.240634
190_184,s-3.005642,s4.989664,s352.926254
190_185,s3.352164,s4.782112,s0.376672
190_186,s5.860766,s-1.709515,s252.951288
190_187,s4.362622,s4.356002,s-0.709963
190_188,s2.228763,s-5.796267,s144.908451
190_189,s6.340000,s0.000000,s326.778482
191_0,s-0.502968,s0.254997,s-1.795644
191_1,s0.375263,s-0.048300,s129.453663
191_2,s0.223478,s0.531634,s295.487781
191_3,s-0.254016,s1.091349,s161.068143
191_4,s1.208560,s-0.575511,s341.416842
191_5,s-1.075542,s0.142589,s287.414595
191_6,s0.321354,s1.209870,s254.953416
191_7,s-1.367517,s-1.337624,s214.842730
191_8,s1.426924,s-0.059935,s68.582700
191_9,s-0.189558,s-0.500148,s33.098488
191_10,s1.082079,s0.391205,s339.937888
191_11,s0.622337,s-0.964926,s128.523736
191_12,s-1.725741,s0.973870,s33.367952
191_13,s0.165255,s-1.191463,s215.108760
191_14,s1.864890,s-1.304854,s201.681574
191_15,s-2.000466,s-0.234503,s117.494605
191_16,s-2.819237,s1.191949,s75.257139
191_17,s0.577241,s1.648483,s84.984472
191_18,s1.149415,s-1.564376,s298.149169
191_19,s1.325443,s1.376600,s339.937888
191_20,s2.109765,s-0.726943,s15.130718
191_21,s-1.591095,s0.395114,s64.828182
191_22,s-1.954214,s-1.116653,s99.109470
191_23,s1.821131,s1.960125,s289.039926
191_24,s-0.314069,s1.934160,s66.060800
191_25,s0.564533,s-1.938471,s339.686235
191_26,s1.547451,s0.646325,s306.592395
191_27,s-0.635260,s-1.845254,s339.937888
191_28,s0.154104,s2.214652,s173.237970
191_29,s-2.185187,s-0.744791,s-1.469299
191_30,s1.770827,s2.921335,s65.452217
191_31,s-1.126947,s-2.072204,s211.655952
191_32,s2.208534,s3.067662,s291.225157
191_33,s-0.929687,s1.620069,s117.445652
191_34,s-0.624823,s2.574515,s126.241097
191_35,s-0.802528,s-2.577331,s208.880920
191_36,s2.396152,s-1.470027,s168.707504
191_37,s-2.993875,s3.252369,s346.308874
191_38,s-1.881448,s2.499388,s198.736456
191_39,s0.756966,s3.188019,s212.813615
191_40,s2.347117,s0.354229,s-0.343748
191_41,s-2.164672,s-1.880253,s326.723158
191_42,s-3.015836,s0.498177,s331.909865
191_43,s0.852577,s-2.426926,s164.506894
191_44,s-3.089800,s-0.200029,s141.571798
191_45,s-2.610802,s-2.325834,s-1.086090
191_46,s1.844144,s-2.357167,s162.190874
191_47,s0.739804,s2.084995,s196.402117
191_48,s-1.508838,s-2.552899,s32.186200
191_49,s2.803560,s-0.889180,s307.476708
191_50,s0.564949,s-2.780917,s95.089196
191_51,s2.637943,s1.506143,s151.273917
191_52,s1.119852,s2.163493,s202.430124
191_53,s-0.969108,s3.259714,s169.968944
191_54,s3.126453,s1.603821,s309.411785
191_55,s-1.001901,s-2.876284,s-1.278445
191_56,s2.276773,s-2.369871,s263.418400
191_57,s2.979616,s-0.288829,s147.835149
191_58,s-3.061761,s-1.303520,s-7.518570
191_59,s1.883742,s-3.160983,s282.673382
191_60,s0.581006,s-3.568689,s287.414595
191_61,s3.120269,s-2.513076,s67.659262
191_62,s-0.417763,s3.570090,s32.461180
191_63,s0.055659,s-3.080638,s143.122501
191_64,s-1.382933,s-3.239793,s258.847204
191_65,s-2.594152,s2.116466,s292.846670
191_66,s3.783903,s0.539956,s221.300135
191_67,s1.557482,s-3.611294,s75.641662
191_68,s-2.137199,s-2.663575,s138.776779
191_69,s-3.279644,s0.941025,s339.937888
191_70,s2.666274,s-2.375459,s196.377185
191_71,s-4.066088,s-1.289901,s73.440937
191_72,s-3.083693,s-2.339671,s284.551358
191_73,s-1.361185,s-4.478634,s202.533217
191_74,s-3.673227,s-0.041834,s292.461967
191_75,s2.220308,s-3.540223,s198.184722
191_76,s0.325763,s4.016266,s162.158711
191_77,s-3.912140,s-0.784723,s84.984472
191_78,s-3.244044,s-3.316679,s344.861017
191_79,s3.477462,s-1.007073,s263.493335
191_80,s4.623023,s0.858787,s256.368238
191_81,s-1.466800,s4.019686,s72.551254
191_82,s2.595769,s2.721097,s97.417377
191_83,s-3.702159,s-1.951034,s-3.629930
191_84,s-4.271181,s2.534862,s292.273721
191_85,s1.220614,s3.705039,s130.461853
191_86,s-2.919131,s2.565033,s32.541542
191_87,s-4.108864,s0.259326,s2.487309
191_88,s-0.300754,s4.012568,s143.830645
191_89,s-0.555413,s-4.013259,s76.977113
191_90,s3.715468,s-1.570523,s319.228138
191_91,s3.035824,s-3.306453,s136.513482
191_92,s4.452708,s-0.828556,s222.492236
191_93,s1.719370,s-4.088801,s200.999343
191_94,s-2.408135,s3.178104,s223.829314
191_95,s2.962118,s0.755671,s67.467968
191_96,s4.263289,s-1.486715,s130.549318
191_97,s3.306064,s2.676151,s297.292319
191_98,s-0.758490,s3.879281,s1.513526
191_99,s0.194019,s-4.569471,s101.269922
191_100,s2.004398,s3.773165,s131.268060
191_101,s-2.572018,s-3.163860,s33.672336
191_102,s-4.779588,s-0.505211,s323.293743
191_103,s3.352965,s3.406836,s130.547398
191_104,s4.152118,s-3.032559,s133.950286
191_105,s-1.608063,s4.811577,s278.819234
191_106,s-1.987606,s4.164019,s247.124052
191_107,s-0.600586,s-4.825977,s287.392253
191_108,s4.913596,s-0.169890,s177.130273
191_109,s4.030809,s0.940963,s145.682549
191_110,s2.667134,s4.757553,s-2.442013
191_111,s-4.749790,s0.775139,s216.454847
191_112,s-3.832396,s-3.150977,s117.445652
191_113,s4.460120,s2.949774,s218.215527
191_114,s4.320367,s-2.168023,s198.473174
191_115,s0.903991,s-5.009451,s285.248198
191_116,s4.731106,s-1.586423,s46.839454
191_117,s-5.422177,s-0.997884,s19.956748
191_118,s0.762673,s4.227118,s348.847053
191_119,s-5.382807,s-1.868646,s53.184519
191_120,s0.804860,s-4.433570,s11.481353
191_121,s2.412433,s-4.314738,s2.234548
191_122,s-3.910382,s-2.644965,s314.697860
191_123,s-3.982476,s1.664018,s60.266385
191_124,s-0.109410,s4.818637,s169.968944
191_125,s3.868356,s-4.614088,s230.794307
191_126,s-2.441865,s4.819622,s309.166284
191_127,s4.107690,s1.598848,s-3.914740
191_128,s1.946086,s5.085070,s164.737782
191_129,s-2.767420,s-4.318763,s8.143766
191_130,s4.934889,s1.999097,s279.570219
191_131,s0.352746,s4.651403,s61.335145
191_132,s-1.027888,s-5.044613,s32.064577
191_133,s-5.200936,s0.210191,s196.947712
191_134,s-4.949486,s2.288901,s100.677409
191_135,s5.298540,s0.605473,s68.986928
191_136,s3.599876,s-3.080643,s339.937888
191_137,s-1.583249,s-5.120322,s31.731723
191_138,s1.884579,s-4.460890,s32.461180
191_139,s-0.106007,s-5.028096,s71.544205
191_140,s2.904468,s3.713713,s287.213327
191_141,s0.532004,s-5.904361,s-0.540673
191_142,s-3.576390,s3.479668,s25.192574
191_143,s5.852071,s-0.847124,s337.861499
191_144,s-5.056030,s-3.533166,s-6.454857
191_145,s-3.673614,s3.926527,s284.953618
191_146,s5.513164,s2.592377,s226.775672
191_147,s-3.019086,s-4.709477,s61.123145
191_148,s-4.490564,s-2.396916,s74.937073
191_149,s-1.564789,s5.594444,s41.879950
191_150,s0.845894,s5.428895,s206.367527
191_151,s-4.703490,s1.632791,s169.968944
191_152,s-0.540151,s5.616379,s226.589488
191_153,s3.735392,s3.962257,s64.922359
191_154,s5.579000,s-1.403675,s31.950667
191_155,s-5.263781,s-2.477515,s127.937431
191_156,s-5.162973,s1.295910,s39.410480
191_157,s3.213789,s-4.815603,s222.258017
191_158,s-5.329419,s2.819040,s59.773700
191_159,s1.532581,s5.651026,s59.293803
191_160,s4.837431,s-2.144362,s326.384982
191_161,s-3.611340,s-4.925390,s200.141371
191_162,s-5.574820,s0.008896,s299.990275
191_163,s-3.497943,s4.540606,s284.873194
191_164,s-4.869853,s3.195037,s3.888571
191_165,s2.631658,s5.201155,s32.829677
191_166,s3.725256,s4.354671,s78.037236
191_167,s1.843464,s-5.370366,s85.330352
191_168,s5.606549,s1.356171,s76.787785
191_169,s-1.842692,s-5.531090,s180.032526
191_170,s4.044541,s-4.016106,s230.896482
191_171,s5.680022,s-0.049746,s336.612741
191_172,s5.454691,s-2.814935,s212.880000
191_173,s1.734330,s-5.789599,s64.987084
191_174,s4.658486,s-3.760049,s211.755238
191_175,s2.472406,s-5.375164,s325.733294
191_176,s-0.537236,s-5.691888,s222.492236
191_177,s4.834757,s3.754065,s58.140613
191_178,s-5.939562,s0.135110,s127.958009
191_179,s0.160851,s5.267559,s63.376645
191_180,s-4.143425,s-4.154518,s97.566467
191_181,s-5.400020,s0.596136,s68.117897
191_182,s5.165473,s3.111075,s2.880278
191_183,s-1.107638,s-5.479164,s132.240634
191_184,s-3.005642,s4.989664,s352.926254
191_185,s3.352164,s4.782112,s0.376672
191_186,s5.860766,s-1.709515,s252.951288
191_187,s4.362622,s4.356002,s-0.709963
191_188,s2.228763,s-5.796267,s144.908451
191_189,s6.340000,s0.000000,s326.778482
191_190,s-2.230318,s5.429786,s41.451380
192_0,s-0.502968,s0.254997,s-1.795644
192_1,s0.375263,s-0.048300,s129.453663
192_2,s0.223478,s0.531634,s295.487781
192_3,s-0.254016,s1.091349,s161.068143
192_4,s1.208560,s-0.575511,s341.416842
192_5,s-1.075542,s0.142589,s287.414595
192_6,s0.321354,s1.209870,s254.953416
192_7,s-1.367517,s-1.337624,s214.842730
192_8,s1.426924,s-0.059935,s68.582700
192_9,s-0.189558,s-0.500148,s33.098488
192_10,s1.082079,s0.391205,s339.937888
192_11,s0.622337,s-0.964926,s128.523736
192_12,s-1.725741,s0.973870,s33.367952
192_13,s0.165255,s-1.191463,s215.108760
192_14,s1.864890,s-1.304854,s201.681574
192_15,s-2.000466,s-0.234503,s117.494605
192_16,s-2.819237,s1.191949,s75.257139
192_17,s0.577241,s1.648483,s84.984472
192_18,s1.149415,s-1.564376,s298.149169
192_19,s1.325443,s1.376600,s339.937888
192_20,s2.109765,s-0.726943,s15.130718
192_21,s-1.591095,s0.395114,s64.828182
192_22,s-1.954214,s-1.116653,s99.109470
192_23,s1.821131,s1.960125,s289.039926
192_24,s-0.314069,s1.934160,s66.060800
192_25,s0.564533,s-1.938471,s339.686235
192_26,s1.547451,s0.646325,s306.592395
192_27,s-0.635260,s-1.845254,s339.937888
192_28,s0.154104,s2.214652,s173.237970
192_29,s-2.185187,s-0.744791,s-1.469299
192_30,s1.770827,s2.921335,s65.452217
192_31,s-1.126947,s-2.072204,s211.655952
192_32,s2.208534,s3.067662,s291.225157
192_33,s-0.929687,s1.620069,s117.445652
192_34,s-0.624823,s2.574515,s126.241097
192_35,s-0.802528,s-2.577331,s208.880920
192_36,s2.396152,s-1.470027,s168.707504
192_37,s-2.993875,s3.252369,s346.308874
192_38,s-1.881448,s2.499388,s198.736456
192_39,s0.756966,s3.188019,s212.813615
192_40,s2.347117,s0.354229,s-0.343748
192_41,s-2.164672,s-1.880253,s326.723158
192_42,s-3.015836,s0.498177,s331.909865
192_43,s0.852577,s-2.426926,s164.506894
192_44,s-3.089800,s-0.200029,s141.571798
192_45,s-2.610802,s-2.325834,s-1.086090
192_46,s1.844144,s-2.357167,s162.190874
192_47,s0.739804,s2.084995,s196.402117
192_48,s-1.508838,s-2.552899,s32.186200
192_49,s2.803560,s-0.889180,s307.476708
192_50,s0.564949,s-2.780917,s95.089196
192_51,s2.637943,s1.506143,s151.273917
192_52,s1.119852,s2.163493,s202.430124
192_53,s-0.969108,s3.259714,s169.968944
192_54,s3.126453,s1.603821,s309.411785
192_55,s-1.001901,s-2.876284,s-1.278445
192_56,s2.276773,s-2.369871,s263.418400
192_57,s2.979616,s-0.288829,s147.835149
192_58,s-3.061761,s-1.303520,s-7.518570
192_59,s1.883742,s-3.160983,s282.673382
192_60,s0.581006,s-3.568689,s287.414595
192_61,s3.120269,s-2.513076,s67.659262
192_62,s-0.417763,s3.570090,s32.461180
192_63,s0.055659,s-3.080638,s143.122501
192_64,s-1.382933,s-3.239793,s258.847204
192_65,s-2.594152,s2.116466,s292.846670
192_66,s3.783903,s0.539956,s221.300135
192_67,s1.557482,s-3.611294,s75.641662
192_68,s-2.137199,s-2.663575,s138.776779
192_69,s-3.279644,s0.941025,s339.937888
192_70,s2.666274,s-2.375459,s196.377185
192_71,s-4.066088,s-1.289901,s73.440937
192_72,s-3.083693,s-2.339671,s284.551358
192_73,s-1.361185,s-4.478634,s202.533217
192_74,s-3.673227,s-0.041834,s292.461967
192_75,s2.220308,s-3.540223,s198.184722
192_76,s0.325763,s4.016266,s162.158711
192_77,s-3.912140,s-0.784723,s84.984472
192_78,s-3.244044,s-3.316679,s344.861017
192_79,s3.477462,s-1.007073,s263.493335
192_80,s4.623023,s0.858787,s256.368238
192_81,s-1.466800,s4.019686,s72.551254
192_82,s2.595769,s2.721097,s97.417377
192_83,s-3.702159,s-1.951034,s-3.629930
192_84,s-4.271181,s2.534862,s292.273721
192_85,s1.220614,s3.705039,s130.461853
192_86,s-2.919131,s2.565033,s32.541542
192_87,s-4.108864,s0.259326,s2.487309
192_88,s-0.300754,s4.012568,s143.830645
192_89,s-0.555413,s-4.013259,s76.977113
192_90,s3.715468,s-1.570523,s319.228138
192_91,s3.035824,s-3.306453,s136.513482
192_92,s4.452708,s-0.828556,s222.492236
192_93,s1.719370,s-4.088801,s200.999343
192_94,s-2.408135,s3.178104,s223.829314
192_95,s2.962118,s0.755671,s67.467968
192_96,s4.263289,s-1.486715,s130.549318
192_97,s3.306064,s2.676151,s297.292319
192_98,s-0.758490,s3.879281,s1.513526
192_99,s0.194019,s-4.569471,s101.269922
192_100,s2.004398,s3.773165,s131.268060
192_101,s-2.572018,s-3.163860,s33.672336
192_102,s-4.779588,s-0.505211,s323.293743
192_103,s3.352965,s3.406836,s130.547398
192_104,s4.152118,s-3.032559,s133.950286
192_105,s-1.608063,s4.811577,s278.819234
192_106,s-1.987606,s4.164019,s247.124052
192_107,s-0.600586,s-4.825977,s287.392253
192_108,s4.913596,s-0.169890,s177.130273
192_109,s4.030809,s0.940963,s145.682549
192_110,s2.667134,s4.757553,s-2.442013
192_111,s-4.749790,s0.775139,s216.454847
192_112,s-3.832396,s-3.150977,s117.445652
192_113,s4.460120,s2.949774,s218.215527
192_114,s4.320367,s-2.168023,s198.473174
192_115,s0.903991,s-5.009451,s285.248198
192_116,s4.731106,s-1.586423,s46.839454
192_117,s-5.422177,s-0.997884,s19.956748
192_118,s0.762673,s4.227118,s348.847053
192_119,s-5.382807,s-1.868646,s53.184519
192_120,s0.804860,s-4.433570,s11.481353
192_121,s2.412433,s-4.314738,s2.234548
192_122,s-3.910382,s-2.644965,s314.697860
192_123,s-3.982476,s1.664018,s60.266385
192_124,s-0.109410,s4.818637,s169.968944
192_125,s3.868356,s-4.614088,s230.794307
192_126,s-2.441865,s4.819622,s309.166284
192_127,s4.107690,s1.598848,s-3.914740
192_128,s1.946086,s5.085070,s164.737782
192_129,s-2.767420,s-4.318763,s8.143766
192_130,s4.934889,s1.999097,s279.570219
192_131,s0.352746,s4.651403,s61.335145
192_132,s-1.027888,s-5.044613,s32.064577
192_133,s-5.200936,s0.210191,s196.947712
192_134,s-4.949486,s2.288901,s100.677409
192_135,s5.298540,s0.605473,s68.986928
192_136,s3.599876,s-3.080643,s339.937888
192_137,s-1.583249,s-5.120322,s31.731723
192_138,s1.884579,s-4.460890,s32.461180
192_139,s-0.106007,s-5.028096,s71.544205
192_140,s2.904468,s3.713713,s287.213327
192_141,s0.532004,s-5.904361,s-0.540673
192_142,s-3.576390,s3.479668,s25.192574
192_143,s5.852071,s-0.847124,s337.861499
192_144,s-5.056030,s-3.533166,s-6.454857
192_145,s-3.673614,s3.926527,s284.953618
192_146,s5.513164,s2.592377,s226.775672
192_147,s-3.019086,s-4.709477,s61.123145
192_148,s-4.490564,s-2.396916,s74.937073
192_149,s-1.564789,s5.594444,s41.879950
192_150,s0.845894,s5.428895,s206.367527
192_151,s-4.703490,s1.632791,s169.968944
192_152,s-0.540151,s5.616379,s226.589488
192_153,s3.735392,s3.962257,s64.922359
192_154,s5.579000,s-1.403675,s31.950667
192_155,s-5.263781,s-2.477515,s127.937431
192_156,s-5.162973,s1.295910,s39.410480
192_157,s3.213789,s-4.815603,s222.258017
192_158,s-5.329419,s2.819040,s59.773700
192_159,s1.532581,s5.651026,s59.293803
192_160,s4.837431,s-2.144362,s326.384982
192_161,s-3.611340,s-4.925390,s200.141371
192_162,s-5.574820,s0.008896,s299.990275
192_163,s-3.497943,s4.540606,s284.873194
192_164,s-4.869853,s3.195037,s3.888571
192_165,s2.631658,s5.201155,s32.829677
192_166,s3.725256,s4.354671,s78.037236
192_167,s1.843464,s-5.370366,s85.330352
192_168,s5.606549,s1.356171,s76.787785
192_169,s-1.842692,s-5.531090,s180.032526
192_170,s4.044541,s-4.016106,s230.896482
192_171,s5.680022,s-0.049746,s336.612741
192_172,s5.454691,s-2.814935,s212.880000
192_173,s1.734330,s-5.789599,s64.987084
192_174,s4.658486,s-3.760049,s211.755238
192_175,s2.472406,s-5.375164,s325.733294
192_176,s-0.537236,s-5.691888,s222.492236
192_177,s4.834757,s3.754065,s58.140613
192_178,s-5.939562,s0.135110,s127.958009
192_179,s0.160851,s5.267559,s63.376645
192_180,s-4.143425,s-4.154518,s97.566467
192_181,s-5.400020,s0.596136,s68.117897
192_182,s5.165473,s3.111075,s2.880278
192_183,s-1.107638,s-5.479164,s132.240634
192_184,s-3.005642,s4.989664,s352.926254
192_185,s3.352164,s4.782112,s0.376672
192_186,s5.860766,s-1.709515,s252.951288
192_187,s4.362622,s4.356002,s-0.709963
192_188,s2.228763,s-5.796267,s144.908451
192_189,s6.340000,s0.000000,s326.778482
192_190,s-2.230318,s5.429786,s41.451380
192_191,s-5.914908,s-2.064966,s66.825099
193_0,s-0.502968,s0.254997,s-1.795644
193_1,s0.375263,s-0.048300,s129.453663
193_2,s0.223478,s0.531634,s295.487781
193_3,s-0.254016,s1.091349,s161.068143
193_4,s1.208560,s-0.575511,s341.416842
193_5,s-1.075542,s0.142589,s287.414595
193_6,s0.321354,s1.209870,s254.953416
193_7,s-1.367517,s-1.337624,s214.842730
193_8,s1.426924,s-0.059935,s68.582700
193_9,s-0.189558,s-0.500148,s33.098488
193_10,s1.082079,s0.391205,s339.937888
193_11,s0.622337,s-0.964926,s128.523736
193_12,s-1.725741,s0.973870,s33.367952
193_13,s0.165255,s-1.191463,s215.108760
193_14,s1.864890,s-1.304854,s201.681574
193_15,s-2.000466,s-0.234503,s117.494605
193_16,s-2.819237,s1.191949,s75.257139
193_17,s0.577241,s1.648483,s84.984472
193_18,s1.149415,s-1.564376,s298.149169
193_19,s1.325443,s1.376600,s339.937888
193_20,s2.109765,s-0.726943,s15.130718
193_21,s-1.591095,s0.395114,s64.828182
193_22,s-1.954214,s-1.116653,s99.109470
193_23,s1.821131,s1.960125,s289.039926
193_24,s-0.314069,s1.934160,s66.060800
193_25,s0.564533,s-1.938471,s339.686235
193_26,s1.547451,s0.646325,s306.592395
193_27,s-0.635260,s-1.845254,s339.937888
193_28,s0.154104,s2.214652,s173.237970
193_29,s-2.185187,s-0.744791,s-1.469299
193_30,s1.770827,s2.921335,s65.452217
193_31,s-1.126947,s-2.072204,s211.655952
193_32,s2.208534,s3.067662,s291.225157
193_33,s-0.929687,s1.620069,s117.445652
193_34,s-0.624823,s2.574515,s126.241097
193_35,s-0.802528,s-2.577331,s208.880920
193_36,s2.396152,s-1.470027,s168.707504
193_37,s-2.993875,s3.252369,s346.308874
193_38,s-1.881448,s2.499388,s198.736456
193_39,s0.756966,s3.188019,s212.813615
193_40,s2.347117,s0.354229,s-0.343748
193_41,s-2.164672,s-1.880253,s326.723158
193_42,s-3.015836,s0.498177,s331.909865
193_43,s0.852577,s-2.426926,s164.506894
193_44,s-3.089800,s-0.200029,s141.571798
193_45,s-2.610802,s-2.325834,s-1.086090
193_46,s1.844144,s-2.357167,s162.190874
193_47,s0.739804,s2.084995,s196.402117
193_48,s-1.508838,s-2.552899,s32.186200
193_49,s2.803560,s-0.889180,s307.476708
193_50,s0.564949,s-2.780917,s95.089196
193_51,s2.637943,s1.506143,s151.273917
193_52,s1.119852,s2.163493,s202.430124
193_53,s-0.969108,s3.259714,s169.968944
193_54,s3.126453,s1.603821,s309.411785
193_55,s-1.001901,s-2.876284,s-1.278445
193_56,s2.276773,s-2.369871,s263.418400
193_57,s2.979616,s-0.288829,s147.835149
193_58,s-3.061761,s-1.303520,s-7.518570
193_59,s1.883742,s-3.160983,s282.673382
193_60,s0.581006,s-3.568689,s287.414595
193_61,s3.120269,s-2.513076,s67.659262
193_62,s-0.417763,s3.570090,s32.461180
193_63,s0.055659,s-3.080638,s143.122501
193_64,s-1.382933,s-3.239793,s258.847204
193_65,s-2.594152,s2.116466,s292.846670
193_66,s3.783903,s0.539956,s221.300135
193_67,s1.557482,s-3.611294,s75.641662
193_68,s-2.137199,s-2.663575,s138.776779
193_69,s-3.279644,s0.941025,s339.937888
193_70,s2.666274,s-2.375459,s196.377185
193_71,s-4.066088,s-1.289901,s73.440937
193_72,s-3.083693,s-2.339671,s284.551358
193_73,s-1.361185,s-4.478634,s202.533217
193_74,s-3.673227,s-0.041834,s292.461967
193_75,s2.220308,s-3.540223,s198.184722
193_76,s0.325763,s4.016266,s162.158711
193_77,s-3.912140,s-0.784723,s84.984472
193_78,s-3.244044,s-3.316679,s344.861017
193_79,s3.477462,s-1.007073,s263.493335
193_80,s4.623023,s0.858787,s256.368238
193_81,s-1.466800,s4.019686,s72.551254
193_82,s2.595769,s2.721097,s97.417377
193_83,s-3.702159,s-1.951034,s-3.629930
193_84,s-4.271181,s2.534862,s292.273721
193_85,s1.220614,s3.705039,s130.461853
193_86,s-2.919131,s2.565033,s32.541542
193_87,s-4.108864,s0.259326,s2.487309
193_88,s-0.300754,s4.012568,s143.830645
193_89,s-0.555413,s-4.013259,s76.977113
193_90,s3.715468,s-1.570523,s319.228138
193_91,s3.035824,s-3.306453,s136.513482
193_92,s4.452708,s-0.828556,s222.492236
193_93,s1.719370,s-4.088801,s200.999343
193_94,s-2.408135,s3.178104,s223.829314
193_95,s2.962118,s0.755671,s67.467968
193_96,s4.263289,s-1.486715,s130.549318
193_97,s3.306064,s2.676151,s297.292319
193_98,s-0.758490,s3.879281,s1.513526
193_99,s0.194019,s-4.569471,s101.269922
193_100,s2.004398,s3.773165,s131.268060
193_101,s-2.572018,s-3.163860,s33.672336
193_102,s-4.779588,s-0.505211,s323.293743
193_103,s3.352965,s3.406836,s130.547398
193_104,s4.152118,s-3.032559,s133.950286
193_105,s-1.608063,s4.811577,s278.819234
193_106,s-1.987606,s4.164019,s247.124052
193_107,s-0.600586,s-4.825977,s287.392253
193_108,s4.913596,s-0.169890,s177.130273
193_109,s4.030809,s0.940963,s145.682549
193_110,s2.667134,s4.757553,s-2.442013
193_111,s-4.749790,s0.775139,s216.454847
193_112,s-3.832396,s-3.150977,s117.445652
193_113,s4.460120,s2.949774,s218.215527
193_114,s4.320367,s-2.168023,s198.473174
193_115,s0.903991,s-5.009451,s285.248198
193_116,s4.731106,s-1.586423,s46.839454
193_117,s-5.422177,s-0.997884,s19.956748
193_118,s0.762673,s4.227118,s348.847053
193_119,s-5.382807,s-1.868646,s53.184519
193_120,s0.804860,s-4.433570,s11.481353
193_121,s2.412433,s-4.314738,s2.234548
193_122,s-3.910382,s-2.644965,s314.697860
193_123,s-3.982476,s1.664018,s60.266385
193_124,s-0.109410,s4.818637,s169.968944
193_125,s3.868356,s-4.614088,s230.794307
193_126,s-2.441865,s4.819622,s309.166284
193_127,s4.107690,s1.598848,s-3.914740
193_128,s1.946086,s5.085070,s164.737782
193_129,s-2.767420,s-4.318763,s8.143766
193_130,s4.934889,s1.999097,s279.570219
193_131,s0.352746,s4.651403,s61.335145
193_132,s-1.027888,s-5.044613,s32.064577
193_133,s-5.200936,s0.210191,s196.947712
193_134,s-4.949486,s2.288901,s100.677409
193_135,s5.298540,s0.605473,s68.986928
193_136,s3.599876,s-3.080643,s339.937888
193_137,s-1.583249,s-5.120322,s31.731723
193_138,s1.884579,s-4.460890,s32.461180
193_139,s-0.106007,s-5.028096,s71.544205
193_140,s2.904468,s3.713713,s287.213327
193_141,s0.532004,s-5.904361,s-0.540673
193_142,s-3.576390,s3.479668,s25.192574
193_143,s5.852071,s-0.847124,s337.861499
193_144,s-5.056030,s-3.533166,s-6.454857
193_145,s-3.673614,s3.926527,s284.953618
193_146,s5.513164,s2.592377,s226.775672
193_147,s-3.019086,s-4.709477,s61.123145
193_148,s-4.490564,s-2.396916,s74.937073
193_149,s-1.564789,s5.594444,s41.879950
193_150,s0.845894,s5.428895,s206.367527
193_151,s-4.703490,s1.632791,s169.968944
193_152,s-0.540151,s5.616379,s226.589488
193_153,s3.735392,s3.962257,s64.922359
193_154,s5.579000,s-1.403675,s31.950667
193_155,s-5.263781,s-2.477515,s127.937431
193_156,s-5.162973,s1.295910,s39.410480
193_157,s3.213789,s-4.815603,s222.258017
193_158,s-5.329419,s2.819040,s59.773700
193_159,s1.532581,s5.651026,s59.293803
193_160,s4.837431,s-2.144362,s326.384982
193_161,s-3.611340,s-4.925390,s200.141371
193_162,s-5.574820,s0.008896,s299.990275
193_163,s-3.497943,s4.540606,s284.873194
193_164,s-4.869853,s3.195037,s3.888571
193_165,s2.631658,s5.201155,s32.829677
193_166,s3.725256,s4.354671,s78.037236
193_167,s1.843464,s-5.370366,s85.330352
193_168,s5.606549,s1.356171,s76.787785
193_169,s-1.842692,s-5.531090,s180.032526
193_170,s4.044541,s-4.016106,s230.896482
193_171,s5.680022,s-0.049746,s336.612741
193_172,s5.454691,s-2.814935,s212.880000
193_173,s1.734330,s-5.789599,s64.987084
193_174,s4.658486,s-3.760049,s211.755238
193_175,s2.472406,s-5.375164,s325.733294
193_176,s-0.537236,s-5.691888,s222.492236
193_177,s4.834757,s3.754065,s58.140613
193_178,s-5.939562,s0.135110,s127.958009
193_179,s0.160851,s5.267559,s63.376645
193_180,s-4.143425,s-4.154518,s97.566467
193_181,s-5.400020,s0.596136,s68.117897
193_182,s5.165473,s3.111075,s2.880278
193_183,s-1.107638,s-5.479164,s132.240634
193_184,s-3.005642,s4.989664,s352.926254
193_185,s3.352164,s4.782112,s0.376672
193_186,s5.860766,s-1.709515,s252.951288
193_187,s4.362622,s4.356002,s-0.709963
193_188,s2.228763,s-5.796267,s144.908451
193_189,s6.340000,s0.000000,s326.778482
193_190,s-2.230318,s5.429786,s41.451380
193_191,s-5.914908,s-2.064966,s66.825099
193_192,s-5.788137,s1.143448,s-1.735344
194_0,s-0.502968,s0.254997,s-1.795644
194_1,s0.375263,s-0.048300,s129.453663
194_2,s0.223478,s0.531634,s295.487781
194_3,s-0.254016,s1.091349,s161.068143
194_4,s1.208560,s-0.575511,s341.416842
194_5,s-1.075542,s0.142589,s287.414595
194_6,s0.321354,s1.209870,s254.953416
194_7,s-1.367517,s-1.337624,s214.842730
194_8,s1.426924,s-0.059935,s68.582700
194_9,s-0.189558,s-0.500148,s33.098488
194_10,s1.082079,s0.391205,s339.937888
194_11,s0.622337,s-0.964926,s128.523736
194_12,s-1.725741,s0.973870,s33.367952
194_13,s0.165255,s-1.191463,s215.108760
194_14,s1.864890,s-1.304854,s201.681574
194_15,s-2.000466,s-0.234503,s117.494605
194_16,s-2.819237,s1.191949,s75.257139
194_17,s0.577241,s1.648483,s84.984472
194_18,s1.149415,s-1.564376,s298.149169
194_19,s1.325443,s1.376600,s339.937888
194_20,s2.109765,s-0.726943,s15.130718
194_21,s-1.591095,s0.395114,s64.828182
194_22,s-1.954214,s-1.116653,s99.109470
194_23,s1.821131,s1.960125,s289.039926
194_24,s-0.314069,s1.934160,s66.060800
194_25,s0.564533,s-1.938471,s339.686235
194_26,s1.547451,s0.646325,s306.592395
194_27,s-0.635260,s-1.845254,s339.937888
194_28,s0.154104,s2.214652,s173.237970
194_29,s-2.185187,s-0.744791,s-1.469299
194_30,s1.770827,s2.921335,s65.452217
194_31,s-1.126947,s-2.072204,s211.655952
194_32,s2.208534,s3.067662,s291.225157
194_33,s-0.929687,s1.620069,s117.445652
194_34,s-0.624823,s2.574515,s126.241097
194_35,s-0.802528,s-2.577331,s208.880920
194_36,s2.396152,s-1.470027,s168.707504
194_37,s-2.993875,s3.252369,s346.308874
194_38,s-1.881448,s2.499388,s198.736456
194_39,s0.756966,s3.188019,s212.813615
194_40,s2.347117,s0.354229,s-0.343748
194_41,s-2.164672,s-1.880253,s326.723158
194_42,s-3.015836,s0.498177,s331.909865
194_43,s0.852577,s-2.426926,s164.506894
194_44,s-3.089800,s-0.200029,s141.571798
194_45,s-2.610802,s-2.325834,s-1.086090
194_46,s1.844144,s-2.357167,s162.190874
194_47,s0.739804,s2.084995,s196.402117
194_48,s-1.508838,s-2.552899,s32.186200
194_49,s2.803560,s-0.889180,s307.476708
194_50,s0.564949,s-2.780917,s95.089196
194_51,s2.637943,s1.506143,s151.273917
194_52,s1.119852,s2.163493,s202.430124
194_53,s-0.969108,s3.259714,s169.968944
194_54,s3.126453,s1.603821,s309.411785
194_55,s-1.001901,s-2.876284,s-1.278445
194_56,s2.276773,s-2.369871,s263.418400
194_57,s2.979616,s-0.288829,s147.835149
194_58,s-3.061761,s-1.303520,s-7.518570
194_59,s1.883742,s-3.160983,s282.673382
194_60,s0.581006,s-3.568689,s287.414595
194_61,s3.120269,s-2.513076,s67.659262
194_62,s-0.417763,s3.570090,s32.461180
194_63,s0.055659,s-3.080638,s143.122501
194_64,s-1.382933,s-3.239793,s258.847204
194_65,s-2.594152,s2.116466,s292.846670
194_66,s3.783903,s0.539956,s221.300135
194_67,s1.557482,s-3.611294,s75.641662
194_68,s-2.137199,s-2.663575,s138.776779
194_69,s-3.279644,s0.941025,s339.937888
194_70,s2.666274,s-2.375459,s196.377185
194_71,s-4.066088,s-1.289901,s73.440937
194_72,s-3.083693,s-2.339671,s284.551358
194_73,s-1.361185,s-4.478634,s202.533217
194_74,s-3.673227,s-0.041834,s292.461967
194_75,s2.220308,s-3.540223,s198.184722
194_76,s0.325763,s4.016266,s162.158711
194_77,s-3.912140,s-0.784723,s84.984472
194_78,s-3.244044,s-3.316679,s344.861017
194_79,s3.477462,s-1.007073,s263.493335
194_80,s4.623023,s0.858787,s256.368238
194_81,s-1.466800,s4.019686,s72.551254
194_82,s2.595769,s2.721097,s97.417377
194_83,s-3.702159,s-1.951034,s-3.629930
194_84,s-4.271181,s2.534862,s292.273721
194_85,s1.220614,s3.705039,s130.461853
194_86,s-2.919131,s2.565033,s32.541542
194_87,s-4.108864,s0.259326,s2.487309
194_88,s-0.300754,s4.012568,s143.830645
194_89,s-0.555413,s-4.013259,s76.977113
194_90,s3.715468,s-1.570523,s319.228138
194_91,s3.035824,s-3.306453,s136.513482
194_92,s4.452708,s-0.828556,s222.492236
194_93,s1.719370,s-4.088801,s200.999343
194_94,s-2.408135,s3.178104,s223.829314
194_95,s2.962118,s0.755671,s67.467968
194_96,s4.263289,s-1.486715,s130.549318
194_97,s3.306064,s2.676151,s297.292319
194_98,s-0.758490,s3.879281,s1.513526
194_99,s0.194019,s-4.569471,s101.269922
194_100,s2.004398,s3.773165,s131.268060
194_101,s-2.572018,s-3.163860,s33.672336
194_102,s-4.779588,s-0.505211,s323.293743
194_103,s3.352965,s3.406836,s130.547398
194_104,s4.152118,s-3.032559,s133.950286
194_105,s-1.608063,s4.811577,s278.819234
194_106,s-1.987606,s4.164019,s247.124052
194_107,s-0.600586,s-4.825977,s287.392253
194_108,s4.913596,s-0.169890,s177.130273
194_109,s4.030809,s0.940963,s145.682549
194_110,s2.667134,s4.757553,s-2.442013
194_111,s-4.749790,s0.775139,s216.454847
194_112,s-3.832396,s-3.150977,s117.445652
194_113,s4.460120,s2.949774,s218.215527
194_114,s4.320367,s-2.168023,s198.473174
194_115,s0.903991,s-5.009451,s285.248198
194_116,s4.731106,s-1.586423,s46.839454
194_117,s-5.422177,s-0.997884,s19.956748
194_118,s0.762673,s4.227118,s348.847053
194_119,s-5.382807,s-1.868646,s53.184519
194_120,s0.804860,s-4.433570,s11.481353
194_121,s2.412433,s-4.314738,s2.234548
194_122,s-3.910382,s-2.644965,s314.697860
194_123,s-3.982476,s1.664018,s60.266385
194_124,s-0.109410,s4.818637,s169.968944
194_125,s3.868356,s-4.614088,s230.794307
194_126,s-2.441865,s4.819622,s309.166284
194_127,s4.107690,s1.598848,s-3.914740
194_128,s1.946086,s5.085070,s164.737782
194_129,s-2.767420,s-4.318763,s8.143766
194_130,s4.934889,s1.999097,s279.570219
194_131,s0.352746,s4.651403,s61.335145
194_132,s-1.027888,s-5.044613,s32.064577
194_133,s-5.200936,s0.210191,s196.947712
194_134,s-4.949486,s2.288901,s100.677409
194_135,s5.298540,s0.605473,s68.986928
194_136,s3.599876,s-3.080643,s339.937888
194_137,s-1.583249,s-5.120322,s31.731723
194_138,s1.884579,s-4.460890,s32.461180
194_139,s-0.106007,s-5.028096,s71.544205
194_140,s2.904468,s3.713713,s287.213327
194_141,s0.532004,s-5.904361,s-0.540673
194_142,s-3.576390,s3.479668,s25.192574
194_143,s5.852071,s-0.847124,s337.861499
194_144,s-5.056030,s-3.533166,s-6.454857
194_145,s-3.673614,s3.926527,s284.953618
194_146,s5.513164,s2.592377,s226.775672
194_147,s-3.019086,s-4.709477,s61.123145
194_148,s-4.490564,s-2.396916,s74.937073
194_149,s-1.564789,s5.594444,s41.879950
194_150,s0.845894,s5.428895,s206.367527
194_151,s-4.703490,s1.632791,s169.968944
194_152,s-0.540151,s5.616379,s226.589488
194_153,s3.735392,s3.962257,s64.922359
194_154,s5.579000,s-1.403675,s31.950667
194_155,s-5.263781,s-2.477515,s127.937431
194_156,s-5.162973,s1.295910,s39.410480
194_157,s3.213789,s-4.815603,s222.258017
194_158,s-5.329419,s2.819040,s59.773700
194_159,s1.532581,s5.651026,s59.293803
194_160,s4.837431,s-2.144362,s326.384982
194_161,s-3.611340,s-4.925390,s200.141371
194_162,s-5.574820,s0.008896,s299.990275
194_163,s-3.497943,s4.540606,s284.873194
194_164,s-4.869853,s3.195037,s3.888571
194_165,s2.631658,s5.201155,s32.829677
194_166,s3.725256,s4.354671,s78.037236
194_167,s1.843464,s-5.370366,s85.330352
194_168,s5.606549,s1.356171,s76.787785
194_169,s-1.842692,s-5.531090,s180.032526
194_170,s4.044541,s-4.016106,s230.896482
194_171,s5.680022,s-0.049746,s336.612741
194_172,s5.454691,s-2.814935,s212.880000
194_173,s1.734330,s-5.789599,s64.987084
194_174,s4.658486,s-3.760049,s211.755238
194_175,s2.472406,s-5.375164,s325.733294
194_176,s-0.537236,s-5.691888,s222.492236
194_177,s4.834757,s3.754065,s58.140613
194_178,s-5.939562,s0.135110,s127.958009
194_179,s0.160851,s5.267559,s63.376645
194_180,s-4.143425,s-4.154518,s97.566467
194_181,s-5.400020,s0.596136,s68.117897
194_182,s5.165473,s3.111075,s2.880278
194_183,s-1.107638,s-5.479164,s132.240634
194_184,s-3.005642,s4.989664,s352.926254
194_185,s3.352164,s4.782112,s0.376672
194_186,s5.860766,s-1.709515,s252.951288
194_187,s4.362622,s4.356002,s-0.709963
194_188,s2.228763,s-5.796267,s144.908451
194_189,s6.340000,s0.000000,s326.778482
194_190,s-2.230318,s5.429786,s41.451380
194_191,s-5.914908,s-2.064966,s66.825099
194_192,s-5.788137,s1.143448,s-1.735344
194_193,s0.654043,s5.954186,s117.445652
195_0,s-0.502968,s0.254997,s-1.795644
195_1,s0.375263,s-0.048300,s129.453663
195_2,s0.223478,s0.531634,s295.487781
195_3,s-0.254016,s1.091349,s161.068143
195_4,s1.208560,s-0.575511,s341.416842
195_5,s-1.075542,s0.142589,s287.414595
195_6,s0.321354,s1.209870,s254.953416
195_7,s-1.367517,s-1.337624,s214.842730
195_8,s1.426924,s-0.059935,s68.582700
195_9,s-0.189558,s-0.500148,s33.098488
195_10,s1.082079,s0.391205,s339.937888
195_11,s0.622337,s-0.964926,s128.523736
195_12,s-1.725741,s0.973870,s33.367952
195_13,s0.165255,s-1.191463,s215.108760
195_14,s1.864890,s-1.304854,s201.681574
195_15,s-2.000466,s-0.234503,s117.494605
195_16,s-2.819237,s1.191949,s75.257139
195_17,s0.577241,s1.648483,s84.984472
195_18,s1.149415,s-1.564376,s298.149169
195_19,s1.325443,s1.376600,s339.937888
195_20,s2.109765,s-0.726943,s15.130718
195_21,s-1.591095,s0.395114,s64.828182
195_22,s-1.954214,s-1.116653,s99.109470
195_23,s1.821131,s1.960125,s289.039926
195_24,s-0.314069,s1.934160,s66.060800
195_25,s0.564533,s-1.938471,s339.686235
195_26,s1.547451,s0.646325,s306.592395
195_27,s-0.635260,s-1.845254,s339.937888
195_28,s0.154104,s2.214652,s173.237970
195_29,s-2.185187,s-0.744791,s-1.469299
195_30,s1.770827,s2.921335,s65.452217
195_31,s-1.126947,s-2.072204,s211.655952
195_32,s2.208534,s3.067662,s291.225157
195_33,s-0.929687,s1.620069,s117.445652
195_34,s-0.624823,s2.574515,s126.241097
195_35,s-0.802528,s-2.577331,s208.880920
195_36,s2.396152,s-1.470027,s168.707504
195_37,s-2.993875,s3.252369,s346.308874
195_38,s-1.881448,s2.499388,s198.736456
195_39,s0.756966,s3.188019,s212.813615
195_40,s2.347117,s0.354229,s-0.343748
195_41,s-2.164672,s-1.880253,s326.723158
195_42,s-3.015836,s0.498177,s331.909865
195_43,s0.852577,s-2.426926,s164.506894
195_44,s-3.089800,s-0.200029,s141.571798
195_45,s-2.610802,s-2.325834,s-1.086090
195_46,s1.844144,s-2.357167,s162.190874
195_47,s0.739804,s2.084995,s196.402117
195_48,s-1.508838,s-2.552899,s32.186200
195_49,s2.803560,s-0.889180,s307.476708
195_50,s0.564949,s-2.780917,s95.089196
195_51,s2.637943,s1.506143,s151.273917
195_52,s1.119852,s2.163493,s202.430124
195_53,s-0.969108,s3.259714,s169.968944
195_54,s3.126453,s1.603821,s309.411785
195_55,s-1.001901,s-2.876284,s-1.278445
195_56,s2.276773,s-2.369871,s263.418400
195_57,s2.979616,s-0.288829,s147.835149
195_58,s-3.061761,s-1.303520,s-7.518570
195_59,s1.883742,s-3.160983,s282.673382
195_60,s0.581006,s-3.568689,s287.414595
195_61,s3.120269,s-2.513076,s67.659262
195_62,s-0.417763,s3.570090,s32.461180
195_63,s0.055659,s-3.080638,s143.122501
195_64,s-1.382933,s-3.239793,s258.847204
195_65,s-2.594152,s2.116466,s292.846670
195_66,s3.783903,s0.539956,s221.300135
195_67,s1.557482,s-3.611294,s75.641662
195_68,s-2.137199,s-2.663575,s138.776779
195_69,s-3.279644,s0.941025,s339.937888
195_70,s2.666274,s-2.375459,s196.377185
195_71,s-4.066088,s-1.289901,s73.440937
195_72,s-3.083693,s-2.339671,s284.551358
195_73,s-1.361185,s-4.478634,s202.533217
195_74,s-3.673227,s-0.041834,s292.461967
195_75,s2.220308,s-3.540223,s198.184722
195_76,s0.325763,s4.016266,s162.158711
195_77,s-3.912140,s-0.784723,s84.984472
195_78,s-3.244044,s-3.316679,s344.861017
195_79,s3.477462,s-1.007073,s263.493335
195_80,s4.623023,s0.858787,s256.368238
195_81,s-1.466800,s4.019686,s72.551254
195_82,s2.595769,s2.721097,s97.417377
195_83,s-3.702159,s-1.951034,s-3.629930
195_84,s-4.271181,s2.534862,s292.273721
195_85,s1.220614,s3.705039,s130.461853
195_86,s-2.919131,s2.565033,s32.541542
195_87,s-4.108864,s0.259326,s2.487309
195_88,s-0.300754,s4.012568,s143.830645
195_89,s-0.555413,s-4.013259,s76.977113
195_90,s3.715468,s-1.570523,s319.228138
195_91,s3.035824,s-3.306453,s136.513482
195_92,s4.452708,s-0.828556,s222.492236
195_93,s1.719370,s-4.088801,s200.999343
195_94,s-2.408135,s3.178104,s223.829314
195_95,s2.962118,s0.755671,s67.467968
195_96,s4.263289,s-1.486715,s130.549318
195_97,s3.306064,s2.676151,s297.292319
195_98,s-0.758490,s3.879281,s1.513526
195_99,s0.194019,s-4.569471,s101.269922
195_100,s2.004398,s3.773165,s131.268060
195_101,s-2.572018,s-3.163860,s33.672336
195_102,s-4.779588,s-0.505211,s323.293743
195_103,s3.352965,s3.406836,s130.547398
195_104,s4.152118,s-3.032559,s133.950286
195_105,s-1.608063,s4.811577,s278.819234
195_106,s-1.987606,s4.164019,s247.124052
195_107,s-0.600586,s-4.825977,s287.392253
195_108,s4.913596,s-0.169890,s177.130273
195_109,s4.030809,s0.940963,s145.682549
195_110,s2.667134,s4.757553,s-2.442013
195_111,s-4.749790,s0.775139,s216.454847
195_112,s-3.832396,s-3.150977,s117.445652
195_113,s4.460120,s2.949774,s218.215527
195_114,s4.320367,s-2.168023,s198.473174
195_115,s0.903991,s-5.009451,s285.248198
195_116,s4.731106,s-1.586423,s46.839454
195_117,s-5.422177,s-0.997884,s19.956748
195_118,s0.762673,s4.227118,s348.847053
195_119,s-5.382807,s-1.868646,s53.184519
195_120,s0.804860,s-4.433570,s11.481353
195_121,s2.412433,s-4.314738,s2.234548
195_122,s-3.910382,s-2.644965,s314.697860
195_123,s-3.982476,s1.664018,s60.266385
195_124,s-0.109410,s4.818637,s169.968944
195_125,s3.868356,s-4.614088,s230.794307
195_126,s-2.441865,s4.819622,s309.166284
195_127,s4.107690,s1.598848,s-3.914740
195_128,s1.946086,s5.085070,s164.737782
195_129,s-2.767420,s-4.318763,s8.143766
195_130,s4.934889,s1.999097,s279.570219
195_131,s0.352746,s4.651403,s61.335145
195_132,s-1.027888,s-5.044613,s32.064577
195_133,s-5.200936,s0.210191,s196.947712
195_134,s-4.949486,s2.288901,s100.677409
195_135,s5.298540,s0.605473,s68.986928
195_136,s3.599876,s-3.080643,s339.937888
195_137,s-1.583249,s-5.120322,s31.731723
195_138,s1.884579,s-4.460890,s32.461180
195_139,s-0.106007,s-5.028096,s71.544205
195_140,s2.904468,s3.713713,s287.213327
195_141,s0.532004,s-5.904361,s-0.540673
195_142,s-3.576390,s3.479668,s25.192574
195_143,s5.852071,s-0.847124,s337.861499
195_144,s-5.056030,s-3.533166,s-6.454857
195_145,s-3.673614,s3.926527,s284.953618
195_146,s5.513164,s2.592377,s226.775672
195_147,s-3.019086,s-4.709477,s61.123145
195_148,s-4.490564,s-2.396916,s74.937073
195_149,s-1.564789,s5.594444,s41.879950
195_150,s0.845894,s5.428895,s206.367527
195_151,s-4.703490,s1.632791,s169.968944
195_152,s-0.540151,s5.616379,s226.589488
195_153,s3.735392,s3.962257,s64.922359
195_154,s5.579000,s-1.403675,s31.950667
195_155,s-5.263781,s-2.477515,s127.937431
195_156,s-5.162973,s1.295910,s39.410480
195_157,s3.213789,s-4.815603,s222.258017
195_158,s-5.329419,s2.819040,s59.773700
195_159,s1.532581,s5.651026,s59.293803
195_160,s4.837431,s-2.144362,s326.384982
195_161,s-3.611340,s-4.925390,s200.141371
195_162,s-5.574820,s0.008896,s299.990275
195_163,s-3.497943,s4.540606,s284.873194
195_164,s-4.869853,s3.195037,s3.888571
195_165,s2.631658,s5.201155,s32.829677
195_166,s3.725256,s4.354671,s78.037236
195_167,s1.843464,s-5.370366,s85.330352
195_168,s5.606549,s1.356171,s76.787785
195_169,s-1.842692,s-5.531090,s180.032526
195_170,s4.044541,s-4.016106,s230.896482
195_171,s5.680022,s-0.049746,s336.612741
195_172,s5.454691,s-2.814935,s212.880000
195_173,s1.734330,s-5.789599,s64.987084
195_174,s4.658486,s-3.760049,s211.755238
195_175,s2.472406,s-5.375164,s325.733294
195_176,s-0.537236,s-5.691888,s222.492236
195_177,s4.834757,s3.754065,s58.140613
195_178,s-5.939562,s0.135110,s127.958009
195_179,s0.160851,s5.267559,s63.376645
195_180,s-4.143425,s-4.154518,s97.566467
195_181,s-5.400020,s0.596136,s68.117897
195_182,s5.165473,s3.111075,s2.880278
195_183,s-1.107638,s-5.479164,s132.240634
195_184,s-3.005642,s4.989664,s352.926254
195_185,s3.352164,s4.782112,s0.376672
195_186,s5.860766,s-1.709515,s252.951288
195_187,s4.362622,s4.356002,s-0.709963
195_188,s2.228763,s-5.796267,s144.908451
195_189,s6.340000,s0.000000,s326.778482
195_190,s-2.230318,s5.429786,s41.451380
195_191,s-5.914908,s-2.064966,s66.825099
195_192,s-5.788137,s1.143448,s-1.735344
195_193,s0.654043,s5.954186,s117.445652
195_194,s-5.912584,s-0.619978,s111.143287
196_0,s-0.502968,s0.254997,s-1.795644
196_1,s0.375263,s-0.048300,s129.453663
196_2,s0.223478,s0.531634,s295.487781
196_3,s-0.254016,s1.091349,s161.068143
196_4,s1.208560,s-0.575511,s341.416842
196_5,s-1.075542,s0.142589,s287.414595
196_6,s0.321354,s1.209870,s254.953416
196_7,s-1.367517,s-1.337624,s214.842730
196_8,s1.426924,s-0.059935,s68.582700
196_9,s-0.189558,s-0.500148,s33.098488
196_10,s1.082079,s0.391205,s339.937888
196_11,s0.622337,s-0.964926,s128.523736
196_12,s-1.725741,s0.973870,s33.367952
196_13,s0.165255,s-1.191463,s215.108760
196_14,s1.864890,s-1.304854,s201.681574
196_15,s-2.000466,s-0.234503,s117.494605
196_16,s-2.819237,s1.191949,s75.257139
196_17,s0.577241,s1.648483,s84.984472
196_18,s1.149415,s-1.564376,s298.149169
196_19,s1.325443,s1.376600,s339.937888
196_20,s2.109765,s-0.726943,s15.130718
196_21,s-1.591095,s0.395114,s64.828182
196_22,s-1.954214,s-1.116653,s99.109470
196_23,s1.821131,s1.960125,s289.039926
196_24,s-0.314069,s1.934160,s66.060800
196_25,s0.564533,s-1.938471,s339.686235
196_26,s1.547451,s0.646325,s306.592395
196_27,s-0.635260,s-1.845254,s339.937888
196_28,s0.154104,s2.214652,s173.237970
196_29,s-2.185187,s-0.744791,s-1.469299
196_30,s1.770827,s2.921335,s65.452217
196_31,s-1.126947,s-2.072204,s211.655952
196_32,s2.208534,s3.067662,s291.225157
196_33,s-0.929687,s1.620069,s117.445652
196_34,s-0.624823,s2.574515,s126.241097
196_35,s-0.802528,s-2.577331,s208.880920
196_36,s2.396152,s-1.470027,s168.707504
196_37,s-2.993875,s3.252369,s346.308874
196_38,s-1.881448,s2.499388,s198.736456
196_39,s0.756966,s3.188019,s212.813615
196_40,s2.347117,s0.354229,s-0.343748
196_41,s-2.164672,s-1.880253,s326.723158
196_42,s-3.015836,s0.498177,s331.909865
196_43,s0.852577,s-2.426926,s164.506894
196_44,s-3.089800,s-0.200029,s141.571798
196_45,s-2.610802,s-2.325834,s-1.086090
196_46,s1.844144,s-2.357167,s162.190874
196_47,s0.739804,s2.084995,s196.402117
196_48,s-1.508838,s-2.552899,s32.186200
196_49,s2.803560,s-0.889180,s307.476708
196_50,s0.564949,s-2.780917,s95.089196
196_51,s2.637943,s1.506143,s151.273917
196_52,s1.119852,s2.163493,s202.430124
196_53,s-0.969108,s3.259714,s169.968944
196_54,s3.126453,s1.603821,s309.411785
196_55,s-1.001901,s-2.876284,s-1.278445
196_56,s2.276773,s-2.369871,s263.418400
196_57,s2.979616,s-0.288829,s147.835149
196_58,s-3.061761,s-1.303520,s-7.518570
196_59,s1.883742,s-3.160983,s282.673382
196_60,s0.581006,s-3.568689,s287.414595
196_61,s3.120269,s-2.513076,s67.659262
196_62,s-0.417763,s3.570090,s32.461180
196_63,s0.055659,s-3.080638,s143.122501
196_64,s-1.382933,s-3.239793,s258.847204
196_65,s-2.594152,s2.116466,s292.846670
196_66,s3.783903,s0.539956,s221.300135
196_67,s1.557482,s-3.611294,s75.641662
196_68,s-2.137199,s-2.663575,s138.776779
196_69,s-3.279644,s0.941025,s339.937888
196_70,s2.666274,s-2.375459,s196.377185
196_71,s-4.066088,s-1.289901,s73.440937
196_72,s-3.083693,s-2.339671,s284.551358
196_73,s-1.361185,s-4.478634,s202.533217
196_74,s-3.673227,s-0.041834,s292.461967
196_75,s2.220308,s-3.540223,s198.184722
196_76,s0.325763,s4.016266,s162.158711
196_77,s-3.912140,s-0.784723,s84.984472
196_78,s-3.244044,s-3.316679,s344.861017
196_79,s3.477462,s-1.007073,s263.493335
196_80,s4.623023,s0.858787,s256.368238
196_81,s-1.466800,s4.019686,s72.551254
196_82,s2.595769,s2.721097,s97.417377
196_83,s-3.702159,s-1.951034,s-3.629930
196_84,s-4.271181,s2.534862,s292.273721
196_85,s1.220614,s3.705039,s130.461853
196_86,s-2.919131,s2.565033,s32.541542
196_87,s-4.108864,s0.259326,s2.487309
196_88,s-0.300754,s4.012568,s143.830645
196_89,s-0.555413,s-4.013259,s76.977113
196_90,s3.715468,s-1.570523,s319.228138
196_91,s3.035824,s-3.306453,s136.513482
196_92,s4.452708,s-0.828556,s222.492236
196_93,s1.719370,s-4.088801,s200.999343
196_94,s-2.408135,s3.178104,s223.829314
196_95,s2.962118,s0.755671,s67.467968
196_96,s4.263289,s-1.486715,s130.549318
196_97,s3.306064,s2.676151,s297.292319
196_98,s-0.758490,s3.879281,s1.513526
196_99,s0.194019,s-4.569471,s101.269922
196_100,s2.004398,s3.773165,s131.268060
196_101,s-2.572018,s-3.163860,s33.672336
196_102,s-4.779588,s-0.505211,s323.293743
196_103,s3.352965,s3.406836,s130.547398
196_104,s4.152118,s-3.032559,s133.950286
196_105,s-1.608063,s4.811577,s278.819234
196_106,s-1.987606,s4.164019,s247.124052
196_107,s-0.600586,s-4.825977,s287.392253
196_108,s4.913596,s-0.169890,s177.130273
196_109,s4.030809,s0.940963,s145.682549
196_110,s2.667134,s4.757553,s-2.442013
196_111,s-4.749790,s0.775139,s216.454847
196_112,s-3.832396,s-3.150977,s117.445652
196_113,s4.460120,s2.949774,s218.215527
196_114,s4.320367,s-2.168023,s198.473174
196_115,s0.903991,s-5.009451,s285.248198
196_116,s4.731106,s-1.586423,s46.839454
196_117,s-5.422177,s-0.997884,s19.956748
196_118,s0.762673,s4.227118,s348.847053
196_119,s-5.382807,s-1.868646,s53.184519
196_120,s0.804860,s-4.433570,s11.481353
196_121,s2.412433,s-4.314738,s2.234548
196_122,s-3.910382,s-2.644965,s314.697860
196_123,s-3.982476,s1.664018,s60.266385
196_124,s-0.109410,s4.818637,s169.968944
196_125,s3.868356,s-4.614088,s230.794307
196_126,s-2.441865,s4.819622,s309.166284
196_127,s4.107690,s1.598848,s-3.914740
196_128,s1.946086,s5.085070,s164.737782
196_129,s-2.767420,s-4.318763,s8.143766
196_130,s4.934889,s1.999097,s279.570219
196_131,s0.352746,s4.651403,s61.335145
196_132,s-1.027888,s-5.044613,s32.064577
196_133,s-5.200936,s0.210191,s196.947712
196_134,s-4.949486,s2.288901,s100.677409
196_135,s5.298540,s0.605473,s68.986928
196_136,s3.599876,s-3.080643,s339.937888
196_137,s-1.583249,s-5.120322,s31.731723
196_138,s1.884579,s-4.460890,s32.461180
196_139,s-0.106007,s-5.028096,s71.544205
196_140,s2.904468,s3.713713,s287.213327
196_141,s0.532004,s-5.904361,s-0.540673
196_142,s-3.576390,s3.479668,s25.192574
196_143,s5.852071,s-0.847124,s337.861499
196_144,s-5.056030,s-3.533166,s-6.454857
196_145,s-3.673614,s3.926527,s284.953618
196_146,s5.513164,s2.592377,s226.775672
196_147,s-3.019086,s-4.709477,s61.123145
196_148,s-4.490564,s-2.396916,s74.937073
196_149,s-1.564789,s5.594444,s41.879950
196_150,s0.845894,s5.428895,s206.367527
196_151,s-4.703490,s1.632791,s169.968944
196_152,s-0.540151,s5.616379,s226.589488
196_153,s3.735392,s3.962257,s64.922359
196_154,s5.579000,s-1.403675,s31.950667
196_155,s-5.263781,s-2.477515,s127.937431
196_156,s-5.162973,s1.295910,s39.410480
196_157,s3.213789,s-4.815603,s222.258017
196_158,s-5.329419,s2.819040,s59.773700
196_159,s1.532581,s5.651026,s59.293803
196_160,s4.837431,s-2.144362,s326.384982
196_161,s-3.611340,s-4.925390,s200.141371
196_162,s-5.574820,s0.008896,s299.990275
196_163,s-3.497943,s4.540606,s284.873194
196_164,s-4.869853,s3.195037,s3.888571
196_165,s2.631658,s5.201155,s32.829677
196_166,s3.725256,s4.354671,s78.037236
196_167,s1.843464,s-5.370366,s85.330352
196_168,s5.606549,s1.356171,s76.787785
196_169,s-1.842692,s-5.531090,s180.032526
196_170,s4.044541,s-4.016106,s230.896482
196_171,s5.680022,s-0.049746,s336.612741
196_172,s5.454691,s-2.814935,s212.880000
196_173,s1.734330,s-5.789599,s64.987084
196_174,s4.658486,s-3.760049,s211.755238
196_175,s2.472406,s-5.375164,s325.733294
196_176,s-0.537236,s-5.691888,s222.492236
196_177,s4.834757,s3.754065,s58.140613
196_178,s-5.939562,s0.135110,s127.958009
196_179,s0.160851,s5.267559,s63.376645
196_180,s-4.143425,s-4.154518,s97.566467
196_181,s-5.400020,s0.596136,s68.117897
196_182,s5.165473,s3.111075,s2.880278
196_183,s-1.107638,s-5.479164,s132.240634
196_184,s-3.005642,s4.989664,s352.926254
196_185,s3.352164,s4.782112,s0.376672
196_186,s5.860766,s-1.709515,s252.951288
196_187,s4.362622,s4.356002,s-0.709963
196_188,s2.228763,s-5.796267,s144.908451
196_189,s6.340000,s0.000000,s326.778482
196_190,s-2.230318,s5.429786,s41.451380
196_191,s-5.914908,s-2.064966,s66.825099
196_192,s-5.788137,s1.143448,s-1.735344
196_193,s0.654043,s5.954186,s117.445652
196_194,s-5.912584,s-0.619978,s111.143287
196_195,s-0.493396,s6.054931,s84.984472
197_0,s-0.502968,s0.254997,s-1.795644
197_1,s0.375263,s-0.048300,s129.453663
197_2,s0.223478,s0.531634,s295.487781
197_3,s-0.254016,s1.091349,s161.068143
197_4,s1.208560,s-0.575511,s341.416842
197_5,s-1.075542,s0.142589,s287.414595
197_6,s0.321354,s1.209870,s254.953416
197_7,s-1.367517,s-1.337624,s214.842730
197_8,s1.426924,s-0.059935,s68.582700
197_9,s-0.189558,s-0.500148,s33.098488
197_10,s1.082079,s0.391205,s339.937888
197_11,s0.622337,s-0.964926,s128.523736
197_12,s-1.725741,s0.973870,s33.367952
197_13,s0.165255,s-1.191463,s215.108760
197_14,s1.864890,s-1.304854,s201.681574
197_15,s-2.000466,s-0.234503,s117.494605
197_16,s-2.819237,s1.191949,s75.257139
197_17,s0.577241,s1.648483,s84.984472
197_18,s1.149415,s-1.564376,s298.149169
197_19,s1.325443,s1.376600,s339.937888
197_20,s2.109765,s-0.726943,s15.130718
197_21,s-1.591095,s0.395114,s64.828182
197_22,s-1.954214,s-1.116653,s99.109470
197_23,s1.821131,s1.960125,s289.039926
197_24,s-0.314069,s1.934160,s66.060800
197_25,s0.564533,s-1.938471,s339.686235
197_26,s1.547451,s0.646325,s306.592395
197_27,s-0.635260,s-1.845254,s339.937888
197_28,s0.154104,s2.214652,s173.237970
197_29,s-2.185187,s-0.744791,s-1.469299
197_30,s1.770827,s2.921335,s65.452217
197_31,s-1.126947,s-2.072204,s211.655952
197_32,s2.208534,s3.067662,s291.225157
197_33,s-0.929687,s1.620069,s117.445652
197_34,s-0.624823,s2.574515,s126.241097
197_35,s-0.802528,s-2.577331,s208.880920
197_36,s2.396152,s-1.470027,s168.707504
197_37,s-2.993875,s3.252369,s346.308874
197_38,s-1.881448,s2.499388,s198.736456
197_39,s0.756966,s3.188019,s212.813615
197_40,s2.347117,s0.354229,s-0.343748
197_41,s-2.164672,s-1.880253,s326.723158
197_42,s-3.015836,s0.498177,s331.909865
197_43,s0.852577,s-2.426926,s164.506894
197_44,s-3.089800,s-0.200029,s141.571798
197_45,s-2.610802,s-2.325834,s-1.086090
197_46,s1.844144,s-2.357167,s162.190874
197_47,s0.739804,s2.084995,s196.402117
197_48,s-1.508838,s-2.552899,s32.186200
197_49,s2.803560,s-0.889180,s307.476708
197_50,s0.564949,s-2.780917,s95.089196
197_51,s2.637943,s1.506143,s151.273917
197_52,s1.119852,s2.163493,s202.430124
197_53,s-0.969108,s3.259714,s169.968944
197_54,s3.126453,s1.603821,s309.411785
197_55,s-1.001901,s-2.876284,s-1.278445
197_56,s2.276773,s-2.369871,s263.418400
197_57,s2.979616,s-0.288829,s147.835149
197_58,s-3.061761,s-1.303520,s-7.518570
197_59,s1.883742,s-3.160983,s282.673382
197_60,s0.581006,s-3.568689,s287.414595
197_61,s3.120269,s-2.513076,s67.659262
197_62,s-0.417763,s3.570090,s32.461180
197_63,s0.055659,s-3.080638,s143.122501
197_64,s-1.382933,s-3.239793,s258.847204
197_65,s-2.594152,s2.116466,s292.846670
197_66,s3.783903,s0.539956,s221.300135
197_67,s1.557482,s-3.611294,s75.641662
197_68,s-2.137199,s-2.663575,s138.776779
197_69,s-3.279644,s0.941025,s339.937888
197_70,s2.666274,s-2.375459,s196.377185
197_71,s-4.066088,s-1.289901,s73.440937
197_72,s-3.083693,s-2.339671,s284.551358
197_73,s-1.361185,s-4.478634,s202.533217
197_74,s-3.673227,s-0.041834,s292.461967
197_75,s2.220308,s-3.540223,s198.184722
197_76,s0.325763,s4.016266,s162.158711
197_77,s-3.912140,s-0.784723,s84.984472
197_78,s-3.244044,s-3.316679,s344.861017
197_79,s3.477462,s-1.007073,s263.493335
197_80,s4.623023,s0.858787,s256.368238
197_81,s-1.466800,s4.019686,s72.551254
197_82,s2.595769,s2.721097,s97.417377
197_83,s-3.702159,s-1.951034,s-3.629930
197_84,s-4.271181,s2.534862,s292.273721
197_85,s1.220614,s3.705039,s130.461853
197_86,s-2.919131,s2.565033,s32.541542
197_87,s-4.108864,s0.259326,s2.487309
197_88,s-0.300754,s4.012568,s143.830645
197_89,s-0.555413,s-4.013259,s76.977113
197_90,s3.715468,s-1.570523,s319.228138
197_91,s3.035824,s-3.306453,s136.513482
197_92,s4.452708,s-0.828556,s222.492236
197_93,s1.719370,s-4.088801,s200.999343
197_94,s-2.408135,s3.178104,s223.829314
197_95,s2.962118,s0.755671,s67.467968
197_96,s4.263289,s-1.486715,s130.549318
197_97,s3.306064,s2.676151,s297.292319
197_98,s-0.758490,s3.879281,s1.513526
197_99,s0.194019,s-4.569471,s101.269922
197_100,s2.004398,s3.773165,s131.268060
197_101,s-2.572018,s-3.163860,s33.672336
197_102,s-4.779588,s-0.505211,s323.293743
197_103,s3.352965,s3.406836,s130.547398
197_104,s4.152118,s-3.032559,s133.950286
197_105,s-1.608063,s4.811577,s278.819234
197_106,s-1.987606,s4.164019,s247.124052
197_107,s-0.600586,s-4.825977,s287.392253
197_108,s4.913596,s-0.169890,s177.130273
197_109,s4.030809,s0.940963,s145.682549
197_110,s2.667134,s4.757553,s-2.442013
197_111,s-4.749790,s0.775139,s216.454847
197_112,s-3.832396,s-3.150977,s117.445652
197_113,s4.460120,s2.949774,s218.215527
197_114,s4.320367,s-2.168023,s198.473174
197_115,s0.903991,s-5.009451,s285.248198
197_116,s4.731106,s-1.586423,s46.839454
197_117,s-5.422177,s-0.997884,s19.956748
197_118,s0.762673,s4.227118,s348.847053
197_119,s-5.382807,s-1.868646,s53.184519
197_120,s0.804860,s-4.433570,s11.481353
197_121,s2.412433,s-4.314738,s2.234548
197_122,s-3.910382,s-2.644965,s314.697860
197_123,s-3.982476,s1.664018,s60.266385
197_124,s-0.109410,s4.818637,s169.968944
197_125,s3.868356,s-4.614088,s230.794307
197_126,s-2.441865,s4.819622,s309.166284
197_127,s4.107690,s1.598848,s-3.914740
197_128,s1.946086,s5.085070,s164.737782
197_129,s-2.767420,s-4.318763,s8.143766
197_130,s4.934889,s1.999097,s279.570219
197_131,s0.352746,s4.651403,s61.335145
197_132,s-1.027888,s-5.044613,s32.064577
197_133,s-5.200936,s0.210191,s196.947712
197_134,s-4.949486,s2.288901,s100.677409
197_135,s5.298540,s0.605473,s68.986928
197_136,s3.599876,s-3.080643,s339.937888
197_137,s-1.583249,s-5.120322,s31.731723
197_138,s1.884579,s-4.460890,s32.461180
197_139,s-0.106007,s-5.028096,s71.544205
197_140,s2.904468,s3.713713,s287.213327
197_141,s0.532004,s-5.904361,s-0.540673
197_142,s-3.576390,s3.479668,s25.192574
197_143,s5.852071,s-0.847124,s337.861499
197_144,s-5.056030,s-3.533166,s-6.454857
197_145,s-3.673614,s3.926527,s284.953618
197_146,s5.513164,s2.592377,s226.775672
197_147,s-3.019086,s-4.709477,s61.123145
197_148,s-4.490564,s-2.396916,s74.937073
197_149,s-1.564789,s5.594444,s41.879950
197_150,s0.845894,s5.428895,s206.367527
197_151,s-4.703490,s1.632791,s169.968944
197_152,s-0.540151,s5.616379,s226.589488
197_153,s3.735392,s3.962257,s64.922359
197_154,s5.579000,s-1.403675,s31.950667
197_155,s-5.263781,s-2.477515,s127.937431
197_156,s-5.162973,s1.295910,s39.410480
197_157,s3.213789,s-4.815603,s222.258017
197_158,s-5.329419,s2.819040,s59.773700
197_159,s1.532581,s5.651026,s59.293803
197_160,s4.837431,s-2.144362,s326.384982
197_161,s-3.611340,s-4.925390,s200.141371
197_162,s-5.574820,s0.008896,s299.990275
197_163,s-3.497943,s4.540606,s284.873194
197_164,s-4.869853,s3.195037,s3.888571
197_165,s2.631658,s5.201155,s32.829677
197_166,s3.725256,s4.354671,s78.037236
197_167,s1.843464,s-5.370366,s85.330352
197_168,s5.606549,s1.356171,s76.787785
197_169,s-1.842692,s-5.531090,s180.032526
197_170,s4.044541,s-4.016106,s230.896482
197_171,s5.680022,s-0.049746,s336.612741
197_172,s5.454691,s-2.814935,s212.880000
197_173,s1.734330,s-5.789599,s64.987084
197_174,s4.658486,s-3.760049,s211.755238
197_175,s2.472406,s-5.375164,s325.733294
197_176,s-0.537236,s-5.691888,s222.492236
197_177,s4.834757,s3.754065,s58.140613
197_178,s-5.939562,s0.135110,s127.958009
197_179,s0.160851,s5.267559,s63.376645
197_180,s-4.143425,s-4.154518,s97.566467
197_181,s-5.400020,s0.596136,s68.117897
197_182,s5.165473,s3.111075,s2.880278
197_183,s-1.107638,s-5.479164,s132.240634
197_184,s-3.005642,s4.989664,s352.926254
197_185,s3.352164,s4.782112,s0.376672
197_186,s5.860766,s-1.709515,s252.951288
197_187,s4.362622,s4.356002,s-0.709963
197_188,s2.228763,s-5.796267,s144.908451
197_189,s6.340000,s0.000000,s326.778482
197_190,s-2.230318,s5.429786,s41.451380
197_191,s-5.914908,s-2.064966,s66.825099
197_192,s-5.788137,s1.143448,s-1.735344
197_193,s0.654043,s5.954186,s117.445652
197_194,s-5.912584,s-0.619978,s111.143287
197_195,s-0.493396,s6.054931,s84.984472
197_196,s6.037717,s1.387081,s284.694499
198_0,s-0.502968,s0.254997,s-1.795644
198_1,s0.375263,s-0.048300,s129.453663
198_2,s0.223478,s0.531634,s295.487781
198_3,s-0.254016,s1.091349,s161.068143
198_4,s1.208560,s-0.575511,s341.416842
198_5,s-1.075542,s0.142589,s287.414595
198_6,s0.321354,s1.209870,s254.953416
198_7,s-1.367517,s-1.337624,s214.842730
198_8,s1.426924,s-0.059935,s68.582700
198_9,s-0.189558,s-0.500148,s33.098488
198_10,s1.082079,s0.391205,s339.937888
198_11,s0.622337,s-0.964926,s128.523736
198_12,s-1.725741,s0.973870,s33.367952
198_13,s0.165255,s-1.191463,s215.108760
198_14,s1.864890,s-1.304854,s201.681574
198_15,s-2.000466,s-0.234503,s117.494605
198_16,s-2.819237,s1.191949,s75.257139
198_17,s0.577241,s1.648483,s84.984472
198_18,s1.149415,s-1.564376,s298.149169
198_19,s1.325443,s1.376600,s339.937888
198_20,s2.109765,s-0.726943,s15.130718
198_21,s-1.591095,s0.395114,s64.828182
198_22,s-1.954214,s-1.116653,s99.109470
198_23,s1.821131,s1.960125,s289.039926
198_24,s-0.314069,s1.934160,s66.060800
198_25,s0.564533,s-1.938471,s339.686235
198_26,s1.547451,s0.646325,s306.592395
198_27,s-0.635260,s-1.845254,s339.937888
198_28,s0.154104,s2.214652,s173.237970
198_29,s-2.185187,s-0.744791,s-1.469299
198_30,s1.770827,s2.921335,s65.452217
198_31,s-1.126947,s-2.072204,s211.655952
198_32,s2.208534,s3.067662,s291.225157
198_33,s-0.929687,s1.620069,s117.445652
198_34,s-0.624823,s2.574515,s126.241097
198_35,s-0.802528,s-2.577331,s208.880920
198_36,s2.396152,s-1.470027,s168.707504
198_37,s-2.993875,s3.252369,s346.308874
198_38,s-1.881448,s2.499388,s198.736456
198_39,s0.756966,s3.188019,s212.813615
198_40,s2.347117,s0.354229,s-0.343748
198_41,s-2.164672,s-1.880253,s326.723158
198_42,s-3.015836,s0.498177,s331.909865
198_43,s0.852577,s-2.426926,s164.506894
198_44,s-3.089800,s-0.200029,s141.571798
198_45,s-2.610802,s-2.325834,s-1.086090
198_46,s1.844144,s-2.357167,s162.190874
198_47,s0.739804,s2.084995,s196.402117
198_48,s-1.508838,s-2.552899,s32.186200
198_49,s2.803560,s-0.889180,s307.476708
198_50,s0.564949,s-2.780917,s95.089196
198_51,s2.637943,s1.506143,s151.273917
198_52,s1.119852,s2.163493,s202.430124
198_53,s-0.969108,s3.259714,s169.968944
198_54,s3.126453,s1.603821,s309.411785
198_55,s-1.001901,s-2.876284,s-1.278445
198_56,s2.276773,s-2.369871,s263.418400
198_57,s2.979616,s-0.288829,s147.835149
198_58,s-3.061761,s-1.303520,s-7.518570
198_59,s1.883742,s-3.160983,s282.673382
198_60,s0.581006,s-3.568689,s287.414595
198_61,s3.120269,s-2.513076,s67.659262
198_62,s-0.417763,s3.570090,s32.461180
198_63,s0.055659,s-3.080638,s143.122501
198_64,s-1.382933,s-3.239793,s258.847204
198_65,s-2.594152,s2.116466,s292.846670
198_66,s3.783903,s0.539956,s221.300135
198_67,s1.557482,s-3.611294,s75.641662
198_68,s-2.137199,s-2.663575,s138.776779
198_69,s-3.279644,s0.941025,s339.937888
198_70,s2.666274,s-2.375459,s196.377185
198_71,s-4.066088,s-1.289901,s73.440937
198_72,s-3.083693,s-2.339671,s284.551358
198_73,s-1.361185,s-4.478634,s202.533217
198_74,s-3.673227,s-0.041834,s292.461967
198_75,s2.220308,s-3.540223,s198.184722
198_76,s0.325763,s4.016266,s162.158711
198_77,s-3.912140,s-0.784723,s84.984472
198_78,s-3.244044,s-3.316679,s344.861017
198_79,s3.477462,s-1.007073,s263.493335
198_80,s4.623023,s0.858787,s256.368238
198_81,s-1.466800,s4.019686,s72.551254
198_82,s2.595769,s2.721097,s97.417377
198_83,s-3.702159,s-1.951034,s-3.629930
198_84,s-4.271181,s2.534862,s292.273721
198_85,s1.220614,s3.705039,s130.461853
198_86,s-2.919131,s2.565033,s32.541542
198_87,s-4.108864,s0.259326,s2.487309
198_88,s-0.300754,s4.012568,s143.830645
198_89,s-0.555413,s-4.013259,s76.977113
198_90,s3.715468,s-1.570523,s319.228138
198_91,s3.035824,s-3.306453,s136.513482
198_92,s4.452708,s-0.828556,s222.492236
198_93,s1.719370,s-4.088801,s200.999343
198_94,s-2.408135,s3.178104,s223.829314
198_95,s2.962118,s0.755671,s67.467968
198_96,s4.263289,s-1.486715,s130.549318
198_97,s3.306064,s2.676151,s297.292319
198_98,s-0.758490,s3.879281,s1.513526
198_99,s0.194019,s-4.569471,s101.269922
198_100,s2.004398,s3.773165,s131.268060
198_101,s-2.572018,s-3.163860,s33.672336
198_102,s-4.779588,s-0.505211,s323.293743
198_103,s3.352965,s3.406836,s130.547398
198_104,s4.152118,s-3.032559,s133.950286
198_105,s-1.608063,s4.811577,s278.819234
198_106,s-1.987606,s4.164019,s247.124052
198_107,s-0.600586,s-4.825977,s287.392253
198_108,s4.913596,s-0.169890,s177.130273
198_109,s4.030809,s0.940963,s145.682549
198_110,s2.667134,s4.757553,s-2.442013
198_111,s-4.749790,s0.775139,s216.454847
198_112,s-3.832396,s-3.150977,s117.445652
198_113,s4.460120,s2.949774,s218.215527
198_114,s4.320367,s-2.168023,s198.473174
198_115,s0.903991,s-5.009451,s285.248198
198_116,s4.731106,s-1.586423,s46.839454
198_117,s-5.422177,s-0.997884,s19.956748
198_118,s0.762673,s4.227118,s348.847053
198_119,s-5.382807,s-1.868646,s53.184519
198_120,s0.804860,s-4.433570,s11.481353
198_121,s2.412433,s-4.314738,s2.234548
198_122,s-3.910382,s-2.644965,s314.697860
198_123,s-3.982476,s1.664018,s60.266385
198_124,s-0.109410,s4.818637,s169.968944
198_125,s3.868356,s-4.614088,s230.794307
198_126,s-2.441865,s4.819622,s309.166284
198_127,s4.107690,s1.598848,s-3.914740
198_128,s1.946086,s5.085070,s164.737782
198_129,s-2.767420,s-4.318763,s8.143766
198_130,s4.934889,s1.999097,s279.570219
198_131,s0.352746,s4.651403,s61.335145
198_132,s-1.027888,s-5.044613,s32.064577
198_133,s-5.200936,s0.210191,s196.947712
198_134,s-4.949486,s2.288901,s100.677409
198_135,s5.298540,s0.605473,s68.986928
198_136,s3.599876,s-3.080643,s339.937888
198_137,s-1.583249,s-5.120322,s31.731723
198_138,s1.884579,s-4.460890,s32.461180
198_139,s-0.106007,s-5.028096,s71.544205
198_140,s2.904468,s3.713713,s287.213327
198_141,s0.532004,s-5.904361,s-0.540673
198_142,s-3.576390,s3.479668,s25.192574
198_143,s5.852071,s-0.847124,s337.861499
198_144,s-5.056030,s-3.533166,s-6.454857
198_145,s-3.673614,s3.926527,s284.953618
198_146,s5.513164,s2.592377,s226.775672
198_147,s-3.019086,s-4.709477,s61.123145
198_148,s-4.490564,s-2.396916,s74.937073
198_149,s-1.564789,s5.594444,s41.879950
198_150,s0.845894,s5.428895,s206.367527
198_151,s-4.703490,s1.632791,s169.968944
198_152,s-0.540151,s5.616379,s226.589488
198_153,s3.735392,s3.962257,s64.922359
198_154,s5.579000,s-1.403675,s31.950667
198_155,s-5.263781,s-2.477515,s127.937431
198_156,s-5.162973,s1.295910,s39.410480
198_157,s3.213789,s-4.815603,s222.258017
198_158,s-5.329419,s2.819040,s59.773700
198_159,s1.532581,s5.651026,s59.293803
198_160,s4.837431,s-2.144362,s326.384982
198_161,s-3.611340,s-4.925390,s200.141371
198_162,s-5.574820,s0.008896,s299.990275
198_163,s-3.497943,s4.540606,s284.873194
198_164,s-4.869853,s3.195037,s3.888571
198_165,s2.631658,s5.201155,s32.829677
198_166,s3.725256,s4.354671,s78.037236
198_167,s1.843464,s-5.370366,s85.330352
198_168,s5.606549,s1.356171,s76.787785
198_169,s-1.842692,s-5.531090,s180.032526
198_170,s4.044541,s-4.016106,s230.896482
198_171,s5.680022,s-0.049746,s336.612741
198_172,s5.454691,s-2.814935,s212.880000
198_173,s1.734330,s-5.789599,s64.987084
198_174,s4.658486,s-3.760049,s211.755238
198_175,s2.472406,s-5.375164,s325.733294
198_176,s-0.537236,s-5.691888,s222.492236
198_177,s4.834757,s3.754065,s58.140613
198_178,s-5.939562,s0.135110,s127.958009
198_179,s0.160851,s5.267559,s63.376645
198_180,s-4.143425,s-4.154518,s97.566467
198_181,s-5.400020,s0.596136,s68.117897
198_182,s5.165473,s3.111075,s2.880278
198_183,s-1.107638,s-5.479164,s132.240634
198_184,s-3.005642,s4.989664,s352.926254
198_185,s3.352164,s4.782112,s0.376672
198_186,s5.860766,s-1.709515,s252.951288
198_187,s4.362622,s4.356002,s-0.709963
198_188,s2.228763,s-5.796267,s144.908451
198_189,s6.340000,s0.000000,s326.778482
198_190,s-2.230318,s5.429786,s41.451380
198_191,s-5.914908,s-2.064966,s66.825099
198_192,s-5.788137,s1.143448,s-1.735344
198_193,s0.654043,s5.954186,s117.445652
198_194,s-5.912584,s-0.619978,s111.143287
198_195,s-0.493396,s6.054931,s84.984472
198_196,s6.037717,s1.387081,s284.694499
198_197,s-2.640919,s-5.124527,s291.385105
199_0,s-0.502968,s0.254997,s-1.795644
199_1,s0.375263,s-0.048300,s129.453663
199_2,s0.223478,s0.531634,s295.487781
199_3,s-0.254016,s1.091349,s161.068143
199_4,s1.208560,s-0.575511,s341.416842
199_5,s-1.075542,s0.142589,s287.414595
199_6,s0.321354,s1.209870,s254.953416
199_7,s-1.367517,s-1.337624,s214.842730
199_8,s1.426924,s-0.059935,s68.582700
199_9,s-0.189558,s-0.500148,s33.098488
199_10,s1.082079,s0.391205,s339.937888
199_11,s0.622337,s-0.964926,s128.523736
199_12,s-1.725741,s0.973870,s33.367952
199_13,s0.165255,s-1.191463,s215.108760
199_14,s1.864890,s-1.304854,s201.681574
199_15,s-2.000466,s-0.234503,s117.494605
199_16,s-2.819237,s1.191949,s75.257139
199_17,s0.577241,s1.648483,s84.984472
199_18,s1.149415,s-1.564376,s298.149169
199_19,s1.325443,s1.376600,s339.937888
199_20,s2.109765,s-0.726943,s15.130718
199_21,s-1.591095,s0.395114,s64.828182
199_22,s-1.954214,s-1.116653,s99.109470
199_23,s1.821131,s1.960125,s289.039926
199_24,s-0.314069,s1.934160,s66.060800
199_25,s0.564533,s-1.938471,s339.686235
199_26,s1.547451,s0.646325,s306.592395
199_27,s-0.635260,s-1.845254,s339.937888
199_28,s0.154104,s2.214652,s173.237970
199_29,s-2.185187,s-0.744791,s-1.469299
199_30,s1.770827,s2.921335,s65.452217
199_31,s-1.126947,s-2.072204,s211.655952
199_32,s2.208534,s3.067662,s291.225157
199_33,s-0.929687,s1.620069,s117.445652
199_34,s-0.624823,s2.574515,s126.241097
199_35,s-0.802528,s-2.577331,s208.880920
199_36,s2.396152,s-1.470027,s168.707504
199_37,s-2.993875,s3.252369,s346.308874
199_38,s-1.881448,s2.499388,s198.736456
199_39,s0.756966,s3.188019,s212.813615
199_40,s2.347117,s0.354229,s-0.343748
199_41,s-2.164672,s-1.880253,s326.723158
199_42,s-3.015836,s0.498177,s331.909865
199_43,s0.852577,s-2.426926,s164.506894
199_44,s-3.089800,s-0.200029,s141.571798
199_45,s-2.610802,s-2.325834,s-1.086090
199_46,s1.844144,s-2.357167,s162.190874
199_47,s0.739804,s2.084995,s196.402117
199_48,s-1.508838,s-2.552899,s32.186200
199_49,s2.803560,s-0.889180,s307.476708
199_50,s0.564949,s-2.780917,s95.089196
199_51,s2.637943,s1.506143,s151.273917
199_52,s1.119852,s2.163493,s202.430124
199_53,s-0.969108,s3.259714,s169.968944
199_54,s3.126453,s1.603821,s309.411785
199_55,s-1.001901,s-2.876284,s-1.278445
199_56,s2.276773,s-2.369871,s263.418400
199_57,s2.979616,s-0.288829,s147.835149
199_58,s-3.061761,s-1.303520,s-7.518570
199_59,s1.883742,s-3.160983,s282.673382
199_60,s0.581006,s-3.568689,s287.414595
199_61,s3.120269,s-2.513076,s67.659262
199_62,s-0.417763,s3.570090,s32.461180
199_63,s0.055659,s-3.080638,s143.122501
199_64,s-1.382933,s-3.239793,s258.847204
199_65,s-2.594152,s2.116466,s292.846670
199_66,s3.783903,s0.539956,s221.300135
199_67,s1.557482,s-3.611294,s75.641662
199_68,s-2.137199,s-2.663575,s138.776779
199_69,s-3.279644,s0.941025,s339.937888
199_70,s2.666274,s-2.375459,s196.377185
199_71,s-4.066088,s-1.289901,s73.440937
199_72,s-3.083693,s-2.339671,s284.551358
199_73,s-1.361185,s-4.478634,s202.533217
199_74,s-3.673227,s-0.041834,s292.461967
199_75,s2.220308,s-3.540223,s198.184722
199_76,s0.325763,s4.016266,s162.158711
199_77,s-3.912140,s-0.784723,s84.984472
199_78,s-3.244044,s-3.316679,s344.861017
199_79,s3.477462,s-1.007073,s263.493335
199_80,s4.623023,s0.858787,s256.368238
199_81,s-1.466800,s4.019686,s72.551254
199_82,s2.595769,s2.721097,s97.417377
199_83,s-3.702159,s-1.951034,s-3.629930
199_84,s-4.271181,s2.534862,s292.273721
199_85,s1.220614,s3.705039,s130.461853
199_86,s-2.919131,s2.565033,s32.541542
199_87,s-4.108864,s0.259326,s2.487309
199_88,s-0.300754,s4.012568,s143.830645
199_89,s-0.555413,s-4.013259,s76.977113
199_90,s3.715468,s-1.570523,s319.228138
199_91,s3.035824,s-3.306453,s136.513482
199_92,s4.452708,s-0.828556,s222.492236
199_93,s1.719370,s-4.088801,s200.999343
199_94,s-2.408135,s3.178104,s223.829314
199_95,s2.962118,s0.755671,s67.467968
199_96,s4.263289,s-1.486715,s130.549318
199_97,s3.306064,s2.676151,s297.292319
199_98,s-0.758490,s3.879281,s1.513526
199_99,s0.194019,s-4.569471,s101.269922
199_100,s2.004398,s3.773165,s131.268060
199_101,s-2.572018,s-3.163860,s33.672336
199_102,s-4.779588,s-0.505211,s323.293743
199_103,s3.352965,s3.406836,s130.547398
199_104,s4.152118,s-3.032559,s133.950286
199_105,s-1.608063,s4.811577,s278.819234
199_106,s-1.987606,s4.164019,s247.124052
199_107,s-0.600586,s-4.825977,s287.392253
199_108,s4.913596,s-0.169890,s177.130273
199_109,s4.030809,s0.940963,s145.682549
199_110,s2.667134,s4.757553,s-2.442013
199_111,s-4.749790,s0.775139,s216.454847
199_112,s-3.832396,s-3.150977,s117.445652
199_113,s4.460120,s2.949774,s218.215527
199_114,s4.320367,s-2.168023,s198.473174
199_115,s0.903991,s-5.009451,s285.248198
199_116,s4.731106,s-1.586423,s46.839454
199_117,s-5.422177,s-0.997884,s19.956748
199_118,s0.762673,s4.227118,s348.847053
199_119,s-5.382807,s-1.868646,s53.184519
199_120,s0.804860,s-4.433570,s11.481353
199_121,s2.412433,s-4.314738,s2.234548
199_122,s-3.910382,s-2.644965,s314.697860
199_123,s-3.982476,s1.664018,s60.266385
199_124,s-0.109410,s4.818637,s169.968944
199_125,s3.868356,s-4.614088,s230.794307
199_126,s-2.441865,s4.819622,s309.166284
199_127,s4.107690,s1.598848,s-3.914740
199_128,s1.946086,s5.085070,s164.737782
199_129,s-2.767420,s-4.318763,s8.143766
199_130,s4.934889,s1.999097,s279.570219
199_131,s0.352746,s4.651403,s61.335145
199_132,s-1.027888,s-5.044613,s32.064577
199_133,s-5.200936,s0.210191,s196.947712
199_134,s-4.949486,s2.288901,s100.677409
199_135,s5.298540,s0.605473,s68.986928
199_136,s3.599876,s-3.080643,s339.937888
199_137,s-1.583249,s-5.120322,s31.731723
199_138,s1.884579,s-4.460890,s32.461180
199_139,s-0.106007,s-5.028096,s71.544205
199_140,s2.904468,s3.713713,s287.213327
199_141,s0.532004,s-5.904361,s-0.540673
199_142,s-3.576390,s3.479668,s25.192574
199_143,s5.852071,s-0.847124,s337.861499
199_144,s-5.056030,s-3.533166,s-6.454857
199_145,s-3.673614,s3.926527,s284.953618
199_146,s5.513164,s2.592377,s226.775672
199_147,s-3.019086,s-4.709477,s61.123145
199_148,s-4.490564,s-2.396916,s74.937073
199_149,s-1.564789,s5.594444,s41.879950
199_150,s0.845894,s5.428895,s206.367527
199_151,s-4.703490,s1.632791,s169.968944
199_152,s-0.540151,s5.616379,s226.589488
199_153,s3.735392,s3.962257,s64.922359
199_154,s5.579000,s-1.403675,s31.950667
199_155,s-5.263781,s-2.477515,s127.937431
199_156,s-5.162973,s1.295910,s39.410480
199_157,s3.213789,s-4.815603,s222.258017
199_158,s-5.329419,s2.819040,s59.773700
199_159,s1.532581,s5.651026,s59.293803
199_160,s4.837431,s-2.144362,s326.384982
199_161,s-3.611340,s-4.925390,s200.141371
199_162,s-5.574820,s0.008896,s299.990275
199_163,s-3.497943,s4.540606,s284.873194
199_164,s-4.869853,s3.195037,s3.888571
199_165,s2.631658,s5.201155,s32.829677
199_166,s3.725256,s4.354671,s78.037236
199_167,s1.843464,s-5.370366,s85.330352
199_168,s5.606549,s1.356171,s76.787785
199_169,s-1.842692,s-5.531090,s180.032526
199_170,s4.044541,s-4.016106,s230.896482
199_171,s5.680022,s-0.049746,s336.612741
199_172,s5.454691,s-2.814935,s212.880000
199_173,s1.734330,s-5.789599,s64.987084
199_174,s4.658486,s-3.760049,s211.755238
199_175,s2.472406,s-5.375164,s325.733294
199_176,s-0.537236,s-5.691888,s222.492236
199_177,s4.834757,s3.754065,s58.140613
199_178,s-5.939562,s0.135110,s127.958009
199_179,s0.160851,s5.267559,s63.376645
199_180,s-4.143425,s-4.154518,s97.566467
199_181,s-5.400020,s0.596136,s68.117897
199_182,s5.165473,s3.111075,s2.880278
199_183,s-1.107638,s-5.479164,s132.240634
199_184,s-3.005642,s4.989664,s352.926254
199_185,s3.352164,s4.782112,s0.376672
199_186,s5.860766,s-1.709515,s252.951288
199_187,s4.362622,s4.356002,s-0.709963
199_188,s2.228763,s-5.796267,s144.908451
199_189,s6.340000,s0.000000,s326.778482
199_190,s-2.230318,s5.429786,s41.451380
199_191,s-5.914908,s-2.064966,s66.825099
199_192,s-5.788137,s1.143448,s-1.735344
199_193,s0.654043,s5.954186,s117.445652
199_194,s-5.912584,s-0.619978,s111.143287
199_195,s-0.493396,s6.054931,s84.984472
199_196,s6.037717,s1.387081,s284.694499
199_197,s-2.640919,s-5.124527,s291.385105
199_198,s0.951980,s-6.166955,s132.684523
200_0,s-0.502968,s0.254997,s287.044434
200_1,s0.375263,s-0.048300,s29.825821
200_2,s0.223478,s0.531634,s128.864040
200_3,s-0.254016,s1.091349,s1.032468
200_4,s1.208560,s-0.575511,s68.679936
200_5,s-1.075542,s0.142589,s161.550198
200_6,s0.321354,s1.209870,s32.361773
200_7,s-1.367517,s-1.337624,s252.073098
200_8,s1.426924,s-0.059935,s142.188897
200_9,s-0.189558,s-0.500148,s34.680597
200_10,s1.082079,s0.391205,s288.396820
200_11,s0.622337,s-0.964926,s0.525667
200_12,s-1.725741,s0.973870,s215.311292
200_13,s0.165255,s-1.191463,s260.277536
200_14,s1.864890,s-1.304854,s250.336609
200_15,s-2.000466,s-0.234503,s29.423082
200_16,s-2.819237,s1.191949,s71.963507
200_17,s0.577241,s1.648483,s287.414595
200_18,s1.149415,s-1.564376,s202.430124
200_19,s1.325443,s1.376600,s326.765291
200_20,s2.109765,s-0.726943,s97.518830
200_21,s-1.591095,s0.395114,s219.413271
200_22,s-1.954214,s-1.116653,s252.860314
200_23,s1.821131,s1.960125,s145.053146
200_24,s-0.314069,s1.934160,s295.513936
200_25,s0.564533,s-1.938471,s66.935700
200_26,s1.547451,s0.646325,s232.018261
200_27,s-0.635260,s-1.845254,s347.034682
200_28,s0.154104,s2.214652,s33.691626
200_29,s-2.185187,s-0.744791,s289.751418
200_30,s1.770827,s2.921335,s218.758902
200_31,s-1.126947,s-2.072204,s1.900794
200_32,s2.208534,s3.067662,s62.721866
200_33,s-0.929687,s1.620069,s-3.968802
200_34,s-0.624823,s2.574515,s130.822028
200_35,s-0.802528,s-2.577331,s254.953416
200_36,s2.396152,s-1.470027,s323.669294
200_37,s-2.993875,s3.252369,s73.316119
200_38,s-1.881448,s2.499388,s194.740905
200_39,s0.756966,s3.188019,s117.445652
200_40,s2.347117,s0.354229,s203.822247
200_41,s-2.164672,s-1.880253,s221.320837
200_42,s-3.015836,s0.498177,s246.023910
200_43,s0.852577,s-2.426926,s137.069362
200_44,s-3.089800,s-0.200029,s130.521512
200_45,s-2.610802,s-2.325834,s288.622724
200_46,s1.844144,s-2.357167,s293.847414
200_47,s0.739804,s2.084995,s196.585065
200_48,s-1.508838,s-2.552899,s143.714051
200_49,s2.803560,s-0.889180,s222.492236
200_50,s0.564949,s-2.780917,s49.956165
200_51,s2.637943,s1.506143,s212.984251
200_52,s1.119852,s2.163493,s332.149212
200_53,s-0.969108,s3.259714,s0.325676
200_54,s3.126453,s1.603821,s143.952485
200_55,s-1.001901,s-2.876284,s59.037095
200_56,s2.276773,s-2.369871,s30.008269
200_57,s2.979616,s-0.288829,s254.953416
200_58,s-3.061761,s-1.303520,s34.944706
200_59,s1.883742,s-3.160983,s307.476708
200_60,s0.581006,s-3.568689,s142.345973
200_61,s3.120269,s-2.513076,s39.419555
200_62,s-0.417763,s3.570090,s169.968944
200_63,s0.055659,s-3.080638,s291.514573
200_64,s-1.382933,s-3.239793,s163.208789
200_65,s-2.594152,s2.116466,s96.051105
200_66,s3.783903,s0.539956,s114.411154
200_67,s1.557482,s-3.611294,s338.702444
200_68,s-2.137199,s-2.663575,s84.984472
200_69,s-3.279644,s0.941025,s163.761677
200_70,s2.666274,s-2.375459,s71.985549
200_71,s-4.066088,s-1.289901,s207.245955
200_72,s-3.083693,s-2.339671,s-0.295253
200_73,s-1.361185,s-4.478634,s84.984472
200_74,s-3.673227,s-0.041834,s98.376558
200_75,s2.220308,s-3.540223,s-0.124661
200_76,s0.325763,s4.016266,s286.808006
200_77,s-3.912140,s-0.784723,s147.540410
200_78,s-3.244044,s-3.316679,s244.325026
200_79,s3.477462,s-1.007073,s289.981937
200_80,s4.623023,s0.858787,s202.933724
200_81,s-1.466800,s4.019686,s65.317282
200_82,s2.595769,s2.721097,s168.679434
200_83,s-3.702159,s-1.951034,s229.917269
200_84,s-4.271181,s2.534862,s129.580846
200_85,s1.220614,s3.705039,s67.916595
200_86,s-2.919131,s2.565033,s169.968944
200_87,s-4.108864,s0.259326,s143.508910
200_88,s-0.300754,s4.012568,s135.074254
200_89,s-0.555413,s-4.013259,s203.450272
200_90,s3.715468,s-1.570523,s84.984472
200_91,s3.035824,s-3.306453,s213.383079
200_92,s4.452708,s-0.828556,s144.673010
200_93,s1.719370,s-4.088801,s131.761934
200_94,s-2.408135,s3.178104,s330.661434
200_95,s2.962118,s0.755671,s221.819785
200_96,s4.263289,s-1.486715,s302.744211
200_97,s3.306064,s2.676151,s217.649561
200_98,s-0.758490,s3.879281,s237.678689
200_99,s0.194019,s-4.569471,s165.381246
200_100,s2.004398,s3.773165,s287.414595
200_101,s-2.572018,s-3.163860,s286.885256
200_102,s-4.779588,s-0.505211,s103.313096
200_103,s3.352965,s3.406836,s119.472885
200_104,s4.152118,s-3.032559,s208.029645
200_105,s-1.608063,s4.811577,s72.957982
200_106,s-1.987606,s4.164019,s254.953416
200_107,s-0.600586,s-4.825977,s168.734296
200_108,s4.913596,s-0.169890,s277.259015
200_109,s4.030809,s0.940963,s202.430124
200_110,s2.667134,s4.757553,s196.161834
200_111,s-4.749790,s0.775139,s84.752630
200_112,s-3.832396,s-3.150977,s2.347068
200_113,s4.460120,s2.949774,s33.615948
200_114,s4.320367,s-2.168023,s200.388038
200_115,s0.903991,s-5.009451,s296.110365
200_116,s4.731106,s-1.586423,s222.492236
200_117,s-5.422177,s-0.997884,s288.291642
200_118,s0.762673,s4.227118,s294.744759
200_119,s-5.382807,s-1.868646,s119.912582
200_120,s0.804860,s-4.433570,s130.710581
200_121,s2.412433,s-4.314738,s143.905201
200_122,s-3.910382,s-2.644965,s129.880718
200_123,s-3.982476,s1.664018,s79.405961
200_124,s-0.109410,s4.818637,s223.394470
200_125,s3.868356,s-4.614088,s77.573323
200_126,s-2.441865,s4.819622,s63.470648
200_127,s4.107690,s1.598848,s204.287590
200_128,s1.946086,s5.085070,s212.546037
200_129,s-2.767420,s-4.318763,s225.909258
200_130,s4.934889,s1.999097,s305.972480
200_131,s0.352746,s4.651403,s119.626174
200_132,s-1.027888,s-5.044613,s32.461180
200_133,s-5.200936,s0.210191,s67.461987
200_134,s-4.949486,s2.288901,s86.261376
200_135,s5.298540,s0.605473,s351.835055
200_136,s3.599876,s-3.080643,s73.425752
200_137,s-1.583249,s-5.120322,s85.246112
200_138,s1.884579,s-4.460890,s305.837201
200_139,s-0.106007,s-5.028096,s216.828551
200_140,s2.904468,s3.713713,s117.445652
200_141,s0.532004,s-5.904361,s252.634283
200_142,s-3.576390,s3.479668,s142.963533
200_143,s5.852071,s-0.847124,s202.430124
200_144,s-5.056030,s-3.533166,s287.127486
200_145,s-3.673614,s3.926527,s117.838677
200_146,s5.513164,s2.592377,s84.984472
200_147,s-3.019086,s-4.709477,s0.637282
200_148,s-4.490564,s-2.396916,s-2.053613
200_149,s-1.564789,s5.594444,s0.130162
200_150,s0.845894,s5.428895,s33.622524
200_151,s-4.703490,s1.632791,s54.047759
200_152,s-0.540151,s5.616379,s131.464105
200_153,s3.735392,s3.962257,s325.329329
200_154,s5.579000,s-1.403675,s72.825241
200_155,s-5.263781,s-2.477515,s32.849571
200_156,s-5.162973,s1.295910,s261.727700
200_157,s3.213789,s-4.815603,s132.767029
200_158,s-5.329419,s2.819040,s-1.930296
200_159,s1.532581,s5.651026,s2.364528
200_160,s4.837431,s-2.144362,s228.010476
200_161,s-3.611340,s-4.925390,s75.377339
200_162,s-5.574820,s0.008896,s253.751603
200_163,s-3.497943,s4.540606,s285.540048
200_164,s-4.869853,s3.195037,s287.414595
200_165,s2.631658,s5.201155,s165.417022
200_166,s3.725256,s4.354671,s4.705595
200_167,s1.843464,s-5.370366,s307.476708
200_168,s5.606549,s1.356171,s307.143185
200_169,s-1.842692,s-5.531090,s349.981061
200_170,s4.044541,s-4.016106,s288.850610
200_171,s5.680022,s-0.049746,s131.245643
200_172,s5.454691,s-2.814935,s165.174358
200_173,s1.734330,s-5.789599,s169.366232
200_174,s4.658486,s-3.760049,s215.534086
200_175,s2.472406,s-5.375164,s216.000283
200_176,s-0.537236,s-5.691888,s307.476708
200_177,s4.834757,s3.754065,s287.418992
200_178,s-5.939562,s0.135110,s133.444222
200_179,s0.160851,s5.267559,s216.418094
200_180,s-4.143425,s-4.154518,s214.547384
200_181,s-5.400020,s0.596136,s-2.901936
200_182,s5.165473,s3.111075,s97.391775
200_183,s-1.107638,s-5.479164,s149.071928
200_184,s-3.005642,s4.989664,s263.627774
200_185,s3.352164,s4.782112,s323.874382
200_186,s5.860766,s-1.709515,s101.445805
200_187,s4.362622,s4.356002,s214.966135
200_188,s2.228763,s-5.796267,s303.816692
200_189,s6.340000,s0.000000,s100.226496
200_190,s-2.230318,s5.429786,s117.445652
200_191,s-5.914908,s-2.064966,s68.394170
200_192,s-5.788137,s1.143448,s307.476708
200_193,s0.654043,s5.954186,s167.018588
200_194,s-5.912584,s-0.619978,s339.937888
200_195,s-0.493396,s6.054931,s64.922359
200_196,s6.037717,s1.387081,s33.897272
200_197,s-2.640919,s-5.124527,s132.435351
200_198,s0.951980,s-6.166955,s98.243595
200_199,s5.141303,s-3.735375,s64.922359
