id,x,y,deg
001_0,s0.000000,s0.000000,s0.000000
002_0,s0.000000,s0.000000,s0.000000
002_1,s0.430000,s0.000000,s181.717165
003_0,s0.000000,s0.000000,s0.000000
003_1,s0.430000,s0.000000,s181.717165
003_2,s-0.136487,s-0.322291,s209.569685
004_0,s0.000000,s0.000000,s0.000000
004_1,s0.430000,s0.000000,s181.717165
004_2,s-0.136487,s-0.322291,s209.569685
004_3,s-0.550000,s0.000000,s179.832872
005_0,s0.000000,s0.000000,s0.000000
005_1,s0.430000,s0.000000,s181.717165
005_2,s-0.136487,s-0.322291,s209.569685
005_3,s-0.550000,s0.000000,s179.832872
005_4,s-0.397182,s0.501843,s119.904537
006_0,s-0.025052,s0.040910,s4.397199
006_1,s0.431394,s-0.081604,s169.404843
006_2,s-0.181866,s-0.444994,s220.049241
006_3,s-0.574094,s-0.060379,s184.046630
006_4,s-0.381209,s0.547192,s59.456647
006_5,s0.235106,s0.730961,s278.567176
007_0,s-0.025052,s0.040910,s4.397199
007_1,s0.443781,s-0.061324,s190.671143
007_2,s-0.150805,s-0.464532,s217.858433
007_3,s-0.551016,s-0.037403,s183.869388
007_4,s-0.434851,s0.590910,s66.791688
007_5,s0.197015,s1.045590,s219.637983
007_6,s-0.840908,s0.347812,s120.243462
008_0,s-0.073577,s0.076615,s-6.857974
008_1,s0.353116,s0.043217,s194.030648
008_2,s-0.168425,s-0.480831,s222.469043
008_3,s-0.551016,s-0.037403,s183.869388
008_4,s-0.475536,s0.635327,s70.468685
008_5,s0.197981,s1.133175,s9.563715
008_6,s-0.840034,s0.327429,s122.593891
008_7,s0.712303,s0.355092,s270.643361
009_0,s-0.033203,s0.230524,s-6.392238
009_1,s0.471749,s-0.115333,s200.328409
009_2,s-0.200706,s-0.557972,s226.926801
009_3,s-0.551016,s-0.037403,s183.869388
009_4,s-0.478338,s0.699086,s36.484121
009_5,s0.339402,s0.985661,s278.984187
009_6,s-0.842218,s0.337063,s125.195372
009_7,s0.673110,s0.268405,s328.814332
009_8,s-1.160389,s-0.569351,s157.425948
010_0,s-0.113922,s0.240526,s-0.453208
010_1,s0.399616,s-0.080579,s119.603327
010_2,s-0.086347,s-0.671285,s233.739512
010_3,s-0.347101,s0.014553,s177.824496
010_4,s-0.566187,s0.660391,s37.078676
010_5,s0.266681,s0.967722,s278.318873
010_6,s-0.940089,s0.232038,s125.950035
010_7,s0.767033,s0.220019,s302.070213
010_8,s-1.189782,s-0.611695,s149.781698
010_9,s-0.586359,s-1.013334,s178.540360
011_0,s-0.113922,s0.240526,s-0.453208
011_1,s0.362087,s-0.113273,s239.931684
011_2,s-0.086347,s-0.671285,s233.739512
011_3,s-0.347101,s0.014553,s177.824496
011_4,s-0.566187,s0.660391,s37.078676
011_5,s0.266681,s0.967722,s278.318873
011_6,s-0.914604,s0.125016,s124.927021
011_7,s0.791841,s0.256743,s306.374017
011_8,s-1.199715,s-0.628838,s181.248782
011_9,s-0.543751,s-0.992729,s184.434608
011_10,s-0.243055,s1.124021,s331.892273
012_0,s-0.113922,s0.240526,s-0.453208
012_1,s0.291449,s-0.006988,s206.072576
012_2,s-0.130441,s-0.621255,s231.646774
012_3,s-0.385515,s0.008395,s153.103329
012_4,s-0.581725,s0.503140,s22.576982
012_5,s0.286068,s1.013864,s238.113106
012_6,s-0.976943,s0.204623,s121.700789
012_7,s1.014134,s0.146483,s298.721554
012_8,s-1.143315,s-0.472177,s188.407573
012_9,s-0.447916,s-0.926004,s183.043953
012_10,s-0.268148,s1.140387,s330.293346
012_11,s-1.438116,s0.869701,s30.069314
013_0,s-0.113922,s0.240526,s-0.453208
013_1,s0.291449,s-0.006988,s206.072576
013_2,s-0.130441,s-0.621255,s231.646774
013_3,s-0.385515,s0.008395,s153.103329
013_4,s-0.581725,s0.503140,s22.576982
013_5,s0.286068,s1.013864,s238.113106
013_6,s-0.976943,s0.204623,s121.700789
013_7,s1.014134,s0.146483,s298.721554
013_8,s-1.143315,s-0.472177,s188.407573
013_9,s-0.447916,s-0.926004,s183.043953
013_10,s-0.268148,s1.140387,s330.293346
013_11,s-1.438116,s0.869701,s30.069314
013_12,s0.827113,s-0.402845,s239.134889
014_0,s-0.113922,s0.240526,s-0.453208
014_1,s0.291449,s-0.006988,s206.072576
014_2,s-0.130441,s-0.621255,s231.646774
014_3,s-0.385515,s0.008395,s153.103329
014_4,s-0.581725,s0.503140,s22.576982
014_5,s0.286068,s1.013864,s238.113106
014_6,s-0.976943,s0.204623,s121.700789
014_7,s1.014134,s0.146483,s298.721554
014_8,s-1.143315,s-0.472177,s188.407573
014_9,s-0.447916,s-0.926004,s183.043953
014_10,s-0.268148,s1.140387,s330.293346
014_11,s-1.438116,s0.869701,s30.069314
014_12,s0.827113,s-0.402845,s239.134889
014_13,s0.698208,s1.293602,s271.664076
015_0,s-0.113922,s0.240526,s-0.453208
015_1,s0.291449,s-0.006988,s332.556478
015_2,s0.260030,s-0.680515,s226.653038
015_3,s-0.385515,s0.008395,s119.840580
015_4,s-0.581725,s0.503140,s151.520116
015_5,s0.302849,s0.904459,s243.651004
015_6,s-0.976943,s0.204623,s121.700789
015_7,s0.931849,s0.155234,s299.182446
015_8,s-1.214632,s-0.563214,s192.156059
015_9,s-0.365707,s-0.525966,s160.106766
015_10,s-0.135331,s1.292515,s301.822797
015_11,s-1.316214,s0.566413,s-11.449443
015_12,s0.836879,s-0.510678,s270.254650
015_13,s0.723204,s1.332980,s269.868855
015_14,s-0.794295,s1.208286,s32.209263
016_0,s-0.113922,s0.240526,s-0.453208
016_1,s0.330479,s-0.029828,s329.106053
016_2,s0.436608,s-0.710435,s56.069322
016_3,s-0.385515,s0.008395,s119.840580
016_4,s-0.581725,s0.503140,s151.520116
016_5,s0.303595,s0.900420,s268.633232
016_6,s-0.976943,s0.204623,s121.700789
016_7,s0.950182,s-0.087573,s298.036565
016_8,s-1.294294,s-0.505272,s196.202592
016_9,s-0.481482,s-0.558953,s143.496130
016_10,s-0.114964,s1.359156,s298.495790
016_11,s-1.291235,s0.607857,s3.588780
016_12,s0.880222,s-0.601633,s267.452095
016_13,s0.917202,s1.386273,s265.163615
016_14,s-0.421655,s0.855037,s46.654808
016_15,s-0.286925,s-1.198303,s121.032721
017_0,s-0.113922,s0.240526,s-0.453208
017_1,s0.330479,s-0.029828,s329.106053
017_2,s0.436608,s-0.710435,s56.069322
017_3,s-0.385515,s0.008395,s119.840580
017_4,s-0.581725,s0.503140,s151.520116
017_5,s0.303595,s0.900420,s268.633232
017_6,s-0.976943,s0.204623,s121.700789
017_7,s0.950182,s-0.087573,s298.036565
017_8,s-1.294294,s-0.505272,s196.202592
017_9,s-0.481482,s-0.558953,s143.496130
017_10,s-0.114964,s1.359156,s298.495790
017_11,s-1.291235,s0.607857,s3.588780
017_12,s0.880222,s-0.601633,s267.452095
017_13,s0.917202,s1.386273,s265.163615
017_14,s-0.421655,s0.855037,s46.654808
017_15,s-0.286925,s-1.198303,s121.032721
017_16,s0.000000,s-1.500000,s179.941579
018_0,s-0.113922,s0.240526,s-0.453208
018_1,s0.330479,s-0.029828,s329.106053
018_2,s0.436608,s-0.710435,s56.069322
018_3,s-0.385515,s0.008395,s119.840580
018_4,s-0.581725,s0.503140,s151.520116
018_5,s0.303595,s0.900420,s268.633232
018_6,s-0.976943,s0.204623,s121.700789
018_7,s0.950182,s-0.087573,s298.036565
018_8,s-1.294294,s-0.505272,s196.202592
018_9,s-0.481482,s-0.558953,s143.496130
018_10,s-0.114964,s1.359156,s298.495790
018_11,s-1.291235,s0.607857,s3.588780
018_12,s0.880222,s-0.601633,s267.452095
018_13,s0.917202,s1.386273,s265.163615
018_14,s-0.421655,s0.855037,s46.654808
018_15,s-0.286925,s-1.198303,s121.032721
018_16,s0.000000,s-1.500000,s179.941579
018_17,s0.630014,s-1.091184,s180.647928
019_0,s-0.113922,s0.240526,s-0.453208
019_1,s0.432826,s-0.095402,s330.716659
019_2,s0.360638,s-0.722359,s47.932591
019_3,s-0.385515,s0.008395,s119.840580
019_4,s-0.581725,s0.503140,s151.520116
019_5,s0.396280,s0.861686,s261.429722
019_6,s-0.976943,s0.204623,s121.700789
019_7,s1.034946,s0.096615,s312.274800
019_8,s-1.549787,s-0.738494,s204.655723
019_9,s-0.433902,s-0.560522,s141.070276
019_10,s0.038659,s1.318488,s294.291011
019_11,s-1.460094,s0.861587,s-0.810112
019_12,s0.829419,s-0.567077,s263.349039
019_13,s0.963703,s1.251279,s252.834451
019_14,s-0.421655,s0.855037,s46.654808
019_15,s-0.286925,s-1.198303,s121.032721
019_16,s0.007711,s-1.507237,s180.152606
019_17,s0.678142,s-0.976255,s173.573335
019_18,s1.385590,s-1.137799,s313.019007
020_0,s-0.113922,s0.240526,s-0.453208
020_1,s0.432826,s-0.095402,s330.716659
020_2,s0.360638,s-0.722359,s47.932591
020_3,s-0.385515,s0.008395,s119.840580
020_4,s-0.581725,s0.503140,s151.520116
020_5,s0.368645,s0.901156,s263.108756
020_6,s-0.976943,s0.204623,s121.700789
020_7,s1.034946,s0.096615,s312.274800
020_8,s-1.549787,s-0.738494,s204.655723
020_9,s-0.433902,s-0.560522,s141.070276
020_10,s0.038659,s1.318488,s294.291011
020_11,s-1.507977,s0.857753,s-5.022066
020_12,s0.870490,s-0.517878,s255.390535
020_13,s1.234064,s1.275575,s245.403259
020_14,s-0.421655,s0.855037,s46.654808
020_15,s-0.286925,s-1.198303,s121.032721
020_16,s0.007711,s-1.507237,s180.152606
020_17,s0.678142,s-0.976255,s173.573335
020_18,s1.385590,s-1.137799,s313.019007
020_19,s1.630000,s0.000000,s-7.376750
021_0,s-0.113922,s0.240526,s-0.453208
021_1,s0.432826,s-0.095402,s330.716659
021_2,s0.360638,s-0.722359,s47.932591
021_3,s-0.385515,s0.008395,s119.840580
021_4,s-0.581725,s0.503140,s151.520116
021_5,s0.368645,s0.901156,s263.108756
021_6,s-0.976943,s0.204623,s121.700789
021_7,s1.034946,s0.096615,s312.274800
021_8,s-1.549787,s-0.738494,s204.655723
021_9,s-0.433902,s-0.560522,s141.070276
021_10,s0.038659,s1.318488,s294.291011
021_11,s-1.507977,s0.857753,s-5.022066
021_12,s0.870490,s-0.517878,s255.390535
021_13,s1.234064,s1.275575,s245.403259
021_14,s-0.421655,s0.855037,s46.654808
021_15,s-0.286925,s-1.198303,s121.032721
021_16,s0.007711,s-1.507237,s180.152606
021_17,s0.678142,s-0.976255,s173.573335
021_18,s1.385590,s-1.137799,s313.019007
021_19,s1.630000,s0.000000,s-7.376750
021_20,s0.979069,s-1.498507,s269.731144
022_0,s-0.113922,s0.240526,s-0.453208
022_1,s0.432826,s-0.095402,s330.716659
022_2,s0.360638,s-0.722359,s47.932591
022_3,s-0.385515,s0.008395,s119.840580
022_4,s-0.581725,s0.503140,s151.520116
022_5,s0.368645,s0.901156,s263.108756
022_6,s-0.976943,s0.204623,s121.700789
022_7,s1.034946,s0.096615,s312.274800
022_8,s-1.638411,s-0.676430,s197.178309
022_9,s-0.433902,s-0.560522,s141.070276
022_10,s0.038659,s1.318488,s294.291011
022_11,s-1.585744,s0.986410,s-4.737512
022_12,s0.870490,s-0.517878,s255.390535
022_13,s1.234064,s1.275575,s245.403259
022_14,s-0.421655,s0.855037,s46.654808
022_15,s-0.286925,s-1.198303,s121.032721
022_16,s0.024299,s-1.470383,s211.634025
022_17,s0.678142,s-0.976255,s173.573335
022_18,s1.385590,s-1.137799,s313.019007
022_19,s1.630000,s0.000000,s-7.376750
022_20,s0.979069,s-1.498507,s269.731144
022_21,s-0.320617,s1.485801,s60.200881
023_0,s-0.113922,s0.240526,s-0.453208
023_1,s0.432826,s-0.095402,s330.716659
023_2,s0.369172,s-0.733355,s46.117736
023_3,s-0.385515,s0.008395,s119.840580
023_4,s-0.581725,s0.503140,s151.520116
023_5,s0.434585,s0.887051,s272.889656
023_6,s-0.976943,s0.204623,s121.700789
023_7,s1.034946,s0.096615,s312.274800
023_8,s-1.632329,s-0.764010,s194.335317
023_9,s-0.419595,s-0.584600,s132.396730
023_10,s0.053081,s1.415688,s302.876008
023_11,s-1.349081,s0.967968,s3.509522
023_12,s0.870490,s-0.517878,s255.390535
023_13,s1.228225,s1.352370,s245.672036
023_14,s-0.421655,s0.855037,s46.654808
023_15,s-0.286925,s-1.198303,s121.032721
023_16,s0.068535,s-1.503053,s219.981015
023_17,s0.678142,s-0.976255,s173.573335
023_18,s1.385590,s-1.137799,s313.019007
023_19,s1.630000,s0.000000,s-7.376750
023_20,s0.998362,s-1.658082,s245.432884
023_21,s-0.320617,s1.485801,s60.200881
023_22,s-1.852422,s0.248243,s293.578918
024_0,s-0.113922,s0.240526,s-0.453208
024_1,s0.378435,s-0.067502,s331.765273
024_2,s0.369172,s-0.733355,s46.117736
024_3,s-0.385515,s0.008395,s119.840580
024_4,s-0.581725,s0.503140,s151.520116
024_5,s0.434585,s0.887051,s272.889656
024_6,s-0.976943,s0.204623,s121.700789
024_7,s1.034946,s0.096615,s312.274800
024_8,s-1.592283,s-0.551030,s196.326518
024_9,s-0.493123,s-0.578755,s140.015436
024_10,s0.134541,s1.313626,s301.701013
024_11,s-1.284840,s0.875130,s1.408770
024_12,s0.869428,s-0.489930,s257.022074
024_13,s1.396224,s1.261288,s253.695174
024_14,s-0.444427,s0.872150,s47.691510
024_15,s-0.249136,s-1.188207,s113.814436
024_16,s0.087451,s-1.476432,s224.302556
024_17,s0.678142,s-0.976255,s173.573335
024_18,s1.385590,s-1.137799,s313.019007
024_19,s1.630000,s0.000000,s-7.376750
024_20,s1.153028,s-1.563527,s210.962943
024_21,s-0.273570,s1.502155,s67.251074
024_22,s-1.832310,s0.222217,s303.713099
024_23,s-0.487473,s-1.774252,s148.475781
025_0,s-0.113922,s0.240526,s-0.453208
025_1,s0.317981,s-0.085010,s330.326789
025_2,s0.454012,s-0.600919,s61.305277
025_3,s-0.385515,s0.008395,s119.840580
025_4,s-0.581725,s0.503140,s151.520116
025_5,s0.422618,s0.816737,s266.207526
025_6,s-0.976943,s0.204623,s121.700789
025_7,s1.007987,s0.046118,s311.970436
025_8,s-1.625802,s-0.473159,s213.433285
025_9,s-0.615440,s-0.654710,s145.676814
025_10,s0.117447,s1.300352,s299.870555
025_11,s-1.321610,s0.901858,s2.334927
025_12,s1.076365,s-0.451436,s261.160256
025_13,s1.548168,s1.068447,s261.367006
025_14,s-0.418162,s0.909695,s55.315328
025_15,s-0.283665,s-1.223248,s106.749209
025_16,s0.087451,s-1.476432,s224.302556
025_17,s0.806911,s-0.989420,s171.554913
025_18,s1.756900,s-1.071701,s314.987721
025_19,s1.748069,s-0.042645,s-0.226277
025_20,s1.210345,s-1.601388,s214.986498
025_21,s-0.273570,s1.502155,s67.251074
025_22,s-1.773546,s0.276845,s303.834526
025_23,s-0.482133,s-1.746289,s139.182460
025_24,s1.082849,s1.607182,s289.558427
026_0,s-0.113922,s0.240526,s-0.453208
026_1,s0.317981,s-0.085010,s330.326789
026_2,s0.454012,s-0.600919,s61.305277
026_3,s-0.385515,s0.008395,s119.840580
026_4,s-0.581725,s0.503140,s151.520116
026_5,s0.422618,s0.816737,s266.207526
026_6,s-0.976943,s0.204623,s121.700789
026_7,s1.007987,s0.046118,s311.970436
026_8,s-1.625802,s-0.473159,s213.433285
026_9,s-0.615440,s-0.654710,s145.676814
026_10,s0.117447,s1.300352,s299.870555
026_11,s-1.321610,s0.901858,s2.334927
026_12,s1.076365,s-0.451436,s261.160256
026_13,s1.548168,s1.068447,s261.367006
026_14,s-0.418162,s0.909695,s55.315328
026_15,s-0.283665,s-1.223248,s106.749209
026_16,s0.087451,s-1.476432,s224.302556
026_17,s0.806911,s-0.989420,s171.554913
026_18,s1.756900,s-1.071701,s314.987721
026_19,s1.748069,s-0.042645,s-0.226277
026_20,s1.210345,s-1.601388,s214.986498
026_21,s-0.273570,s1.502155,s67.251074
026_22,s-1.773546,s0.276845,s303.834526
026_23,s-0.482133,s-1.746289,s139.182460
026_24,s1.082849,s1.607182,s289.558427
026_25,s0.075905,s1.798399,s326.207841
027_0,s-0.113922,s0.240526,s-0.453208
027_1,s0.317981,s-0.085010,s330.326789
027_2,s0.478641,s-0.748027,s59.111873
027_3,s-0.385515,s0.008395,s119.840580
027_4,s-0.581725,s0.503140,s151.520116
027_5,s0.397176,s0.785589,s267.976650
027_6,s-0.976943,s0.204623,s121.700789
027_7,s1.078388,s-0.024237,s323.561629
027_8,s-1.459923,s-0.412559,s197.067192
027_9,s-0.731226,s-0.764525,s140.518072
027_10,s0.117447,s1.300352,s299.870555
027_11,s-1.260534,s0.741284,s60.393131
027_12,s1.089845,s-0.492860,s267.519574
027_13,s1.595331,s1.077379,s93.896523
027_14,s-0.418162,s0.909695,s55.315328
027_15,s-0.199142,s-1.220576,s273.456021
027_16,s0.102868,s-1.575605,s220.843761
027_17,s0.882612,s-0.967288,s170.931530
027_18,s1.625709,s-1.016359,s317.366177
027_19,s1.776373,s-0.041304,s-0.429465
027_20,s1.229857,s-1.612599,s150.582182
027_21,s-0.242740,s1.547221,s65.191116
027_22,s-1.746967,s0.444994,s148.719140
027_23,s-0.320828,s-1.715666,s135.840550
027_24,s0.988589,s1.555032,s295.304507
027_25,s0.075905,s1.798399,s326.207841
027_26,s-1.683451,s-1.277401,s56.878840
028_0,s-0.113922,s0.240526,s-0.453208
028_1,s0.317981,s-0.085010,s330.326789
028_2,s0.478641,s-0.748027,s59.111873
028_3,s-0.385515,s0.008395,s119.840580
028_4,s-0.581725,s0.503140,s151.520116
028_5,s0.397176,s0.785589,s267.976650
028_6,s-0.976943,s0.204623,s121.700789
028_7,s1.078388,s-0.024237,s323.561629
028_8,s-1.459923,s-0.412559,s197.067192
028_9,s-0.731226,s-0.764525,s140.518072
028_10,s0.117447,s1.300352,s299.870555
028_11,s-1.260534,s0.741284,s60.393131
028_12,s1.089845,s-0.492860,s267.519574
028_13,s1.595331,s1.077379,s93.896523
028_14,s-0.418162,s0.909695,s55.315328
028_15,s-0.199142,s-1.220576,s273.456021
028_16,s0.102868,s-1.575605,s220.843761
028_17,s0.882612,s-0.967288,s170.931530
028_18,s1.625709,s-1.016359,s317.366177
028_19,s1.776373,s-0.041304,s-0.429465
028_20,s1.229857,s-1.612599,s150.582182
028_21,s-0.242740,s1.547221,s65.191116
028_22,s-1.746967,s0.444994,s148.719140
028_23,s-0.320828,s-1.715666,s135.840550
028_24,s0.988589,s1.555032,s295.304507
028_25,s0.075048,s2.031541,s321.290285
028_26,s-1.689054,s-1.289409,s243.644007
028_27,s2.169473,s-0.299146,s271.988446
029_0,s-0.113922,s0.240526,s-0.453208
029_1,s0.241267,s-0.197674,s330.362345
029_2,s0.478641,s-0.748027,s59.111873
029_3,s-0.385515,s0.008395,s119.840580
029_4,s-0.581725,s0.503140,s151.520116
029_5,s0.406946,s0.815162,s263.923308
029_6,s-0.976943,s0.204623,s121.700789
029_7,s1.090827,s0.087720,s331.738502
029_8,s-1.406310,s-0.402581,s192.048881
029_9,s-0.659020,s-0.734206,s136.797271
029_10,s0.111185,s1.244172,s301.691561
029_11,s-1.287260,s0.765674,s-1.906642
029_12,s0.941548,s-0.570071,s284.708144
029_13,s1.538727,s1.093946,s92.286409
029_14,s-0.389659,s0.956324,s53.353102
029_15,s-0.199142,s-1.220576,s273.456021
029_16,s0.102868,s-1.575605,s220.843761
029_17,s0.882612,s-0.967288,s170.931530
029_18,s1.667915,s-1.186800,s319.508069
029_19,s1.748472,s0.019440,s-2.666646
029_20,s1.249390,s-1.726992,s141.694636
029_21,s-0.347848,s1.645843,s60.967084
029_22,s-1.695267,s0.458646,s158.239975
029_23,s-0.555148,s-1.724495,s60.099745
029_24,s1.242012,s1.630524,s288.152811
029_25,s0.201272,s1.835918,s325.646400
029_26,s-1.752567,s-1.330901,s237.581908
029_27,s2.153308,s-0.171822,s259.517455
029_28,s2.010008,s0.847982,s333.281669
030_0,s-0.113922,s0.240526,s-0.453208
030_1,s0.331676,s-0.199895,s336.841874
030_2,s0.403752,s-0.759417,s150.522172
030_3,s-0.385515,s0.008395,s239.181343
030_4,s-0.581725,s0.503140,s298.815908
030_5,s0.461889,s0.827748,s181.633345
030_6,s-0.976943,s0.204623,s121.700789
030_7,s1.010081,s-0.071411,s331.713525
030_8,s-1.564327,s-0.627420,s215.560249
030_9,s-0.589847,s-0.715353,s30.749866
030_10,s0.094709,s1.340235,s294.019733
030_11,s-1.142468,s0.761142,s7.536725
030_12,s0.974984,s-0.682168,s293.127787
030_13,s1.523578,s1.270727,s300.309386
030_14,s-0.465866,s0.911803,s326.581233
030_15,s-0.199142,s-1.220576,s273.456021
030_16,s0.127188,s-1.724268,s268.425270
030_17,s0.872162,s-1.037141,s179.229891
030_18,s1.824712,s-1.557237,s214.281384
030_19,s1.617250,s0.016736,s329.442226
030_20,s1.417307,s-1.629153,s130.821184
030_21,s-0.357493,s1.675529,s26.534014
030_22,s-1.779129,s0.406187,s152.091745
030_23,s-0.801412,s-1.502773,s173.221201
030_24,s1.331685,s1.877038,s87.713008
030_25,s0.218789,s1.897369,s322.007079
030_26,s-1.852963,s-1.262393,s243.617389
030_27,s2.152349,s-0.411199,s330.462931
030_28,s2.177319,s1.229468,s339.948632
030_29,s-1.584518,s1.208019,s53.129383
031_0,s-0.113922,s0.240526,s-0.453208
031_1,s0.331676,s-0.199895,s336.841874
031_2,s0.403752,s-0.759417,s150.522172
031_3,s-0.385515,s0.008395,s239.181343
031_4,s-0.581725,s0.503140,s298.815908
031_5,s0.461889,s0.827748,s181.633345
031_6,s-0.976943,s0.204623,s121.700789
031_7,s1.010081,s-0.071411,s331.713525
031_8,s-1.564327,s-0.627420,s215.560249
031_9,s-0.589847,s-0.715353,s30.749866
031_10,s0.094709,s1.340235,s294.019733
031_11,s-1.142468,s0.761142,s7.536725
031_12,s0.974984,s-0.682168,s293.127787
031_13,s1.523578,s1.270727,s300.309386
031_14,s-0.465866,s0.911803,s326.581233
031_15,s-0.199142,s-1.220576,s273.456021
031_16,s0.127188,s-1.724268,s268.425270
031_17,s0.872162,s-1.037141,s179.229891
031_18,s1.824712,s-1.557237,s214.281384
031_19,s1.617250,s0.016736,s329.442226
031_20,s1.417307,s-1.629153,s130.821184
031_21,s-0.357493,s1.675529,s26.534014
031_22,s-1.779129,s0.406187,s152.091745
031_23,s-0.801412,s-1.502773,s173.221201
031_24,s1.331685,s1.877038,s87.713008
031_25,s0.218789,s1.897369,s322.007079
031_26,s-1.852963,s-1.262393,s243.617389
031_27,s2.152349,s-0.411199,s330.462931
031_28,s2.177319,s1.229468,s339.948632
031_29,s-1.584518,s1.208019,s53.129383
031_30,s-0.996452,s1.927689,s180.372851
032_0,s-0.113922,s0.240526,s-0.453208
032_1,s0.331676,s-0.199895,s336.841874
032_2,s0.403752,s-0.759417,s150.522172
032_3,s-0.385515,s0.008395,s239.181343
032_4,s-0.581725,s0.503140,s298.815908
032_5,s0.461889,s0.827748,s181.633345
032_6,s-0.976943,s0.204623,s121.700789
032_7,s0.955228,s-0.086990,s-3.823235
032_8,s-1.564327,s-0.627420,s215.560249
032_9,s-0.589847,s-0.715353,s30.749866
032_10,s0.094709,s1.340235,s294.019733
032_11,s-1.142468,s0.761142,s7.536725
032_12,s0.974984,s-0.682168,s293.127787
032_13,s1.523578,s1.270727,s300.309386
032_14,s-0.465866,s0.911803,s326.581233
032_15,s-0.199142,s-1.220576,s273.456021
032_16,s0.127188,s-1.724268,s268.425270
032_17,s0.872162,s-1.037141,s179.229891
032_18,s1.824712,s-1.557237,s214.281384
032_19,s1.617250,s0.016736,s329.442226
032_20,s1.396436,s-1.642236,s134.456532
032_21,s-0.357493,s1.675529,s26.534014
032_22,s-1.779129,s0.406187,s152.091745
032_23,s-0.734203,s-1.505853,s31.054176
032_24,s1.331685,s1.877038,s87.713008
032_25,s0.275827,s1.931945,s313.874499
032_26,s-1.791311,s-1.228966,s234.344617
032_27,s2.147638,s-0.439726,s333.623375
032_28,s2.177319,s1.229468,s339.948632
032_29,s-1.584518,s1.208019,s53.129383
032_30,s-0.996452,s1.927689,s180.372851
032_31,s1.640847,s-0.810260,s271.169184
033_0,s-0.113922,s0.240526,s-0.453208
033_1,s0.331676,s-0.199895,s336.841874
033_2,s0.363300,s-0.730493,s65.688077
033_3,s-0.385515,s0.008395,s239.181343
033_4,s-0.581725,s0.503140,s298.815908
033_5,s0.461889,s0.827748,s181.633345
033_6,s-0.976943,s0.204623,s121.700789
033_7,s0.962568,s-0.150004,s-1.280468
033_8,s-1.563616,s-0.754919,s212.721681
033_9,s-0.575470,s-0.690797,s35.808302
033_10,s0.237947,s1.329881,s304.069151
033_11,s-1.104124,s0.810477,s14.638099
033_12,s0.931018,s-0.644945,s297.432665
033_13,s1.523578,s1.270727,s300.309386
033_14,s-0.465866,s0.911803,s326.581233
033_15,s-0.199142,s-1.220576,s273.456021
033_16,s0.127188,s-1.724268,s268.425270
033_17,s0.872162,s-1.037141,s179.229891
033_18,s1.793661,s-1.449522,s240.906454
033_19,s1.625235,s0.069999,s330.837590
033_20,s1.396436,s-1.642236,s134.456532
033_21,s-0.262622,s1.778417,s15.115620
033_22,s-1.769279,s0.385778,s151.534859
033_23,s-0.806579,s-1.460105,s27.233149
033_24,s1.331685,s1.877038,s87.713008
033_25,s0.322637,s2.021764,s56.006474
033_26,s-2.124434,s-1.134195,s227.409879
033_27,s2.190024,s-0.388853,s328.066570
033_28,s2.200602,s1.009035,s331.990446
033_29,s-1.663323,s1.193812,s26.967129
033_30,s-1.044363,s2.113752,s56.182740
033_31,s1.804146,s-0.800227,s272.717146
033_32,s-0.339822,s-1.987121,s123.318889
034_0,s-0.113922,s0.240526,s-0.453208
034_1,s0.331676,s-0.199895,s336.841874
034_2,s0.363300,s-0.730493,s65.688077
034_3,s-0.385515,s0.008395,s239.181343
034_4,s-0.581725,s0.503140,s298.815908
034_5,s0.461889,s0.827748,s181.633345
034_6,s-0.976943,s0.204623,s121.700789
034_7,s0.962568,s-0.150004,s-1.280468
034_8,s-1.563616,s-0.754919,s212.721681
034_9,s-0.575470,s-0.690797,s35.808302
034_10,s0.237947,s1.329881,s304.069151
034_11,s-1.104124,s0.810477,s14.638099
034_12,s0.931018,s-0.644945,s297.432665
034_13,s1.523578,s1.270727,s300.309386
034_14,s-0.465866,s0.911803,s326.581233
034_15,s-0.199142,s-1.220576,s273.456021
034_16,s0.127188,s-1.724268,s268.425270
034_17,s0.872162,s-1.037141,s179.229891
034_18,s1.793661,s-1.449522,s240.906454
034_19,s1.625235,s0.069999,s330.837590
034_20,s1.396436,s-1.642236,s134.456532
034_21,s-0.262622,s1.778417,s15.115620
034_22,s-1.769279,s0.385778,s151.534859
034_23,s-0.831191,s-1.389427,s31.394058
034_24,s1.331685,s1.877038,s87.713008
034_25,s0.303474,s2.103091,s59.192391
034_26,s-2.126368,s-1.173194,s-3.254851
034_27,s2.190024,s-0.388853,s328.066570
034_28,s2.260602,s1.172136,s333.061597
034_29,s-1.663323,s1.193812,s26.967129
034_30,s-1.040564,s2.083733,s117.160120
034_31,s1.729625,s-0.764682,s276.444504
034_32,s-0.363243,s-2.005846,s118.877605
034_33,s0.145966,s-2.275323,s181.233032
035_0,s-0.113922,s0.240526,s-0.453208
035_1,s0.331676,s-0.199895,s336.841874
035_2,s0.457381,s-0.673327,s74.274446
035_3,s-0.385515,s0.008395,s239.181343
035_4,s-0.581725,s0.503140,s298.815908
035_5,s0.461889,s0.827748,s181.633345
035_6,s-0.976943,s0.204623,s121.700789
035_7,s1.071645,s0.004786,s332.708929
035_8,s-1.563616,s-0.754919,s212.721681
035_9,s-0.575470,s-0.690797,s35.808302
035_10,s0.237947,s1.329881,s304.069151
035_11,s-1.078803,s0.880741,s17.650930
035_12,s0.923740,s-0.634929,s299.656363
035_13,s1.514209,s1.265455,s120.544914
035_14,s-0.465866,s0.911803,s326.581233
035_15,s-0.199142,s-1.220576,s273.456021
035_16,s0.127188,s-1.724268,s268.425270
035_17,s0.872162,s-1.037141,s179.229891
035_18,s1.892389,s-1.330210,s249.311176
035_19,s1.724947,s-0.014291,s336.964296
035_20,s1.282050,s-1.693651,s133.891311
035_21,s-0.374938,s1.728328,s11.149084
035_22,s-1.839691,s0.378826,s121.471623
035_23,s-0.847591,s-1.410628,s32.786027
035_24,s1.402654,s2.102531,s88.850294
035_25,s0.303474,s2.103091,s59.192391
035_26,s-2.078850,s-1.079348,s-8.333936
035_27,s2.200068,s-0.433137,s326.093897
035_28,s2.199413,s1.414477,s238.112149
035_29,s-1.719008,s1.125968,s331.637690
035_30,s-0.965431,s2.020271,s59.151268
035_31,s1.792588,s-0.822775,s274.971508
035_32,s-0.363243,s-2.005846,s118.877605
035_33,s0.134068,s-2.440105,s233.943728
035_34,s1.288332,s-2.253576,s239.688359
036_0,s-0.113922,s0.240526,s-0.453208
036_1,s0.331676,s-0.199895,s336.841874
036_2,s0.462387,s-0.664669,s76.004175
036_3,s-0.385515,s0.008395,s239.181343
036_4,s-0.581725,s0.503140,s298.815908
036_5,s0.461889,s0.827748,s181.633345
036_6,s-0.968192,s0.325970,s120.789123
036_7,s1.051538,s0.021604,s8.192479
036_8,s-1.574141,s-0.782972,s332.350304
036_9,s-0.502665,s-0.838535,s38.096100
036_10,s0.189245,s1.414202,s310.112630
036_11,s-1.054526,s0.871679,s2.115921
036_12,s0.955362,s-0.615628,s301.973107
036_13,s1.600801,s1.109767,s28.478944
036_14,s-0.465866,s0.911803,s326.581233
036_15,s-0.187031,s-1.174721,s273.566410
036_16,s0.127188,s-1.724268,s268.425270
036_17,s0.872162,s-1.037141,s179.229891
036_18,s1.848420,s-1.378509,s240.811704
036_19,s1.909261,s0.071623,s346.142307
036_20,s1.331534,s-1.718217,s132.319133
036_21,s-0.440457,s1.716182,s10.014409
036_22,s-1.806631,s0.669544,s152.264510
036_23,s-0.829520,s-1.322245,s29.037930
036_24,s1.369915,s2.159795,s61.026186
036_25,s0.336654,s2.170693,s64.968427
036_26,s-2.014574,s-1.016018,s-1.349167
036_27,s2.247251,s-0.440231,s322.753978
036_28,s2.280872,s1.444648,s233.860122
036_29,s-1.812972,s1.244137,s332.544239
036_30,s-1.030313,s2.062338,s87.329099
036_31,s1.751117,s-0.874442,s280.269656
036_32,s-0.274681,s-1.920753,s123.842561
036_33,s0.030603,s-2.403072,s238.617313
036_34,s1.495988,s-2.229259,s243.304114
036_35,s-1.576975,s-1.788536,s270.929101
037_0,s-0.113922,s0.240526,s-0.453208
037_1,s0.432922,s-0.145176,s335.140013
037_2,s0.436697,s-0.675406,s78.270381
037_3,s-0.385515,s0.008395,s239.181343
037_4,s-0.581725,s0.503140,s298.815908
037_5,s0.467284,s0.883863,s299.825412
037_6,s-0.899653,s0.224689,s123.214660
037_7,s1.070180,s-0.027217,s11.055274
037_8,s-1.580830,s-0.785238,s326.590192
037_9,s-0.560809,s-0.769399,s35.130380
037_10,s0.321531,s1.417160,s311.899545
037_11,s-1.007694,s0.861458,s5.452303
037_12,s1.001118,s-0.580813,s301.624218
037_13,s1.697443,s1.326722,s37.877559
037_14,s-0.465866,s0.911803,s326.581233
037_15,s-0.273534,s-1.158464,s272.048946
037_16,s-0.008453,s-1.642324,s237.229510
037_17,s0.986243,s-0.922721,s174.339788
037_18,s1.785811,s-1.449974,s239.487841
037_19,s1.896623,s0.256337,s-0.999456
037_20,s1.330655,s-1.767137,s123.973780
037_21,s-0.529119,s1.699502,s-4.432891
037_22,s-1.628047,s0.780006,s151.936715
037_23,s-0.856458,s-1.371326,s30.962549
037_24,s1.372488,s2.127569,s34.538907
037_25,s0.275151,s2.420402,s59.524687
037_26,s-2.073392,s-1.072019,s207.664632
037_27,s2.196329,s-0.275421,s302.897761
037_28,s2.207392,s1.472141,s211.930913
037_29,s-1.903739,s1.319717,s324.624247
037_30,s-0.946065,s2.038099,s80.155421
037_31,s1.602848,s-0.702009,s278.164417
037_32,s-0.346941,s-1.909194,s152.764554
037_33,s0.182362,s-2.389263,s241.368160
037_34,s1.708250,s-2.267401,s149.914511
037_35,s-1.616992,s-1.899255,s271.482881
037_36,s-2.156302,s-0.150084,s91.434585
038_0,s-0.113922,s0.240526,s-0.453208
038_1,s0.432922,s-0.145176,s335.140013
038_2,s0.436697,s-0.675406,s78.270381
038_3,s-0.385515,s0.008395,s239.181343
038_4,s-0.581725,s0.503140,s298.815908
038_5,s0.467284,s0.883863,s299.825412
038_6,s-0.899653,s0.224689,s123.214660
038_7,s1.070180,s-0.027217,s11.055274
038_8,s-1.580830,s-0.785238,s326.590192
038_9,s-0.560809,s-0.769399,s35.130380
038_10,s0.321531,s1.417160,s311.899545
038_11,s-1.007694,s0.861458,s5.452303
038_12,s1.001118,s-0.580813,s301.624218
038_13,s1.697443,s1.326722,s37.877559
038_14,s-0.465866,s0.911803,s326.581233
038_15,s-0.273534,s-1.158464,s272.048946
038_16,s-0.008453,s-1.642324,s237.229510
038_17,s0.986243,s-0.922721,s174.339788
038_18,s1.785811,s-1.449974,s239.487841
038_19,s1.896623,s0.256337,s-0.999456
038_20,s1.330655,s-1.767137,s123.973780
038_21,s-0.529119,s1.699502,s-4.432891
038_22,s-1.628047,s0.780006,s151.936715
038_23,s-0.856458,s-1.371326,s30.962549
038_24,s1.372488,s2.127569,s34.538907
038_25,s0.275151,s2.420402,s59.524687
038_26,s-2.073392,s-1.072019,s207.664632
038_27,s2.196329,s-0.275421,s302.897761
038_28,s2.207392,s1.472141,s211.930913
038_29,s-1.903739,s1.319717,s324.624247
038_30,s-0.946065,s2.038099,s80.155421
038_31,s1.602848,s-0.702009,s278.164417
038_32,s-0.346941,s-1.909194,s152.764554
038_33,s0.182362,s-2.389263,s241.368160
038_34,s1.708250,s-2.267401,s149.914511
038_35,s-1.616992,s-1.899255,s271.482881
038_36,s-2.156302,s-0.150084,s91.434585
038_37,s-2.509246,s0.232556,s0.923378
039_0,s-0.113922,s0.240526,s-0.453208
039_1,s0.432922,s-0.145176,s335.140013
039_2,s0.436697,s-0.675406,s78.270381
039_3,s-0.385515,s0.008395,s239.181343
039_4,s-0.581725,s0.503140,s298.815908
039_5,s0.467284,s0.883863,s299.825412
039_6,s-0.899653,s0.224689,s123.214660
039_7,s1.104281,s0.043237,s11.961200
039_8,s-1.580830,s-0.785238,s326.590192
039_9,s-0.560809,s-0.769399,s35.130380
039_10,s0.321531,s1.417160,s311.899545
039_11,s-1.157635,s0.817497,s6.668130
039_12,s1.001118,s-0.580813,s301.624218
039_13,s1.758972,s1.334359,s43.022916
039_14,s-0.537498,s1.048155,s318.915239
039_15,s-0.273534,s-1.158464,s272.048946
039_16,s-0.008453,s-1.642324,s237.229510
039_17,s0.986243,s-0.922721,s174.339788
039_18,s1.820714,s-1.502636,s301.163951
039_19,s1.962660,s0.270350,s-4.291739
039_20,s1.330655,s-1.767137,s123.973780
039_21,s-0.589160,s1.710453,s0.040921
039_22,s-1.628047,s0.780006,s151.936715
039_23,s-0.856458,s-1.371326,s30.962549
039_24,s1.372488,s2.127569,s34.538907
039_25,s0.275151,s2.420402,s59.524687
039_26,s-2.073392,s-1.072019,s207.664632
039_27,s2.157759,s-0.417450,s308.892451
039_28,s2.207392,s1.472141,s211.930913
039_29,s-1.903739,s1.319717,s324.624247
039_30,s-1.005726,s2.010893,s72.019724
039_31,s1.523712,s-0.814466,s268.736346
039_32,s-0.346941,s-1.909194,s152.764554
039_33,s0.114988,s-2.472600,s240.446365
039_34,s1.648162,s-2.253147,s152.477173
039_35,s-1.467053,s-1.858577,s273.278260
039_36,s-2.156302,s-0.150084,s91.434585
039_37,s-2.509246,s0.232556,s0.923378
039_38,s-2.369506,s-0.582274,s149.796232
040_0,s-0.113922,s0.240526,s-0.453208
040_1,s0.438196,s-0.025849,s324.861833
040_2,s0.514293,s-0.736853,s85.641489
040_3,s-0.458462,s-0.050326,s234.141532
040_4,s-0.581725,s0.503140,s298.815908
040_5,s0.456578,s0.830051,s303.689765
040_6,s-0.978612,s0.245432,s129.207727
040_7,s1.104281,s0.043237,s11.961200
040_8,s-1.575403,s-0.841869,s329.486423
040_9,s-0.560551,s-0.822761,s34.588749
040_10,s0.357302,s1.397935,s302.653736
040_11,s-1.217404,s0.941199,s-1.978253
040_12,s0.945619,s-0.496420,s303.159301
040_13,s1.758972,s1.334359,s43.022916
040_14,s-0.537498,s1.048155,s318.915239
040_15,s-0.273534,s-1.158464,s272.048946
040_16,s0.017561,s-1.583520,s247.214719
040_17,s0.943014,s-0.949077,s175.331688
040_18,s1.963712,s-1.511132,s239.304008
040_19,s2.033906,s0.488042,s-1.817557
040_20,s1.404850,s-1.566910,s127.554058
040_21,s-0.589160,s1.710453,s0.040921
040_22,s-1.663152,s0.706623,s154.351589
040_23,s-0.882044,s-1.444170,s29.566026
040_24,s1.508108,s2.098182,s298.703302
040_25,s0.187786,s2.471313,s272.704559
040_26,s-2.070906,s-1.076454,s209.969203
040_27,s2.266499,s-0.414008,s211.310657
040_28,s2.236754,s1.566313,s206.972609
040_29,s-1.791050,s1.192288,s27.259240
040_30,s-1.002650,s2.025734,s71.095760
040_31,s1.568171,s-0.849298,s263.162069
040_32,s-0.453535,s-1.776457,s174.749646
040_33,s0.061333,s-2.347879,s301.664531
040_34,s1.563020,s-2.280778,s302.167192
040_35,s-1.500998,s-1.948517,s211.075383
040_36,s-2.055264,s-0.102713,s94.565107
040_37,s-2.540350,s0.231782,s4.731086
040_38,s-2.369506,s-0.582274,s149.796232
040_39,s-1.984304,s-1.822808,s148.670815
041_0,s-0.113922,s0.240526,s-0.453208
041_1,s0.438196,s-0.025849,s324.861833
041_2,s0.514293,s-0.736853,s85.641489
041_3,s-0.538953,s-0.086935,s242.501239
041_4,s-0.581725,s0.503140,s298.815908
041_5,s0.372306,s0.749605,s299.438535
041_6,s-1.026024,s0.146778,s118.111340
041_7,s1.187921,s0.131693,s9.943361
041_8,s-1.565800,s-0.937064,s322.671240
041_9,s-0.547377,s-0.903220,s39.696545
041_10,s0.539301,s1.634734,s299.006702
041_11,s-1.260634,s0.987685,s3.270428
041_12,s0.860411,s-0.506509,s303.962481
041_13,s1.807190,s1.343099,s44.170922
041_14,s-0.574341,s1.129173,s323.405227
041_15,s-0.256329,s-1.175540,s271.116238
041_16,s-0.055738,s-1.894408,s240.520394
041_17,s0.860727,s-0.908788,s176.239497
041_18,s1.983404,s-1.526050,s249.674138
041_19,s2.033906,s0.488042,s-1.817557
041_20,s1.325974,s-1.543331,s127.285499
041_21,s-0.691742,s1.765053,s0.104319
041_22,s-1.707646,s0.714526,s154.098926
041_23,s-0.866886,s-1.547768,s84.293564
041_24,s1.447768,s2.148037,s310.693100
041_25,s0.220324,s2.496080,s282.509647
041_26,s-2.128030,s-1.103828,s212.989167
041_27,s2.323189,s-0.292559,s205.313695
041_28,s2.230203,s1.473676,s293.253572
041_29,s-1.832182,s1.206345,s16.613777
041_30,s-1.141975,s2.166246,s27.212723
041_31,s1.425990,s-0.867290,s255.544569
041_32,s-0.538140,s-1.902911,s167.447237
041_33,s0.030139,s-2.621511,s283.866667
041_34,s1.628199,s-2.256492,s301.465985
041_35,s-1.281956,s-2.277987,s30.902254
041_36,s-2.055264,s-0.102713,s94.565107
041_37,s-2.516281,s0.402485,s329.028323
041_38,s-2.516368,s-0.515548,s177.017015
041_39,s-1.965550,s-1.882161,s147.806902
041_40,s2.267677,s0.102670,s297.204870
042_0,s-0.113922,s0.240526,s-0.453208
042_1,s0.498868,s0.005022,s336.401442
042_2,s0.511222,s-0.733768,s82.315782
042_3,s-0.538953,s-0.086935,s242.501239
042_4,s-0.581725,s0.503140,s298.815908
042_5,s0.392971,s1.006707,s290.838337
042_6,s-0.958171,s0.141291,s128.345678
042_7,s1.165037,s0.158644,s9.938473
042_8,s-1.626100,s-0.973445,s326.635342
042_9,s-0.581102,s-0.819677,s38.245882
042_10,s0.403888,s1.899415,s123.298039
042_11,s-1.224355,s0.976182,s6.691595
042_12,s0.873820,s-0.502441,s304.502569
042_13,s1.671156,s1.201750,s63.485107
042_14,s-0.779844,s1.026383,s327.829281
042_15,s-0.271977,s-1.193662,s267.745787
042_16,s-0.007733,s-1.714159,s252.181139
042_17,s0.860727,s-0.908788,s176.239497
042_18,s1.915268,s-1.536092,s243.685778
042_19,s2.033906,s0.488042,s-1.817557
042_20,s1.262792,s-1.687461,s149.045957
042_21,s-0.616639,s1.782295,s5.457475
042_22,s-1.681865,s0.689184,s178.711815
042_23,s-0.925187,s-1.438027,s78.258289
042_24,s1.404744,s1.908479,s31.958925
042_25,s0.351030,s2.636105,s129.118357
042_26,s-2.128030,s-1.103828,s212.989167
042_27,s2.364668,s-0.261190,s200.476648
042_28,s2.366023,s1.337489,s179.855031
042_29,s-1.834108,s1.277641,s-0.266200
042_30,s-1.141975,s2.166246,s27.212723
042_31,s1.464572,s-0.878427,s258.486617
042_32,s-0.423612,s-1.795769,s166.702805
042_33,s-0.011072,s-2.557632,s285.624121
042_34,s1.638926,s-2.268771,s304.467603
042_35,s-1.363283,s-2.359624,s114.514561
042_36,s-2.055264,s-0.102713,s94.565107
042_37,s-2.563818,s0.319269,s323.210198
042_38,s-2.419550,s-0.575816,s172.911799
042_39,s-1.991041,s-1.862901,s145.273502
042_40,s2.291403,s0.136723,s294.348803
042_41,s-0.428269,s-2.712628,s184.581249
043_0,s-0.113922,s0.240526,s-0.453208
043_1,s0.498868,s0.005022,s336.401442
043_2,s0.511222,s-0.733768,s82.315782
043_3,s-0.538953,s-0.086935,s242.501239
043_4,s-0.581725,s0.503140,s298.815908
043_5,s0.392971,s1.006707,s290.838337
043_6,s-0.958171,s0.141291,s128.345678
043_7,s1.165037,s0.158644,s9.938473
043_8,s-1.626100,s-0.973445,s326.635342
043_9,s-0.581102,s-0.819677,s38.245882
043_10,s0.403888,s1.899415,s123.298039
043_11,s-1.224355,s0.976182,s6.691595
043_12,s0.873820,s-0.502441,s304.502569
043_13,s1.671156,s1.201750,s63.485107
043_14,s-0.779844,s1.026383,s327.829281
043_15,s-0.271977,s-1.193662,s267.745787
043_16,s-0.007733,s-1.714159,s252.181139
043_17,s0.860727,s-0.908788,s176.239497
043_18,s1.915268,s-1.536092,s243.685778
043_19,s2.033906,s0.488042,s-1.817557
043_20,s1.262792,s-1.687461,s149.045957
043_21,s-0.616639,s1.782295,s5.457475
043_22,s-1.681865,s0.689184,s178.711815
043_23,s-0.925187,s-1.438027,s78.258289
043_24,s1.404744,s1.908479,s31.958925
043_25,s0.351030,s2.636105,s129.118357
043_26,s-2.128030,s-1.103828,s212.989167
043_27,s2.364668,s-0.261190,s200.476648
043_28,s2.366023,s1.337489,s179.855031
043_29,s-1.834108,s1.277641,s-0.266200
043_30,s-1.141975,s2.166246,s27.212723
043_31,s1.464572,s-0.878427,s258.486617
043_32,s-0.423612,s-1.795769,s166.702805
043_33,s-0.011072,s-2.557632,s285.624121
043_34,s1.638926,s-2.268771,s304.467603
043_35,s-1.363283,s-2.359624,s114.514561
043_36,s-2.055264,s-0.102713,s94.565107
043_37,s-2.563818,s0.319269,s323.210198
043_38,s-2.419550,s-0.575816,s172.911799
043_39,s-1.991041,s-1.862901,s145.273502
043_40,s2.291403,s0.136723,s294.348803
043_41,s-0.428269,s-2.712628,s184.581249
043_42,s0.785465,s-2.583224,s179.457391
044_0,s-0.113922,s0.240526,s-0.453208
044_1,s0.498868,s0.005022,s336.401442
044_2,s0.511222,s-0.733768,s82.315782
044_3,s-0.538953,s-0.086935,s242.501239
044_4,s-0.581725,s0.503140,s298.815908
044_5,s0.341907,s0.854650,s296.504653
044_6,s-0.958171,s0.141291,s128.345678
044_7,s1.165037,s0.158644,s9.938473
044_8,s-1.626100,s-0.973445,s326.635342
044_9,s-0.641022,s-0.801644,s41.622078
044_10,s0.372044,s1.994083,s239.455697
044_11,s-1.224355,s0.976182,s6.691595
044_12,s0.873820,s-0.502441,s304.502569
044_13,s1.671156,s1.201750,s63.485107
044_14,s-0.779844,s1.026383,s327.829281
044_15,s-0.271977,s-1.193662,s267.745787
044_16,s-0.007733,s-1.714159,s252.181139
044_17,s0.860727,s-0.908788,s176.239497
044_18,s1.915268,s-1.536092,s243.685778
044_19,s2.033906,s0.488042,s-1.817557
044_20,s1.262792,s-1.687461,s149.045957
044_21,s-0.705693,s1.685119,s3.676042
044_22,s-1.681865,s0.689184,s178.711815
044_23,s-0.925187,s-1.438027,s78.258289
044_24,s1.404744,s1.908479,s31.958925
044_25,s0.323268,s2.560276,s139.692717
044_26,s-2.128030,s-1.103828,s212.989167
044_27,s2.364668,s-0.261190,s200.476648
044_28,s2.445095,s1.297296,s186.134866
044_29,s-2.008842,s1.213774,s-8.585588
044_30,s-1.185295,s2.086949,s27.556972
044_31,s1.464572,s-0.878427,s258.486617
044_32,s-0.423612,s-1.795769,s166.702805
044_33,s-0.011072,s-2.557632,s285.624121
044_34,s1.652234,s-2.181308,s148.817978
044_35,s-1.363283,s-2.359624,s114.514561
044_36,s-2.055264,s-0.102713,s94.565107
044_37,s-2.563818,s0.319269,s323.210198
044_38,s-2.419550,s-0.575816,s172.911799
044_39,s-1.991041,s-1.862901,s145.273502
044_40,s2.291403,s0.136723,s294.348803
044_41,s-0.428269,s-2.712628,s184.581249
044_42,s0.785465,s-2.583224,s179.457391
044_43,s-2.458861,s1.047817,s85.680943
045_0,s-0.113922,s0.240526,s-0.453208
045_1,s0.498868,s0.005022,s336.401442
045_2,s0.511222,s-0.733768,s82.315782
045_3,s-0.540135,s-0.136667,s266.183020
045_4,s-0.581725,s0.503140,s298.815908
045_5,s0.341907,s0.854650,s296.504653
045_6,s-0.958171,s0.141291,s128.345678
045_7,s1.165037,s0.158644,s9.938473
045_8,s-1.626100,s-0.973445,s326.635342
045_9,s-0.641175,s-0.889683,s34.880660
045_10,s0.372044,s1.994083,s239.455697
045_11,s-1.224355,s0.976182,s6.691595
045_12,s0.873820,s-0.502441,s304.502569
045_13,s1.671156,s1.201750,s63.485107
045_14,s-0.779844,s1.026383,s59.333132
045_15,s-0.271977,s-1.193662,s267.745787
045_16,s-0.007733,s-1.714159,s252.181139
045_17,s0.877488,s-0.920786,s177.827994
045_18,s1.915268,s-1.536092,s329.828077
045_19,s2.033906,s0.488042,s-1.817557
045_20,s1.262792,s-1.687461,s149.045957
045_21,s-0.705693,s1.685119,s3.676042
045_22,s-1.681865,s0.689184,s178.711815
045_23,s-0.816867,s-1.499851,s79.599777
045_24,s1.404744,s1.908479,s31.958925
045_25,s0.145457,s2.440829,s128.952337
045_26,s-2.128030,s-1.103828,s212.989167
045_27,s2.364668,s-0.261190,s29.691066
045_28,s2.546973,s1.312593,s192.200170
045_29,s-2.008842,s1.213774,s302.331559
045_30,s-1.213473,s2.063449,s24.961693
045_31,s1.464572,s-0.878427,s258.486617
045_32,s-0.423612,s-1.795769,s166.702805
045_33,s-0.011072,s-2.557632,s285.624121
045_34,s1.680422,s-2.188290,s149.401782
045_35,s-1.363283,s-2.359624,s114.514561
045_36,s-2.040831,s-0.180020,s95.025338
045_37,s-2.605797,s0.303933,s323.475062
045_38,s-2.419550,s-0.575816,s172.911799
045_39,s-1.985335,s-2.004321,s142.533335
045_40,s2.291403,s0.136723,s177.960466
045_41,s-0.428269,s-2.712628,s184.581249
045_42,s0.785465,s-2.583224,s179.457391
045_43,s-2.458861,s1.047817,s85.680943
045_44,s-1.094611,s-2.970467,s128.613794
046_0,s-0.113922,s0.240526,s-0.453208
046_1,s0.537222,s-0.080538,s341.155431
046_2,s0.511222,s-0.733768,s82.315782
046_3,s-0.505364,s-0.216272,s272.379399
046_4,s-0.581725,s0.503140,s298.815908
046_5,s0.400995,s0.925869,s293.655949
046_6,s-0.923685,s0.086611,s125.580664
046_7,s1.230013,s0.149654,s12.953117
046_8,s-1.666198,s-0.963688,s322.696331
046_9,s-0.641175,s-0.889683,s34.880660
046_10,s0.372044,s1.994083,s239.455697
046_11,s-1.224355,s0.976182,s6.691595
046_12,s0.873820,s-0.502441,s304.502569
046_13,s1.732846,s1.202301,s66.720502
046_14,s-0.779844,s1.026383,s59.333132
046_15,s-0.271977,s-1.193662,s267.745787
046_16,s-0.007733,s-1.714159,s252.181139
046_17,s0.877488,s-0.920786,s177.827994
046_18,s1.915268,s-1.536092,s329.828077
046_19,s2.033906,s0.488042,s-1.817557
046_20,s1.266075,s-1.749196,s0.888273
046_21,s-0.705693,s1.685119,s3.676042
046_22,s-1.645554,s0.704115,s171.845285
046_23,s-0.879429,s-1.372873,s82.714087
046_24,s1.221629,s2.115785,s38.813426
046_25,s0.145457,s2.440829,s128.952337
046_26,s-2.128030,s-1.103828,s212.989167
046_27,s2.364668,s-0.261190,s29.691066
046_28,s2.546973,s1.312593,s192.200170
046_29,s-2.008842,s1.213774,s302.331559
046_30,s-1.261451,s1.995143,s20.089502
046_31,s1.464572,s-0.878427,s258.486617
046_32,s-0.423612,s-1.795769,s166.702805
046_33,s-0.011072,s-2.557632,s285.624121
046_34,s1.600409,s-2.249918,s151.859516
046_35,s-1.281952,s-2.276785,s113.639351
046_36,s-2.040831,s-0.180020,s95.025338
046_37,s-2.565554,s0.297375,s320.334191
046_38,s-2.487349,s-0.697564,s170.182530
046_39,s-1.985335,s-2.004321,s142.533335
046_40,s2.291403,s0.136723,s177.960466
046_41,s-0.428269,s-2.712628,s184.581249
046_42,s0.785465,s-2.583224,s179.457391
046_43,s-2.454764,s1.051480,s86.460961
046_44,s-1.094611,s-2.970467,s128.613794
046_45,s-2.990000,s0.000000,s176.380931
047_0,s-0.113922,s0.240526,s-0.453208
047_1,s0.537222,s-0.080538,s341.155431
047_2,s0.511222,s-0.733768,s82.315782
047_3,s-0.477031,s-0.226583,s276.785108
047_4,s-0.581725,s0.503140,s298.815908
047_5,s0.400995,s0.925869,s293.655949
047_6,s-1.047138,s0.096639,s123.782161
047_7,s1.176038,s0.161918,s12.226250
047_8,s-1.666198,s-0.963688,s322.696331
047_9,s-0.641175,s-0.889683,s34.880660
047_10,s0.339322,s1.973153,s239.380836
047_11,s-1.224355,s0.976182,s6.691595
047_12,s0.873820,s-0.502441,s304.502569
047_13,s1.732846,s1.202301,s66.720502
047_14,s-0.779844,s1.026383,s59.333132
047_15,s-0.235530,s-1.125613,s265.194914
047_16,s-0.046558,s-1.715084,s257.272911
047_17,s0.877488,s-0.920786,s177.827994
047_18,s1.915268,s-1.536092,s329.828077
047_19,s2.033906,s0.488042,s-1.817557
047_20,s1.266075,s-1.749196,s0.888273
047_21,s-0.705693,s1.685119,s3.676042
047_22,s-1.681131,s0.759935,s162.511600
047_23,s-0.969996,s-1.448916,s74.080680
047_24,s1.226213,s2.102201,s43.928151
047_25,s0.145457,s2.440829,s128.952337
047_26,s-2.128030,s-1.103828,s212.989167
047_27,s2.364668,s-0.261190,s29.691066
047_28,s2.546973,s1.312593,s192.200170
047_29,s-2.008842,s1.213774,s302.331559
047_30,s-1.213976,s2.025106,s28.485475
047_31,s1.464572,s-0.878427,s258.486617
047_32,s-0.423612,s-1.795769,s166.702805
047_33,s-0.011072,s-2.557632,s285.624121
047_34,s1.478010,s-2.415979,s156.842351
047_35,s-1.189238,s-2.321510,s111.234650
047_36,s-2.040831,s-0.180020,s95.025338
047_37,s-2.565554,s0.297375,s320.334191
047_38,s-2.506042,s-0.738573,s170.344209
047_39,s-2.008851,s-2.039585,s138.918150
047_40,s2.291403,s0.136723,s177.960466
047_41,s-0.424153,s-2.709655,s182.727139
047_42,s0.785465,s-2.583224,s179.457391
047_43,s-2.447402,s1.046566,s86.266658
047_44,s-1.094611,s-2.970467,s128.613794
047_45,s-2.990000,s0.000000,s176.380931
047_46,s2.036756,s-2.169328,s240.974773
048_0,s-0.113922,s0.240526,s-0.453208
048_1,s0.537222,s-0.080538,s341.155431
048_2,s0.511222,s-0.733768,s82.315782
048_3,s-0.477031,s-0.226583,s276.785108
048_4,s-0.581725,s0.503140,s298.815908
048_5,s0.400995,s0.925869,s293.655949
048_6,s-1.047138,s0.096639,s123.782161
048_7,s1.176038,s0.161918,s12.226250
048_8,s-1.666198,s-0.963688,s322.696331
048_9,s-0.641175,s-0.889683,s34.880660
048_10,s0.339322,s1.973153,s239.380836
048_11,s-1.224355,s0.976182,s6.691595
048_12,s0.873820,s-0.502441,s304.502569
048_13,s1.732846,s1.202301,s66.720502
048_14,s-0.779844,s1.026383,s59.333132
048_15,s-0.235530,s-1.125613,s265.194914
048_16,s-0.046558,s-1.715084,s257.272911
048_17,s0.877488,s-0.920786,s177.827994
048_18,s1.915268,s-1.536092,s329.828077
048_19,s2.033906,s0.488042,s-1.817557
048_20,s1.266075,s-1.749196,s0.888273
048_21,s-0.705693,s1.685119,s3.676042
048_22,s-1.681131,s0.759935,s162.511600
048_23,s-0.969996,s-1.448916,s74.080680
048_24,s1.226213,s2.102201,s43.928151
048_25,s0.145457,s2.440829,s128.952337
048_26,s-2.128030,s-1.103828,s212.989167
048_27,s2.364668,s-0.261190,s29.691066
048_28,s2.546973,s1.312593,s192.200170
048_29,s-2.008842,s1.213774,s302.331559
048_30,s-1.213976,s2.025106,s28.485475
048_31,s1.464572,s-0.878427,s258.486617
048_32,s-0.423612,s-1.795769,s166.702805
048_33,s-0.011072,s-2.557632,s285.624121
048_34,s1.478010,s-2.415979,s156.842351
048_35,s-1.189238,s-2.321510,s111.234650
048_36,s-2.040831,s-0.180020,s95.025338
048_37,s-2.565554,s0.297375,s320.334191
048_38,s-2.506042,s-0.738573,s170.344209
048_39,s-2.008851,s-2.039585,s138.918150
048_40,s2.291403,s0.136723,s177.960466
048_41,s-0.424153,s-2.709655,s182.727139
048_42,s0.785465,s-2.583224,s179.457391
048_43,s-2.447402,s1.046566,s86.266658
048_44,s-1.094611,s-2.970467,s128.613794
048_45,s-2.990000,s0.000000,s176.380931
048_46,s2.036756,s-2.169328,s240.974773
048_47,s2.464914,s-0.888030,s328.764030
049_0,s-0.113922,s0.240526,s-0.453208
049_1,s0.461912,s0.060011,s337.913643
049_2,s0.447813,s-0.598726,s81.448519
049_3,s-0.477031,s-0.226583,s276.785108
049_4,s-0.581725,s0.503140,s298.815908
049_5,s0.301173,s1.108283,s297.159627
049_6,s-1.032390,s0.099735,s2.528437
049_7,s1.176038,s0.161918,s12.226250
049_8,s-1.666198,s-0.963688,s322.696331
049_9,s-0.641175,s-0.889683,s34.880660
049_10,s0.339322,s1.973153,s239.380836
049_11,s-1.224355,s0.976182,s6.691595
049_12,s0.873820,s-0.502441,s304.502569
049_13,s1.732846,s1.202301,s66.720502
049_14,s-0.779844,s1.026383,s59.333132
049_15,s-0.188312,s-1.080380,s259.108683
049_16,s-0.046558,s-1.715084,s257.272911
049_17,s0.877488,s-0.920786,s177.827994
049_18,s1.915268,s-1.536092,s329.828077
049_19,s2.033906,s0.488042,s-1.817557
049_20,s1.266075,s-1.749196,s0.888273
049_21,s-0.705693,s1.685119,s3.676042
049_22,s-1.681131,s0.759935,s162.511600
049_23,s-0.969996,s-1.448916,s74.080680
049_24,s1.105593,s2.069633,s51.375909
049_25,s0.247681,s2.465255,s128.409654
049_26,s-2.153759,s-1.118259,s219.472566
049_27,s2.364668,s-0.261190,s29.691066
049_28,s2.546973,s1.312593,s192.200170
049_29,s-2.008842,s1.213774,s302.331559
049_30,s-1.156422,s2.088984,s30.452601
049_31,s1.464572,s-0.878427,s258.486617
049_32,s-0.608377,s-1.861359,s171.247560
049_33,s0.029316,s-2.479500,s284.219956
049_34,s1.469942,s-2.372121,s159.132098
049_35,s-1.189238,s-2.321510,s111.234650
049_36,s-2.040831,s-0.180020,s95.025338
049_37,s-2.565554,s0.297375,s320.334191
049_38,s-2.506042,s-0.738573,s170.344209
049_39,s-2.025768,s-2.066523,s140.731087
049_40,s2.291403,s0.136723,s177.960466
049_41,s-0.432913,s-2.712979,s237.710002
049_42,s0.785465,s-2.583224,s179.457391
049_43,s-2.447402,s1.046566,s86.266658
049_44,s-1.141048,s-2.911736,s132.407730
049_45,s-2.990000,s0.000000,s176.380931
049_46,s2.001134,s-2.103388,s246.806906
049_47,s2.564368,s-0.843467,s331.793192
049_48,s-0.671722,s2.559664,s26.856200
050_0,s-0.113922,s0.240526,s-0.453208
050_1,s0.461912,s0.060011,s337.913643
050_2,s0.447813,s-0.598726,s81.448519
050_3,s-0.477031,s-0.226583,s276.785108
050_4,s-0.581725,s0.503140,s298.815908
050_5,s0.301173,s1.108283,s297.159627
050_6,s-1.032390,s0.099735,s2.528437
050_7,s1.176038,s0.161918,s12.226250
050_8,s-1.666198,s-0.963688,s322.696331
050_9,s-0.641175,s-0.889683,s34.880660
050_10,s0.339322,s1.973153,s239.380836
050_11,s-1.224355,s0.976182,s6.691595
050_12,s0.873820,s-0.502441,s304.502569
050_13,s1.732846,s1.202301,s66.720502
050_14,s-0.779844,s1.026383,s59.333132
050_15,s-0.188312,s-1.080380,s259.108683
050_16,s-0.046558,s-1.715084,s257.272911
050_17,s0.877488,s-0.920786,s177.827994
050_18,s1.915268,s-1.536092,s329.828077
050_19,s2.033906,s0.488042,s-1.817557
050_20,s1.266075,s-1.749196,s0.888273
050_21,s-0.705693,s1.685119,s3.676042
050_22,s-1.681131,s0.759935,s162.511600
050_23,s-0.969996,s-1.448916,s74.080680
050_24,s1.105593,s2.069633,s51.375909
050_25,s0.247681,s2.465255,s128.409654
050_26,s-2.153759,s-1.118259,s219.472566
050_27,s2.364668,s-0.261190,s29.691066
050_28,s2.546973,s1.312593,s192.200170
050_29,s-2.008842,s1.213774,s302.331559
050_30,s-1.156422,s2.088984,s30.452601
050_31,s1.464572,s-0.878427,s258.486617
050_32,s-0.608377,s-1.861359,s171.247560
050_33,s0.029316,s-2.479500,s284.219956
050_34,s1.469942,s-2.372121,s159.132098
050_35,s-1.189238,s-2.321510,s111.234650
050_36,s-2.040831,s-0.180020,s95.025338
050_37,s-2.565554,s0.297375,s320.334191
050_38,s-2.506042,s-0.738573,s170.344209
050_39,s-2.025768,s-2.066523,s140.731087
050_40,s2.291403,s0.136723,s177.960466
050_41,s-0.432913,s-2.712979,s237.710002
050_42,s0.785465,s-2.583224,s179.457391
050_43,s-2.447402,s1.046566,s86.266658
050_44,s-1.141048,s-2.911736,s132.407730
050_45,s-2.990000,s0.000000,s176.380931
050_46,s2.001134,s-2.103388,s246.806906
050_47,s2.564368,s-0.843467,s331.793192
050_48,s-0.671722,s2.559664,s26.856200
050_49,s0.617323,s-3.577123,s270.012409
051_0,s-0.113922,s0.240526,s-0.453208
051_1,s0.501656,s0.024217,s338.472144
051_2,s0.415863,s-0.686993,s81.551775
051_3,s-0.564806,s-0.198282,s281.134450
051_4,s-0.581725,s0.503140,s298.815908
051_5,s0.297215,s1.077441,s294.169239
051_6,s-1.032390,s0.099735,s2.528437
051_7,s1.176038,s0.161918,s12.226250
051_8,s-1.666198,s-0.963688,s322.696331
051_9,s-0.553275,s-0.929976,s28.723539
051_10,s0.355527,s1.989816,s233.536056
051_11,s-1.224355,s0.976182,s6.691595
051_12,s0.870910,s-0.555820,s307.907227
051_13,s1.788872,s1.286495,s69.903434
051_14,s-0.779844,s1.026383,s59.333132
051_15,s-0.188312,s-1.080380,s259.108683
051_16,s-0.046558,s-1.715084,s257.272911
051_17,s0.877488,s-0.920786,s177.827994
051_18,s1.915268,s-1.536092,s329.828077
051_19,s2.033906,s0.488042,s-1.817557
051_20,s1.171356,s-1.932778,s-4.894609
051_21,s-0.632827,s1.783022,s244.711810
051_22,s-1.681131,s0.759935,s162.511600
051_23,s-0.935980,s-1.465211,s76.870510
051_24,s1.105593,s2.069633,s51.375909
051_25,s0.192161,s2.456555,s331.860992
051_26,s-2.177283,s-1.115480,s213.624221
051_27,s2.364668,s-0.261190,s29.691066
051_28,s2.479521,s1.170557,s32.190050
051_29,s-2.008842,s1.213774,s302.331559
051_30,s-1.313131,s1.925914,s38.417279
051_31,s1.464572,s-0.878427,s258.486617
051_32,s-0.608377,s-1.861359,s171.247560
051_33,s0.109618,s-2.412130,s288.817701
051_34,s1.596494,s-2.483581,s160.971580
051_35,s-1.190809,s-2.288309,s57.250091
051_36,s-2.040831,s-0.180020,s95.025338
051_37,s-2.565554,s0.297375,s320.334191
051_38,s-2.520138,s-0.719687,s169.137646
051_39,s-1.960747,s-2.179794,s142.763215
051_40,s2.291403,s0.136723,s177.960466
051_41,s-0.416805,s-2.715542,s242.212584
051_42,s0.785465,s-2.583224,s179.457391
051_43,s-2.469549,s0.994197,s83.264046
051_44,s-1.141048,s-2.911736,s132.407730
051_45,s-2.990000,s0.000000,s176.380931
051_46,s2.001134,s-2.103388,s246.806906
051_47,s2.615844,s-0.817961,s339.132886
051_48,s-0.606958,s2.554651,s298.012051
051_49,s0.617323,s-3.577123,s270.012409
051_50,s1.694787,s1.918671,s30.035706
052_0,s-0.113922,s0.240526,s-0.453208
052_1,s0.501656,s0.024217,s338.472144
052_2,s0.448478,s-0.712335,s82.323443
052_3,s-0.575907,s-0.178128,s274.379402
052_4,s-0.581725,s0.503140,s298.815908
052_5,s0.297215,s1.077441,s294.169239
052_6,s-1.169814,s-0.062394,s10.117301
052_7,s1.168695,s0.200264,s5.679206
052_8,s-1.595871,s-0.915330,s323.750622
052_9,s-0.553275,s-0.929976,s28.723539
052_10,s0.340039,s2.025219,s224.583604
052_11,s-1.224355,s0.976182,s6.691595
052_12,s0.870910,s-0.555820,s307.907227
052_13,s1.863516,s1.406039,s77.163163
052_14,s-0.779844,s1.026383,s59.333132
052_15,s-0.188312,s-1.080380,s259.108683
052_16,s-0.080720,s-1.627204,s258.269546
052_17,s0.877488,s-0.920786,s177.827994
052_18,s1.915268,s-1.536092,s329.828077
052_19,s2.033906,s0.488042,s-1.817557
052_20,s1.171356,s-1.932778,s-4.894609
052_21,s-0.632827,s1.783022,s244.711810
052_22,s-1.681131,s0.759935,s162.511600
052_23,s-0.937742,s-1.409584,s87.432861
052_24,s1.105593,s2.069633,s51.375909
052_25,s0.133638,s2.411362,s336.626685
052_26,s-2.177283,s-1.115480,s213.624221
052_27,s2.364668,s-0.261190,s29.691066
052_28,s2.578374,s1.125107,s37.274634
052_29,s-2.008842,s1.213774,s302.331559
052_30,s-1.250167,s2.001082,s41.765917
052_31,s1.464572,s-0.878427,s258.486617
052_32,s-0.608377,s-1.861359,s171.247560
052_33,s0.109618,s-2.412130,s288.817701
052_34,s1.596494,s-2.483581,s160.971580
052_35,s-1.222456,s-2.330274,s53.815763
052_36,s-2.040831,s-0.180020,s95.025338
052_37,s-2.565554,s0.297375,s320.334191
052_38,s-2.520138,s-0.719687,s169.137646
052_39,s-1.960747,s-2.179794,s142.763215
052_40,s2.291403,s0.136723,s177.960466
052_41,s-0.430231,s-2.744523,s240.930718
052_42,s0.785465,s-2.583224,s179.457391
052_43,s-2.469549,s0.994197,s83.264046
052_44,s-1.189861,s-2.956223,s89.599347
052_45,s-2.990000,s0.000000,s176.380931
052_46,s2.122902,s-2.244381,s238.339450
052_47,s2.615844,s-0.817961,s339.132886
052_48,s-0.606958,s2.554651,s298.012051
052_49,s0.617323,s-3.577123,s270.012409
052_50,s1.694787,s1.918671,s30.035706
052_51,s-0.913440,s2.720758,s58.331336
053_0,s-0.113922,s0.240526,s-0.453208
053_1,s0.501656,s0.024217,s338.472144
053_2,s0.448478,s-0.712335,s82.323443
053_3,s-0.575907,s-0.178128,s274.379402
053_4,s-0.581725,s0.503140,s298.815908
053_5,s0.297215,s1.077441,s294.169239
053_6,s-1.169814,s-0.062394,s10.117301
053_7,s1.168695,s0.200264,s5.679206
053_8,s-1.595871,s-0.915330,s323.750622
053_9,s-0.553275,s-0.929976,s28.723539
053_10,s0.340039,s2.025219,s224.583604
053_11,s-1.224355,s0.976182,s6.691595
053_12,s0.870910,s-0.555820,s307.907227
053_13,s1.863516,s1.406039,s77.163163
053_14,s-0.779844,s1.026383,s59.333132
053_15,s-0.188312,s-1.080380,s259.108683
053_16,s-0.080720,s-1.627204,s258.269546
053_17,s0.877488,s-0.920786,s177.827994
053_18,s1.915268,s-1.536092,s329.828077
053_19,s2.033906,s0.488042,s-1.817557
053_20,s1.171356,s-1.932778,s-4.894609
053_21,s-0.632827,s1.783022,s244.711810
053_22,s-1.681131,s0.759935,s162.511600
053_23,s-0.937742,s-1.409584,s87.432861
053_24,s1.105593,s2.069633,s51.375909
053_25,s0.133638,s2.411362,s336.626685
053_26,s-2.177283,s-1.115480,s213.624221
053_27,s2.364668,s-0.261190,s29.691066
053_28,s2.578374,s1.125107,s37.274634
053_29,s-2.008842,s1.213774,s302.331559
053_30,s-1.250167,s2.001082,s41.765917
053_31,s1.464572,s-0.878427,s258.486617
053_32,s-0.608377,s-1.861359,s171.247560
053_33,s0.109618,s-2.412130,s288.817701
053_34,s1.596494,s-2.483581,s160.971580
053_35,s-1.222456,s-2.330274,s53.815763
053_36,s-2.040831,s-0.180020,s95.025338
053_37,s-2.565554,s0.297375,s320.334191
053_38,s-2.520138,s-0.719687,s169.137646
053_39,s-1.960747,s-2.179794,s142.763215
053_40,s2.291403,s0.136723,s177.960466
053_41,s-0.430231,s-2.744523,s240.930718
053_42,s0.785465,s-2.583224,s179.457391
053_43,s-2.469549,s0.994197,s83.264046
053_44,s-1.189861,s-2.956223,s89.599347
053_45,s-2.990000,s0.000000,s176.380931
053_46,s2.122902,s-2.244381,s238.339450
053_47,s2.615844,s-0.817961,s339.132886
053_48,s-0.606958,s2.554651,s298.012051
053_49,s0.617323,s-3.577123,s270.012409
053_50,s1.694787,s1.918671,s30.035706
053_51,s-0.913440,s2.720758,s58.331336
053_52,s-0.622862,s-3.403475,s266.855160
054_0,s-0.113922,s0.240526,s-0.453208
054_1,s0.501656,s0.024217,s338.472144
054_2,s0.448478,s-0.712335,s82.323443
054_3,s-0.575907,s-0.178128,s274.379402
054_4,s-0.581725,s0.503140,s298.815908
054_5,s0.297215,s1.077441,s294.169239
054_6,s-1.169814,s-0.062394,s10.117301
054_7,s1.168695,s0.200264,s5.679206
054_8,s-1.595871,s-0.915330,s323.750622
054_9,s-0.553275,s-0.929976,s28.723539
054_10,s0.340039,s2.025219,s224.583604
054_11,s-1.224355,s0.976182,s6.691595
054_12,s0.870910,s-0.555820,s307.907227
054_13,s1.863516,s1.406039,s77.163163
054_14,s-0.779844,s1.026383,s59.333132
054_15,s-0.188312,s-1.080380,s259.108683
054_16,s-0.080720,s-1.627204,s258.269546
054_17,s0.877488,s-0.920786,s177.827994
054_18,s1.915268,s-1.536092,s329.828077
054_19,s2.033906,s0.488042,s-1.817557
054_20,s1.171356,s-1.932778,s-4.894609
054_21,s-0.632827,s1.783022,s244.711810
054_22,s-1.681131,s0.759935,s162.511600
054_23,s-0.937742,s-1.409584,s87.432861
054_24,s1.105593,s2.069633,s51.375909
054_25,s0.133638,s2.411362,s336.626685
054_26,s-2.177283,s-1.115480,s213.624221
054_27,s2.364668,s-0.261190,s29.691066
054_28,s2.578374,s1.125107,s37.274634
054_29,s-2.008842,s1.213774,s302.331559
054_30,s-1.250167,s2.001082,s41.765917
054_31,s1.464572,s-0.878427,s258.486617
054_32,s-0.608377,s-1.861359,s171.247560
054_33,s0.109618,s-2.412130,s288.817701
054_34,s1.596494,s-2.483581,s160.971580
054_35,s-1.222456,s-2.330274,s53.815763
054_36,s-2.040831,s-0.180020,s95.025338
054_37,s-2.565554,s0.297375,s320.334191
054_38,s-2.520138,s-0.719687,s169.137646
054_39,s-1.960747,s-2.179794,s142.763215
054_40,s2.291403,s0.136723,s177.960466
054_41,s-0.430231,s-2.744523,s240.930718
054_42,s0.785465,s-2.583224,s179.457391
054_43,s-2.469549,s0.994197,s83.264046
054_44,s-1.189861,s-2.956223,s89.599347
054_45,s-2.990000,s0.000000,s176.380931
054_46,s2.122902,s-2.244381,s238.339450
054_47,s2.615844,s-0.817961,s339.132886
054_48,s-0.606958,s2.554651,s298.012051
054_49,s0.617323,s-3.577123,s270.012409
054_50,s1.694787,s1.918671,s30.035706
054_51,s-0.913440,s2.720758,s58.331336
054_52,s-0.622862,s-3.403475,s266.855160
054_53,s-1.860071,s1.887494,s0.074260
055_0,s-0.113922,s0.240526,s-0.453208
055_1,s0.468482,s0.013050,s341.680417
055_2,s0.507918,s-0.676973,s61.896908
055_3,s-0.667411,s-0.198203,s273.831599
055_4,s-0.581725,s0.503140,s298.815908
055_5,s0.347530,s1.040486,s290.237861
055_6,s-1.169814,s-0.062394,s10.117301
055_7,s1.199872,s0.257031,s2.024549
055_8,s-1.674095,s-0.915196,s-2.718299
055_9,s-0.593491,s-1.040592,s35.147001
055_10,s0.417424,s1.988726,s224.540479
055_11,s-1.224355,s0.976182,s6.691595
055_12,s0.870910,s-0.555820,s307.907227
055_13,s1.863516,s1.406039,s77.163163
055_14,s-0.779844,s1.026383,s59.333132
055_15,s-0.188312,s-1.080380,s259.108683
055_16,s-0.080720,s-1.627204,s258.269546
055_17,s0.877488,s-0.920786,s177.827994
055_18,s1.982103,s-1.498710,s335.172611
055_19,s2.033906,s0.488042,s-1.817557
055_20,s1.156320,s-1.998144,s5.129512
055_21,s-0.539123,s1.655811,s236.781178
055_22,s-1.728260,s0.812782,s165.361296
055_23,s-0.951986,s-1.367803,s87.923533
055_24,s1.105593,s2.069633,s51.375909
055_25,s0.181167,s2.317666,s338.335358
055_26,s-2.203551,s-1.187426,s224.243773
055_27,s2.364668,s-0.261190,s29.691066
055_28,s2.397302,s1.112668,s335.151319
055_29,s-2.008842,s1.213774,s302.331559
055_30,s-1.250167,s2.001082,s41.765917
055_31,s1.442687,s-0.859641,s298.742427
055_32,s-0.488536,s-1.893718,s88.858231
055_33,s0.109618,s-2.412130,s288.817701
055_34,s1.714254,s-2.466423,s167.967937
055_35,s-1.222456,s-2.330274,s53.815763
055_36,s-2.047999,s-0.286766,s96.431876
055_37,s-2.485463,s0.285784,s329.492341
055_38,s-2.520138,s-0.719687,s169.137646
055_39,s-1.970010,s-2.155496,s138.119049
055_40,s2.291403,s0.136723,s177.960466
055_41,s-0.475848,s-2.723199,s240.331372
055_42,s0.785465,s-2.583224,s179.457391
055_43,s-2.414272,s1.041912,s94.374385
055_44,s-1.250900,s-2.965829,s90.774234
055_45,s-3.155857,s-0.066945,s177.329339
055_46,s2.122591,s-2.168232,s244.723692
055_47,s2.732888,s-0.898433,s347.572701
055_48,s-0.606958,s2.554651,s298.012051
055_49,s0.555952,s-3.558751,s269.228334
055_50,s1.782470,s1.934144,s34.506746
055_51,s-0.913440,s2.720758,s58.331336
055_52,s-0.622862,s-3.403475,s266.855160
055_53,s-1.860071,s1.887494,s0.074260
055_54,s-2.432245,s-2.125344,s91.720080
056_0,s-0.113922,s0.240526,s-0.453208
056_1,s0.445816,s-0.056547,s340.026681
056_2,s0.522401,s-0.679593,s60.406613
056_3,s-0.640250,s-0.188290,s273.438477
056_4,s-0.581725,s0.503140,s298.815908
056_5,s0.476644,s1.040064,s290.360887
056_6,s-1.101102,s-0.029992,s2.924332
056_7,s1.130921,s0.345317,s325.275046
056_8,s-1.521339,s-0.916947,s-4.281864
056_9,s-0.593491,s-1.040592,s35.147001
056_10,s0.203699,s1.747263,s242.115839
056_11,s-1.224355,s0.976182,s6.691595
056_12,s0.870910,s-0.555820,s307.907227
056_13,s1.863516,s1.406039,s77.163163
056_14,s-0.779844,s1.026383,s59.333132
056_15,s-0.188312,s-1.080380,s259.108683
056_16,s-0.070645,s-1.628608,s264.101976
056_17,s0.807170,s-0.972127,s176.610985
056_18,s2.092637,s-1.664673,s337.162005
056_19,s2.033906,s0.488042,s-1.817557
056_20,s1.148506,s-2.034787,s269.983424
056_21,s-0.448218,s1.748338,s31.048643
056_22,s-1.732456,s0.630082,s165.672916
056_23,s-0.951986,s-1.367803,s87.923533
056_24,s1.105593,s2.069633,s51.375909
056_25,s0.181167,s2.317666,s338.335358
056_26,s-2.203551,s-1.187426,s224.243773
056_27,s2.364668,s-0.261190,s29.691066
056_28,s2.397302,s1.112668,s335.151319
056_29,s-2.008842,s1.213774,s302.331559
056_30,s-1.250167,s2.001082,s41.765917
056_31,s1.442687,s-0.859641,s298.742427
056_32,s-0.466846,s-1.930517,s85.448857
056_33,s0.168636,s-2.521959,s282.847505
056_34,s1.714254,s-2.466423,s167.967937
056_35,s-1.222456,s-2.330274,s53.815763
056_36,s-1.954202,s-0.234956,s99.948076
056_37,s-2.485463,s0.285784,s329.492341
056_38,s-2.487137,s-0.690574,s169.977903
056_39,s-1.970010,s-2.155496,s138.119049
056_40,s2.291403,s0.136723,s177.960466
056_41,s-0.439433,s-2.650918,s327.617617
056_42,s1.085836,s-2.653642,s176.904118
056_43,s-2.424020,s1.074609,s94.048172
056_44,s-1.356498,s-2.947124,s89.743409
056_45,s-3.027058,s0.103181,s24.388426
056_46,s2.237830,s-2.087859,s267.056963
056_47,s2.865850,s-0.630610,s349.297737
056_48,s-0.498146,s2.468544,s298.251858
056_49,s0.565559,s-3.587249,s268.767880
056_50,s1.782470,s1.934144,s34.506746
056_51,s-0.873085,s2.708033,s63.861104
056_52,s-0.530897,s-3.383084,s304.755510
056_53,s-1.860071,s1.887494,s0.074260
056_54,s-2.477701,s-2.104742,s89.783643
056_55,s-3.275122,s-1.078240,s218.588578
057_0,s-0.113922,s0.240526,s-0.453208
057_1,s0.445816,s-0.056547,s340.026681
057_2,s0.522401,s-0.679593,s60.406613
057_3,s-0.640250,s-0.188290,s273.438477
057_4,s-0.581725,s0.503140,s298.815908
057_5,s0.478868,s1.009655,s286.635873
057_6,s-1.101102,s-0.029992,s2.924332
057_7,s1.119247,s0.382962,s301.831285
057_8,s-1.521339,s-0.916947,s-4.281864
057_9,s-0.593491,s-1.040592,s35.147001
057_10,s0.128453,s1.719648,s271.097582
057_11,s-1.224355,s0.976182,s6.691595
057_12,s0.870910,s-0.555820,s307.907227
057_13,s1.863516,s1.406039,s77.163163
057_14,s-0.779844,s1.026383,s59.333132
057_15,s-0.188312,s-1.080380,s259.108683
057_16,s-0.057344,s-1.739609,s268.814156
057_17,s0.807170,s-0.972127,s176.610985
057_18,s2.092637,s-1.664673,s337.162005
057_19,s2.033906,s0.488042,s-1.817557
057_20,s1.168057,s-2.086532,s266.559908
057_21,s-0.608093,s1.637928,s17.182940
057_22,s-1.650306,s0.710309,s168.806882
057_23,s-1.009303,s-1.401883,s89.881492
057_24,s1.171707,s2.135573,s57.533602
057_25,s0.181167,s2.317666,s338.335358
057_26,s-2.203551,s-1.187426,s224.243773
057_27,s2.364668,s-0.261190,s29.691066
057_28,s2.397302,s1.112668,s335.151319
057_29,s-2.008842,s1.213774,s302.331559
057_30,s-1.250167,s2.001082,s41.765917
057_31,s1.411284,s-0.802586,s207.023171
057_32,s-0.579131,s-1.869191,s88.665139
057_33,s0.168636,s-2.521959,s282.847505
057_34,s1.836280,s-2.503816,s208.197935
057_35,s-1.222456,s-2.330274,s53.815763
057_36,s-1.954202,s-0.234956,s99.948076
057_37,s-2.485463,s0.285784,s329.492341
057_38,s-2.586581,s-0.686403,s173.743320
057_39,s-1.970010,s-2.155496,s138.119049
057_40,s2.291403,s0.136723,s177.960466
057_41,s-0.399982,s-2.775001,s341.060721
057_42,s1.085836,s-2.653642,s176.904118
057_43,s-2.535738,s1.023239,s89.872199
057_44,s-1.351548,s-2.899344,s86.199614
057_45,s-3.027058,s0.103181,s24.388426
057_46,s2.237830,s-2.087859,s267.056963
057_47,s2.865850,s-0.630610,s349.297737
057_48,s-0.498146,s2.468544,s298.251858
057_49,s0.618899,s-3.629323,s57.628847
057_50,s1.782470,s1.934144,s34.506746
057_51,s-0.938796,s2.776671,s70.320414
057_52,s-0.530897,s-3.383084,s304.755510
057_53,s-1.860071,s1.887494,s0.074260
057_54,s-2.491863,s-2.131390,s91.582797
057_55,s-3.361478,s-1.120657,s214.923211
057_56,s-1.039093,s-3.515077,s240.868354
058_0,s-0.113922,s0.240526,s-0.453208
058_1,s0.445816,s-0.056547,s340.026681
058_2,s0.522401,s-0.679593,s60.406613
058_3,s-0.640250,s-0.188290,s273.438477
058_4,s-0.581725,s0.503140,s298.815908
058_5,s0.478868,s1.009655,s286.635873
058_6,s-1.101102,s-0.029992,s2.924332
058_7,s1.119247,s0.382962,s301.831285
058_8,s-1.521339,s-0.916947,s-4.281864
058_9,s-0.593491,s-1.040592,s35.147001
058_10,s0.128453,s1.719648,s271.097582
058_11,s-1.224355,s0.976182,s6.691595
058_12,s0.870910,s-0.555820,s307.907227
058_13,s1.863516,s1.406039,s77.163163
058_14,s-0.779844,s1.026383,s59.333132
058_15,s-0.188312,s-1.080380,s259.108683
058_16,s-0.057344,s-1.739609,s268.814156
058_17,s0.807170,s-0.972127,s176.610985
058_18,s2.092637,s-1.664673,s337.162005
058_19,s2.033906,s0.488042,s-1.817557
058_20,s1.168057,s-2.086532,s266.559908
058_21,s-0.608093,s1.637928,s17.182940
058_22,s-1.650306,s0.710309,s168.806882
058_23,s-1.009303,s-1.401883,s89.881492
058_24,s1.171707,s2.135573,s57.533602
058_25,s0.181167,s2.317666,s338.335358
058_26,s-2.203551,s-1.187426,s224.243773
058_27,s2.364668,s-0.261190,s29.691066
058_28,s2.397302,s1.112668,s335.151319
058_29,s-2.008842,s1.213774,s302.331559
058_30,s-1.250167,s2.001082,s41.765917
058_31,s1.411284,s-0.802586,s207.023171
058_32,s-0.579131,s-1.869191,s88.665139
058_33,s0.168636,s-2.521959,s282.847505
058_34,s1.836280,s-2.503816,s208.197935
058_35,s-1.222456,s-2.330274,s53.815763
058_36,s-1.954202,s-0.234956,s99.948076
058_37,s-2.485463,s0.285784,s329.492341
058_38,s-2.586581,s-0.686403,s173.743320
058_39,s-1.970010,s-2.155496,s138.119049
058_40,s2.291403,s0.136723,s177.960466
058_41,s-0.399982,s-2.775001,s341.060721
058_42,s1.085836,s-2.653642,s176.904118
058_43,s-2.535738,s1.023239,s89.872199
058_44,s-1.351548,s-2.899344,s86.199614
058_45,s-3.027058,s0.103181,s24.388426
058_46,s2.237830,s-2.087859,s267.056963
058_47,s2.865850,s-0.630610,s349.297737
058_48,s-0.498146,s2.468544,s298.251858
058_49,s0.618899,s-3.629323,s57.628847
058_50,s1.782470,s1.934144,s34.506746
058_51,s-0.938796,s2.776671,s70.320414
058_52,s-0.530897,s-3.383084,s304.755510
058_53,s-1.860071,s1.887494,s0.074260
058_54,s-2.491863,s-2.131390,s91.582797
058_55,s-3.361478,s-1.120657,s214.923211
058_56,s-1.039093,s-3.515077,s240.868354
058_57,s-2.501032,s1.620258,s120.780744
059_0,s-0.113922,s0.240526,s-0.453208
059_1,s0.493980,s-0.166677,s340.361868
059_2,s0.522401,s-0.679593,s60.406613
059_3,s-0.640250,s-0.188290,s273.438477
059_4,s-0.581725,s0.503140,s298.815908
059_5,s0.478868,s1.009655,s286.635873
059_6,s-1.033234,s-0.014767,s-0.587784
059_7,s1.044892,s0.334584,s295.610563
059_8,s-1.521339,s-0.916947,s-4.281864
059_9,s-0.593491,s-1.040592,s35.147001
059_10,s0.146556,s1.830816,s259.936038
059_11,s-1.224355,s0.976182,s6.691595
059_12,s0.870910,s-0.555820,s307.907227
059_13,s1.863516,s1.406039,s77.163163
059_14,s-0.779844,s1.026383,s59.333132
059_15,s-0.188312,s-1.080380,s259.108683
059_16,s-0.057344,s-1.739609,s268.814156
059_17,s0.807170,s-0.972127,s176.610985
059_18,s2.092637,s-1.664673,s337.162005
059_19,s2.033906,s0.488042,s-1.817557
059_20,s1.258172,s-2.152267,s266.045470
059_21,s-0.608093,s1.637928,s17.182940
059_22,s-1.650306,s0.710309,s168.806882
059_23,s-1.009303,s-1.401883,s89.881492
059_24,s1.094977,s2.188115,s53.866925
059_25,s0.181167,s2.317666,s338.335358
059_26,s-2.203551,s-1.187426,s224.243773
059_27,s2.364668,s-0.261190,s29.691066
059_28,s2.397302,s1.112668,s335.151319
059_29,s-2.008842,s1.213774,s302.331559
059_30,s-1.250167,s2.001082,s41.765917
059_31,s1.411284,s-0.802586,s207.023171
059_32,s-0.579131,s-1.869191,s88.665139
059_33,s0.168636,s-2.521959,s282.847505
059_34,s1.836280,s-2.503816,s208.197935
059_35,s-1.222456,s-2.330274,s53.815763
059_36,s-1.954202,s-0.234956,s99.948076
059_37,s-2.485463,s0.285784,s329.492341
059_38,s-2.586581,s-0.686403,s173.743320
059_39,s-1.970010,s-2.155496,s138.119049
059_40,s2.291403,s0.136723,s177.960466
059_41,s-0.399982,s-2.775001,s341.060721
059_42,s1.085836,s-2.653642,s176.904118
059_43,s-2.535738,s1.023239,s89.872199
059_44,s-1.351548,s-2.899344,s86.199614
059_45,s-3.066944,s0.132344,s151.421338
059_46,s2.237830,s-2.087859,s267.056963
059_47,s2.807004,s-0.579090,s347.431906
059_48,s-0.498146,s2.468544,s298.251858
059_49,s0.618899,s-3.629323,s57.628847
059_50,s1.782470,s1.934144,s34.506746
059_51,s-1.100219,s2.755282,s77.741967
059_52,s-0.530897,s-3.383084,s304.755510
059_53,s-1.860071,s1.887494,s0.074260
059_54,s-2.579235,s-1.984034,s92.785253
059_55,s-3.545055,s-1.086536,s219.552818
059_56,s-1.039093,s-3.515077,s240.868354
059_57,s-2.501032,s1.620258,s120.780744
059_58,s-3.547305,s0.816227,s5.299846
060_0,s-0.113922,s0.240526,s-0.453208
060_1,s0.493980,s-0.166677,s340.361868
060_2,s0.522401,s-0.679593,s60.406613
060_3,s-0.640250,s-0.188290,s273.438477
060_4,s-0.581725,s0.503140,s298.815908
060_5,s0.478868,s1.009655,s286.635873
060_6,s-1.033234,s-0.014767,s-0.587784
060_7,s1.044892,s0.334584,s295.610563
060_8,s-1.521339,s-0.916947,s-4.281864
060_9,s-0.593491,s-1.040592,s35.147001
060_10,s0.146556,s1.830816,s259.936038
060_11,s-1.224355,s0.976182,s6.691595
060_12,s0.870910,s-0.555820,s307.907227
060_13,s1.863516,s1.406039,s77.163163
060_14,s-0.779844,s1.026383,s59.333132
060_15,s-0.188312,s-1.080380,s259.108683
060_16,s-0.057344,s-1.739609,s268.814156
060_17,s0.807170,s-0.972127,s176.610985
060_18,s2.092637,s-1.664673,s337.162005
060_19,s2.033906,s0.488042,s-1.817557
060_20,s1.258172,s-2.152267,s266.045470
060_21,s-0.608093,s1.637928,s17.182940
060_22,s-1.650306,s0.710309,s168.806882
060_23,s-1.009303,s-1.401883,s89.881492
060_24,s1.094977,s2.188115,s53.866925
060_25,s0.181167,s2.317666,s338.335358
060_26,s-2.203551,s-1.187426,s224.243773
060_27,s2.364668,s-0.261190,s29.691066
060_28,s2.397302,s1.112668,s335.151319
060_29,s-2.008842,s1.213774,s302.331559
060_30,s-1.250167,s2.001082,s41.765917
060_31,s1.411284,s-0.802586,s207.023171
060_32,s-0.579131,s-1.869191,s88.665139
060_33,s0.168636,s-2.521959,s282.847505
060_34,s1.836280,s-2.503816,s208.197935
060_35,s-1.222456,s-2.330274,s53.815763
060_36,s-1.954202,s-0.234956,s99.948076
060_37,s-2.485463,s0.285784,s329.492341
060_38,s-2.586581,s-0.686403,s173.743320
060_39,s-1.970010,s-2.155496,s138.119049
060_40,s2.291403,s0.136723,s177.960466
060_41,s-0.399982,s-2.775001,s341.060721
060_42,s1.085836,s-2.653642,s176.904118
060_43,s-2.535738,s1.023239,s89.872199
060_44,s-1.351548,s-2.899344,s86.199614
060_45,s-3.066944,s0.132344,s151.421338
060_46,s2.237830,s-2.087859,s267.056963
060_47,s2.807004,s-0.579090,s347.431906
060_48,s-0.498146,s2.468544,s298.251858
060_49,s0.618899,s-3.629323,s57.628847
060_50,s1.782470,s1.934144,s34.506746
060_51,s-1.100219,s2.755282,s77.741967
060_52,s-0.530897,s-3.383084,s304.755510
060_53,s-1.860071,s1.887494,s0.074260
060_54,s-2.579235,s-1.984034,s92.785253
060_55,s-3.545055,s-1.086536,s219.552818
060_56,s-1.039093,s-3.515077,s240.868354
060_57,s-2.501032,s1.620258,s120.780744
060_58,s-3.547305,s0.816227,s5.299846
060_59,s2.980058,s0.737670,s119.652348
061_0,s-0.113922,s0.240526,s-0.453208
061_1,s0.493980,s-0.166677,s340.361868
061_2,s0.532883,s-0.711232,s54.948470
061_3,s-0.677997,s-0.209123,s236.345033
061_4,s-0.581725,s0.503140,s298.815908
061_5,s0.565804,s0.983741,s292.804140
061_6,s-1.082058,s-0.007718,s1.384102
061_7,s1.044892,s0.334584,s295.610563
061_8,s-1.521339,s-0.916947,s-4.281864
061_9,s-0.686485,s-1.066550,s28.387181
061_10,s0.179445,s1.709663,s258.518313
061_11,s-1.224355,s0.976182,s6.691595
061_12,s0.870910,s-0.555820,s307.907227
061_13,s1.863516,s1.406039,s77.163163
061_14,s-0.779844,s1.026383,s59.333132
061_15,s-0.235388,s-1.134314,s263.685367
061_16,s-0.062827,s-1.714351,s267.068168
061_17,s0.807170,s-0.972127,s176.610985
061_18,s2.109912,s-1.665936,s339.494068
061_19,s2.033906,s0.488042,s-1.817557
061_20,s1.197955,s-2.077211,s265.156283
061_21,s-0.530062,s1.528439,s21.289051
061_22,s-1.619465,s0.735474,s174.269230
061_23,s-1.009303,s-1.401883,s89.881492
061_24,s1.118190,s2.117239,s-0.918286
061_25,s0.181167,s2.317666,s338.335358
061_26,s-2.184667,s-1.125854,s220.909449
061_27,s2.364668,s-0.261190,s29.691066
061_28,s2.370988,s1.141585,s329.241692
061_29,s-2.008842,s1.213774,s302.331559
061_30,s-1.184303,s1.933013,s37.312206
061_31,s1.496572,s-0.792166,s208.321320
061_32,s-0.605644,s-1.898200,s88.311581
061_33,s0.139671,s-2.479672,s277.122160
061_34,s1.975337,s-2.623528,s216.702254
061_35,s-1.043450,s-2.462729,s53.133741
061_36,s-2.029519,s-0.278194,s93.958570
061_37,s-2.485463,s0.285784,s329.492341
061_38,s-2.607134,s-0.740250,s170.843986
061_39,s-2.060143,s-2.197262,s143.733693
061_40,s2.291403,s0.136723,s177.960466
061_41,s-0.343491,s-2.578809,s343.607425
061_42,s1.264418,s-2.705387,s179.401370
061_43,s-2.535738,s1.023239,s89.872199
061_44,s-1.353685,s-2.838159,s92.478344
061_45,s-2.870869,s0.179234,s151.344543
061_46,s2.237830,s-2.087859,s267.056963
061_47,s2.811127,s-0.515462,s349.552909
061_48,s-0.498146,s2.468544,s298.251858
061_49,s0.678615,s-3.588336,s63.961640
061_50,s2.008436,s2.053615,s32.530428
061_51,s-1.103056,s2.641166,s72.257902
061_52,s-0.530897,s-3.383084,s304.755510
061_53,s-1.812908,s1.791181,s-4.486938
061_54,s-2.717723,s-2.082699,s91.856336
061_55,s-3.907931,s-1.015635,s267.840823
061_56,s-0.950191,s-3.628426,s237.682577
061_57,s-2.501032,s1.620258,s120.780744
061_58,s-3.603464,s0.898785,s7.986022
061_59,s2.980058,s0.737670,s119.652348
061_60,s-3.470791,s0.345832,s122.488031
062_0,s-0.113922,s0.240526,s-0.453208
062_1,s0.493980,s-0.166677,s340.361868
062_2,s0.532883,s-0.711232,s54.948470
062_3,s-0.629090,s-0.230095,s242.403571
062_4,s-0.581725,s0.503140,s298.815908
062_5,s0.565804,s0.983741,s292.804140
062_6,s-1.063420,s-0.011841,s5.878495
062_7,s1.044892,s0.334584,s295.610563
062_8,s-1.521339,s-0.916947,s-4.281864
062_9,s-0.686485,s-1.066550,s28.387181
062_10,s0.385614,s1.689740,s254.383133
062_11,s-1.224355,s0.976182,s6.691595
062_12,s0.870910,s-0.555820,s307.907227
062_13,s1.863516,s1.406039,s77.163163
062_14,s-0.779844,s1.026383,s59.333132
062_15,s-0.235388,s-1.134314,s263.685367
062_16,s-0.062827,s-1.714351,s267.068168
062_17,s0.956113,s-1.020778,s179.378951
062_18,s2.109912,s-1.665936,s339.494068
062_19,s2.033906,s0.488042,s-1.817557
062_20,s1.198946,s-2.077280,s261.291868
062_21,s-0.496107,s1.593294,s269.108523
062_22,s-1.686904,s0.692669,s173.793200
062_23,s-1.009303,s-1.401883,s89.881492
062_24,s1.040975,s2.243569,s-8.751511
062_25,s0.229378,s2.351449,s334.289806
062_26,s-2.207909,s-1.146422,s222.218820
062_27,s2.364668,s-0.261190,s29.691066
062_28,s2.455333,s1.194019,s330.616682
062_29,s-2.008842,s1.213774,s302.331559
062_30,s-1.184303,s1.933013,s37.312206
062_31,s1.496572,s-0.792166,s208.321320
062_32,s-0.561841,s-1.881528,s88.458425
062_33,s0.175178,s-2.564830,s268.217468
062_34,s1.975337,s-2.623528,s216.702254
062_35,s-1.043450,s-2.462729,s53.133741
062_36,s-2.029519,s-0.278194,s93.958570
062_37,s-2.485463,s0.285784,s329.492341
062_38,s-2.581390,s-0.638923,s174.944384
062_39,s-2.058627,s-2.196670,s148.310835
062_40,s2.291403,s0.136723,s177.960466
062_41,s-0.343491,s-2.578809,s343.607425
062_42,s1.378023,s-2.791330,s178.479152
062_43,s-2.535738,s1.023239,s89.872199
062_44,s-1.291535,s-2.909436,s88.607464
062_45,s-2.856884,s0.162056,s155.990715
062_46,s2.176749,s-2.106215,s268.962668
062_47,s2.827957,s-0.510112,s355.906705
062_48,s-0.498146,s2.468544,s298.251858
062_49,s0.685475,s-3.417692,s248.045648
062_50,s2.008436,s2.053615,s32.530428
062_51,s-1.103056,s2.641166,s72.257902
062_52,s-0.539563,s-3.154132,s210.466358
062_53,s-1.812908,s1.791181,s-4.486938
062_54,s-2.728732,s-2.183192,s81.482250
062_55,s-3.817917,s-1.015940,s25.645955
062_56,s-1.138447,s-3.521874,s246.363283
062_57,s-2.501032,s1.620258,s120.780744
062_58,s-3.603464,s0.898785,s7.986022
062_59,s2.980058,s0.737670,s119.652348
062_60,s-3.470791,s0.345832,s122.488031
062_61,s-1.415113,s3.102508,s-0.023784
063_0,s-0.113922,s0.240526,s-0.453208
063_1,s0.479217,s-0.114468,s338.503774
063_2,s0.523020,s-0.692828,s51.293873
063_3,s-0.629090,s-0.230095,s242.403571
063_4,s-0.581725,s0.503140,s298.815908
063_5,s0.574993,s0.957864,s295.564043
063_6,s-1.052387,s-0.052266,s-1.810152
063_7,s1.044892,s0.334584,s295.610563
063_8,s-1.521339,s-0.916947,s-4.281864
063_9,s-0.686485,s-1.066550,s28.387181
063_10,s0.385614,s1.689740,s254.383133
063_11,s-1.224355,s0.976182,s6.691595
063_12,s0.870910,s-0.555820,s307.907227
063_13,s1.863516,s1.406039,s77.163163
063_14,s-0.779844,s1.026383,s59.333132
063_15,s-0.235388,s-1.134314,s263.685367
063_16,s0.034143,s-1.691437,s261.960991
063_17,s1.004073,s-1.186962,s187.939334
063_18,s2.109912,s-1.665936,s339.494068
063_19,s2.033906,s0.488042,s-1.817557
063_20,s1.198946,s-2.077280,s261.291868
063_21,s-0.496107,s1.593294,s269.108523
063_22,s-1.682165,s0.652372,s177.589116
063_23,s-1.009303,s-1.401883,s89.881492
063_24,s1.040975,s2.243569,s-8.751511
063_25,s0.288937,s2.325589,s334.873258
063_26,s-2.275088,s-1.199096,s228.951546
063_27,s2.364668,s-0.261190,s29.691066
063_28,s2.345645,s1.349260,s324.715109
063_29,s-2.060827,s1.174597,s303.426592
063_30,s-1.184303,s1.933013,s37.312206
063_31,s1.430102,s-0.762566,s210.757533
063_32,s-0.597351,s-1.897138,s93.747252
063_33,s0.175178,s-2.564830,s268.217468
063_34,s1.959144,s-2.652696,s177.803921
063_35,s-1.038488,s-2.460679,s54.623296
063_36,s-2.143658,s-0.180489,s94.069657
063_37,s-2.552640,s0.279522,s335.199634
063_38,s-2.596329,s-0.732718,s169.138796
063_39,s-2.058627,s-2.196670,s148.310835
063_40,s2.291403,s0.136723,s177.960466
063_41,s-0.343491,s-2.578809,s343.607425
063_42,s1.378023,s-2.791330,s178.479152
063_43,s-2.535738,s1.023239,s89.872199
063_44,s-1.321766,s-2.918683,s91.056514
063_45,s-2.845769,s0.181936,s151.377345
063_46,s2.197321,s-2.182013,s263.408006
063_47,s2.910431,s-0.438354,s371.167993
063_48,s-0.393781,s2.452914,s302.301649
063_49,s0.649357,s-3.423523,s331.846337
063_50,s1.950984,s2.073800,s39.607224
063_51,s-1.115114,s2.665165,s322.867936
063_52,s-0.252217,s-2.986949,s210.332935
063_53,s-1.834692,s1.875256,s-8.549996
063_54,s-2.766440,s-2.113197,s76.546698
063_55,s-3.810294,s-1.050532,s25.559515
063_56,s-1.144057,s-3.476043,s333.507397
063_57,s-2.559216,s1.745118,s125.560299
063_58,s-3.645094,s0.904109,s12.507803
063_59,s2.976028,s0.712646,s59.962271
063_60,s-3.410527,s0.330453,s118.229050
063_61,s-1.415113,s3.102508,s-0.023784
063_62,s3.075688,s-1.454130,s-3.898788
064_0,s-0.113922,s0.240526,s-0.453208
064_1,s0.505508,s0.044474,s1.428915
064_2,s0.523020,s-0.692828,s51.293873
064_3,s-0.566784,s-0.322952,s245.265122
064_4,s-0.581725,s0.503140,s298.815908
064_5,s0.437269,s1.017718,s299.620468
064_6,s-1.100791,s0.116898,s-4.104403
064_7,s1.124424,s0.555857,s289.292205
064_8,s-1.353742,s-0.699867,s-7.233910
064_9,s-0.696677,s-1.058861,s27.090222
064_10,s0.379868,s1.723494,s254.178838
064_11,s-1.224355,s0.976182,s6.691595
064_12,s0.845736,s-0.579917,s302.089634
064_13,s1.863516,s1.406039,s77.163163
064_14,s-0.779844,s1.026383,s59.333132
064_15,s-0.332651,s-1.173939,s272.473304
064_16,s0.090313,s-1.691071,s259.660130
064_17,s1.045583,s-1.179734,s187.271649
064_18,s2.133855,s-1.525076,s343.716386
064_19,s2.033906,s0.488042,s-1.817557
064_20,s1.168553,s-2.197930,s256.248542
064_21,s-0.563354,s1.555859,s269.358006
064_22,s-1.682165,s0.652372,s177.589116
064_23,s-1.009303,s-1.401883,s89.881492
064_24,s0.975974,s2.248946,s3.169308
064_25,s0.288937,s2.325589,s334.873258
064_26,s-2.253817,s-1.246701,s299.886886
064_27,s2.364668,s-0.261190,s29.691066
064_28,s2.330766,s1.447905,s324.145743
064_29,s-2.052263,s1.164252,s302.961392
064_30,s-1.184303,s1.933013,s37.312206
064_31,s1.370368,s-0.757400,s217.340007
064_32,s-0.597351,s-1.897138,s93.747252
064_33,s0.175178,s-2.564830,s268.217468
064_34,s1.974949,s-2.628547,s172.649873
064_35,s-0.920020,s-2.493227,s49.836139
064_36,s-2.143658,s-0.180489,s94.069657
064_37,s-2.541770,s0.283105,s333.585137
064_38,s-2.667116,s-0.745637,s122.958433
064_39,s-2.065833,s-2.232258,s145.362909
064_40,s2.291403,s0.136723,s177.960466
064_41,s-0.343491,s-2.578809,s343.607425
064_42,s1.378023,s-2.791330,s178.479152
064_43,s-2.594438,s0.977524,s88.569620
064_44,s-1.435249,s-2.748231,s87.413030
064_45,s-2.845769,s0.181936,s151.377345
064_46,s2.261251,s-2.296242,s261.345516
064_47,s3.021290,s-0.259793,s146.182490
064_48,s-0.302358,s2.380519,s0.117188
064_49,s0.623799,s-3.306715,s120.833149
064_50,s1.949313,s1.929949,s36.600884
064_51,s-1.062124,s2.794831,s319.720214
064_52,s-0.394698,s-2.988444,s199.959913
064_53,s-1.834692,s1.875256,s-8.549996
064_54,s-2.742447,s-2.210086,s75.784668
064_55,s-3.965848,s-0.996382,s2.957433
064_56,s-1.126620,s-3.476571,s339.687464
064_57,s-2.791748,s1.802726,s269.154117
064_58,s-3.775096,s0.828343,s20.243758
064_59,s2.778554,s0.606310,s48.380398
064_60,s-3.410527,s0.330453,s118.229050
064_61,s-1.457336,s3.075970,s-3.840813
064_62,s3.260886,s-1.513501,s90.245013
064_63,s-3.554333,s-1.477353,s115.428332
065_0,s-0.113922,s0.240526,s-0.453208
065_1,s0.524284,s0.072025,s2.167712
065_2,s0.523020,s-0.692828,s51.293873
065_3,s-0.566784,s-0.322952,s245.265122
065_4,s-0.581725,s0.503140,s298.815908
065_5,s0.437269,s1.017718,s299.620468
065_6,s-1.100791,s0.116898,s-4.104403
065_7,s1.124424,s0.555857,s289.292205
065_8,s-1.353742,s-0.699867,s-7.233910
065_9,s-0.696677,s-1.058861,s27.090222
065_10,s0.379868,s1.723494,s254.178838
065_11,s-1.224355,s0.976182,s6.691595
065_12,s0.845736,s-0.579917,s302.089634
065_13,s1.863516,s1.406039,s77.163163
065_14,s-0.779844,s1.026383,s59.333132
065_15,s-0.332651,s-1.173939,s272.473304
065_16,s-0.009963,s-1.671807,s262.710656
065_17,s1.045583,s-1.179734,s187.271649
065_18,s2.133855,s-1.525076,s343.716386
065_19,s2.033906,s0.488042,s-1.817557
065_20,s1.143437,s-2.238589,s261.710937
065_21,s-0.563354,s1.555859,s269.358006
065_22,s-1.682165,s0.652372,s177.589116
065_23,s-1.009303,s-1.401883,s89.881492
065_24,s1.071286,s2.083769,s1.146913
065_25,s0.288937,s2.325589,s334.873258
065_26,s-2.232557,s-1.293875,s147.632791
065_27,s2.364668,s-0.261190,s29.691066
065_28,s2.338767,s1.561107,s330.163566
065_29,s-2.052263,s1.164252,s302.961392
065_30,s-1.184303,s1.933013,s37.312206
065_31,s1.444600,s-0.643624,s212.638503
065_32,s-0.571789,s-1.861454,s97.215666
065_33,s0.175178,s-2.564830,s268.217468
065_34,s2.064901,s-2.625543,s166.603839
065_35,s-0.987785,s-2.441403,s47.947262
065_36,s-2.143658,s-0.180489,s94.069657
065_37,s-2.541770,s0.283105,s333.585137
065_38,s-2.732869,s-0.670658,s180.397889
065_39,s-2.133926,s-2.267173,s154.871834
065_40,s2.291403,s0.136723,s177.960466
065_41,s-0.343491,s-2.578809,s343.607425
065_42,s1.306928,s-2.703865,s173.955788
065_43,s-2.644758,s1.010563,s90.096914
065_44,s-1.435249,s-2.748231,s87.413030
065_45,s-2.845769,s0.181936,s151.377345
065_46,s2.292048,s-2.060990,s260.673232
065_47,s2.969715,s-0.264880,s147.244690
065_48,s-0.300141,s2.255683,s-2.043255
065_49,s0.676826,s-3.285021,s61.841372
065_50,s1.949313,s1.929949,s36.600884
065_51,s-0.963555,s2.831151,s331.181986
065_52,s-0.394698,s-2.988444,s199.959913
065_53,s-1.834692,s1.875256,s-8.549996
065_54,s-2.752942,s-2.227741,s115.651164
065_55,s-3.965848,s-0.996382,s2.957433
065_56,s-1.214374,s-3.434573,s336.250026
065_57,s-2.791748,s1.802726,s269.154117
065_58,s-3.707107,s0.810568,s23.404295
065_59,s2.814759,s0.694995,s55.178555
065_60,s-3.410873,s0.307936,s121.091974
065_61,s-1.457336,s3.075970,s-3.840813
065_62,s3.137014,s-1.425803,s86.485412
065_63,s-3.560983,s-1.372123,s117.349803
065_64,s-2.202456,s2.176342,s30.695786
066_0,s-0.113922,s0.240526,s-0.453208
066_1,s0.524284,s0.072025,s2.167712
066_2,s0.523020,s-0.692828,s51.293873
066_3,s-0.566784,s-0.322952,s245.265122
066_4,s-0.581725,s0.503140,s298.815908
066_5,s0.437269,s1.017718,s299.620468
066_6,s-1.100791,s0.116898,s-4.104403
066_7,s1.124424,s0.555857,s289.292205
066_8,s-1.353742,s-0.699867,s-7.233910
066_9,s-0.696677,s-1.058861,s27.090222
066_10,s0.371656,s1.780793,s270.284063
066_11,s-1.224355,s0.976182,s6.691595
066_12,s0.845736,s-0.579917,s302.089634
066_13,s1.863516,s1.406039,s77.163163
066_14,s-0.779844,s1.026383,s59.333132
066_15,s-0.323141,s-1.172707,s271.737728
066_16,s0.068432,s-1.674265,s260.052178
066_17,s1.212573,s-1.168207,s195.032446
066_18,s2.133855,s-1.525076,s343.716386
066_19,s2.033906,s0.488042,s-1.817557
066_20,s1.119660,s-2.178838,s88.074409
066_21,s-0.447465,s1.521421,s270.102565
066_22,s-1.722268,s0.700152,s167.954814
066_23,s-1.037156,s-1.297995,s95.008631
066_24,s1.093533,s2.048676,s9.800667
066_25,s0.227168,s2.370589,s328.427194
066_26,s-2.315935,s-1.273171,s145.078943
066_27,s2.364668,s-0.261190,s29.691066
066_28,s2.449941,s1.785257,s326.833152
066_29,s-2.198483,s1.080031,s298.196810
066_30,s-1.172307,s1.888402,s35.727253
066_31,s1.560954,s-0.649734,s215.616843
066_32,s-0.599425,s-1.844549,s98.101291
066_33,s0.264554,s-2.654332,s278.896472
066_34,s2.032019,s-2.805084,s166.760886
066_35,s-1.016351,s-2.477669,s45.386839
066_36,s-2.101279,s-0.217213,s95.175067
066_37,s-2.541770,s0.283105,s333.585137
066_38,s-2.732869,s-0.670658,s180.397889
066_39,s-2.133926,s-2.267173,s154.871834
066_40,s2.291403,s0.136723,s177.960466
066_41,s-0.461000,s-2.631158,s340.702914
066_42,s1.367803,s-2.792087,s168.199107
066_43,s-2.667948,s0.964423,s85.115600
066_44,s-1.452333,s-2.790189,s85.728402
066_45,s-2.845769,s0.181936,s151.377345
066_46,s2.270576,s-2.050245,s260.268211
066_47,s2.969715,s-0.264880,s147.244690
066_48,s-0.385599,s2.155781,s4.376331
066_49,s0.722159,s-3.224132,s89.154216
066_50,s1.918679,s1.945669,s43.434404
066_51,s-0.963555,s2.831151,s331.181986
066_52,s-0.527151,s-3.047856,s204.701949
066_53,s-1.834692,s1.875256,s-8.549996
066_54,s-2.752942,s-2.227741,s115.651164
066_55,s-3.938055,s-0.919941,s-0.560717
066_56,s-1.202259,s-3.340839,s326.578561
066_57,s-2.778154,s1.836621,s266.600680
066_58,s-3.746257,s0.788586,s27.244121
066_59,s2.880310,s0.690465,s56.839865
066_60,s-3.407598,s0.322170,s87.718940
066_61,s-1.452448,s3.083398,s-4.253895
066_62,s3.137014,s-1.425803,s86.485412
066_63,s-3.304220,s-1.274831,s115.836017
066_64,s-2.251642,s2.303206,s45.008779
066_65,s2.081834,s2.403824,s-3.374129
067_0,s-0.113922,s0.240526,s-0.453208
067_1,s0.524284,s0.072025,s2.167712
067_2,s0.523020,s-0.692828,s51.293873
067_3,s-0.566784,s-0.322952,s245.265122
067_4,s-0.581725,s0.503140,s298.815908
067_5,s0.437269,s1.017718,s299.620468
067_6,s-1.100791,s0.116898,s-4.104403
067_7,s1.085332,s0.500859,s288.688974
067_8,s-1.396097,s-0.725312,s89.649853
067_9,s-0.696677,s-1.058861,s27.090222
067_10,s0.371656,s1.780793,s270.284063
067_11,s-1.224355,s0.976182,s6.691595
067_12,s0.893538,s-0.514637,s299.589165
067_13,s1.863516,s1.406039,s77.163163
067_14,s-0.779844,s1.026383,s59.333132
067_15,s-0.323141,s-1.172707,s271.737728
067_16,s0.068432,s-1.674265,s260.052178
067_17,s1.232898,s-1.108579,s202.038236
067_18,s2.133855,s-1.525076,s343.716386
067_19,s2.033906,s0.488042,s-1.817557
067_20,s1.119660,s-2.178838,s88.074409
067_21,s-0.447465,s1.521421,s270.102565
067_22,s-1.722268,s0.700152,s167.954814
067_23,s-1.037156,s-1.297995,s95.008631
067_24,s1.093533,s2.048676,s9.800667
067_25,s0.259094,s2.345883,s329.558747
067_26,s-2.315935,s-1.273171,s145.078943
067_27,s2.364668,s-0.261190,s29.691066
067_28,s2.449941,s1.785257,s326.833152
067_29,s-2.198483,s1.080031,s298.196810
067_30,s-1.172307,s1.888402,s35.727253
067_31,s1.516857,s-0.540471,s210.993315
067_32,s-0.599425,s-1.844549,s98.101291
067_33,s0.264554,s-2.654332,s278.896472
067_34,s2.032019,s-2.805084,s166.760886
067_35,s-1.055989,s-2.483498,s42.230223
067_36,s-2.101279,s-0.217213,s95.175067
067_37,s-2.541770,s0.283105,s333.585137
067_38,s-2.732869,s-0.670658,s180.397889
067_39,s-2.133926,s-2.267173,s154.871834
067_40,s2.291403,s0.136723,s177.960466
067_41,s-0.461000,s-2.631158,s340.702914
067_42,s1.367803,s-2.792087,s168.199107
067_43,s-2.667948,s0.964423,s85.115600
067_44,s-1.452333,s-2.790189,s85.728402
067_45,s-2.845769,s0.181936,s151.377345
067_46,s2.278712,s-2.057328,s238.068461
067_47,s2.897145,s-0.315806,s333.030299
067_48,s-0.385599,s2.155781,s4.376331
067_49,s0.610811,s-3.223846,s92.879304
067_50,s1.918679,s1.945669,s43.434404
067_51,s-0.963555,s2.831151,s331.181986
067_52,s-0.527151,s-3.047856,s204.701949
067_53,s-1.834692,s1.875256,s-8.549996
067_54,s-2.842133,s-2.350159,s112.181252
067_55,s-3.938055,s-0.919941,s-0.560717
067_56,s-1.202259,s-3.340839,s326.578561
067_57,s-2.778154,s1.836621,s266.600680
067_58,s-3.709690,s0.751910,s25.572438
067_59,s2.831925,s0.748710,s61.883873
067_60,s-3.407598,s0.322170,s87.718940
067_61,s-1.489405,s3.097820,s89.212072
067_62,s3.137014,s-1.425803,s86.485412
067_63,s-3.304220,s-1.274831,s115.836017
067_64,s-2.251642,s2.303206,s45.008779
067_65,s2.081834,s2.403824,s-3.374129
067_66,s-3.119140,s2.027157,s-0.175872
068_0,s-0.113922,s0.240526,s-0.453208
068_1,s0.460889,s-0.017851,s4.430570
068_2,s0.523020,s-0.692828,s51.293873
068_3,s-0.566784,s-0.322952,s245.265122
068_4,s-0.581725,s0.503140,s298.815908
068_5,s0.437269,s1.017718,s299.620468
068_6,s-1.100791,s0.116898,s-4.104403
068_7,s1.085332,s0.500859,s288.688974
068_8,s-1.396097,s-0.725312,s89.649853
068_9,s-0.696677,s-1.058861,s27.090222
068_10,s0.371656,s1.780793,s270.284063
068_11,s-1.224355,s0.976182,s6.691595
068_12,s0.893538,s-0.514637,s299.589165
068_13,s1.863516,s1.406039,s77.163163
068_14,s-0.779844,s1.026383,s59.333132
068_15,s-0.323141,s-1.172707,s271.737728
068_16,s-0.063910,s-1.792955,s264.027964
068_17,s1.246606,s-1.072222,s197.675650
068_18,s2.133855,s-1.525076,s343.716386
068_19,s2.033906,s0.488042,s-1.817557
068_20,s1.204004,s-2.128049,s85.865672
068_21,s-0.447465,s1.521421,s270.102565
068_22,s-1.701764,s0.588345,s167.712892
068_23,s-1.037156,s-1.297995,s95.008631
068_24,s1.093533,s2.048676,s9.800667
068_25,s0.259094,s2.345883,s329.558747
068_26,s-2.315935,s-1.273171,s145.078943
068_27,s2.364668,s-0.261190,s29.691066
068_28,s2.449941,s1.785257,s326.833152
068_29,s-2.198483,s1.080031,s298.196810
068_30,s-1.172307,s1.888402,s35.727253
068_31,s1.516857,s-0.540471,s210.993315
068_32,s-0.599425,s-1.844549,s98.101291
068_33,s0.264554,s-2.654332,s278.896472
068_34,s2.032019,s-2.805084,s166.760886
068_35,s-1.055989,s-2.483498,s42.230223
068_36,s-2.101279,s-0.217213,s95.175067
068_37,s-2.541770,s0.283105,s333.585137
068_38,s-2.732869,s-0.670658,s180.397889
068_39,s-2.133926,s-2.267173,s154.871834
068_40,s2.291403,s0.136723,s177.960466
068_41,s-0.461000,s-2.631158,s340.702914
068_42,s1.365897,s-2.771589,s179.895410
068_43,s-2.662455,s0.992082,s89.346078
068_44,s-1.452333,s-2.790189,s85.728402
068_45,s-2.845769,s0.181936,s151.377345
068_46,s2.278712,s-2.057328,s238.068461
068_47,s2.897145,s-0.315806,s333.030299
068_48,s-0.385599,s2.155781,s4.376331
068_49,s0.610811,s-3.223846,s92.879304
068_50,s1.918679,s1.945669,s43.434404
068_51,s-0.963555,s2.831151,s331.181986
068_52,s-0.527151,s-3.047856,s204.701949
068_53,s-1.834692,s1.875256,s-8.549996
068_54,s-2.740819,s-2.350579,s106.923451
068_55,s-3.733381,s-0.949163,s4.511171
068_56,s-1.144402,s-3.378034,s-2.246609
068_57,s-2.778154,s1.836621,s266.600680
068_58,s-3.799705,s0.868156,s21.543024
068_59,s2.822062,s0.727423,s60.575276
068_60,s-3.407598,s0.322170,s87.718940
068_61,s-1.489405,s3.097820,s89.212072
068_62,s3.137014,s-1.425803,s86.485412
068_63,s-3.237497,s-1.315340,s112.738285
068_64,s-2.251642,s2.303206,s45.008779
068_65,s2.081834,s2.403824,s-3.374129
068_66,s-3.119140,s2.027157,s-0.175872
068_67,s-1.504842,s-3.587137,s88.843261
069_0,s-0.113922,s0.240526,s-0.453208
069_1,s0.460889,s-0.017851,s4.430570
069_2,s0.523020,s-0.692828,s51.293873
069_3,s-0.566784,s-0.322952,s245.265122
069_4,s-0.581725,s0.503140,s298.815908
069_5,s0.437269,s1.017718,s299.620468
069_6,s-1.100791,s0.116898,s-4.104403
069_7,s1.085332,s0.500859,s288.688974
069_8,s-1.396097,s-0.725312,s89.649853
069_9,s-0.696677,s-1.058861,s27.090222
069_10,s0.371656,s1.780793,s270.284063
069_11,s-1.224355,s0.976182,s6.691595
069_12,s0.893538,s-0.514637,s299.589165
069_13,s1.863516,s1.406039,s77.163163
069_14,s-0.779844,s1.026383,s59.333132
069_15,s-0.323141,s-1.172707,s271.737728
069_16,s-0.063910,s-1.792955,s264.027964
069_17,s1.246606,s-1.072222,s197.675650
069_18,s2.133855,s-1.525076,s343.716386
069_19,s2.033906,s0.488042,s-1.817557
069_20,s1.204004,s-2.128049,s85.865672
069_21,s-0.447465,s1.521421,s270.102565
069_22,s-1.701764,s0.588345,s167.712892
069_23,s-1.037156,s-1.297995,s95.008631
069_24,s1.093533,s2.048676,s9.800667
069_25,s0.259094,s2.345883,s329.558747
069_26,s-2.315935,s-1.273171,s145.078943
069_27,s2.364668,s-0.261190,s29.691066
069_28,s2.449941,s1.785257,s326.833152
069_29,s-2.198483,s1.080031,s298.196810
069_30,s-1.172307,s1.888402,s35.727253
069_31,s1.516857,s-0.540471,s210.993315
069_32,s-0.599425,s-1.844549,s98.101291
069_33,s0.264554,s-2.654332,s278.896472
069_34,s2.032019,s-2.805084,s166.760886
069_35,s-1.055989,s-2.483498,s42.230223
069_36,s-2.101279,s-0.217213,s95.175067
069_37,s-2.541770,s0.283105,s333.585137
069_38,s-2.732869,s-0.670658,s180.397889
069_39,s-2.133926,s-2.267173,s154.871834
069_40,s2.291403,s0.136723,s177.960466
069_41,s-0.461000,s-2.631158,s340.702914
069_42,s1.365897,s-2.771589,s179.895410
069_43,s-2.662455,s0.992082,s89.346078
069_44,s-1.452333,s-2.790189,s85.728402
069_45,s-2.845769,s0.181936,s151.377345
069_46,s2.278712,s-2.057328,s238.068461
069_47,s2.897145,s-0.315806,s333.030299
069_48,s-0.385599,s2.155781,s4.376331
069_49,s0.610811,s-3.223846,s92.879304
069_50,s1.918679,s1.945669,s43.434404
069_51,s-0.963555,s2.831151,s331.181986
069_52,s-0.527151,s-3.047856,s204.701949
069_53,s-1.834692,s1.875256,s-8.549996
069_54,s-2.740819,s-2.350579,s106.923451
069_55,s-3.733381,s-0.949163,s4.511171
069_56,s-1.144402,s-3.378034,s-2.246609
069_57,s-2.778154,s1.836621,s266.600680
069_58,s-3.799705,s0.868156,s21.543024
069_59,s2.822062,s0.727423,s60.575276
069_60,s-3.407598,s0.322170,s87.718940
069_61,s-1.489405,s3.097820,s89.212072
069_62,s3.137014,s-1.425803,s86.485412
069_63,s-3.237497,s-1.315340,s112.738285
069_64,s-2.251642,s2.303206,s45.008779
069_65,s2.081834,s2.403824,s-3.374129
069_66,s-3.119140,s2.027157,s-0.175872
069_67,s-1.504842,s-3.587137,s88.843261
069_68,s1.279487,s2.812652,s297.518692
070_0,s-0.113922,s0.240526,s-0.453208
070_1,s0.517257,s-0.000257,s6.622761
070_2,s0.513275,s-0.664811,s48.204643
070_3,s-0.566784,s-0.322952,s245.265122
070_4,s-0.581725,s0.503140,s298.815908
070_5,s0.404243,s1.050166,s298.324845
070_6,s-1.089078,s0.093524,s272.909206
070_7,s0.921961,s0.421177,s285.733678
070_8,s-1.335532,s-0.670340,s85.378788
070_9,s-0.767788,s-0.944983,s29.495164
070_10,s0.382043,s1.668236,s273.385396
070_11,s-1.224355,s0.976182,s6.691595
070_12,s0.893538,s-0.514637,s299.589165
070_13,s1.738678,s1.433359,s80.002079
070_14,s-0.779844,s1.026383,s59.333132
070_15,s-0.328787,s-1.129665,s276.524691
070_16,s-0.063910,s-1.792955,s264.027964
070_17,s1.222939,s-1.073670,s196.996423
070_18,s2.133340,s-1.540600,s119.932843
070_19,s2.033906,s0.488042,s-1.817557
070_20,s1.204004,s-2.128049,s85.865672
070_21,s-0.508475,s1.478380,s270.001389
070_22,s-1.593822,s0.530823,s166.751162
070_23,s-1.126136,s-1.343604,s96.188870
070_24,s1.078552,s2.156853,s10.954654
070_25,s0.214171,s2.395986,s302.999182
070_26,s-2.295560,s-1.244243,s139.853235
070_27,s2.364668,s-0.261190,s29.691066
070_28,s2.425955,s1.900873,s326.489903
070_29,s-2.133143,s1.149031,s300.929923
070_30,s-1.172307,s1.888402,s35.727253
070_31,s1.516857,s-0.540471,s210.993315
070_32,s-0.613912,s-1.892273,s95.607258
070_33,s0.213471,s-2.669434,s286.083139
070_34,s2.032019,s-2.805084,s166.760886
070_35,s-1.055989,s-2.483498,s42.230223
070_36,s-2.065536,s-0.220958,s96.967573
070_37,s-2.541770,s0.283105,s333.585137
070_38,s-2.770231,s-0.666302,s181.498400
070_39,s-2.133926,s-2.267173,s154.871834
070_40,s2.291403,s0.136723,s177.960466
070_41,s-0.399475,s-2.680345,s340.996425
070_42,s1.388905,s-2.762266,s117.341404
070_43,s-2.761694,s0.823562,s80.023282
070_44,s-1.452333,s-2.790189,s85.728402
070_45,s-2.845769,s0.181936,s151.377345
070_46,s2.214065,s-2.038438,s237.658931
070_47,s2.976765,s-0.083362,s267.404598
070_48,s-0.408421,s2.001075,s9.285478
070_49,s0.610811,s-3.223846,s92.879304
070_50,s1.915390,s1.926787,s44.064852
070_51,s-0.862853,s2.784793,s33.413917
070_52,s-0.527151,s-3.047856,s204.701949
070_53,s-1.863879,s1.885380,s-8.458485
070_54,s-2.713535,s-2.331530,s122.565600
070_55,s-3.780403,s-1.043646,s4.807983
070_56,s-1.144402,s-3.378034,s-2.246609
070_57,s-2.823517,s1.804822,s261.705882
070_58,s-3.691885,s0.995749,s32.338150
070_59,s2.902196,s0.874682,s48.164023
070_60,s-3.357408,s0.426356,s91.253055
070_61,s-1.519602,s3.325327,s90.764953
070_62,s3.110345,s-1.457011,s-1.613053
070_63,s-3.176662,s-1.212362,s111.141395
070_64,s-2.251642,s2.303206,s45.008779
070_65,s2.045094,s2.387738,s1.438259
070_66,s-3.209527,s2.046739,s2.479492
070_67,s-1.565389,s-3.620334,s85.357183
070_68,s1.292467,s2.868651,s297.124711
070_69,s-0.028727,s3.432161,s-17.400920
071_0,s-0.113922,s0.240526,s-0.453208
071_1,s0.538148,s0.022025,s9.076888
071_2,s0.439252,s-0.579361,s50.779654
071_3,s-0.633193,s-0.285984,s246.481314
071_4,s-0.581725,s0.503140,s298.815908
071_5,s0.404243,s1.050166,s298.324845
071_6,s-1.089078,s0.093524,s272.909206
071_7,s0.872033,s0.576459,s271.060905
071_8,s-1.473726,s-0.784521,s85.692953
071_9,s-0.687083,s-1.009277,s32.389950
071_10,s0.399628,s1.772170,s271.255735
071_11,s-1.224355,s0.976182,s6.691595
071_12,s0.847811,s-0.484366,s301.258967
071_13,s1.738678,s1.433359,s80.002079
071_14,s-0.779844,s1.026383,s59.333132
071_15,s-0.406034,s-1.236695,s283.254437
071_16,s-0.044173,s-1.758094,s266.725062
071_17,s1.224773,s-1.049359,s198.184277
071_18,s2.104762,s-1.602815,s115.303340
071_19,s2.033906,s0.488042,s-1.817557
071_20,s1.220894,s-2.161131,s80.571164
071_21,s-0.564238,s1.542633,s267.584796
071_22,s-1.624923,s0.389276,s167.989505
071_23,s-1.136862,s-1.350497,s97.719288
071_24,s1.098530,s2.102066,s8.815540
071_25,s0.183623,s2.366505,s299.652796
071_26,s-2.215655,s-1.486046,s141.801692
071_27,s2.364668,s-0.261190,s29.691066
071_28,s2.585078,s1.961729,s320.847520
071_29,s-2.133143,s1.149031,s300.929923
071_30,s-1.172307,s1.888402,s35.727253
071_31,s1.696713,s-0.475031,s210.038617
071_32,s-0.613912,s-1.892273,s95.607258
071_33,s0.226141,s-2.618132,s287.969340
071_34,s2.032019,s-2.805084,s166.760886
071_35,s-1.008526,s-2.437032,s50.938761
071_36,s-2.063306,s-0.137143,s96.767302
071_37,s-2.541770,s0.283105,s333.585137
071_38,s-2.788349,s-0.672007,s183.930626
071_39,s-2.079773,s-2.277403,s150.378831
071_40,s2.291403,s0.136723,s177.960466
071_41,s-0.399475,s-2.680345,s340.996425
071_42,s1.358765,s-2.755553,s329.918683
071_43,s-2.699795,s0.802298,s76.009445
071_44,s-1.452333,s-2.790189,s85.728402
071_45,s-2.946992,s0.252986,s148.887858
071_46,s2.309182,s-2.221771,s237.564097
071_47,s3.039933,s-0.096535,s301.150118
071_48,s-0.408421,s2.001075,s9.285478
071_49,s0.610956,s-3.261449,s90.168775
071_50,s1.897576,s2.000830,s44.884600
071_51,s-0.797219,s2.635908,s36.184496
071_52,s-0.656876,s-3.028416,s202.134617
071_53,s-1.897503,s1.868987,s-6.636162
071_54,s-2.659249,s-2.297253,s121.529484
071_55,s-3.748249,s-0.889279,s3.972401
071_56,s-1.144402,s-3.378034,s-2.246609
071_57,s-2.855413,s1.749362,s265.404123
071_58,s-3.691885,s0.995749,s32.338150
071_59,s2.819260,s0.734502,s333.389084
071_60,s-3.442794,s0.387334,s98.482829
071_61,s-1.546853,s3.322549,s94.400105
071_62,s3.227000,s-1.635454,s157.771021
071_63,s-3.199322,s-1.271549,s108.406315
071_64,s-2.251642,s2.303206,s45.008779
071_65,s2.223585,s2.528332,s-2.819118
071_66,s-3.510292,s2.057035,s7.138601
071_67,s-1.563446,s-3.565942,s87.223388
071_68,s1.323465,s2.843312,s295.011078
071_69,s0.000805,s3.301289,s91.727035
071_70,s3.484055,s-0.875299,s58.993298
072_0,s-0.113922,s0.240526,s-0.453208
072_1,s0.538148,s0.022025,s9.076888
072_2,s0.439252,s-0.579361,s50.779654
072_3,s-0.633193,s-0.285984,s246.481314
072_4,s-0.581725,s0.503140,s298.815908
072_5,s0.404243,s1.050166,s298.324845
072_6,s-1.089078,s0.093524,s272.909206
072_7,s0.872033,s0.576459,s271.060905
072_8,s-1.473726,s-0.784521,s85.692953
072_9,s-0.687083,s-1.009277,s32.389950
072_10,s0.399628,s1.772170,s271.255735
072_11,s-1.224355,s0.976182,s6.691595
072_12,s0.847811,s-0.484366,s301.258967
072_13,s1.738678,s1.433359,s80.002079
072_14,s-0.779844,s1.026383,s59.333132
072_15,s-0.406034,s-1.236695,s283.254437
072_16,s-0.044173,s-1.758094,s266.725062
072_17,s1.224773,s-1.049359,s198.184277
072_18,s2.104762,s-1.602815,s115.303340
072_19,s2.033906,s0.488042,s-1.817557
072_20,s1.220894,s-2.161131,s80.571164
072_21,s-0.564238,s1.542633,s267.584796
072_22,s-1.624923,s0.389276,s167.989505
072_23,s-1.136862,s-1.350497,s97.719288
072_24,s1.098530,s2.102066,s8.815540
072_25,s0.183623,s2.366505,s299.652796
072_26,s-2.215655,s-1.486046,s141.801692
072_27,s2.364668,s-0.261190,s29.691066
072_28,s2.585078,s1.961729,s320.847520
072_29,s-2.133143,s1.149031,s300.929923
072_30,s-1.172307,s1.888402,s35.727253
072_31,s1.696713,s-0.475031,s210.038617
072_32,s-0.613912,s-1.892273,s95.607258
072_33,s0.226141,s-2.618132,s287.969340
072_34,s2.032019,s-2.805084,s166.760886
072_35,s-1.008526,s-2.437032,s50.938761
072_36,s-2.063306,s-0.137143,s96.767302
072_37,s-2.541770,s0.283105,s333.585137
072_38,s-2.788349,s-0.672007,s183.930626
072_39,s-2.079773,s-2.277403,s150.378831
072_40,s2.291403,s0.136723,s177.960466
072_41,s-0.399475,s-2.680345,s340.996425
072_42,s1.358765,s-2.755553,s329.918683
072_43,s-2.699795,s0.802298,s76.009445
072_44,s-1.452333,s-2.790189,s85.728402
072_45,s-2.946992,s0.252986,s148.887858
072_46,s2.309182,s-2.221771,s237.564097
072_47,s3.039933,s-0.096535,s301.150118
072_48,s-0.408421,s2.001075,s9.285478
072_49,s0.610956,s-3.261449,s90.168775
072_50,s1.897576,s2.000830,s44.884600
072_51,s-0.797219,s2.635908,s36.184496
072_52,s-0.656876,s-3.028416,s202.134617
072_53,s-1.897503,s1.868987,s-6.636162
072_54,s-2.659249,s-2.297253,s121.529484
072_55,s-3.748249,s-0.889279,s3.972401
072_56,s-1.144402,s-3.378034,s-2.246609
072_57,s-2.855413,s1.749362,s265.404123
072_58,s-3.691885,s0.995749,s32.338150
072_59,s2.819260,s0.734502,s333.389084
072_60,s-3.442794,s0.387334,s98.482829
072_61,s-1.546853,s3.322549,s94.400105
072_62,s3.227000,s-1.635454,s157.771021
072_63,s-3.199322,s-1.271549,s108.406315
072_64,s-2.251642,s2.303206,s45.008779
072_65,s2.223585,s2.528332,s-2.819118
072_66,s-3.510292,s2.057035,s7.138601
072_67,s-1.563446,s-3.565942,s87.223388
072_68,s1.323465,s2.843312,s295.011078
072_69,s0.000805,s3.301289,s91.727035
072_70,s3.484055,s-0.875299,s58.993298
072_71,s0.142996,s-3.637190,s120.773979
073_0,s-0.113922,s0.240526,s-0.453208
073_1,s0.538148,s0.022025,s9.076888
073_2,s0.439252,s-0.579361,s50.779654
073_3,s-0.633193,s-0.285984,s246.481314
073_4,s-0.581725,s0.503140,s298.815908
073_5,s0.404243,s1.050166,s298.324845
073_6,s-1.089078,s0.093524,s272.909206
073_7,s0.872033,s0.576459,s271.060905
073_8,s-1.473726,s-0.784521,s85.692953
073_9,s-0.687083,s-1.009277,s32.389950
073_10,s0.399628,s1.772170,s271.255735
073_11,s-1.224355,s0.976182,s6.691595
073_12,s0.847811,s-0.484366,s301.258967
073_13,s1.738678,s1.433359,s80.002079
073_14,s-0.779844,s1.026383,s59.333132
073_15,s-0.406034,s-1.236695,s283.254437
073_16,s-0.044173,s-1.758094,s266.725062
073_17,s1.224773,s-1.049359,s198.184277
073_18,s2.104762,s-1.602815,s115.303340
073_19,s2.033906,s0.488042,s-1.817557
073_20,s1.220894,s-2.161131,s80.571164
073_21,s-0.564238,s1.542633,s267.584796
073_22,s-1.624923,s0.389276,s167.989505
073_23,s-1.136862,s-1.350497,s97.719288
073_24,s1.098530,s2.102066,s8.815540
073_25,s0.183623,s2.366505,s299.652796
073_26,s-2.215655,s-1.486046,s141.801692
073_27,s2.364668,s-0.261190,s29.691066
073_28,s2.585078,s1.961729,s320.847520
073_29,s-2.133143,s1.149031,s300.929923
073_30,s-1.172307,s1.888402,s35.727253
073_31,s1.696713,s-0.475031,s210.038617
073_32,s-0.613912,s-1.892273,s95.607258
073_33,s0.226141,s-2.618132,s287.969340
073_34,s2.032019,s-2.805084,s166.760886
073_35,s-1.008526,s-2.437032,s50.938761
073_36,s-2.063306,s-0.137143,s96.767302
073_37,s-2.541770,s0.283105,s333.585137
073_38,s-2.788349,s-0.672007,s183.930626
073_39,s-2.079773,s-2.277403,s150.378831
073_40,s2.291403,s0.136723,s177.960466
073_41,s-0.399475,s-2.680345,s340.996425
073_42,s1.358765,s-2.755553,s329.918683
073_43,s-2.699795,s0.802298,s76.009445
073_44,s-1.452333,s-2.790189,s85.728402
073_45,s-2.946992,s0.252986,s148.887858
073_46,s2.309182,s-2.221771,s237.564097
073_47,s3.039933,s-0.096535,s301.150118
073_48,s-0.408421,s2.001075,s9.285478
073_49,s0.610956,s-3.261449,s90.168775
073_50,s1.897576,s2.000830,s44.884600
073_51,s-0.797219,s2.635908,s36.184496
073_52,s-0.656876,s-3.028416,s202.134617
073_53,s-1.897503,s1.868987,s-6.636162
073_54,s-2.659249,s-2.297253,s121.529484
073_55,s-3.748249,s-0.889279,s3.972401
073_56,s-1.144402,s-3.378034,s-2.246609
073_57,s-2.855413,s1.749362,s265.404123
073_58,s-3.691885,s0.995749,s32.338150
073_59,s2.819260,s0.734502,s333.389084
073_60,s-3.442794,s0.387334,s98.482829
073_61,s-1.546853,s3.322549,s94.400105
073_62,s3.227000,s-1.635454,s157.771021
073_63,s-3.199322,s-1.271549,s108.406315
073_64,s-2.251642,s2.303206,s45.008779
073_65,s2.223585,s2.528332,s-2.819118
073_66,s-3.510292,s2.057035,s7.138601
073_67,s-1.563446,s-3.565942,s87.223388
073_68,s1.323465,s2.843312,s295.011078
073_69,s0.000805,s3.301289,s91.727035
073_70,s3.484055,s-0.875299,s58.993298
073_71,s0.142996,s-3.637190,s120.773979
073_72,s-4.255551,s-0.350982,s5.318871
074_0,s-0.113922,s0.240526,s-0.453208
074_1,s0.505128,s0.028384,s7.797956
074_2,s0.458238,s-0.537965,s46.624691
074_3,s-0.682479,s-0.278814,s237.793592
074_4,s-0.581725,s0.503140,s298.815908
074_5,s0.318097,s1.066274,s296.225981
074_6,s-1.147387,s0.164293,s267.354283
074_7,s0.858668,s0.572520,s330.036071
074_8,s-1.435473,s-0.646773,s84.980624
074_9,s-0.748790,s-1.035558,s33.583489
074_10,s0.399628,s1.772170,s271.255735
074_11,s-1.224355,s0.976182,s6.691595
074_12,s0.867715,s-0.398638,s302.433679
074_13,s1.702389,s1.373755,s75.062643
074_14,s-0.779844,s1.026383,s59.333132
074_15,s-0.406034,s-1.236695,s283.254437
074_16,s-0.082850,s-1.747719,s263.726771
074_17,s1.415928,s-0.946782,s197.538783
074_18,s2.137074,s-1.749378,s110.979391
074_19,s2.114911,s0.642193,s2.774569
074_20,s1.150684,s-2.214908,s81.380006
074_21,s-0.564238,s1.542633,s267.584796
074_22,s-1.568145,s0.545091,s186.965664
074_23,s-1.154475,s-1.472355,s92.228305
074_24,s1.097232,s2.105335,s9.282831
074_25,s0.183623,s2.366505,s299.652796
074_26,s-2.308163,s-1.467152,s144.841984
074_27,s2.364668,s-0.261190,s29.691066
074_28,s2.689585,s2.103737,s93.061052
074_29,s-2.133143,s1.149031,s300.929923
074_30,s-1.075642,s2.059903,s39.340132
074_31,s1.696561,s-0.485467,s242.058566
074_32,s-0.613912,s-1.892273,s95.607258
074_33,s0.181324,s-2.640682,s283.802889
074_34,s2.065319,s-2.775148,s166.040112
074_35,s-1.172707,s-2.387377,s53.911357
074_36,s-2.004939,s-0.061320,s100.712387
074_37,s-2.518087,s0.288428,s328.017263
074_38,s-2.817224,s-0.596635,s191.095136
074_39,s-2.189661,s-2.231992,s150.280416
074_40,s2.291403,s0.136723,s177.960466
074_41,s-0.493091,s-2.628755,s339.724380
074_42,s1.243464,s-2.816161,s332.746621
074_43,s-2.707443,s0.836558,s62.294977
074_44,s-1.485992,s-2.757170,s86.973221
074_45,s-2.888022,s0.212851,s152.199744
074_46,s2.309182,s-2.221771,s237.564097
074_47,s2.985111,s-0.161857,s238.061426
074_48,s-0.384343,s2.068549,s8.684321
074_49,s0.520257,s-3.197204,s183.393619
074_50,s1.829023,s1.997260,s49.113805
074_51,s-0.833573,s2.860400,s27.897212
074_52,s-0.557448,s-3.095311,s197.727795
074_53,s-1.860056,s1.966492,s-5.656118
074_54,s-2.839856,s-2.381590,s116.039338
074_55,s-3.725769,s-0.878466,s-0.743302
074_56,s-1.098768,s-3.350305,s186.104114
074_57,s-2.802992,s1.846562,s122.723892
074_58,s-3.920632,s0.961341,s64.170570
074_59,s2.819260,s0.734502,s333.389084
074_60,s-3.442794,s0.387334,s98.482829
074_61,s-1.616185,s3.386239,s96.277884
074_62,s3.250998,s-1.571048,s91.753480
074_63,s-3.210559,s-1.271346,s106.369274
074_64,s-2.260758,s2.330594,s41.503937
074_65,s2.409801,s2.565904,s-7.804048
074_66,s-3.493886,s2.120636,s72.372622
074_67,s-1.604103,s-3.617904,s120.251514
074_68,s1.323465,s2.843312,s295.011078
074_69,s0.047186,s3.223695,s61.949304
074_70,s3.370913,s-0.917970,s58.823571
074_71,s0.100965,s-3.708315,s2.597459
074_72,s-4.265806,s-0.385834,s151.784869
074_73,s1.237474,s3.344187,s29.436282
075_0,s-0.113922,s0.240526,s330.831986
075_1,s0.538350,s-0.008423,s59.978162
075_2,s0.458844,s-0.676456,s59.775918
075_3,s-0.680839,s-0.298447,s238.144275
075_4,s-0.581725,s0.503140,s298.815908
075_5,s0.318097,s1.066274,s296.225981
075_6,s-1.139665,s0.112394,s265.580377
075_7,s0.821183,s0.479204,s272.316994
075_8,s-1.405586,s-0.735795,s88.360419
075_9,s-0.877229,s-1.053793,s25.969455
075_10,s0.442130,s1.712026,s272.714308
075_11,s-1.224355,s0.976182,s6.691595
075_12,s0.862125,s-0.384650,s239.586337
075_13,s1.702389,s1.373755,s178.817355
075_14,s-0.779844,s1.026383,s118.031818
075_15,s-0.429848,s-1.125560,s268.273473
075_16,s-0.087439,s-1.654604,s299.627902
075_17,s1.379732,s-0.974683,s272.063292
075_18,s2.137074,s-1.749378,s210.753717
075_19,s2.053394,s0.696822,s3.719569
075_20,s0.956976,s-2.163877,s331.973523
075_21,s-0.586086,s1.454884,s273.861678
075_22,s-1.568145,s0.545091,s186.965664
075_23,s-1.276486,s-1.339852,s93.615411
075_24,s1.000046,s2.199008,s-1.505382
075_25,s0.188239,s2.314745,s296.542590
075_26,s-2.344134,s-1.446122,s330.400609
075_27,s2.364668,s-0.261190,s29.691066
075_28,s2.702597,s2.049199,s90.385077
075_29,s-2.079682,s1.101674,s304.550522
075_30,s-1.053707,s2.082617,s34.440269
075_31,s1.783001,s-0.483769,s32.196176
075_32,s-0.609868,s-1.925507,s92.357435
075_33,s0.078134,s-2.727107,s284.029329
075_34,s2.147612,s-2.894180,s166.926679
075_35,s-1.177367,s-2.460982,s47.141752
075_36,s-1.831484,s-0.133432,s104.004939
075_37,s-2.501519,s0.273357,s152.013688
075_38,s-2.926357,s-0.581458,s193.090275
075_39,s-2.194504,s-2.229304,s150.432256
075_40,s2.291403,s0.136723,s177.960466
075_41,s-0.482923,s-2.680055,s340.988513
075_42,s1.266778,s-2.860023,s297.244372
075_43,s-2.675807,s0.864034,s55.592857
075_44,s-1.484749,s-2.820743,s88.134511
075_45,s-2.956634,s0.313056,s142.524785
075_46,s2.166006,s-2.244945,s234.660072
075_47,s2.920313,s-0.091424,s235.902097
075_48,s-0.398501,s2.108286,s1.991636
075_49,s0.521200,s-3.111295,s265.897042
075_50,s1.829023,s1.997260,s49.113805
075_51,s-0.738808,s2.865435,s240.551120
075_52,s-0.557448,s-3.095311,s197.727795
075_53,s-1.870864,s1.744644,s-19.589290
075_54,s-2.840954,s-2.469037,s90.888311
075_55,s-3.603304,s-0.814000,s109.792491
075_56,s-1.155260,s-3.288174,s239.076896
075_57,s-2.900098,s1.932886,s234.522731
075_58,s-3.703529,s0.932285,s79.758196
075_59,s2.823739,s0.661767,s331.732042
075_60,s-3.442794,s0.387334,s98.482829
075_61,s-1.834975,s3.350238,s105.851386
075_62,s3.194405,s-1.690241,s96.170991
075_63,s-3.307810,s-1.263827,s150.068931
075_64,s-2.079704,s2.263146,s42.118137
075_65,s2.326020,s2.758243,s327.932364
075_66,s-3.432723,s2.056730,s299.859570
075_67,s-1.634946,s-3.657826,s116.622199
075_68,s1.476539,s2.800418,s301.720313
075_69,s0.048589,s3.188952,s147.958506
075_70,s3.380138,s-0.920063,s55.732221
075_71,s0.104918,s-3.719965,s13.976658
075_72,s-4.181405,s-0.494709,s152.157064
075_73,s1.477746,s3.330842,s325.599785
075_74,s0.101726,s3.771346,s98.224023
076_0,s-0.113922,s0.240526,s330.831986
076_1,s0.538350,s-0.008423,s59.978162
076_2,s0.538938,s-0.709991,s52.676758
076_3,s-0.646459,s-0.351877,s238.245902
076_4,s-0.581725,s0.503140,s298.815908
076_5,s0.318097,s1.066274,s296.225981
076_6,s-1.176715,s0.103608,s263.108332
076_7,s0.752270,s0.381663,s268.385660
076_8,s-1.407681,s-0.799832,s62.244067
076_9,s-0.877229,s-1.053793,s25.969455
076_10,s0.386546,s1.727756,s266.451895
076_11,s-1.224355,s0.976182,s6.691595
076_12,s0.862125,s-0.384650,s239.586337
076_13,s1.783015,s1.358356,s153.326576
076_14,s-0.779844,s1.026383,s118.031818
076_15,s-0.477953,s-1.114138,s267.855749
076_16,s-0.080924,s-1.646069,s294.511105
076_17,s1.379732,s-0.974683,s272.063292
076_18,s2.137074,s-1.749378,s210.753717
076_19,s1.988681,s0.742785,s239.255686
076_20,s0.949394,s-2.179799,s334.834854
076_21,s-0.420513,s1.534681,s274.570688
076_22,s-1.568145,s0.545091,s186.965664
076_23,s-1.276486,s-1.339852,s93.615411
076_24,s1.079237,s2.013227,s-2.446161
076_25,s0.110607,s2.364133,s296.110838
076_26,s-2.382577,s-1.391240,s328.999465
076_27,s2.364668,s-0.261190,s29.691066
076_28,s2.744615,s2.083941,s90.024849
076_29,s-2.061332,s1.115314,s180.857838
076_30,s-1.119614,s2.063303,s38.553240
076_31,s1.783612,s-0.471428,s33.486693
076_32,s-0.609868,s-1.925507,s92.357435
076_33,s0.144829,s-2.656622,s284.023915
076_34,s2.147612,s-2.894180,s166.926679
076_35,s-1.171786,s-2.382545,s48.652491
076_36,s-1.830613,s-0.122693,s119.178332
076_37,s-2.501519,s0.273357,s152.013688
076_38,s-2.926357,s-0.581458,s193.090275
076_39,s-2.161301,s-2.237324,s145.556816
076_40,s2.291403,s0.136723,s177.960466
076_41,s-0.536389,s-2.539974,s329.528456
076_42,s1.366950,s-2.908880,s299.008278
076_43,s-2.581517,s0.851009,s57.574833
076_44,s-1.528306,s-3.092241,s74.359492
076_45,s-2.956634,s0.313056,s142.524785
076_46,s2.166006,s-2.244945,s234.660072
076_47,s3.002975,s-0.126291,s232.153273
076_48,s-0.398501,s2.108286,s1.991636
076_49,s0.534915,s-3.085392,s262.666320
076_50,s1.790245,s1.998765,s43.800551
076_51,s-0.738808,s2.865435,s240.551120
076_52,s-0.543074,s-3.012535,s196.163509
076_53,s-1.917587,s1.713751,s-26.123926
076_54,s-2.722633,s-2.349968,s85.788131
076_55,s-3.581982,s-0.797218,s113.928730
076_56,s-1.155260,s-3.288174,s239.076896
076_57,s-2.855693,s1.910938,s239.940822
076_58,s-3.725351,s0.947869,s78.090288
076_59,s2.734490,s0.669966,s343.444735
076_60,s-3.496180,s0.433862,s99.994500
076_61,s-1.769475,s3.359603,s118.685047
076_62,s3.208060,s-1.692497,s299.546051
076_63,s-3.207440,s-1.247806,s237.939255
076_64,s-2.079704,s2.263146,s42.118137
076_65,s2.318014,s2.827346,s270.227838
076_66,s-3.452861,s2.037463,s113.214790
076_67,s-1.774277,s-3.582209,s114.028086
076_68,s1.483078,s2.756313,s302.527330
076_69,s0.048589,s3.188952,s147.958506
076_70,s3.374030,s-0.953783,s48.174183
076_71,s0.087261,s-3.731491,s14.158019
076_72,s-4.181405,s-0.494709,s152.157064
076_73,s1.435350,s3.442441,s1.413267
076_74,s0.178820,s3.934344,s92.518938
076_75,s-2.109095,s3.861482,s57.627043
077_0,s-0.113922,s0.240526,s330.831986
077_1,s0.538350,s-0.008423,s59.978162
077_2,s0.538938,s-0.709991,s52.676758
077_3,s-0.646459,s-0.351877,s238.245902
077_4,s-0.581725,s0.503140,s298.815908
077_5,s0.318097,s1.066274,s296.225981
077_6,s-1.176715,s0.103608,s263.108332
077_7,s0.752270,s0.381663,s268.385660
077_8,s-1.407681,s-0.799832,s62.244067
077_9,s-0.877229,s-1.053793,s25.969455
077_10,s0.386546,s1.727756,s266.451895
077_11,s-1.224355,s0.976182,s6.691595
077_12,s0.862125,s-0.384650,s239.586337
077_13,s1.808517,s1.441345,s148.279794
077_14,s-0.779844,s1.026383,s118.031818
077_15,s-0.477953,s-1.114138,s267.855749
077_16,s-0.080924,s-1.646069,s294.511105
077_17,s1.379732,s-0.974683,s272.063292
077_18,s2.137074,s-1.749378,s210.753717
077_19,s1.988681,s0.742785,s239.255686
077_20,s0.857538,s-2.128421,s339.463962
077_21,s-0.420513,s1.534681,s274.570688
077_22,s-1.568145,s0.545091,s186.965664
077_23,s-1.276486,s-1.339852,s93.615411
077_24,s1.079237,s2.013227,s-2.446161
077_25,s0.110607,s2.364133,s296.110838
077_26,s-2.382577,s-1.391240,s328.999465
077_27,s2.364668,s-0.261190,s29.691066
077_28,s2.744615,s2.083941,s90.024849
077_29,s-2.061332,s1.115314,s180.857838
077_30,s-1.146085,s2.045158,s36.343864
077_31,s1.783612,s-0.471428,s33.486693
077_32,s-0.609868,s-1.925507,s92.357435
077_33,s0.144829,s-2.656622,s284.023915
077_34,s2.147612,s-2.894180,s166.926679
077_35,s-1.171786,s-2.382545,s48.652491
077_36,s-1.872886,s-0.091505,s121.387584
077_37,s-2.501519,s0.273357,s152.013688
077_38,s-2.926357,s-0.581458,s193.090275
077_39,s-2.161301,s-2.237324,s145.556816
077_40,s2.291403,s0.136723,s177.960466
077_41,s-0.536389,s-2.539974,s329.528456
077_42,s1.366950,s-2.908880,s299.008278
077_43,s-2.581517,s0.851009,s57.574833
077_44,s-1.528306,s-3.092241,s74.359492
077_45,s-2.956634,s0.313056,s142.524785
077_46,s2.166006,s-2.244945,s234.660072
077_47,s3.002975,s-0.126291,s232.153273
077_48,s-0.398501,s2.108286,s1.991636
077_49,s0.534915,s-3.085392,s262.666320
077_50,s1.790245,s1.998765,s43.800551
077_51,s-0.738808,s2.865435,s240.551120
077_52,s-0.543074,s-3.012535,s196.163509
077_53,s-1.917587,s1.713751,s-26.123926
077_54,s-2.722633,s-2.349968,s85.788131
077_55,s-3.581982,s-0.797218,s113.928730
077_56,s-1.155260,s-3.288174,s239.076896
077_57,s-2.892175,s1.905266,s240.781075
077_58,s-3.710483,s0.952643,s58.596867
077_59,s2.734490,s0.669966,s343.444735
077_60,s-3.496180,s0.433862,s99.994500
077_61,s-1.769475,s3.359603,s118.685047
077_62,s3.257770,s-1.889059,s212.920886
077_63,s-3.207440,s-1.247806,s237.939255
077_64,s-2.079704,s2.263146,s42.118137
077_65,s2.499279,s2.938064,s271.954550
077_66,s-3.440421,s2.046637,s112.211611
077_67,s-1.774277,s-3.582209,s114.028086
077_68,s1.483078,s2.756313,s302.527330
077_69,s0.132494,s3.160344,s301.808759
077_70,s3.374030,s-0.953783,s48.174183
077_71,s0.087261,s-3.731491,s14.158019
077_72,s-4.103211,s-0.475673,s142.627076
077_73,s1.575704,s3.493697,s10.655743
077_74,s0.178820,s3.934344,s92.518938
077_75,s-2.018361,s3.834829,s53.600752
077_76,s-3.636663,s-1.380862,s119.530113
078_0,s-0.113922,s0.240526,s330.831986
078_1,s0.538350,s-0.008423,s59.978162
078_2,s0.526577,s-0.681295,s56.744871
078_3,s-0.555845,s-0.356334,s241.413843
078_4,s-0.581725,s0.503140,s298.815908
078_5,s0.331676,s1.056989,s290.057931
078_6,s-1.146999,s0.141260,s265.759255
078_7,s0.821615,s0.435378,s253.717979
078_8,s-1.465614,s-0.846269,s61.046567
078_9,s-0.941008,s-1.081803,s27.065864
078_10,s0.386546,s1.727756,s266.451895
078_11,s-1.224355,s0.976182,s6.691595
078_12,s0.862125,s-0.384650,s239.586337
078_13,s1.760131,s1.595889,s150.322036
078_14,s-0.779844,s1.026383,s118.031818
078_15,s-0.477953,s-1.114138,s267.855749
078_16,s0.073061,s-1.758803,s293.315348
078_17,s1.379732,s-0.974683,s272.063292
078_18,s2.137074,s-1.749378,s210.753717
078_19,s2.017755,s0.766500,s325.136402
078_20,s0.893597,s-2.162201,s337.885491
078_21,s-0.455386,s1.602631,s210.058868
078_22,s-1.613019,s0.552484,s189.215956
078_23,s-1.276486,s-1.339852,s93.615411
078_24,s1.045685,s2.057369,s-5.190412
078_25,s0.110607,s2.364133,s296.110838
078_26,s-2.347959,s-1.447933,s330.542957
078_27,s2.364668,s-0.261190,s29.691066
078_28,s2.863126,s2.051183,s291.862943
078_29,s-2.061332,s1.115314,s180.857838
078_30,s-1.065625,s2.021516,s32.825558
078_31,s1.730273,s-0.444413,s59.506164
078_32,s-0.690474,s-1.949587,s90.424200
078_33,s0.116463,s-2.646199,s2.655347
078_34,s2.229954,s-3.052757,s161.758138
078_35,s-1.324606,s-2.384208,s123.359220
078_36,s-1.864166,s-0.075854,s121.485429
078_37,s-2.386072,s0.305538,s157.666127
078_38,s-2.934019,s-0.572273,s194.907328
078_39,s-2.255626,s-2.240739,s146.557902
078_40,s2.291403,s0.136723,s177.960466
078_41,s-0.536389,s-2.539974,s329.528456
078_42,s1.366950,s-2.908880,s299.008278
078_43,s-2.645394,s0.971286,s54.191982
078_44,s-1.528306,s-3.092241,s74.359492
078_45,s-2.956634,s0.313056,s142.524785
078_46,s2.166006,s-2.244945,s234.660072
078_47,s3.029947,s-0.056232,s233.182905
078_48,s-0.415740,s2.043302,s3.221780
078_49,s0.572237,s-3.078583,s257.032208
078_50,s1.727990,s2.049671,s40.392597
078_51,s-0.648344,s2.965381,s92.259303
078_52,s-0.486463,s-2.968517,s188.356067
078_53,s-1.742965,s1.669898,s-16.282884
078_54,s-2.828033,s-2.479489,s86.281157
078_55,s-3.500390,s-0.836144,s116.853449
078_56,s-1.155260,s-3.288174,s239.076896
078_57,s-2.892716,s1.894302,s234.634495
078_58,s-3.779622,s1.013100,s61.891686
078_59,s2.752642,s0.652583,s328.478449
078_60,s-3.594338,s0.448141,s149.433888
078_61,s-1.647025,s3.294137,s122.959193
078_62,s2.896456,s-1.883896,s207.183640
078_63,s-3.235460,s-1.315231,s238.492616
078_64,s-2.073549,s2.220229,s25.296755
078_65,s2.319627,s2.789087,s274.511829
078_66,s-3.502997,s2.153965,s115.363515
078_67,s-1.981156,s-3.483522,s113.492407
078_68,s1.662698,s2.858609,s309.195666
078_69,s0.232880,s3.144862,s272.141555
078_70,s3.329498,s-1.101776,s122.265261
078_71,s0.073816,s-3.693381,s13.651145
078_72,s-4.051357,s-0.440033,s142.038717
078_73,s1.391852,s3.711611,s90.175738
078_74,s0.178820,s3.934344,s92.518938
078_75,s-1.992468,s3.810291,s55.357245
078_76,s-3.666116,s-1.360600,s179.021354
078_77,s-2.958163,s2.511491,s38.182448
079_0,s-0.113922,s0.240526,s330.831986
079_1,s0.538350,s-0.008423,s59.978162
079_2,s0.526577,s-0.681295,s56.744871
079_3,s-0.555845,s-0.356334,s241.413843
079_4,s-0.581725,s0.503140,s298.815908
079_5,s0.331676,s1.056989,s290.057931
079_6,s-1.146999,s0.141260,s265.759255
079_7,s0.874212,s0.466854,s269.931295
079_8,s-1.465614,s-0.846269,s61.046567
079_9,s-0.931495,s-1.058200,s16.335659
079_10,s0.380922,s1.683176,s260.223188
079_11,s-1.224355,s0.976182,s6.691595
079_12,s0.862125,s-0.384650,s239.586337
079_13,s1.760131,s1.595889,s150.322036
079_14,s-0.779844,s1.026383,s118.031818
079_15,s-0.272197,s-1.160943,s266.138053
079_16,s0.073061,s-1.758803,s293.315348
079_17,s1.379732,s-0.974683,s272.063292
079_18,s2.137074,s-1.749378,s210.753717
079_19,s2.072889,s0.778081,s318.849541
079_20,s0.893597,s-2.162201,s337.885491
079_21,s-0.471276,s1.557938,s238.342643
079_22,s-1.613019,s0.552484,s189.215956
079_23,s-1.276486,s-1.339852,s93.615411
079_24,s1.045685,s2.057369,s-5.190412
079_25,s0.188275,s2.299951,s297.097586
079_26,s-2.347959,s-1.447933,s330.542957
079_27,s2.364668,s-0.261190,s29.691066
079_28,s2.863126,s2.051183,s291.862943
079_29,s-2.061332,s1.115314,s180.857838
079_30,s-1.047657,s2.096067,s40.799143
079_31,s1.730273,s-0.444413,s59.506164
079_32,s-0.690474,s-1.949587,s90.424200
079_33,s0.116463,s-2.646199,s2.655347
079_34,s2.189574,s-2.911210,s179.941469
079_35,s-1.324606,s-2.384208,s123.359220
079_36,s-1.864166,s-0.075854,s121.485429
079_37,s-2.386072,s0.305538,s157.666127
079_38,s-2.934019,s-0.572273,s194.907328
079_39,s-2.255626,s-2.240739,s146.557902
079_40,s2.291403,s0.136723,s177.960466
079_41,s-0.536389,s-2.539974,s329.528456
079_42,s1.366950,s-2.908880,s299.008278
079_43,s-2.602072,s0.911252,s49.472662
079_44,s-1.528306,s-3.092241,s74.359492
079_45,s-2.956634,s0.313056,s142.524785
079_46,s2.166006,s-2.244945,s234.660072
079_47,s3.010433,s-0.039508,s182.657079
079_48,s-0.415740,s2.043302,s3.221780
079_49,s0.588398,s-2.997885,s254.888353
079_50,s1.727990,s2.049671,s40.392597
079_51,s-0.648344,s2.965381,s92.259303
079_52,s-0.459124,s-2.938394,s185.739297
079_53,s-1.796544,s1.769426,s-20.270216
079_54,s-2.889908,s-2.580724,s82.575575
079_55,s-3.500390,s-0.836144,s116.853449
079_56,s-1.155260,s-3.288174,s239.076896
079_57,s-2.892716,s1.894302,s234.634495
079_58,s-3.681808,s1.067141,s62.298557
079_59,s2.772900,s0.753592,s331.174280
079_60,s-3.594338,s0.448141,s149.433888
079_61,s-1.647025,s3.294137,s122.959193
079_62,s2.896456,s-1.883896,s207.183640
079_63,s-3.235460,s-1.315231,s238.492616
079_64,s-2.073549,s2.220229,s25.296755
079_65,s2.326721,s2.826254,s265.798206
079_66,s-3.502997,s2.153965,s115.363515
079_67,s-1.981156,s-3.483522,s113.492407
079_68,s1.662698,s2.858609,s309.195666
079_69,s0.232880,s3.144862,s272.141555
079_70,s3.329498,s-1.101776,s122.265261
079_71,s0.073816,s-3.693381,s13.651145
079_72,s-4.051357,s-0.440033,s142.038717
079_73,s1.449285,s3.865893,s91.339398
079_74,s0.178820,s3.934344,s92.518938
079_75,s-1.992468,s3.810291,s55.357245
079_76,s-3.666116,s-1.360600,s179.021354
079_77,s-2.985034,s2.701639,s38.023300
079_78,s-2.697218,s-3.114388,s172.521349
080_0,s-0.113922,s0.240526,s330.831986
080_1,s0.538350,s-0.008423,s59.978162
080_2,s0.522032,s-0.735231,s58.627085
080_3,s-0.555845,s-0.356334,s241.413843
080_4,s-0.581725,s0.503140,s298.815908
080_5,s0.331676,s1.056989,s290.057931
080_6,s-1.146856,s0.173748,s267.970118
080_7,s1.126299,s0.395796,s264.692336
080_8,s-1.465614,s-0.846269,s61.046567
080_9,s-0.852941,s-1.087795,s11.340202
080_10,s0.434290,s1.760373,s252.094595
080_11,s-1.224355,s0.976182,s6.691595
080_12,s0.862125,s-0.384650,s239.586337
080_13,s1.929790,s1.736669,s146.977033
080_14,s-0.779844,s1.026383,s118.031818
080_15,s-0.237490,s-1.025759,s146.656521
080_16,s0.073061,s-1.758803,s293.315348
080_17,s1.379732,s-0.974683,s272.063292
080_18,s2.171038,s-1.663125,s332.452406
080_19,s2.072889,s0.778081,s318.849541
080_20,s0.893597,s-2.162201,s337.885491
080_21,s-0.471276,s1.557938,s238.342643
080_22,s-1.613019,s0.552484,s189.215956
080_23,s-1.317678,s-1.357594,s88.321294
080_24,s1.045685,s2.057369,s-5.190412
080_25,s0.188275,s2.299951,s297.097586
080_26,s-2.361411,s-1.498349,s-1.041883
080_27,s2.364668,s-0.261190,s29.691066
080_28,s2.785068,s2.036472,s294.635329
080_29,s-2.129710,s1.090413,s186.790628
080_30,s-1.060750,s2.069256,s29.784046
080_31,s1.730273,s-0.444413,s59.506164
080_32,s-0.768742,s-2.016790,s90.087085
080_33,s0.116463,s-2.646199,s2.655347
080_34,s2.272003,s-2.932145,s207.688941
080_35,s-1.391016,s-2.333366,s122.647943
080_36,s-1.864166,s-0.075854,s121.485429
080_37,s-2.386072,s0.305538,s157.666127
080_38,s-2.934019,s-0.572273,s194.907328
080_39,s-2.242727,s-2.223646,s151.101655
080_40,s2.291403,s0.136723,s177.960466
080_41,s-0.561479,s-2.586665,s332.765178
080_42,s1.413789,s-2.898415,s294.719652
080_43,s-2.602072,s0.911252,s49.472662
080_44,s-1.552378,s-3.136100,s70.956506
080_45,s-2.956634,s0.313056,s142.524785
080_46,s2.166006,s-2.244945,s234.660072
080_47,s3.091860,s0.011727,s181.375950
080_48,s-0.333452,s2.074972,s2.414943
080_49,s0.485528,s-3.119658,s250.681137
080_50,s1.727990,s2.049671,s40.392597
080_51,s-0.633165,s2.985929,s101.447175
080_52,s-0.459124,s-2.938394,s185.739297
080_53,s-1.835338,s1.797040,s-22.725658
080_54,s-2.955990,s-2.470210,s78.639211
080_55,s-3.500390,s-0.836144,s116.853449
080_56,s-1.155260,s-3.288174,s239.076896
080_57,s-2.946787,s1.930817,s233.251657
080_58,s-3.681808,s1.067141,s62.298557
080_59,s2.772900,s0.753592,s331.174280
080_60,s-3.594338,s0.448141,s149.433888
080_61,s-1.597502,s3.310856,s149.673746
080_62,s2.879646,s-1.874378,s207.488905
080_63,s-3.235460,s-1.315231,s238.492616
080_64,s-2.073549,s2.220229,s25.296755
080_65,s2.327193,s2.819279,s237.714692
080_66,s-3.502997,s2.153965,s115.363515
080_67,s-1.981156,s-3.483522,s113.492407
080_68,s1.649921,s2.738372,s308.059320
080_69,s0.215521,s3.095106,s271.806754
080_70,s3.233100,s-1.076271,s114.096772
080_71,s0.073816,s-3.693381,s13.651145
080_72,s-4.097178,s-0.449722,s140.427674
080_73,s1.578725,s3.900349,s90.922191
080_74,s0.101315,s4.094583,s240.178743
080_75,s-1.863339,s3.908774,s42.859663
080_76,s-3.666116,s-1.360600,s179.021354
080_77,s-2.991682,s2.657871,s62.035531
080_78,s-2.646236,s-3.116091,s122.877024
080_79,s-4.542164,s0.503636,s328.479089
081_0,s-0.113922,s0.240526,s330.831986
081_1,s0.538350,s-0.008423,s59.978162
081_2,s0.522032,s-0.735231,s58.627085
081_3,s-0.555845,s-0.356334,s241.413843
081_4,s-0.581725,s0.503140,s298.815908
081_5,s0.331676,s1.056989,s290.057931
081_6,s-1.146856,s0.173748,s267.970118
081_7,s1.126299,s0.395796,s264.692336
081_8,s-1.465614,s-0.846269,s61.046567
081_9,s-0.852941,s-1.087795,s11.340202
081_10,s0.434290,s1.760373,s252.094595
081_11,s-1.224355,s0.976182,s6.691595
081_12,s0.862125,s-0.384650,s239.586337
081_13,s1.929790,s1.736669,s146.977033
081_14,s-0.779844,s1.026383,s118.031818
081_15,s-0.237490,s-1.025759,s146.656521
081_16,s0.073061,s-1.758803,s293.315348
081_17,s1.379732,s-0.974683,s272.063292
081_18,s2.171038,s-1.663125,s332.452406
081_19,s2.072889,s0.778081,s318.849541
081_20,s0.893597,s-2.162201,s337.885491
081_21,s-0.471276,s1.557938,s238.342643
081_22,s-1.613019,s0.552484,s189.215956
081_23,s-1.317678,s-1.357594,s88.321294
081_24,s1.045685,s2.057369,s-5.190412
081_25,s0.188275,s2.299951,s297.097586
081_26,s-2.361411,s-1.498349,s-1.041883
081_27,s2.364668,s-0.261190,s29.691066
081_28,s2.785068,s2.036472,s294.635329
081_29,s-2.129710,s1.090413,s186.790628
081_30,s-1.060750,s2.069256,s29.784046
081_31,s1.730273,s-0.444413,s59.506164
081_32,s-0.768742,s-2.016790,s90.087085
081_33,s0.116463,s-2.646199,s2.655347
081_34,s2.272003,s-2.932145,s207.688941
081_35,s-1.391016,s-2.333366,s122.647943
081_36,s-1.864166,s-0.075854,s121.485429
081_37,s-2.386072,s0.305538,s157.666127
081_38,s-2.934019,s-0.572273,s194.907328
081_39,s-2.242727,s-2.223646,s151.101655
081_40,s2.291403,s0.136723,s177.960466
081_41,s-0.561479,s-2.586665,s332.765178
081_42,s1.413789,s-2.898415,s294.719652
081_43,s-2.602072,s0.911252,s49.472662
081_44,s-1.552378,s-3.136100,s70.956506
081_45,s-2.956634,s0.313056,s142.524785
081_46,s2.166006,s-2.244945,s234.660072
081_47,s3.091860,s0.011727,s181.375950
081_48,s-0.333452,s2.074972,s2.414943
081_49,s0.485528,s-3.119658,s250.681137
081_50,s1.727990,s2.049671,s40.392597
081_51,s-0.633165,s2.985929,s101.447175
081_52,s-0.459124,s-2.938394,s185.739297
081_53,s-1.835338,s1.797040,s-22.725658
081_54,s-2.955990,s-2.470210,s78.639211
081_55,s-3.500390,s-0.836144,s116.853449
081_56,s-1.155260,s-3.288174,s239.076896
081_57,s-2.946787,s1.930817,s233.251657
081_58,s-3.681808,s1.067141,s62.298557
081_59,s2.772900,s0.753592,s331.174280
081_60,s-3.594338,s0.448141,s149.433888
081_61,s-1.597502,s3.310856,s149.673746
081_62,s2.879646,s-1.874378,s207.488905
081_63,s-3.235460,s-1.315231,s238.492616
081_64,s-2.073549,s2.220229,s25.296755
081_65,s2.327193,s2.819279,s237.714692
081_66,s-3.502997,s2.153965,s115.363515
081_67,s-1.981156,s-3.483522,s113.492407
081_68,s1.649921,s2.738372,s308.059320
081_69,s0.215521,s3.095106,s271.806754
081_70,s3.233100,s-1.076271,s114.096772
081_71,s0.073816,s-3.693381,s13.651145
081_72,s-4.097178,s-0.449722,s140.427674
081_73,s1.578725,s3.900349,s90.922191
081_74,s0.101315,s4.094583,s240.178743
081_75,s-1.863339,s3.908774,s42.859663
081_76,s-3.666116,s-1.360600,s179.021354
081_77,s-2.991682,s2.657871,s62.035531
081_78,s-2.646236,s-3.116091,s122.877024
081_79,s-4.542164,s0.503636,s328.479089
081_80,s3.372297,s0.817626,s0.411520
082_0,s-0.113922,s0.240526,s330.831986
082_1,s0.538350,s-0.008423,s59.978162
082_2,s0.522032,s-0.735231,s58.627085
082_3,s-0.555845,s-0.356334,s241.413843
082_4,s-0.581725,s0.503140,s298.815908
082_5,s0.331676,s1.056989,s290.057931
082_6,s-1.146856,s0.173748,s267.970118
082_7,s1.126299,s0.395796,s264.692336
082_8,s-1.465614,s-0.846269,s61.046567
082_9,s-0.852941,s-1.087795,s11.340202
082_10,s0.434290,s1.760373,s252.094595
082_11,s-1.224355,s0.976182,s6.691595
082_12,s0.862125,s-0.384650,s239.586337
082_13,s1.929790,s1.736669,s146.977033
082_14,s-0.779844,s1.026383,s118.031818
082_15,s-0.237490,s-1.025759,s146.656521
082_16,s0.073061,s-1.758803,s293.315348
082_17,s1.379732,s-0.974683,s272.063292
082_18,s2.171038,s-1.663125,s332.452406
082_19,s2.072889,s0.778081,s318.849541
082_20,s0.893597,s-2.162201,s337.885491
082_21,s-0.471276,s1.557938,s238.342643
082_22,s-1.613019,s0.552484,s189.215956
082_23,s-1.317678,s-1.357594,s88.321294
082_24,s1.045685,s2.057369,s-5.190412
082_25,s0.188275,s2.299951,s297.097586
082_26,s-2.361411,s-1.498349,s-1.041883
082_27,s2.364668,s-0.261190,s29.691066
082_28,s2.785068,s2.036472,s294.635329
082_29,s-2.129710,s1.090413,s186.790628
082_30,s-1.060750,s2.069256,s29.784046
082_31,s1.730273,s-0.444413,s59.506164
082_32,s-0.768742,s-2.016790,s90.087085
082_33,s0.116463,s-2.646199,s2.655347
082_34,s2.272003,s-2.932145,s207.688941
082_35,s-1.391016,s-2.333366,s122.647943
082_36,s-1.864166,s-0.075854,s121.485429
082_37,s-2.386072,s0.305538,s157.666127
082_38,s-2.934019,s-0.572273,s194.907328
082_39,s-2.242727,s-2.223646,s151.101655
082_40,s2.291403,s0.136723,s177.960466
082_41,s-0.561479,s-2.586665,s332.765178
082_42,s1.413789,s-2.898415,s294.719652
082_43,s-2.602072,s0.911252,s49.472662
082_44,s-1.552378,s-3.136100,s70.956506
082_45,s-2.956634,s0.313056,s142.524785
082_46,s2.166006,s-2.244945,s234.660072
082_47,s3.091860,s0.011727,s181.375950
082_48,s-0.333452,s2.074972,s2.414943
082_49,s0.485528,s-3.119658,s250.681137
082_50,s1.727990,s2.049671,s40.392597
082_51,s-0.633165,s2.985929,s101.447175
082_52,s-0.459124,s-2.938394,s185.739297
082_53,s-1.835338,s1.797040,s-22.725658
082_54,s-2.955990,s-2.470210,s78.639211
082_55,s-3.500390,s-0.836144,s116.853449
082_56,s-1.155260,s-3.288174,s239.076896
082_57,s-2.946787,s1.930817,s233.251657
082_58,s-3.681808,s1.067141,s62.298557
082_59,s2.772900,s0.753592,s331.174280
082_60,s-3.594338,s0.448141,s149.433888
082_61,s-1.597502,s3.310856,s149.673746
082_62,s2.879646,s-1.874378,s207.488905
082_63,s-3.235460,s-1.315231,s238.492616
082_64,s-2.073549,s2.220229,s25.296755
082_65,s2.327193,s2.819279,s237.714692
082_66,s-3.502997,s2.153965,s115.363515
082_67,s-1.981156,s-3.483522,s113.492407
082_68,s1.649921,s2.738372,s308.059320
082_69,s0.215521,s3.095106,s271.806754
082_70,s3.233100,s-1.076271,s114.096772
082_71,s0.073816,s-3.693381,s13.651145
082_72,s-4.097178,s-0.449722,s140.427674
082_73,s1.578725,s3.900349,s90.922191
082_74,s0.101315,s4.094583,s240.178743
082_75,s-1.863339,s3.908774,s42.859663
082_76,s-3.666116,s-1.360600,s179.021354
082_77,s-2.991682,s2.657871,s62.035531
082_78,s-2.646236,s-3.116091,s122.877024
082_79,s-4.542164,s0.503636,s328.479089
082_80,s3.372297,s0.817626,s0.411520
082_81,s-1.075851,s-3.883741,s90.995830
083_0,s-0.113922,s0.240526,s330.831986
083_1,s0.538350,s-0.008423,s59.978162
083_2,s0.487601,s-0.823441,s59.520051
083_3,s-0.644073,s-0.379065,s300.375771
083_4,s-0.581725,s0.503140,s298.815908
083_5,s0.331676,s1.056989,s290.057931
083_6,s-1.146856,s0.173748,s267.970118
083_7,s1.192307,s0.650240,s150.046621
083_8,s-1.465614,s-0.846269,s61.046567
083_9,s-0.852941,s-1.087795,s11.340202
083_10,s0.434290,s1.760373,s252.094595
083_11,s-1.224355,s0.976182,s6.691595
083_12,s0.862125,s-0.384650,s239.586337
083_13,s2.012050,s1.685036,s150.281250
083_14,s-0.779844,s1.026383,s118.031818
083_15,s-0.250170,s-0.948431,s148.428693
083_16,s0.073061,s-1.758803,s293.315348
083_17,s1.321897,s-1.148328,s268.313204
083_18,s2.171038,s-1.663125,s332.452406
083_19,s2.136401,s0.856901,s318.827811
083_20,s1.034831,s-2.204876,s238.854781
083_21,s-0.471276,s1.557938,s238.342643
083_22,s-1.613019,s0.552484,s189.215956
083_23,s-1.317678,s-1.357594,s88.321294
083_24,s1.045685,s2.057369,s-5.190412
083_25,s0.188275,s2.299951,s297.097586
083_26,s-2.342432,s-1.506878,s0.477392
083_27,s2.364668,s-0.261190,s29.691066
083_28,s2.711855,s2.076890,s157.619060
083_29,s-2.129710,s1.090413,s186.790628
083_30,s-1.024152,s2.050216,s27.293351
083_31,s1.730273,s-0.444413,s59.506164
083_32,s-0.768742,s-2.016790,s90.087085
083_33,s0.116463,s-2.646199,s2.655347
083_34,s2.272003,s-2.932145,s207.688941
083_35,s-1.391016,s-2.333366,s122.647943
083_36,s-1.864166,s-0.075854,s121.485429
083_37,s-2.386072,s0.305538,s157.666127
083_38,s-2.947318,s-0.607899,s197.741907
083_39,s-2.166253,s-2.187206,s151.175828
083_40,s2.291403,s0.136723,s177.960466
083_41,s-0.561479,s-2.586665,s332.765178
083_42,s1.413789,s-2.898415,s294.719652
083_43,s-2.602072,s0.911252,s49.472662
083_44,s-1.552378,s-3.136100,s70.956506
083_45,s-2.956634,s0.313056,s142.524785
083_46,s2.310864,s-2.187855,s236.057740
083_47,s3.030569,s-0.013270,s174.040911
083_48,s-0.366889,s2.047551,s-0.440218
083_49,s0.505554,s-3.099743,s249.259610
083_50,s1.727990,s2.049671,s40.392597
083_51,s-0.633165,s2.985929,s101.447175
083_52,s-0.459124,s-2.938394,s185.739297
083_53,s-1.835338,s1.797040,s-22.725658
083_54,s-2.955990,s-2.470210,s78.639211
083_55,s-3.572819,s-0.789255,s120.239873
083_56,s-1.155260,s-3.288174,s239.076896
083_57,s-2.946787,s1.930817,s233.251657
083_58,s-3.681808,s1.067141,s62.298557
083_59,s2.772900,s0.753592,s331.174280
083_60,s-3.594338,s0.448141,s149.433888
083_61,s-1.652667,s3.234104,s154.481462
083_62,s2.879646,s-1.874378,s207.488905
083_63,s-3.235460,s-1.315231,s238.492616
083_64,s-2.073549,s2.220229,s25.296755
083_65,s2.311277,s2.735070,s243.407627
083_66,s-3.584090,s2.152327,s107.682173
083_67,s-1.981156,s-3.483522,s113.492407
083_68,s1.603799,s2.854550,s313.586924
083_69,s0.242882,s2.967940,s271.655535
083_70,s3.233100,s-1.076271,s114.096772
083_71,s0.073816,s-3.693381,s13.651145
083_72,s-4.097178,s-0.449722,s140.427674
083_73,s1.550737,s3.843412,s96.813361
083_74,s0.101315,s4.094583,s240.178743
083_75,s-1.913543,s3.800949,s41.608870
083_76,s-3.666116,s-1.360600,s179.021354
083_77,s-2.784539,s2.551609,s55.345013
083_78,s-2.646236,s-3.116091,s122.877024
083_79,s-4.542164,s0.503636,s328.479089
083_80,s3.372297,s0.817626,s0.411520
083_81,s-1.075851,s-3.883741,s90.995830
083_82,s-1.009062,s3.330495,s0.220078
084_0,s-0.113922,s0.240526,s330.831986
084_1,s0.538350,s-0.008423,s59.978162
084_2,s0.487601,s-0.823441,s59.520051
084_3,s-0.644073,s-0.379065,s300.375771
084_4,s-0.581725,s0.503140,s298.815908
084_5,s0.331676,s1.056989,s290.057931
084_6,s-1.146856,s0.173748,s267.970118
084_7,s1.192307,s0.650240,s150.046621
084_8,s-1.465614,s-0.846269,s61.046567
084_9,s-0.852941,s-1.087795,s11.340202
084_10,s0.434290,s1.760373,s252.094595
084_11,s-1.224355,s0.976182,s6.691595
084_12,s0.862125,s-0.384650,s239.586337
084_13,s2.012050,s1.685036,s150.281250
084_14,s-0.779844,s1.026383,s118.031818
084_15,s-0.250170,s-0.948431,s148.428693
084_16,s0.073061,s-1.758803,s293.315348
084_17,s1.321897,s-1.148328,s268.313204
084_18,s2.171038,s-1.663125,s332.452406
084_19,s2.136401,s0.856901,s318.827811
084_20,s1.034831,s-2.204876,s238.854781
084_21,s-0.471276,s1.557938,s238.342643
084_22,s-1.613019,s0.552484,s189.215956
084_23,s-1.317678,s-1.357594,s88.321294
084_24,s1.045685,s2.057369,s-5.190412
084_25,s0.188275,s2.299951,s297.097586
084_26,s-2.342432,s-1.506878,s0.477392
084_27,s2.364668,s-0.261190,s29.691066
084_28,s2.711855,s2.076890,s157.619060
084_29,s-2.129710,s1.090413,s186.790628
084_30,s-1.024152,s2.050216,s27.293351
084_31,s1.730273,s-0.444413,s59.506164
084_32,s-0.768742,s-2.016790,s90.087085
084_33,s0.116463,s-2.646199,s2.655347
084_34,s2.272003,s-2.932145,s207.688941
084_35,s-1.391016,s-2.333366,s122.647943
084_36,s-1.864166,s-0.075854,s121.485429
084_37,s-2.386072,s0.305538,s157.666127
084_38,s-2.947318,s-0.607899,s197.741907
084_39,s-2.166253,s-2.187206,s151.175828
084_40,s2.291403,s0.136723,s177.960466
084_41,s-0.561479,s-2.586665,s332.765178
084_42,s1.413789,s-2.898415,s294.719652
084_43,s-2.602072,s0.911252,s49.472662
084_44,s-1.552378,s-3.136100,s70.956506
084_45,s-2.956634,s0.313056,s142.524785
084_46,s2.310864,s-2.187855,s236.057740
084_47,s3.030569,s-0.013270,s174.040911
084_48,s-0.366889,s2.047551,s-0.440218
084_49,s0.505554,s-3.099743,s249.259610
084_50,s1.727990,s2.049671,s40.392597
084_51,s-0.633165,s2.985929,s101.447175
084_52,s-0.459124,s-2.938394,s185.739297
084_53,s-1.835338,s1.797040,s-22.725658
084_54,s-2.955990,s-2.470210,s78.639211
084_55,s-3.572819,s-0.789255,s120.239873
084_56,s-1.155260,s-3.288174,s239.076896
084_57,s-2.946787,s1.930817,s233.251657
084_58,s-3.681808,s1.067141,s62.298557
084_59,s2.772900,s0.753592,s331.174280
084_60,s-3.594338,s0.448141,s149.433888
084_61,s-1.652667,s3.234104,s154.481462
084_62,s2.879646,s-1.874378,s207.488905
084_63,s-3.235460,s-1.315231,s238.492616
084_64,s-2.073549,s2.220229,s25.296755
084_65,s2.311277,s2.735070,s243.407627
084_66,s-3.584090,s2.152327,s107.682173
084_67,s-1.981156,s-3.483522,s113.492407
084_68,s1.603799,s2.854550,s313.586924
084_69,s0.242882,s2.967940,s271.655535
084_70,s3.233100,s-1.076271,s114.096772
084_71,s0.073816,s-3.693381,s13.651145
084_72,s-4.097178,s-0.449722,s140.427674
084_73,s1.550737,s3.843412,s96.813361
084_74,s0.101315,s4.094583,s240.178743
084_75,s-1.913543,s3.800949,s41.608870
084_76,s-3.666116,s-1.360600,s179.021354
084_77,s-2.784539,s2.551609,s55.345013
084_78,s-2.646236,s-3.116091,s122.877024
084_79,s-4.542164,s0.503636,s328.479089
084_80,s3.372297,s0.817626,s0.411520
084_81,s-1.075851,s-3.883741,s90.995830
084_82,s-1.009062,s3.330495,s0.220078
084_83,s-0.517480,s4.248601,s89.677331
085_0,s-0.113922,s0.240526,s330.831986
085_1,s0.538350,s-0.008423,s59.978162
085_2,s0.387849,s-0.888380,s52.869716
085_3,s-0.636944,s-0.430340,s302.142965
085_4,s-0.581725,s0.503140,s298.815908
085_5,s0.421471,s1.063450,s283.497793
085_6,s-1.146856,s0.173748,s267.970118
085_7,s1.192307,s0.650240,s150.046621
085_8,s-1.465614,s-0.846269,s61.046567
085_9,s-0.794969,s-1.100371,s13.435390
085_10,s0.477575,s1.747391,s254.555647
085_11,s-1.224355,s0.976182,s6.691595
085_12,s0.789164,s-0.336006,s237.914052
085_13,s2.010588,s1.648130,s152.693111
085_14,s-0.779844,s1.026383,s118.031818
085_15,s-0.129874,s-1.151652,s144.252933
085_16,s0.140645,s-1.801360,s297.835345
085_17,s1.382286,s-1.209544,s180.795413
085_18,s2.030243,s-1.660580,s328.829044
085_19,s2.001673,s0.757662,s311.432220
085_20,s1.088505,s-2.336421,s268.573146
085_21,s-0.471276,s1.557938,s238.342643
085_22,s-1.615526,s0.553411,s189.964196
085_23,s-1.317678,s-1.357594,s88.321294
085_24,s1.062268,s2.109244,s-0.421535
085_25,s0.280180,s2.240074,s302.388857
085_26,s-2.264033,s-1.550699,s9.194924
085_27,s2.364668,s-0.261190,s29.691066
085_28,s2.711855,s2.076890,s157.619060
085_29,s-2.128784,s1.086915,s3.302026
085_30,s-1.005974,s2.049417,s25.661374
085_31,s1.732784,s-0.504399,s56.997411
085_32,s-0.850531,s-1.886742,s89.037559
085_33,s0.153535,s-2.728753,s1.373344
085_34,s2.205466,s-2.865318,s272.855159
085_35,s-1.318699,s-2.363455,s126.656024
085_36,s-1.864166,s-0.075854,s121.485429
085_37,s-2.386072,s0.305538,s157.666127
085_38,s-2.958659,s-0.577883,s197.575695
085_39,s-2.138354,s-2.191050,s140.338292
085_40,s2.291403,s0.136723,s177.960466
085_41,s-0.593793,s-2.463326,s327.228421
085_42,s1.413789,s-2.898415,s294.719652
085_43,s-2.610698,s0.871968,s56.279271
085_44,s-1.560411,s-3.034182,s178.120633
085_45,s-2.956634,s0.313056,s142.524785
085_46,s2.292404,s-2.199200,s236.776458
085_47,s3.064029,s-0.044369,s178.738789
085_48,s-0.402205,s2.033873,s-0.110588
085_49,s0.506931,s-2.990342,s250.828663
085_50,s1.746218,s2.140401,s41.420140
085_51,s-0.536973,s3.012626,s99.878133
085_52,s-0.459124,s-2.938394,s185.739297
085_53,s-1.835338,s1.797040,s-22.725658
085_54,s-2.924022,s-2.362496,s94.810835
085_55,s-3.513240,s-0.763835,s120.725082
085_56,s-1.075828,s-3.299600,s238.565667
085_57,s-2.982317,s1.856379,s234.067982
085_58,s-3.560785,s1.116280,s58.757760
085_59,s2.772900,s0.753592,s331.174280
085_60,s-3.594338,s0.448141,s149.433888
085_61,s-1.757908,s3.308118,s153.700258
085_62,s2.885295,s-1.914787,s206.425538
085_63,s-3.299630,s-1.338464,s242.712582
085_64,s-2.138117,s2.196655,s16.299159
085_65,s2.410563,s2.701463,s242.609374
085_66,s-3.495474,s2.231481,s114.029328
085_67,s-2.050519,s-3.451672,s111.208641
085_68,s1.767545,s2.821625,s322.492109
085_69,s0.203793,s3.012680,s55.383802
085_70,s3.390018,s-0.946908,s112.862759
085_71,s0.124457,s-3.723041,s12.859897
085_72,s-4.097178,s-0.449722,s140.427674
085_73,s1.556350,s3.834290,s120.472826
085_74,s0.190875,s4.135084,s238.065520
085_75,s-1.854554,s3.769139,s330.234561
085_76,s-3.808422,s-1.407948,s178.562610
085_77,s-2.881526,s2.555643,s210.649819
085_78,s-2.646236,s-3.116091,s122.877024
085_79,s-4.542164,s0.503636,s328.479089
085_80,s3.389425,s0.769624,s5.506385
085_81,s-1.149704,s-3.972934,s87.714582
085_82,s-1.094470,s3.278410,s1.336865
085_83,s-0.581208,s4.289902,s178.949817
085_84,s-2.238296,s3.274730,s116.122832
086_0,s-0.113922,s0.240526,s330.831986
086_1,s0.561299,s0.016473,s329.736418
086_2,s0.387849,s-0.888380,s52.869716
086_3,s-0.636944,s-0.430340,s302.142965
086_4,s-0.581725,s0.503140,s298.815908
086_5,s0.478815,s1.058025,s280.374920
086_6,s-1.152925,s0.135581,s268.726657
086_7,s1.259232,s0.561232,s149.706594
086_8,s-1.465614,s-0.846269,s61.046567
086_9,s-0.930615,s-1.102940,s16.478308
086_10,s0.477575,s1.747391,s254.555647
086_11,s-1.224355,s0.976182,s6.691595
086_12,s0.884080,s-0.421849,s236.578615
086_13,s1.931634,s1.753813,s153.879877
086_14,s-0.779844,s1.026383,s118.031818
086_15,s-0.189253,s-1.042427,s148.089854
086_16,s0.077776,s-1.576957,s239.686815
086_17,s1.382286,s-1.209544,s180.795413
086_18,s2.193448,s-1.679567,s271.087665
086_19,s1.943955,s0.766513,s314.228973
086_20,s1.090269,s-2.365946,s265.604417
086_21,s-0.569456,s1.523776,s234.803503
086_22,s-1.562067,s0.564167,s187.073306
086_23,s-1.317678,s-1.357594,s88.321294
086_24,s1.001769,s2.112787,s-0.498976
086_25,s0.260471,s2.250907,s305.895444
086_26,s-2.264033,s-1.550699,s9.194924
086_27,s2.364668,s-0.261190,s29.691066
086_28,s2.747098,s2.074519,s152.621196
086_29,s-2.150149,s1.081550,s299.294450
086_30,s-1.060497,s2.018446,s27.633499
086_31,s1.730052,s-0.501563,s54.684142
086_32,s-0.807034,s-1.815114,s93.224278
086_33,s0.153535,s-2.728753,s1.373344
086_34,s2.246631,s-2.979013,s274.451938
086_35,s-1.269693,s-2.237985,s134.574615
086_36,s-1.836244,s-0.142451,s119.032607
086_37,s-2.292834,s0.405219,s167.282932
086_38,s-2.994334,s-0.629070,s189.841221
086_39,s-2.201144,s-2.002738,s139.797332
086_40,s2.291403,s0.136723,s177.960466
086_41,s-0.593793,s-2.463326,s327.228421
086_42,s1.413789,s-2.898415,s294.719652
086_43,s-2.696412,s0.935807,s54.684074
086_44,s-1.565949,s-3.037060,s179.686965
086_45,s-3.025435,s0.254007,s147.869863
086_46,s2.292404,s-2.199200,s236.776458
086_47,s3.064029,s-0.044369,s178.738789
086_48,s-0.322510,s2.076437,s-0.197315
086_49,s0.471907,s-2.964263,s254.380937
086_50,s1.812092,s2.114172,s40.768391
086_51,s-0.599899,s2.985789,s91.996398
086_52,s-0.421649,s-3.047788,s191.934497
086_53,s-1.757705,s1.805765,s-25.232307
086_54,s-2.888708,s-2.360676,s96.855647
086_55,s-3.564813,s-0.775009,s118.553737
086_56,s-1.075828,s-3.299600,s238.565667
086_57,s-2.982317,s1.856379,s234.067982
086_58,s-3.560785,s1.116280,s58.757760
086_59,s2.772900,s0.753592,s331.174280
086_60,s-3.608730,s0.488546,s147.822933
086_61,s-1.733820,s3.348661,s156.274566
086_62,s2.913674,s-1.929360,s212.821407
086_63,s-3.299630,s-1.338464,s242.712582
086_64,s-2.055364,s2.198886,s20.339287
086_65,s2.433518,s2.593868,s304.635978
086_66,s-3.502824,s2.247697,s149.782143
086_67,s-1.920173,s-3.541589,s108.767172
086_68,s1.733330,s2.864055,s321.733170
086_69,s0.153864,s3.050771,s27.796920
086_70,s3.392177,s-0.988820,s120.099184
086_71,s0.124457,s-3.723041,s12.859897
086_72,s-4.098139,s-0.404374,s141.369064
086_73,s1.592626,s3.902653,s122.397395
086_74,s0.038542,s4.000729,s234.344069
086_75,s-1.888854,s3.745338,s327.236761
086_76,s-3.808422,s-1.407948,s178.562610
086_77,s-2.812762,s2.624446,s208.790618
086_78,s-2.646236,s-3.116091,s122.877024
086_79,s-4.542164,s0.503636,s328.479089
086_80,s3.443699,s0.864465,s179.138357
086_81,s-1.149704,s-3.972934,s87.714582
086_82,s-1.183375,s3.404507,s3.275334
086_83,s-0.626798,s4.222265,s182.412316
086_84,s-2.271736,s3.312921,s118.410875
086_85,s-3.313068,s2.926242,s120.992911
087_0,s-0.113922,s0.240526,s330.831986
087_1,s0.519144,s0.041937,s125.492389
087_2,s0.309162,s-0.900166,s51.206474
087_3,s-0.691047,s-0.401107,s297.076506
087_4,s-0.581725,s0.503140,s298.815908
087_5,s0.461998,s1.031743,s287.306658
087_6,s-1.152925,s0.135581,s268.726657
087_7,s1.282511,s0.581421,s151.884569
087_8,s-1.465614,s-0.846269,s61.046567
087_9,s-0.905692,s-1.076027,s13.662903
087_10,s0.441596,s1.828000,s250.594980
087_11,s-1.224355,s0.976182,s6.691595
087_12,s0.884080,s-0.421849,s236.578615
087_13,s1.898331,s1.728822,s150.607666
087_14,s-0.779844,s1.026383,s118.031818
087_15,s-0.189253,s-1.042427,s148.089854
087_16,s0.077776,s-1.576957,s239.686815
087_17,s1.382286,s-1.209544,s180.795413
087_18,s2.193448,s-1.679567,s271.087665
087_19,s2.003039,s0.759818,s305.570881
087_20,s1.188354,s-2.179873,s271.768319
087_21,s-0.434642,s1.510473,s239.885954
087_22,s-1.611044,s0.490423,s194.793935
087_23,s-1.317678,s-1.357594,s88.321294
087_24,s0.976555,s2.057958,s5.170428
087_25,s0.178730,s2.450241,s305.482157
087_26,s-2.264033,s-1.550699,s9.194924
087_27,s2.364668,s-0.261190,s29.691066
087_28,s2.718736,s2.037937,s332.137004
087_29,s-2.088237,s1.138414,s299.594732
087_30,s-1.060497,s2.018446,s27.633499
087_31,s1.616497,s-0.513457,s-0.568722
087_32,s-0.807034,s-1.815114,s93.224278
087_33,s0.098034,s-2.780654,s-5.879082
087_34,s2.246631,s-2.979013,s274.451938
087_35,s-1.129555,s-2.324883,s130.420053
087_36,s-1.836244,s-0.142451,s119.032607
087_37,s-2.292834,s0.405219,s167.282932
087_38,s-2.994334,s-0.629070,s189.841221
087_39,s-2.177963,s-2.019255,s138.486522
087_40,s2.291403,s0.136723,s177.960466
087_41,s-0.579073,s-2.496093,s329.303303
087_42,s1.413789,s-2.898415,s294.719652
087_43,s-2.747483,s1.012239,s52.174169
087_44,s-1.565949,s-3.037060,s179.686965
087_45,s-3.147158,s-0.015690,s146.964437
087_46,s2.294883,s-2.232902,s235.898806
087_47,s3.064029,s-0.044369,s178.738789
087_48,s-0.311996,s2.091590,s120.673416
087_49,s0.681725,s-3.087185,s263.316690
087_50,s1.812092,s2.114172,s40.768391
087_51,s-0.599899,s2.985789,s91.996398
087_52,s-0.421649,s-3.047788,s191.934497
087_53,s-1.757705,s1.805765,s-25.232307
087_54,s-2.838907,s-2.334876,s106.676038
087_55,s-3.564813,s-0.775009,s118.553737
087_56,s-1.099740,s-3.229990,s238.097857
087_57,s-3.001991,s1.793900,s232.507048
087_58,s-3.735983,s1.277649,s46.633022
087_59,s2.838566,s0.826363,s327.021275
087_60,s-3.608730,s0.488546,s147.822933
087_61,s-1.733820,s3.348661,s156.274566
087_62,s2.913674,s-1.929360,s212.821407
087_63,s-3.248938,s-1.429147,s243.068671
087_64,s-2.055364,s2.198886,s20.339287
087_65,s2.433518,s2.593868,s304.635978
087_66,s-3.459957,s2.325136,s156.882141
087_67,s-1.923204,s-3.489894,s101.413100
087_68,s1.875757,s2.779919,s324.493310
087_69,s0.153864,s3.050771,s27.796920
087_70,s3.337995,s-1.003590,s114.899247
087_71,s0.124457,s-3.723041,s12.859897
087_72,s-4.098139,s-0.404374,s141.369064
087_73,s1.556722,s3.903055,s122.292302
087_74,s0.171519,s4.012926,s241.556861
087_75,s-1.818109,s3.695489,s325.477491
087_76,s-3.989050,s-1.484594,s139.441013
087_77,s-2.804529,s2.703538,s207.728009
087_78,s-2.665853,s-3.089563,s122.295219
087_79,s-4.535387,s0.517832,s325.162902
087_80,s3.447642,s0.860351,s177.524817
087_81,s-1.108506,s-3.970835,s84.503197
087_82,s-1.220964,s3.454372,s7.105612
087_83,s-0.688283,s4.127165,s182.071090
087_84,s-2.368754,s3.470347,s115.672972
087_85,s-3.260803,s2.952329,s119.340183
087_86,s1.741570,s-3.256169,s184.135769
088_0,s-0.113922,s0.240526,s330.831986
088_1,s0.519144,s0.041937,s125.492389
088_2,s0.309162,s-0.900166,s51.206474
088_3,s-0.690321,s-0.392007,s296.591722
088_4,s-0.581725,s0.503140,s298.815908
088_5,s0.554273,s1.125913,s294.921490
088_6,s-1.152925,s0.135581,s268.726657
088_7,s1.527448,s0.694488,s89.922119
088_8,s-1.465614,s-0.846269,s61.046567
088_9,s-0.883300,s-1.105169,s15.240649
088_10,s0.270472,s1.762890,s261.113423
088_11,s-1.224355,s0.976182,s6.691595
088_12,s0.822043,s-0.458501,s238.696888
088_13,s1.898331,s1.728822,s150.607666
088_14,s-0.779844,s1.026383,s118.031818
088_15,s-0.165410,s-1.060181,s147.076581
088_16,s0.051847,s-1.488664,s208.982702
088_17,s1.464772,s-1.268076,s125.457224
088_18,s2.226125,s-1.611119,s270.056783
088_19,s1.946784,s0.845451,s251.489314
088_20,s1.188354,s-2.179873,s271.768319
088_21,s-0.400012,s1.453971,s243.244761
088_22,s-1.657847,s0.558112,s192.204742
088_23,s-1.317678,s-1.357594,s88.321294
088_24,s0.909114,s2.002871,s4.454847
088_25,s0.209712,s2.515761,s299.159063
088_26,s-2.264033,s-1.550699,s9.194924
088_27,s2.364668,s-0.261190,s29.691066
088_28,s2.770786,s2.065809,s326.951996
088_29,s-2.088237,s1.138414,s299.594732
088_30,s-1.087363,s2.041089,s23.723321
088_31,s1.616497,s-0.513457,s-0.568722
088_32,s-0.854343,s-1.909999,s90.642674
088_33,s0.098034,s-2.780654,s-5.879082
088_34,s2.275688,s-3.061254,s298.471156
088_35,s-1.277903,s-2.445175,s58.535704
088_36,s-1.836180,s-0.144651,s119.576057
088_37,s-2.292834,s0.405219,s167.282932
088_38,s-2.844752,s-0.590387,s188.937823
088_39,s-2.177963,s-2.019255,s138.486522
088_40,s2.291403,s0.136723,s177.960466
088_41,s-0.571378,s-2.721188,s326.270301
088_42,s1.413789,s-2.898415,s294.719652
088_43,s-2.770709,s1.007096,s60.077427
088_44,s-1.565949,s-3.037060,s179.686965
088_45,s-3.098871,s0.043968,s4.608439
088_46,s2.294883,s-2.232902,s235.898806
088_47,s3.048095,s-0.066446,s175.525404
088_48,s-0.311996,s2.091590,s120.673416
088_49,s0.855729,s-3.201544,s27.724204
088_50,s1.763957,s2.140859,s47.014773
088_51,s-0.584775,s2.958957,s86.838739
088_52,s-0.448719,s-3.043034,s192.011061
088_53,s-1.786037,s1.812163,s-25.975730
088_54,s-2.890878,s-2.306522,s99.664830
088_55,s-3.564813,s-0.775009,s118.553737
088_56,s-1.099740,s-3.229990,s238.097857
088_57,s-2.944977,s1.782110,s225.983934
088_58,s-3.644655,s1.252706,s51.632132
088_59,s2.768680,s0.841511,s329.338052
088_60,s-3.608730,s0.488546,s147.822933
088_61,s-1.739649,s3.351995,s153.478376
088_62,s2.913674,s-1.929360,s212.821407
088_63,s-3.250605,s-1.456172,s249.492156
088_64,s-2.055364,s2.198886,s20.339287
088_65,s2.433518,s2.593868,s304.635978
088_66,s-3.597597,s2.436497,s159.047457
088_67,s-1.923204,s-3.489894,s101.413100
088_68,s1.804776,s2.752773,s331.379760
088_69,s0.153864,s3.050771,s27.796920
088_70,s3.336899,s-0.927101,s214.198003
088_71,s0.124457,s-3.723041,s12.859897
088_72,s-4.098139,s-0.404374,s141.369064
088_73,s1.547012,s3.858028,s122.327766
088_74,s0.269197,s4.041429,s226.202445
088_75,s-1.816891,s3.744270,s329.070663
088_76,s-3.989050,s-1.484594,s139.441013
088_77,s-2.806028,s2.689232,s212.364585
088_78,s-2.737309,s-3.146374,s331.064185
088_79,s-4.517825,s0.540260,s329.652575
088_80,s3.563391,s0.764720,s176.826421
088_81,s-1.033851,s-3.988424,s272.344787
088_82,s-1.248198,s3.440731,s8.366201
088_83,s-0.688283,s4.127165,s182.071090
088_84,s-2.330571,s3.417192,s115.689207
088_85,s-3.260803,s2.952329,s119.340183
088_86,s1.815147,s-3.352217,s178.764586
088_87,s3.287350,s1.894203,s246.855184
089_0,s-0.113922,s0.240526,s330.831986
089_1,s0.519144,s0.041937,s125.492389
089_2,s0.309162,s-0.900166,s51.206474
089_3,s-0.690321,s-0.392007,s296.591722
089_4,s-0.581725,s0.503140,s298.815908
089_5,s0.554273,s1.125913,s294.921490
089_6,s-1.152925,s0.135581,s268.726657
089_7,s1.527448,s0.694488,s89.922119
089_8,s-1.465614,s-0.846269,s61.046567
089_9,s-0.883300,s-1.105169,s15.240649
089_10,s0.270472,s1.762890,s261.113423
089_11,s-1.224355,s0.976182,s6.691595
089_12,s0.822043,s-0.458501,s238.696888
089_13,s1.898331,s1.728822,s150.607666
089_14,s-0.779844,s1.026383,s118.031818
089_15,s-0.165410,s-1.060181,s147.076581
089_16,s0.051847,s-1.488664,s208.982702
089_17,s1.464772,s-1.268076,s125.457224
089_18,s2.226125,s-1.611119,s270.056783
089_19,s1.946784,s0.845451,s251.489314
089_20,s1.188354,s-2.179873,s271.768319
089_21,s-0.400012,s1.453971,s243.244761
089_22,s-1.657847,s0.558112,s192.204742
089_23,s-1.317678,s-1.357594,s88.321294
089_24,s0.909114,s2.002871,s4.454847
089_25,s0.209712,s2.515761,s299.159063
089_26,s-2.264033,s-1.550699,s9.194924
089_27,s2.364668,s-0.261190,s29.691066
089_28,s2.770786,s2.065809,s326.951996
089_29,s-2.088237,s1.138414,s299.594732
089_30,s-1.087363,s2.041089,s23.723321
089_31,s1.616497,s-0.513457,s-0.568722
089_32,s-0.854343,s-1.909999,s90.642674
089_33,s0.098034,s-2.780654,s-5.879082
089_34,s2.275688,s-3.061254,s298.471156
089_35,s-1.277903,s-2.445175,s58.535704
089_36,s-1.836180,s-0.144651,s119.576057
089_37,s-2.292834,s0.405219,s167.282932
089_38,s-2.844752,s-0.590387,s188.937823
089_39,s-2.177963,s-2.019255,s138.486522
089_40,s2.291403,s0.136723,s177.960466
089_41,s-0.571378,s-2.721188,s326.270301
089_42,s1.413789,s-2.898415,s294.719652
089_43,s-2.770709,s1.007096,s60.077427
089_44,s-1.565949,s-3.037060,s179.686965
089_45,s-3.098871,s0.043968,s4.608439
089_46,s2.294883,s-2.232902,s235.898806
089_47,s3.048095,s-0.066446,s175.525404
089_48,s-0.311996,s2.091590,s120.673416
089_49,s0.855729,s-3.201544,s27.724204
089_50,s1.763957,s2.140859,s47.014773
089_51,s-0.584775,s2.958957,s86.838739
089_52,s-0.448719,s-3.043034,s192.011061
089_53,s-1.786037,s1.812163,s-25.975730
089_54,s-2.890878,s-2.306522,s99.664830
089_55,s-3.564813,s-0.775009,s118.553737
089_56,s-1.099740,s-3.229990,s238.097857
089_57,s-2.944977,s1.782110,s225.983934
089_58,s-3.644655,s1.252706,s51.632132
089_59,s2.768680,s0.841511,s329.338052
089_60,s-3.608730,s0.488546,s147.822933
089_61,s-1.739649,s3.351995,s153.478376
089_62,s2.913674,s-1.929360,s212.821407
089_63,s-3.250605,s-1.456172,s249.492156
089_64,s-2.055364,s2.198886,s20.339287
089_65,s2.433518,s2.593868,s304.635978
089_66,s-3.597597,s2.436497,s159.047457
089_67,s-1.923204,s-3.489894,s101.413100
089_68,s1.804776,s2.752773,s331.379760
089_69,s0.153864,s3.050771,s27.796920
089_70,s3.336899,s-0.927101,s214.198003
089_71,s0.124457,s-3.723041,s12.859897
089_72,s-4.098139,s-0.404374,s141.369064
089_73,s1.547012,s3.858028,s122.327766
089_74,s0.269197,s4.041429,s226.202445
089_75,s-1.816891,s3.744270,s329.070663
089_76,s-3.989050,s-1.484594,s139.441013
089_77,s-2.806028,s2.689232,s212.364585
089_78,s-2.737309,s-3.146374,s331.064185
089_79,s-4.517825,s0.540260,s329.652575
089_80,s3.563391,s0.764720,s176.826421
089_81,s-1.033851,s-3.988424,s272.344787
089_82,s-1.248198,s3.440731,s8.366201
089_83,s-0.688283,s4.127165,s182.071090
089_84,s-2.330571,s3.417192,s115.689207
089_85,s-3.260803,s2.952329,s119.340183
089_86,s1.815147,s-3.352217,s178.764586
089_87,s3.287350,s1.894203,s246.855184
089_88,s-4.434370,s1.296441,s91.037222
090_0,s-0.113922,s0.240526,s330.831986
090_1,s0.519144,s0.041937,s125.492389
090_2,s0.309162,s-0.900166,s51.206474
090_3,s-0.690321,s-0.392007,s296.591722
090_4,s-0.581725,s0.503140,s298.815908
090_5,s0.554273,s1.125913,s294.921490
090_6,s-1.152925,s0.135581,s268.726657
090_7,s1.527448,s0.694488,s89.922119
090_8,s-1.465614,s-0.846269,s61.046567
090_9,s-0.883300,s-1.105169,s15.240649
090_10,s0.270472,s1.762890,s261.113423
090_11,s-1.224355,s0.976182,s6.691595
090_12,s0.822043,s-0.458501,s238.696888
090_13,s1.898331,s1.728822,s150.607666
090_14,s-0.779844,s1.026383,s118.031818
090_15,s-0.165410,s-1.060181,s147.076581
090_16,s0.051847,s-1.488664,s208.982702
090_17,s1.464772,s-1.268076,s125.457224
090_18,s2.226125,s-1.611119,s270.056783
090_19,s1.946784,s0.845451,s251.489314
090_20,s1.188354,s-2.179873,s271.768319
090_21,s-0.400012,s1.453971,s243.244761
090_22,s-1.657847,s0.558112,s192.204742
090_23,s-1.317678,s-1.357594,s88.321294
090_24,s0.909114,s2.002871,s4.454847
090_25,s0.209712,s2.515761,s299.159063
090_26,s-2.264033,s-1.550699,s9.194924
090_27,s2.364668,s-0.261190,s29.691066
090_28,s2.770786,s2.065809,s326.951996
090_29,s-2.088237,s1.138414,s299.594732
090_30,s-1.087363,s2.041089,s23.723321
090_31,s1.616497,s-0.513457,s-0.568722
090_32,s-0.854343,s-1.909999,s90.642674
090_33,s0.098034,s-2.780654,s-5.879082
090_34,s2.275688,s-3.061254,s298.471156
090_35,s-1.277903,s-2.445175,s58.535704
090_36,s-1.836180,s-0.144651,s119.576057
090_37,s-2.292834,s0.405219,s167.282932
090_38,s-2.844752,s-0.590387,s188.937823
090_39,s-2.177963,s-2.019255,s138.486522
090_40,s2.291403,s0.136723,s177.960466
090_41,s-0.571378,s-2.721188,s326.270301
090_42,s1.413789,s-2.898415,s294.719652
090_43,s-2.770709,s1.007096,s60.077427
090_44,s-1.565949,s-3.037060,s179.686965
090_45,s-3.098871,s0.043968,s4.608439
090_46,s2.294883,s-2.232902,s235.898806
090_47,s3.048095,s-0.066446,s175.525404
090_48,s-0.311996,s2.091590,s120.673416
090_49,s0.855729,s-3.201544,s27.724204
090_50,s1.763957,s2.140859,s47.014773
090_51,s-0.584775,s2.958957,s86.838739
090_52,s-0.448719,s-3.043034,s192.011061
090_53,s-1.786037,s1.812163,s-25.975730
090_54,s-2.890878,s-2.306522,s99.664830
090_55,s-3.564813,s-0.775009,s118.553737
090_56,s-1.099740,s-3.229990,s238.097857
090_57,s-2.944977,s1.782110,s225.983934
090_58,s-3.644655,s1.252706,s51.632132
090_59,s2.768680,s0.841511,s329.338052
090_60,s-3.608730,s0.488546,s147.822933
090_61,s-1.739649,s3.351995,s153.478376
090_62,s2.913674,s-1.929360,s212.821407
090_63,s-3.250605,s-1.456172,s249.492156
090_64,s-2.055364,s2.198886,s20.339287
090_65,s2.433518,s2.593868,s304.635978
090_66,s-3.597597,s2.436497,s159.047457
090_67,s-1.923204,s-3.489894,s101.413100
090_68,s1.804776,s2.752773,s331.379760
090_69,s0.153864,s3.050771,s27.796920
090_70,s3.336899,s-0.927101,s214.198003
090_71,s0.124457,s-3.723041,s12.859897
090_72,s-4.098139,s-0.404374,s141.369064
090_73,s1.547012,s3.858028,s122.327766
090_74,s0.269197,s4.041429,s226.202445
090_75,s-1.816891,s3.744270,s329.070663
090_76,s-3.989050,s-1.484594,s139.441013
090_77,s-2.806028,s2.689232,s212.364585
090_78,s-2.737309,s-3.146374,s331.064185
090_79,s-4.517825,s0.540260,s329.652575
090_80,s3.563391,s0.764720,s176.826421
090_81,s-1.033851,s-3.988424,s272.344787
090_82,s-1.248198,s3.440731,s8.366201
090_83,s-0.688283,s4.127165,s182.071090
090_84,s-2.330571,s3.417192,s115.689207
090_85,s-3.260803,s2.952329,s119.340183
090_86,s1.815147,s-3.352217,s178.764586
090_87,s3.287350,s1.894203,s246.855184
090_88,s-4.434370,s1.296441,s91.037222
090_89,s-4.465571,s1.892398,s330.167286
091_0,s-0.113922,s0.240526,s330.831986
091_1,s0.519144,s0.041937,s125.492389
091_2,s0.309162,s-0.900166,s51.206474
091_3,s-0.690321,s-0.392007,s296.591722
091_4,s-0.581725,s0.503140,s298.815908
091_5,s0.579912,s1.090233,s301.879433
091_6,s-1.171826,s0.165374,s269.297669
091_7,s1.527448,s0.694488,s89.922119
091_8,s-1.465614,s-0.846269,s61.046567
091_9,s-0.883300,s-1.105169,s15.240649
091_10,s0.270472,s1.762890,s261.113423
091_11,s-1.224355,s0.976182,s6.691595
091_12,s0.822043,s-0.458501,s238.696888
091_13,s1.898331,s1.728822,s150.607666
091_14,s-0.779844,s1.026383,s118.031818
091_15,s-0.165410,s-1.060181,s147.076581
091_16,s0.074141,s-1.540736,s210.466169
091_17,s1.492814,s-1.248386,s126.772992
091_18,s2.226125,s-1.611119,s270.056783
091_19,s1.891918,s1.030828,s243.352915
091_20,s1.188354,s-2.179873,s271.768319
091_21,s-0.204846,s1.382515,s234.651900
091_22,s-1.657847,s0.558112,s192.204742
091_23,s-1.317678,s-1.357594,s88.321294
091_24,s0.909114,s2.002871,s4.454847
091_25,s0.087827,s2.420984,s299.004973
091_26,s-2.264033,s-1.550699,s9.194924
091_27,s2.364668,s-0.261190,s29.691066
091_28,s2.770786,s2.065809,s326.951996
091_29,s-2.088237,s1.138414,s299.594732
091_30,s-1.049966,s2.038325,s27.005331
091_31,s1.616538,s-0.446739,s1.638248
091_32,s-0.854343,s-1.909999,s90.642674
091_33,s0.098034,s-2.780654,s-5.879082
091_34,s2.301210,s-3.101351,s301.438041
091_35,s-1.277903,s-2.445175,s58.535704
091_36,s-1.836180,s-0.144651,s119.576057
091_37,s-2.292834,s0.405219,s167.282932
091_38,s-2.844752,s-0.590387,s188.937823
091_39,s-2.177963,s-2.019255,s138.486522
091_40,s2.291403,s0.136723,s177.960466
091_41,s-0.571378,s-2.721188,s326.270301
091_42,s1.426211,s-3.004107,s293.895220
091_43,s-2.770709,s1.007096,s60.077427
091_44,s-1.565949,s-3.037060,s179.686965
091_45,s-3.098871,s0.043968,s4.608439
091_46,s2.294883,s-2.232902,s235.898806
091_47,s3.048095,s-0.066446,s175.525404
091_48,s-0.311996,s2.091590,s120.673416
091_49,s0.855729,s-3.201544,s27.724204
091_50,s1.703639,s2.164058,s58.045005
091_51,s-0.519570,s2.962469,s89.016352
091_52,s-0.448719,s-3.043034,s192.011061
091_53,s-1.786037,s1.812163,s-25.975730
091_54,s-2.890878,s-2.306522,s99.664830
091_55,s-3.610713,s-0.784752,s117.942699
091_56,s-1.099740,s-3.229990,s238.097857
091_57,s-2.944977,s1.782110,s225.983934
091_58,s-3.644655,s1.252706,s51.632132
091_59,s2.760483,s0.833045,s329.934890
091_60,s-3.608730,s0.488546,s147.822933
091_61,s-1.739649,s3.351995,s153.478376
091_62,s3.180336,s-2.007373,s209.257609
091_63,s-3.333565,s-1.497335,s253.186378
091_64,s-2.055364,s2.198886,s20.339287
091_65,s2.441907,s2.659629,s307.046846
091_66,s-3.597597,s2.436497,s159.047457
091_67,s-1.942051,s-3.496162,s108.122918
091_68,s1.797810,s2.816871,s333.900017
091_69,s0.153864,s3.050771,s27.796920
091_70,s3.336899,s-0.927101,s214.198003
091_71,s0.124457,s-3.723041,s12.859897
091_72,s-4.098139,s-0.404374,s141.369064
091_73,s1.581426,s3.821804,s123.832830
091_74,s0.269197,s4.041429,s226.202445
091_75,s-1.816891,s3.744270,s329.070663
091_76,s-3.989050,s-1.484594,s139.441013
091_77,s-2.827395,s2.644828,s211.949162
091_78,s-2.633231,s-3.161777,s327.474147
091_79,s-4.356093,s0.471271,s338.009211
091_80,s3.577978,s0.823367,s169.654399
091_81,s-1.159806,s-3.930421,s263.475404
091_82,s-1.248198,s3.440731,s8.366201
091_83,s-0.688283,s4.127165,s182.071090
091_84,s-2.330571,s3.417192,s115.689207
091_85,s-3.260803,s2.952329,s119.340183
091_86,s1.903332,s-3.429599,s177.350104
091_87,s3.295109,s1.886564,s210.840529
091_88,s-4.434547,s1.310546,s87.783383
091_89,s-4.373938,s1.940259,s26.970911
091_90,s0.350207,s4.416136,s2.478606
092_0,s-0.113922,s0.240526,s330.831986
092_1,s0.519144,s0.041937,s125.492389
092_2,s0.309162,s-0.900166,s51.206474
092_3,s-0.674212,s-0.351801,s295.426795
092_4,s-0.581725,s0.503140,s298.815908
092_5,s0.617160,s1.030386,s302.986501
092_6,s-1.171826,s0.165374,s269.297669
092_7,s1.453446,s0.667894,s92.719658
092_8,s-1.465614,s-0.846269,s61.046567
092_9,s-0.907920,s-1.072038,s4.361713
092_10,s0.293732,s1.697308,s256.093795
092_11,s-1.224355,s0.976182,s6.691595
092_12,s0.669607,s-0.481287,s239.107130
092_13,s1.877256,s1.758433,s148.489874
092_14,s-0.779844,s1.026383,s118.031818
092_15,s-0.165410,s-1.060181,s147.076581
092_16,s0.087177,s-1.558286,s208.845629
092_17,s1.542926,s-1.340934,s121.433057
092_18,s2.232170,s-1.634048,s267.556537
092_19,s1.894544,s0.988440,s245.464114
092_20,s1.182179,s-2.243757,s266.879909
092_21,s-0.204846,s1.382515,s234.651900
092_22,s-1.678759,s0.582877,s192.951929
092_23,s-1.317678,s-1.357594,s88.321294
092_24,s0.909114,s2.002871,s4.454847
092_25,s0.087827,s2.420984,s299.004973
092_26,s-2.264033,s-1.550699,s9.194924
092_27,s2.364668,s-0.261190,s29.691066
092_28,s2.548779,s1.812136,s326.399727
092_29,s-2.074442,s1.132322,s0.813698
092_30,s-1.040223,s2.094027,s23.594747
092_31,s1.562734,s-0.395423,s331.921339
092_32,s-0.813593,s-1.962446,s86.585196
092_33,s0.070760,s-2.909217,s-10.610243
092_34,s2.368362,s-3.158764,s208.330880
092_35,s-1.277903,s-2.445175,s58.535704
092_36,s-1.836180,s-0.144651,s119.576057
092_37,s-2.292932,s0.378975,s168.524844
092_38,s-2.969747,s-0.602303,s330.103592
092_39,s-2.177963,s-2.019255,s138.486522
092_40,s2.291403,s0.136723,s177.960466
092_41,s-0.586395,s-2.683302,s328.048734
092_42,s1.275955,s-3.099902,s289.970988
092_43,s-2.797455,s0.899605,s52.370833
092_44,s-1.565949,s-3.037060,s179.686965
092_45,s-3.137002,s-0.094912,s6.712651
092_46,s2.187979,s-2.170348,s230.437624
092_47,s3.041012,s-0.073595,s176.780703
092_48,s-0.277696,s2.048315,s119.682208
092_49,s0.855729,s-3.201544,s27.724204
092_50,s1.703639,s2.164058,s58.045005
092_51,s-0.316305,s2.827032,s94.545758
092_52,s-0.456723,s-3.019281,s193.052397
092_53,s-1.786037,s1.812163,s-25.975730
092_54,s-2.811871,s-2.202268,s101.252229
092_55,s-3.524541,s-0.753063,s112.892002
092_56,s-1.099740,s-3.229990,s238.097857
092_57,s-2.944977,s1.782110,s225.983934
092_58,s-3.603252,s1.278266,s51.414792
092_59,s2.760483,s0.833045,s329.934890
092_60,s-3.649468,s0.547860,s151.294953
092_61,s-1.741744,s3.376571,s153.176744
092_62,s3.200405,s-2.067743,s213.035085
092_63,s-3.298629,s-1.662053,s256.299162
092_64,s-2.055364,s2.198886,s20.339287
092_65,s2.546392,s2.627447,s317.706069
092_66,s-3.586246,s2.408876,s169.755838
092_67,s-1.946841,s-3.413374,s115.419287
092_68,s1.858310,s2.772297,s330.387927
092_69,s0.254700,s3.020483,s31.098191
092_70,s3.336899,s-0.927101,s214.198003
092_71,s0.174240,s-3.713144,s237.608194
092_72,s-4.098139,s-0.404374,s141.369064
092_73,s1.555099,s3.639090,s29.304944
092_74,s0.269197,s4.041429,s226.202445
092_75,s-1.816891,s3.744270,s329.070663
092_76,s-3.986592,s-1.556195,s132.520718
092_77,s-2.940546,s2.741709,s224.626413
092_78,s-2.685176,s-3.149051,s31.109178
092_79,s-4.389969,s0.341288,s336.885528
092_80,s3.580663,s0.953063,s169.585749
092_81,s-1.133373,s-3.847031,s257.158402
092_82,s-1.248198,s3.440731,s8.366201
092_83,s-0.774666,s4.005186,s182.892269
092_84,s-2.330571,s3.417192,s115.689207
092_85,s-3.252909,s2.993427,s114.878558
092_86,s1.827686,s-3.406715,s175.281142
092_87,s3.318977,s1.844527,s208.141132
092_88,s-4.268276,s1.251950,s82.646925
092_89,s-4.761131,s1.907251,s30.833856
092_90,s0.350207,s4.416136,s2.478606
092_91,s3.650770,s0.035841,s183.131787
093_0,s-0.113922,s0.240526,s330.831986
093_1,s0.620016,s0.207284,s121.843425
093_2,s0.309162,s-0.900166,s51.206474
093_3,s-0.651425,s-0.339246,s298.711886
093_4,s-0.581725,s0.503140,s298.815908
093_5,s0.683738,s1.033721,s302.235479
093_6,s-1.171826,s0.165374,s269.297669
093_7,s1.553802,s0.601801,s115.347832
093_8,s-1.465614,s-0.846269,s61.046567
093_9,s-0.903981,s-1.072400,s26.529352
093_10,s0.229541,s1.634103,s265.396268
093_11,s-1.224355,s0.976182,s6.691595
093_12,s0.601806,s-0.521521,s239.726892
093_13,s1.872924,s1.732029,s151.151361
093_14,s-0.779844,s1.026383,s118.031818
093_15,s-0.188631,s-1.048381,s146.042094
093_16,s0.051432,s-1.525700,s209.262407
093_17,s1.528668,s-1.383373,s127.314943
093_18,s2.283940,s-1.615591,s328.943657
093_19,s1.894544,s0.988440,s245.464114
093_20,s1.119967,s-2.238985,s60.141038
093_21,s-0.242264,s1.396379,s233.660560
093_22,s-1.651627,s0.534559,s193.723746
093_23,s-1.365639,s-1.465098,s117.679003
093_24,s0.931681,s1.937848,s5.020566
093_25,s0.089396,s2.431194,s304.677009
093_26,s-2.345607,s-1.541883,s11.502654
093_27,s2.364668,s-0.261190,s29.691066
093_28,s2.590542,s1.779088,s322.087483
093_29,s-2.078906,s1.149110,s-1.125083
093_30,s-1.039042,s2.095189,s23.911435
093_31,s1.529848,s-0.356835,s181.104569
093_32,s-0.812772,s-1.961024,s85.373902
093_33,s0.066604,s-2.991500,s331.342294
093_34,s2.534045,s-3.178515,s32.552973
093_35,s-1.312272,s-2.431243,s56.554414
093_36,s-1.785031,s-0.163550,s117.764896
093_37,s-2.329195,s0.274402,s167.547360
093_38,s-2.918354,s-0.608353,s334.888535
093_39,s-2.177963,s-2.019255,s138.486522
093_40,s2.291403,s0.136723,s177.960466
093_41,s-0.621782,s-2.639847,s326.897245
093_42,s1.312416,s-3.110720,s288.896513
093_43,s-2.702380,s0.948714,s47.431451
093_44,s-1.517297,s-2.970531,s179.476824
093_45,s-3.191853,s-0.150554,s-0.195804
093_46,s2.187979,s-2.170348,s230.437624
093_47,s3.041012,s-0.073595,s176.780703
093_48,s-0.214764,s2.015670,s115.881303
093_49,s0.844896,s-3.113149,s28.152146
093_50,s1.728412,s2.100765,s46.168677
093_51,s-0.324848,s2.840679,s90.458146
093_52,s-0.456723,s-3.019281,s193.052397
093_53,s-1.730490,s1.792019,s-30.028796
093_54,s-2.775977,s-2.209629,s104.401245
093_55,s-3.516671,s-0.806598,s111.300632
093_56,s-1.099740,s-3.229990,s238.097857
093_57,s-3.013924,s1.772416,s224.702663
093_58,s-3.593926,s1.283953,s49.531127
093_59,s2.760483,s0.833045,s329.934890
093_60,s-3.766408,s0.413642,s149.833357
093_61,s-1.694943,s3.388399,s154.099438
093_62,s3.216931,s-2.208684,s295.488269
093_63,s-3.308142,s-1.677581,s258.609723
093_64,s-2.081041,s2.166794,s17.637942
093_65,s2.750565,s2.638279,s332.181102
093_66,s-3.689258,s2.429921,s167.646070
093_67,s-1.932161,s-3.387619,s90.632023
093_68,s1.903155,s2.795608,s329.533576
093_69,s0.259736,s3.109565,s30.273234
093_70,s3.407869,s-0.954464,s215.969208
093_71,s0.082821,s-3.606887,s237.983667
093_72,s-4.101038,s-0.402761,s129.072275
093_73,s1.730943,s3.441848,s3.904538
093_74,s0.292774,s4.130473,s223.004875
093_75,s-1.830236,s3.811431,s329.770878
093_76,s-3.957250,s-1.489480,s130.803768
093_77,s-2.940546,s2.741709,s224.626413
093_78,s-2.702590,s-3.154285,s32.828165
093_79,s-4.451763,s0.304836,s335.792469
093_80,s3.528752,s0.845620,s180.014634
093_81,s-1.139684,s-3.840739,s252.803433
093_82,s-1.234562,s3.443204,s7.328963
093_83,s-0.806211,s3.971460,s179.329170
093_84,s-2.370385,s3.301678,s59.770557
093_85,s-3.252909,s2.993427,s114.878558
093_86,s1.827686,s-3.406715,s175.281142
093_87,s3.317207,s1.830765,s209.387418
093_88,s-4.506745,s1.159077,s-2.107770
093_89,s-4.796759,s1.852252,s25.861216
093_90,s0.279831,s4.553501,s59.289405
093_91,s3.689877,s-0.009505,s187.662936
093_92,s-3.674537,s-2.348404,s147.102146
094_0,s-0.113922,s0.240526,s330.831986
094_1,s0.620016,s0.207284,s121.843425
094_2,s0.309162,s-0.900166,s51.206474
094_3,s-0.716283,s-0.411625,s298.933676
094_4,s-0.581725,s0.503140,s298.815908
094_5,s0.645190,s1.121342,s307.406974
094_6,s-1.171826,s0.165374,s269.297669
094_7,s1.533674,s0.565560,s119.708510
094_8,s-1.552583,s-0.955849,s56.310550
094_9,s-0.903981,s-1.072400,s26.529352
094_10,s0.191916,s1.628444,s263.885137
094_11,s-1.224355,s0.976182,s6.691595
094_12,s0.601806,s-0.521521,s239.726892
094_13,s1.902559,s1.706647,s146.034064
094_14,s-0.779844,s1.026383,s118.031818
094_15,s-0.188631,s-1.048381,s146.042094
094_16,s0.062698,s-1.519966,s212.322821
094_17,s1.581682,s-1.332593,s126.649581
094_18,s2.362394,s-1.600960,s268.322936
094_19,s1.894544,s0.988440,s245.464114
094_20,s1.119967,s-2.238985,s60.141038
094_21,s-0.242264,s1.396379,s233.660560
094_22,s-1.623415,s0.549718,s192.483949
094_23,s-1.350187,s-1.457028,s122.463010
094_24,s0.939225,s2.161948,s10.331250
094_25,s0.089396,s2.431194,s304.677009
094_26,s-2.338475,s-1.504186,s19.071753
094_27,s2.364668,s-0.261190,s29.691066
094_28,s2.823930,s1.904824,s316.350481
094_29,s-2.078016,s1.159654,s175.471089
094_30,s-1.001448,s2.199613,s21.087336
094_31,s1.442801,s-0.388431,s183.175134
094_32,s-0.812772,s-1.961024,s85.373902
094_33,s0.066604,s-2.991500,s331.342294
094_34,s2.534045,s-3.178515,s32.552973
094_35,s-1.352104,s-2.428262,s57.922309
094_36,s-1.785031,s-0.163550,s117.764896
094_37,s-2.334125,s0.326297,s164.073667
094_38,s-2.995770,s-0.654172,s153.265704
094_39,s-2.177963,s-2.019255,s138.486522
094_40,s2.291403,s0.136723,s177.960466
094_41,s-0.621782,s-2.639847,s326.897245
094_42,s1.301691,s-3.067594,s290.569015
094_43,s-2.558295,s1.031807,s54.669063
094_44,s-1.517297,s-2.970531,s179.476824
094_45,s-3.191853,s-0.150554,s-0.195804
094_46,s2.187979,s-2.170348,s230.437624
094_47,s3.059687,s-0.130698,s170.307582
094_48,s-0.216657,s1.940931,s108.724364
094_49,s0.887618,s-3.127667,s26.949553
094_50,s1.636606,s2.108781,s45.995604
094_51,s-0.298431,s2.978423,s83.631881
094_52,s-0.456723,s-3.019281,s193.052397
094_53,s-1.730490,s1.792019,s-30.028796
094_54,s-2.775977,s-2.209629,s104.401245
094_55,s-3.576235,s-0.831363,s115.073908
094_56,s-1.094630,s-3.220402,s238.268722
094_57,s-3.131586,s1.908125,s223.527726
094_58,s-3.753806,s1.178770,s38.659108
094_59,s2.764881,s0.909905,s331.507936
094_60,s-3.819934,s0.489424,s152.683649
094_61,s-1.672375,s3.428916,s160.390744
094_62,s3.134037,s-2.275296,s288.514014
094_63,s-3.296821,s-1.703410,s260.827631
094_64,s-2.081041,s2.166794,s17.637942
094_65,s2.789562,s2.610688,s329.208737
094_66,s-3.618554,s2.401356,s150.182784
094_67,s-1.932161,s-3.387619,s90.632023
094_68,s1.907005,s2.721812,s91.210060
094_69,s0.288934,s3.183720,s28.769550
094_70,s3.407869,s-0.954464,s215.969208
094_71,s0.044500,s-3.650233,s239.125334
094_72,s-4.101038,s-0.402761,s129.072275
094_73,s1.728504,s3.355006,s6.234223
094_74,s0.348999,s4.064958,s221.017647
094_75,s-1.840445,s3.832527,s326.025574
094_76,s-4.078256,s-1.609045,s91.601135
094_77,s-2.940546,s2.741709,s224.626413
094_78,s-2.702590,s-3.154285,s32.828165
094_79,s-4.451763,s0.304836,s335.792469
094_80,s3.543502,s0.869205,s179.954377
094_81,s-1.138955,s-3.866021,s259.211648
094_82,s-1.121917,s3.469970,s7.904119
094_83,s-0.780234,s4.101452,s271.255489
094_84,s-2.426507,s3.171113,s58.151480
094_85,s-3.285485,s2.988270,s111.837202
094_86,s1.827686,s-3.406715,s175.281142
094_87,s3.497319,s1.856901,s233.878014
094_88,s-4.484066,s1.125395,s-3.118891
094_89,s-4.825857,s1.806780,s61.481455
094_90,s0.279831,s4.553501,s59.289405
094_91,s3.689877,s-0.009505,s187.662936
094_92,s-3.674537,s-2.348404,s147.102146
094_93,s-0.543310,s-4.274302,s212.069749
095_0,s-0.113922,s0.240526,s330.831986
095_1,s0.595596,s0.156289,s120.279081
095_2,s0.309162,s-0.900166,s51.206474
095_3,s-0.703438,s-0.339683,s298.449132
095_4,s-0.581725,s0.503140,s298.815908
095_5,s0.553023,s1.170723,s239.571787
095_6,s-1.171826,s0.165374,s269.297669
095_7,s1.537228,s0.576443,s116.492360
095_8,s-1.520859,s-0.957122,s59.243709
095_9,s-0.863604,s-1.101895,s24.444630
095_10,s0.299549,s1.685762,s262.557014
095_11,s-1.224355,s0.976182,s6.691595
095_12,s0.600972,s-0.577931,s237.861309
095_13,s1.971390,s1.712112,s146.231703
095_14,s-0.779844,s1.026383,s118.031818
095_15,s-0.188631,s-1.048381,s146.042094
095_16,s0.062698,s-1.519966,s212.322821
095_17,s1.597524,s-1.343589,s124.407897
095_18,s2.435565,s-1.645644,s269.471070
095_19,s1.883242,s1.007874,s246.324333
095_20,s1.218524,s-2.144459,s296.851350
095_21,s-0.242264,s1.396379,s233.660560
095_22,s-1.617684,s0.552328,s193.972367
095_23,s-1.153244,s-1.408930,s119.019674
095_24,s0.883710,s2.156802,s11.697309
095_25,s0.109321,s2.520614,s314.495870
095_26,s-2.351970,s-1.503305,s21.061097
095_27,s2.364668,s-0.261190,s29.691066
095_28,s2.800728,s1.885210,s306.274135
095_29,s-2.043022,s1.159326,s176.498395
095_30,s-1.001448,s2.199613,s21.087336
095_31,s1.485974,s-0.348828,s185.158436
095_32,s-0.812772,s-1.961024,s85.373902
095_33,s0.140090,s-2.934398,s329.736310
095_34,s2.534045,s-3.178515,s32.552973
095_35,s-1.352104,s-2.428262,s57.922309
095_36,s-1.775302,s-0.159814,s117.532991
095_37,s-2.360153,s0.366369,s159.444670
095_38,s-3.032749,s-0.742925,s149.891144
095_39,s-2.177963,s-2.019255,s138.486522
095_40,s2.291403,s0.136723,s177.960466
095_41,s-0.741209,s-2.570975,s324.468920
095_42,s1.311146,s-3.095706,s294.876389
095_43,s-2.558295,s1.031807,s54.669063
095_44,s-1.517297,s-2.970531,s179.476824
095_45,s-3.309838,s-0.094197,s329.148719
095_46,s2.286056,s-2.211837,s217.649494
095_47,s3.017834,s-0.037226,s169.563224
095_48,s-0.216657,s1.940931,s108.724364
095_49,s0.867201,s-3.084870,s21.672804
095_50,s1.636606,s2.108781,s45.995604
095_51,s-0.319500,s2.892138,s83.183035
095_52,s-0.456723,s-3.019281,s193.052397
095_53,s-1.730490,s1.792019,s-30.028796
095_54,s-2.803519,s-2.220959,s101.647240
095_55,s-3.576235,s-0.831363,s115.073908
095_56,s-1.094630,s-3.220402,s238.268722
095_57,s-3.180404,s1.992106,s220.144918
095_58,s-3.693763,s1.174469,s37.109716
095_59,s2.803425,s0.889385,s181.178612
095_60,s-3.803907,s0.464968,s146.523062
095_61,s-1.702479,s3.395652,s161.043589
095_62,s3.173732,s-2.191941,s289.420159
095_63,s-3.232521,s-1.714583,s334.617339
095_64,s-2.052654,s2.273398,s15.575338
095_65,s2.853196,s2.644379,s339.577954
095_66,s-3.547692,s2.429555,s156.126812
095_67,s-1.932161,s-3.387619,s90.632023
095_68,s1.920285,s2.738165,s92.682558
095_69,s0.288934,s3.183720,s28.769550
095_70,s3.400004,s-0.853114,s225.371857
095_71,s0.007826,s-3.645396,s245.664033
095_72,s-4.128877,s-0.438833,s119.520054
095_73,s1.677608,s3.389004,s12.806962
095_74,s0.417803,s4.038302,s211.996989
095_75,s-1.894804,s3.834872,s-5.516527
095_76,s-4.035109,s-1.643908,s96.906820
095_77,s-3.000278,s2.694758,s223.927064
095_78,s-2.695528,s-3.124601,s37.636018
095_79,s-4.466248,s0.340994,s330.055479
095_80,s3.472248,s0.826597,s184.801496
095_81,s-1.142346,s-3.777068,s120.125486
095_82,s-1.140517,s3.465935,s4.992110
095_83,s-0.801606,s4.035591,s273.903262
095_84,s-2.455670,s3.282661,s57.199588
095_85,s-3.283699,s2.929049,s113.647292
095_86,s2.014007,s-3.421845,s172.145422
095_87,s3.563028,s1.804563,s230.005561
095_88,s-4.442257,s1.151156,s2.435402
095_89,s-4.800248,s1.778000,s119.384299
095_90,s0.412553,s4.549398,s59.530481
095_91,s3.716176,s-0.059506,s193.353328
095_92,s-3.707811,s-2.298955,s120.653574
095_93,s-0.569719,s-4.259795,s214.676025
095_94,s2.255018,s3.534892,s-5.587399
096_0,s-0.113922,s0.240526,s330.831986
096_1,s0.595596,s0.156289,s120.279081
096_2,s0.332661,s-0.856033,s49.978435
096_3,s-0.703438,s-0.339683,s298.449132
096_4,s-0.581725,s0.503140,s298.815908
096_5,s0.532978,s1.111020,s238.204139
096_6,s-1.171826,s0.165374,s269.297669
096_7,s1.468369,s0.535142,s121.902351
096_8,s-1.599348,s-1.082378,s76.883729
096_9,s-0.858740,s-1.050805,s22.358043
096_10,s0.319830,s1.679236,s270.387155
096_11,s-1.224355,s0.976182,s6.691595
096_12,s0.622813,s-0.519059,s239.813680
096_13,s1.894390,s1.786299,s159.749778
096_14,s-0.779844,s1.026383,s118.031818
096_15,s-0.178976,s-1.046866,s145.766282
096_16,s0.075416,s-1.527356,s211.222872
096_17,s1.597524,s-1.343589,s124.407897
096_18,s2.415408,s-1.642942,s265.978111
096_19,s1.883242,s1.007874,s246.324333
096_20,s1.219522,s-2.007542,s235.552604
096_21,s-0.242264,s1.396379,s233.660560
096_22,s-1.617684,s0.552328,s193.972367
096_23,s-1.153244,s-1.408930,s119.019674
096_24,s0.863892,s2.178811,s12.283062
096_25,s0.002683,s2.477157,s310.143264
096_26,s-2.281027,s-1.467902,s27.623645
096_27,s2.364668,s-0.261190,s29.691066
096_28,s2.621040,s1.951365,s148.601905
096_29,s-1.988084,s1.176338,s176.595631
096_30,s-1.004885,s2.337866,s10.638764
096_31,s1.352153,s-0.389327,s297.152780
096_32,s-0.794350,s-1.923423,s86.846481
096_33,s0.010226,s-2.964524,s321.447559
096_34,s2.787514,s-3.250963,s175.284560
096_35,s-1.335879,s-2.438578,s58.685117
096_36,s-1.836817,s-0.198232,s115.439264
096_37,s-2.356221,s0.377392,s119.205408
096_38,s-3.031277,s-0.756850,s331.320225
096_39,s-2.160223,s-2.011090,s139.503445
096_40,s2.291403,s0.136723,s177.960466
096_41,s-0.741209,s-2.570975,s324.468920
096_42,s1.357049,s-3.167474,s287.412943
096_43,s-2.551973,s1.087478,s57.659807
096_44,s-1.636496,s-2.976840,s186.431477
096_45,s-3.328105,s0.003825,s321.149375
096_46,s2.286056,s-2.211837,s217.649494
096_47,s2.999023,s-0.051170,s168.583575
096_48,s-0.216657,s1.940931,s108.724364
096_49,s0.873037,s-3.088248,s16.429467
096_50,s1.615993,s2.187198,s49.288020
096_51,s-0.227283,s2.885316,s79.366802
096_52,s-0.456723,s-3.019281,s193.052397
096_53,s-1.831178,s1.823405,s331.671671
096_54,s-2.805691,s-2.254332,s102.453710
096_55,s-3.564326,s-0.791089,s114.614834
096_56,s-1.102168,s-3.157615,s233.450720
096_57,s-3.005072,s1.979851,s219.584443
096_58,s-3.680913,s1.222524,s36.242725
096_59,s2.787653,s0.896901,s-0.843730
096_60,s-3.886049,s0.505598,s185.199432
096_61,s-1.676605,s3.350504,s162.522051
096_62,s3.272649,s-2.035807,s207.365267
096_63,s-3.240381,s-1.794417,s331.613116
096_64,s-2.052654,s2.273398,s15.575338
096_65,s2.954951,s2.592719,s34.247772
096_66,s-3.484345,s2.395109,s157.337081
096_67,s-1.979877,s-3.375526,s96.478407
096_68,s1.897005,s2.800221,s96.889139
096_69,s0.184037,s3.210028,s29.016872
096_70,s3.342616,s-0.841032,s226.664762
096_71,s0.110414,s-3.597927,s299.386548
096_72,s-4.168743,s-0.533892,s120.662175
096_73,s1.718349,s3.331053,s81.975577
096_74,s0.189490,s4.084789,s211.190375
096_75,s-1.745074,s3.695914,s325.389960
096_76,s-3.962804,s-1.556614,s99.132065
096_77,s-2.969651,s2.668908,s220.428194
096_78,s-2.712578,s-3.111580,s38.457470
096_79,s-4.420213,s0.359931,s119.149824
096_80,s3.502643,s0.789242,s179.432161
096_81,s-1.142346,s-3.777068,s120.125486
096_82,s-1.140517,s3.465935,s4.992110
096_83,s-0.823611,s4.008197,s270.545056
096_84,s-2.643814,s3.226762,s60.660976
096_85,s-3.283699,s2.929049,s113.647292
096_86,s2.050611,s-3.386157,s170.065976
096_87,s3.430454,s1.811569,s235.988920
096_88,s-4.565820,s1.044247,s120.554905
096_89,s-4.797423,s1.723878,s57.114036
096_90,s0.394388,s4.534795,s61.113290
096_91,s3.702526,s-0.063599,s210.504867
096_92,s-3.772250,s-2.419420,s124.980783
096_93,s-0.588846,s-4.283767,s241.995375
096_94,s2.223844,s3.648429,s-10.954027
096_95,s-2.390387,s-3.925395,s82.472089
097_0,s-0.113922,s0.240526,s330.831986
097_1,s0.595596,s0.156289,s120.279081
097_2,s0.306284,s-0.845368,s50.335276
097_3,s-0.784174,s-0.394527,s299.311439
097_4,s-0.581725,s0.503140,s298.815908
097_5,s0.552774,s1.147031,s238.185970
097_6,s-1.169905,s0.131361,s273.199397
097_7,s1.468369,s0.535142,s121.902351
097_8,s-1.599348,s-1.082378,s76.883729
097_9,s-0.858740,s-1.050805,s22.358043
097_10,s0.387357,s1.655403,s262.739096
097_11,s-1.224355,s0.976182,s6.691595
097_12,s0.616993,s-0.534374,s239.916023
097_13,s1.894390,s1.786299,s159.749778
097_14,s-0.779844,s1.026383,s118.031818
097_15,s-0.119707,s-1.020389,s146.058835
097_16,s0.080547,s-1.473385,s204.185474
097_17,s1.611996,s-1.398487,s116.218273
097_18,s2.315237,s-1.524674,s265.785572
097_19,s1.898460,s1.007617,s242.455076
097_20,s1.281098,s-2.055848,s235.173659
097_21,s-0.242264,s1.396379,s233.660560
097_22,s-1.617684,s0.552328,s193.972367
097_23,s-1.099925,s-1.376497,s116.825532
097_24,s0.908153,s2.089510,s10.704147
097_25,s0.048810,s2.462890,s305.530863
097_26,s-2.258055,s-1.458348,s25.695939
097_27,s2.364668,s-0.261190,s29.691066
097_28,s2.599667,s1.925552,s180.391199
097_29,s-1.953086,s1.245117,s175.993231
097_30,s-1.017715,s2.321050,s9.600482
097_31,s1.365752,s-0.387273,s300.850068
097_32,s-0.794350,s-1.923423,s86.846481
097_33,s0.010226,s-2.964524,s321.447559
097_34,s2.787514,s-3.250963,s175.284560
097_35,s-1.160771,s-2.583734,s52.174257
097_36,s-1.884809,s-0.232665,s120.332342
097_37,s-2.356221,s0.377392,s119.205408
097_38,s-3.022571,s-0.727315,s325.983685
097_39,s-2.191293,s-2.010178,s175.400269
097_40,s2.291403,s0.136723,s177.960466
097_41,s-0.639177,s-2.565567,s326.746631
097_42,s1.378265,s-3.192292,s290.790139
097_43,s-2.523584,s1.063357,s122.507076
097_44,s-1.580859,s-2.974256,s182.175987
097_45,s-3.328105,s0.003825,s321.149375
097_46,s2.327890,s-2.162696,s148.875125
097_47,s2.943814,s-0.131639,s29.760568
097_48,s-0.216657,s1.940931,s108.724364
097_49,s0.875670,s-3.114402,s16.426095
097_50,s1.586346,s2.083117,s44.181318
097_51,s-0.225261,s2.848121,s81.109793
097_52,s-0.456723,s-3.019281,s193.052397
097_53,s-1.885445,s1.913553,s270.440224
097_54,s-2.805506,s-2.201795,s90.357750
097_55,s-3.564326,s-0.791089,s114.614834
097_56,s-1.102168,s-3.157615,s233.450720
097_57,s-2.978365,s1.984979,s217.565836
097_58,s-3.815543,s1.267009,s30.418967
097_59,s2.864302,s0.904575,s-3.920270
097_60,s-3.911131,s0.575255,s181.830777
097_61,s-1.676605,s3.350504,s162.522051
097_62,s3.272649,s-2.035807,s207.365267
097_63,s-3.240381,s-1.794417,s331.613116
097_64,s-2.070319,s2.303666,s15.413639
097_65,s2.899763,s2.773787,s37.840557
097_66,s-3.505097,s2.373079,s160.263436
097_67,s-1.985206,s-3.324083,s94.708892
097_68,s1.897005,s2.800221,s96.889139
097_69,s0.315047,s3.065877,s28.526862
097_70,s3.278771,s-0.801300,s228.752170
097_71,s-0.034930,s-3.671863,s297.938653
097_72,s-4.253843,s-0.464433,s146.487238
097_73,s1.669750,s3.454288,s71.833143
097_74,s0.240304,s4.140046,s209.320159
097_75,s-1.745074,s3.695914,s325.389960
097_76,s-3.962804,s-1.556614,s99.132065
097_77,s-2.934425,s2.730141,s213.647163
097_78,s-2.712578,s-3.111580,s38.457470
097_79,s-4.456645,s0.374985,s126.852106
097_80,s3.502643,s0.789242,s179.432161
097_81,s-1.123625,s-3.805368,s266.984179
097_82,s-1.164305,s3.446562,s3.235165
097_83,s-0.842509,s4.017844,s273.518512
097_84,s-2.691941,s3.260707,s31.694667
097_85,s-3.289230,s3.023549,s82.018085
097_86,s2.024846,s-3.342249,s184.052158
097_87,s3.341098,s1.788348,s2.228076
097_88,s-4.566344,s1.089846,s124.413752
097_89,s-4.709477,s1.643416,s56.503384
097_90,s0.421135,s4.589815,s64.968064
097_91,s3.671865,s-0.041800,s182.225784
097_92,s-3.903204,s-2.290997,s207.197696
097_93,s-0.546666,s-4.220087,s247.217121
097_94,s2.162071,s3.696488,s243.098231
097_95,s-2.432194,s-4.012443,s67.284290
097_96,s-4.527188,s-2.427012,s124.066227
098_0,s-0.113922,s0.240526,s330.831986
098_1,s0.595596,s0.156289,s120.279081
098_2,s0.306284,s-0.845368,s50.335276
098_3,s-0.784174,s-0.394527,s299.311439
098_4,s-0.581725,s0.503140,s298.815908
098_5,s0.552774,s1.147031,s238.185970
098_6,s-1.169905,s0.131361,s273.199397
098_7,s1.468369,s0.535142,s121.902351
098_8,s-1.599348,s-1.082378,s76.883729
098_9,s-0.858740,s-1.050805,s22.358043
098_10,s0.387357,s1.655403,s262.739096
098_11,s-1.224355,s0.976182,s6.691595
098_12,s0.616993,s-0.534374,s239.916023
098_13,s1.894390,s1.786299,s159.749778
098_14,s-0.779844,s1.026383,s118.031818
098_15,s-0.119707,s-1.020389,s146.058835
098_16,s0.080547,s-1.473385,s204.185474
098_17,s1.611996,s-1.398487,s116.218273
098_18,s2.315237,s-1.524674,s265.785572
098_19,s1.898460,s1.007617,s242.455076
098_20,s1.281098,s-2.055848,s235.173659
098_21,s-0.242264,s1.396379,s233.660560
098_22,s-1.617684,s0.552328,s193.972367
098_23,s-1.099925,s-1.376497,s116.825532
098_24,s0.908153,s2.089510,s10.704147
098_25,s0.048810,s2.462890,s305.530863
098_26,s-2.258055,s-1.458348,s25.695939
098_27,s2.364668,s-0.261190,s29.691066
098_28,s2.599667,s1.925552,s180.391199
098_29,s-1.953086,s1.245117,s175.993231
098_30,s-1.017715,s2.321050,s9.600482
098_31,s1.365752,s-0.387273,s300.850068
098_32,s-0.794350,s-1.923423,s86.846481
098_33,s0.010226,s-2.964524,s321.447559
098_34,s2.787514,s-3.250963,s175.284560
098_35,s-1.160771,s-2.583734,s52.174257
098_36,s-1.884809,s-0.232665,s120.332342
098_37,s-2.356221,s0.377392,s119.205408
098_38,s-3.022571,s-0.727315,s325.983685
098_39,s-2.191293,s-2.010178,s175.400269
098_40,s2.291403,s0.136723,s177.960466
098_41,s-0.639177,s-2.565567,s326.746631
098_42,s1.378265,s-3.192292,s290.790139
098_43,s-2.523584,s1.063357,s122.507076
098_44,s-1.580859,s-2.974256,s182.175987
098_45,s-3.328105,s0.003825,s321.149375
098_46,s2.327890,s-2.162696,s148.875125
098_47,s2.943814,s-0.131639,s29.760568
098_48,s-0.216657,s1.940931,s108.724364
098_49,s0.875670,s-3.114402,s16.426095
098_50,s1.586346,s2.083117,s44.181318
098_51,s-0.225261,s2.848121,s81.109793
098_52,s-0.456723,s-3.019281,s193.052397
098_53,s-1.885445,s1.913553,s270.440224
098_54,s-2.805506,s-2.201795,s90.357750
098_55,s-3.564326,s-0.791089,s114.614834
098_56,s-1.102168,s-3.157615,s233.450720
098_57,s-2.978365,s1.984979,s217.565836
098_58,s-3.815543,s1.267009,s30.418967
098_59,s2.864302,s0.904575,s-3.920270
098_60,s-3.911131,s0.575255,s181.830777
098_61,s-1.676605,s3.350504,s162.522051
098_62,s3.272649,s-2.035807,s207.365267
098_63,s-3.240381,s-1.794417,s331.613116
098_64,s-2.070319,s2.303666,s15.413639
098_65,s2.899763,s2.773787,s37.840557
098_66,s-3.505097,s2.373079,s160.263436
098_67,s-1.985206,s-3.324083,s94.708892
098_68,s1.897005,s2.800221,s96.889139
098_69,s0.315047,s3.065877,s28.526862
098_70,s3.278771,s-0.801300,s228.752170
098_71,s-0.034930,s-3.671863,s297.938653
098_72,s-4.253843,s-0.464433,s146.487238
098_73,s1.669750,s3.454288,s71.833143
098_74,s0.240304,s4.140046,s209.320159
098_75,s-1.745074,s3.695914,s325.389960
098_76,s-3.962804,s-1.556614,s99.132065
098_77,s-2.934425,s2.730141,s213.647163
098_78,s-2.712578,s-3.111580,s38.457470
098_79,s-4.456645,s0.374985,s126.852106
098_80,s3.502643,s0.789242,s179.432161
098_81,s-1.123625,s-3.805368,s266.984179
098_82,s-1.164305,s3.446562,s3.235165
098_83,s-0.842509,s4.017844,s273.518512
098_84,s-2.691941,s3.260707,s31.694667
098_85,s-3.289230,s3.023549,s82.018085
098_86,s2.024846,s-3.342249,s184.052158
098_87,s3.341098,s1.788348,s2.228076
098_88,s-4.566344,s1.089846,s124.413752
098_89,s-4.709477,s1.643416,s56.503384
098_90,s0.421135,s4.589815,s64.968064
098_91,s3.671865,s-0.041800,s182.225784
098_92,s-3.903204,s-2.290997,s207.197696
098_93,s-0.546666,s-4.220087,s247.217121
098_94,s2.162071,s3.696488,s243.098231
098_95,s-2.432194,s-4.012443,s67.284290
098_96,s-4.527188,s-2.427012,s124.066227
098_97,s-2.295050,s3.975027,s183.769919
099_0,s-0.113922,s0.240526,s330.831986
099_1,s0.609221,s0.150043,s126.255620
099_2,s0.306284,s-0.845368,s50.335276
099_3,s-0.784174,s-0.394527,s299.311439
099_4,s-0.581725,s0.503140,s298.815908
099_5,s0.579215,s1.149727,s242.412426
099_6,s-1.169905,s0.131361,s273.199397
099_7,s1.553904,s0.505490,s122.840954
099_8,s-1.599348,s-1.082378,s76.883729
099_9,s-0.846753,s-1.044287,s25.348445
099_10,s0.387357,s1.655403,s262.739096
099_11,s-1.224355,s0.976182,s6.691595
099_12,s0.687689,s-0.465962,s243.492167
099_13,s1.894390,s1.786299,s159.749778
099_14,s-0.779844,s1.026383,s118.031818
099_15,s-0.119707,s-1.020389,s146.058835
099_16,s0.080547,s-1.473385,s204.185474
099_17,s1.562328,s-1.398224,s55.867635
099_18,s2.315237,s-1.524674,s265.785572
099_19,s1.919103,s1.028745,s242.385731
099_20,s1.336629,s-2.013690,s228.952462
099_21,s-0.242264,s1.396379,s233.660560
099_22,s-1.585901,s0.509951,s189.340637
099_23,s-1.202044,s-1.350305,s119.989668
099_24,s0.946204,s1.982644,s9.444687
099_25,s0.048810,s2.462890,s305.530863
099_26,s-2.258055,s-1.458348,s25.695939
099_27,s2.364668,s-0.261190,s29.691066
099_28,s2.630174,s1.892008,s182.442656
099_29,s-2.039080,s1.439442,s185.265360
099_30,s-1.017715,s2.321050,s9.600482
099_31,s1.365752,s-0.387273,s300.850068
099_32,s-0.793814,s-1.880866,s87.156463
099_33,s0.010226,s-2.964524,s321.447559
099_34,s2.787514,s-3.250963,s175.284560
099_35,s-1.218078,s-2.536717,s44.131020
099_36,s-1.854027,s-0.305151,s122.510685
099_37,s-2.356221,s0.377392,s119.205408
099_38,s-2.969962,s-0.657938,s325.921349
099_39,s-2.228868,s-2.050999,s177.586088
099_40,s2.291403,s0.136723,s177.960466
099_41,s-0.639177,s-2.565567,s326.746631
099_42,s1.475856,s-3.158441,s284.390224
099_43,s-2.523584,s1.063357,s122.507076
099_44,s-1.580859,s-2.974256,s182.175987
099_45,s-3.327671,s0.013247,s320.859752
099_46,s2.410652,s-2.208917,s239.484655
099_47,s3.110351,s-0.176528,s27.156840
099_48,s-0.148581,s1.996705,s106.277517
099_49,s0.828124,s-3.027902,s20.831706
099_50,s1.586346,s2.083117,s44.181318
099_51,s-0.298956,s2.944346,s83.232746
099_52,s-0.456723,s-3.019281,s193.052397
099_53,s-1.847047,s1.947528,s268.180441
099_54,s-2.805506,s-2.201795,s90.357750
099_55,s-3.630924,s-0.814750,s117.899574
099_56,s-1.102168,s-3.157615,s233.450720
099_57,s-3.161858,s2.003388,s216.442894
099_58,s-3.815375,s1.235464,s34.764410
099_59,s2.919473,s0.805295,s5.559136
099_60,s-3.711862,s0.728872,s177.129470
099_61,s-1.676605,s3.350504,s162.522051
099_62,s3.301743,s-2.142327,s197.685227
099_63,s-3.232523,s-1.689786,s329.061157
099_64,s-2.070319,s2.303666,s15.413639
099_65,s2.809157,s2.703477,s328.616435
099_66,s-3.491489,s2.341592,s166.980777
099_67,s-2.117109,s-3.479480,s-2.533441
099_68,s1.886641,s2.816175,s93.679667
099_69,s0.315047,s3.065877,s28.526862
099_70,s3.278771,s-0.801300,s228.752170
099_71,s-0.034930,s-3.671863,s297.938653
099_72,s-4.316718,s-0.428759,s135.168708
099_73,s1.682021,s3.421997,s68.511679
099_74,s0.220112,s4.059040,s209.220185
099_75,s-1.745074,s3.695914,s325.389960
099_76,s-3.962804,s-1.556614,s99.132065
099_77,s-2.902063,s2.675475,s211.213002
099_78,s-2.712578,s-3.111580,s38.457470
099_79,s-4.456645,s0.374985,s126.852106
099_80,s3.502643,s0.789242,s179.432161
099_81,s-1.123625,s-3.805368,s266.984179
099_82,s-1.164305,s3.446562,s3.235165
099_83,s-0.842509,s4.017844,s273.518512
099_84,s-2.686677,s3.454095,s38.037024
099_85,s-3.187533,s2.960674,s81.213033
099_86,s2.132318,s-3.437353,s189.888212
099_87,s3.342630,s1.509223,s301.143606
099_88,s-4.590551,s1.093856,s57.727593
099_89,s-4.591199,s1.672360,s330.238770
099_90,s0.434278,s4.512600,s68.055556
099_91,s3.735546,s-0.028526,s184.049992
099_92,s-3.959980,s-2.287176,s243.838257
099_93,s-0.442520,s-4.141163,s247.804460
099_94,s2.152294,s3.773699,s178.145416
099_95,s-2.307549,s-4.026479,s241.724742
099_96,s-4.527188,s-2.427012,s124.066227
099_97,s-2.209766,s4.079028,s3.860564
099_98,s0.532476,s-3.924037,s300.907662
100_0,s-0.113922,s0.240526,s330.831986
100_1,s0.609221,s0.150043,s126.255620
100_2,s0.306284,s-0.845368,s50.335276
100_3,s-0.784174,s-0.394527,s299.311439
100_4,s-0.581725,s0.503140,s298.815908
100_5,s0.579215,s1.149727,s242.412426
100_6,s-1.169905,s0.131361,s273.199397
100_7,s1.553904,s0.505490,s122.840954
100_8,s-1.599348,s-1.082378,s76.883729
100_9,s-0.846753,s-1.044287,s25.348445
100_10,s0.387357,s1.655403,s262.739096
100_11,s-1.224355,s0.976182,s6.691595
100_12,s0.687689,s-0.465962,s243.492167
100_13,s1.894390,s1.786299,s159.749778
100_14,s-0.779844,s1.026383,s118.031818
100_15,s-0.119707,s-1.020389,s146.058835
100_16,s0.080547,s-1.473385,s204.185474
100_17,s1.562328,s-1.398224,s55.867635
100_18,s2.315237,s-1.524674,s265.785572
100_19,s1.919103,s1.028745,s242.385731
100_20,s1.336629,s-2.013690,s228.952462
100_21,s-0.242264,s1.396379,s233.660560
100_22,s-1.585901,s0.509951,s189.340637
100_23,s-1.202044,s-1.350305,s119.989668
100_24,s0.946204,s1.982644,s9.444687
100_25,s0.048810,s2.462890,s305.530863
100_26,s-2.258055,s-1.458348,s25.695939
100_27,s2.364668,s-0.261190,s29.691066
100_28,s2.630174,s1.892008,s182.442656
100_29,s-2.039080,s1.439442,s185.265360
100_30,s-1.017715,s2.321050,s9.600482
100_31,s1.365752,s-0.387273,s300.850068
100_32,s-0.793814,s-1.880866,s87.156463
100_33,s0.010226,s-2.964524,s321.447559
100_34,s2.787514,s-3.250963,s175.284560
100_35,s-1.218078,s-2.536717,s44.131020
100_36,s-1.854027,s-0.305151,s122.510685
100_37,s-2.356221,s0.377392,s119.205408
100_38,s-2.969962,s-0.657938,s325.921349
100_39,s-2.228868,s-2.050999,s177.586088
100_40,s2.291403,s0.136723,s177.960466
100_41,s-0.639177,s-2.565567,s326.746631
100_42,s1.475856,s-3.158441,s284.390224
100_43,s-2.523584,s1.063357,s122.507076
100_44,s-1.580859,s-2.974256,s182.175987
100_45,s-3.327671,s0.013247,s320.859752
100_46,s2.410652,s-2.208917,s239.484655
100_47,s3.110351,s-0.176528,s27.156840
100_48,s-0.148581,s1.996705,s106.277517
100_49,s0.828124,s-3.027902,s20.831706
100_50,s1.586346,s2.083117,s44.181318
100_51,s-0.298956,s2.944346,s83.232746
100_52,s-0.456723,s-3.019281,s193.052397
100_53,s-1.847047,s1.947528,s268.180441
100_54,s-2.805506,s-2.201795,s90.357750
100_55,s-3.630924,s-0.814750,s117.899574
100_56,s-1.102168,s-3.157615,s233.450720
100_57,s-3.161858,s2.003388,s216.442894
100_58,s-3.815375,s1.235464,s34.764410
100_59,s2.919473,s0.805295,s5.559136
100_60,s-3.711862,s0.728872,s177.129470
100_61,s-1.676605,s3.350504,s162.522051
100_62,s3.301743,s-2.142327,s197.685227
100_63,s-3.232523,s-1.689786,s329.061157
100_64,s-2.070319,s2.303666,s15.413639
100_65,s2.809157,s2.703477,s328.616435
100_66,s-3.491489,s2.341592,s166.980777
100_67,s-2.117109,s-3.479480,s-2.533441
100_68,s1.886641,s2.816175,s93.679667
100_69,s0.315047,s3.065877,s28.526862
100_70,s3.278771,s-0.801300,s228.752170
100_71,s-0.034930,s-3.671863,s297.938653
100_72,s-4.316718,s-0.428759,s135.168708
100_73,s1.682021,s3.421997,s68.511679
100_74,s0.220112,s4.059040,s209.220185
100_75,s-1.745074,s3.695914,s325.389960
100_76,s-3.962804,s-1.556614,s99.132065
100_77,s-2.902063,s2.675475,s211.213002
100_78,s-2.712578,s-3.111580,s38.457470
100_79,s-4.456645,s0.374985,s126.852106
100_80,s3.502643,s0.789242,s179.432161
100_81,s-1.123625,s-3.805368,s266.984179
100_82,s-1.164305,s3.446562,s3.235165
100_83,s-0.842509,s4.017844,s273.518512
100_84,s-2.686677,s3.454095,s38.037024
100_85,s-3.187533,s2.960674,s81.213033
100_86,s2.132318,s-3.437353,s189.888212
100_87,s3.342630,s1.509223,s301.143606
100_88,s-4.590551,s1.093856,s57.727593
100_89,s-4.591199,s1.672360,s330.238770
100_90,s0.434278,s4.512600,s68.055556
100_91,s3.735546,s-0.028526,s184.049992
100_92,s-3.959980,s-2.287176,s243.838257
100_93,s-0.442520,s-4.141163,s247.804460
100_94,s2.152294,s3.773699,s178.145416
100_95,s-2.307549,s-4.026479,s241.724742
100_96,s-4.527188,s-2.427012,s124.066227
100_97,s-2.209766,s4.079028,s3.860564
100_98,s0.532476,s-3.924037,s300.907662
100_99,s-3.307450,s3.437102,s0.058546
101_0,s-0.046051,s0.209091,s330.442493
101_1,s0.575914,s0.142206,s298.813388
101_2,s0.301110,s-0.782360,s51.131075
101_3,s-0.802904,s-0.417897,s300.562639
101_4,s-0.581725,s0.503140,s298.815908
101_5,s0.534216,s1.115344,s243.056879
101_6,s-1.169905,s0.131361,s273.199397
101_7,s1.588335,s0.368475,s126.419264
101_8,s-1.658374,s-1.124297,s81.091383
101_9,s-0.936593,s-0.990457,s25.585843
101_10,s0.376792,s1.680980,s259.082769
101_11,s-1.224355,s0.976182,s6.691595
101_12,s0.759626,s-0.447088,s242.822082
101_13,s1.886850,s1.794044,s159.357310
101_14,s-0.779844,s1.026383,s118.031818
101_15,s-0.099670,s-1.113520,s147.808749
101_16,s0.094389,s-1.580051,s196.809750
101_17,s1.526673,s-1.415424,s59.143553
101_18,s2.206940,s-1.630315,s330.802556
101_19,s1.974010,s1.008866,s242.954068
101_20,s1.233642,s-2.000994,s182.684235
101_21,s-0.242264,s1.396379,s233.660560
101_22,s-1.588603,s0.544963,s186.622667
101_23,s-1.176495,s-1.408863,s119.882239
101_24,s0.946204,s1.982644,s9.444687
101_25,s0.020842,s2.412423,s308.064842
101_26,s-2.293900,s-1.555892,s35.033709
101_27,s2.364668,s-0.261190,s29.691066
101_28,s2.647315,s1.882548,s-1.025652
101_29,s-2.035298,s1.486113,s185.839898
101_30,s-0.947475,s2.222954,s32.022786
101_31,s1.365752,s-0.387273,s300.850068
101_32,s-0.805616,s-1.965243,s83.360374
101_33,s0.007974,s-2.965317,s321.081088
101_34,s2.710571,s-3.236314,s166.324393
101_35,s-1.256916,s-2.590691,s45.625523
101_36,s-1.813131,s-0.355418,s126.961180
101_37,s-2.314326,s0.320840,s238.864731
101_38,s-2.978072,s-0.709538,s55.023543
101_39,s-2.228868,s-2.050999,s177.586088
101_40,s2.291403,s0.136723,s177.960466
101_41,s-0.693401,s-2.586336,s332.747408
101_42,s1.469002,s-3.003473,s330.954641
101_43,s-2.615474,s0.967610,s121.705429
101_44,s-1.622875,s-2.845562,s179.710992
101_45,s-3.238648,s-0.118886,s324.823012
101_46,s2.351684,s-2.284889,s242.065229
101_47,s3.059702,s-0.287750,s29.654889
101_48,s-0.148581,s1.996705,s106.277517
101_49,s0.838638,s-3.074339,s16.247522
101_50,s1.647866,s2.148277,s38.859433
101_51,s-0.404081,s2.987262,s87.327088
101_52,s-0.463993,s-3.060399,s192.710529
101_53,s-1.847047,s1.947528,s268.180441
101_54,s-2.722330,s-2.194207,s98.200142
101_55,s-3.630924,s-0.814750,s117.899574
101_56,s-1.071246,s-3.184362,s233.522446
101_57,s-3.142759,s2.023531,s206.828201
101_58,s-3.861432,s1.255952,s300.379446
101_59,s2.972079,s1.058733,s11.293446
101_60,s-3.718748,s0.684539,s119.299869
101_61,s-1.653607,s3.347983,s159.967042
101_62,s3.273884,s-2.055017,s199.089440
101_63,s-3.289476,s-1.702139,s327.924187
101_64,s-2.086713,s2.251092,s12.816543
101_65,s2.935470,s2.609416,s318.322332
101_66,s-3.491489,s2.341592,s166.980777
101_67,s-2.148932,s-3.280853,s-6.707280
101_68,s1.908981,s2.863746,s95.854846
101_69,s0.274364,s3.127624,s36.258141
101_70,s3.212683,s-0.773192,s231.193527
101_71,s0.000471,s-3.709733,s294.032821
101_72,s-4.346264,s-0.559202,s135.023351
101_73,s1.690920,s3.397805,s59.735933
101_74,s0.192737,s4.040609,s213.706028
101_75,s-1.745074,s3.695914,s325.389960
101_76,s-3.802644,s-1.625853,s103.435493
101_77,s-3.004464,s2.634640,s214.382260
101_78,s-2.712578,s-3.111580,s38.457470
101_79,s-4.680734,s0.328562,s139.808109
101_80,s3.496337,s0.902568,s176.976382
101_81,s-1.229794,s-3.833709,s269.678065
101_82,s-1.159814,s3.442906,s0.320886
101_83,s-0.793387,s4.069971,s296.904135
101_84,s-2.673281,s3.413371,s41.308511
101_85,s-3.187533,s2.960674,s81.213033
101_86,s2.136254,s-3.483351,s151.059165
101_87,s3.390285,s1.569460,s303.103324
101_88,s-4.538413,s1.130352,s52.211019
101_89,s-4.608873,s1.743268,s331.616897
101_90,s0.329985,s4.479560,s74.941827
101_91,s3.757161,s0.025989,s184.140842
101_92,s-3.926665,s-2.309841,s243.102985
101_93,s-0.369640,s-4.067362,s249.532231
101_94,s2.175058,s3.824997,s207.179374
101_95,s-2.301815,s-3.963056,s117.070491
101_96,s-4.503539,s-2.437903,s125.761604
101_97,s-2.328683,s4.017183,s64.624362
101_98,s0.601715,s-3.911937,s271.792004
101_99,s-3.369202,s3.437413,s-2.166143
101_100,s-3.202514,s-3.351424,s56.507241
102_0,s-0.046051,s0.209091,s330.442493
102_1,s0.575914,s0.142206,s298.813388
102_2,s0.301110,s-0.782360,s51.131075
102_3,s-0.802904,s-0.417897,s300.562639
102_4,s-0.581725,s0.503140,s298.815908
102_5,s0.534216,s1.115344,s243.056879
102_6,s-1.169905,s0.131361,s273.199397
102_7,s1.588335,s0.368475,s126.419264
102_8,s-1.658374,s-1.124297,s81.091383
102_9,s-0.936593,s-0.990457,s25.585843
102_10,s0.376792,s1.680980,s259.082769
102_11,s-1.224355,s0.976182,s6.691595
102_12,s0.759626,s-0.447088,s242.822082
102_13,s1.886850,s1.794044,s159.357310
102_14,s-0.779844,s1.026383,s118.031818
102_15,s-0.099670,s-1.113520,s147.808749
102_16,s0.094389,s-1.580051,s196.809750
102_17,s1.526673,s-1.415424,s59.143553
102_18,s2.206940,s-1.630315,s330.802556
102_19,s1.974010,s1.008866,s242.954068
102_20,s1.233642,s-2.000994,s182.684235
102_21,s-0.242264,s1.396379,s233.660560
102_22,s-1.588603,s0.544963,s186.622667
102_23,s-1.176495,s-1.408863,s119.882239
102_24,s0.946204,s1.982644,s9.444687
102_25,s0.020842,s2.412423,s308.064842
102_26,s-2.293900,s-1.555892,s35.033709
102_27,s2.364668,s-0.261190,s29.691066
102_28,s2.647315,s1.882548,s-1.025652
102_29,s-2.035298,s1.486113,s185.839898
102_30,s-0.947475,s2.222954,s32.022786
102_31,s1.365752,s-0.387273,s300.850068
102_32,s-0.805616,s-1.965243,s83.360374
102_33,s0.007974,s-2.965317,s321.081088
102_34,s2.710571,s-3.236314,s166.324393
102_35,s-1.256916,s-2.590691,s45.625523
102_36,s-1.813131,s-0.355418,s126.961180
102_37,s-2.314326,s0.320840,s238.864731
102_38,s-2.978072,s-0.709538,s55.023543
102_39,s-2.228868,s-2.050999,s177.586088
102_40,s2.291403,s0.136723,s177.960466
102_41,s-0.693401,s-2.586336,s332.747408
102_42,s1.469002,s-3.003473,s330.954641
102_43,s-2.615474,s0.967610,s121.705429
102_44,s-1.622875,s-2.845562,s179.710992
102_45,s-3.238648,s-0.118886,s324.823012
102_46,s2.351684,s-2.284889,s242.065229
102_47,s3.059702,s-0.287750,s29.654889
102_48,s-0.148581,s1.996705,s106.277517
102_49,s0.838638,s-3.074339,s16.247522
102_50,s1.647866,s2.148277,s38.859433
102_51,s-0.404081,s2.987262,s87.327088
102_52,s-0.463993,s-3.060399,s192.710529
102_53,s-1.847047,s1.947528,s268.180441
102_54,s-2.722330,s-2.194207,s98.200142
102_55,s-3.630924,s-0.814750,s117.899574
102_56,s-1.071246,s-3.184362,s233.522446
102_57,s-3.142759,s2.023531,s206.828201
102_58,s-3.861432,s1.255952,s300.379446
102_59,s2.972079,s1.058733,s11.293446
102_60,s-3.718748,s0.684539,s119.299869
102_61,s-1.653607,s3.347983,s159.967042
102_62,s3.273884,s-2.055017,s199.089440
102_63,s-3.289476,s-1.702139,s327.924187
102_64,s-2.086713,s2.251092,s12.816543
102_65,s2.935470,s2.609416,s318.322332
102_66,s-3.491489,s2.341592,s166.980777
102_67,s-2.148932,s-3.280853,s-6.707280
102_68,s1.908981,s2.863746,s95.854846
102_69,s0.274364,s3.127624,s36.258141
102_70,s3.212683,s-0.773192,s231.193527
102_71,s0.000471,s-3.709733,s294.032821
102_72,s-4.346264,s-0.559202,s135.023351
102_73,s1.690920,s3.397805,s59.735933
102_74,s0.192737,s4.040609,s213.706028
102_75,s-1.745074,s3.695914,s325.389960
102_76,s-3.802644,s-1.625853,s103.435493
102_77,s-3.004464,s2.634640,s214.382260
102_78,s-2.712578,s-3.111580,s38.457470
102_79,s-4.680734,s0.328562,s139.808109
102_80,s3.496337,s0.902568,s176.976382
102_81,s-1.229794,s-3.833709,s269.678065
102_82,s-1.159814,s3.442906,s0.320886
102_83,s-0.793387,s4.069971,s296.904135
102_84,s-2.673281,s3.413371,s41.308511
102_85,s-3.187533,s2.960674,s81.213033
102_86,s2.136254,s-3.483351,s151.059165
102_87,s3.390285,s1.569460,s303.103324
102_88,s-4.538413,s1.130352,s52.211019
102_89,s-4.608873,s1.743268,s331.616897
102_90,s0.329985,s4.479560,s74.941827
102_91,s3.757161,s0.025989,s184.140842
102_92,s-3.926665,s-2.309841,s243.102985
102_93,s-0.369640,s-4.067362,s249.532231
102_94,s2.175058,s3.824997,s207.179374
102_95,s-2.301815,s-3.963056,s117.070491
102_96,s-4.503539,s-2.437903,s125.761604
102_97,s-2.328683,s4.017183,s64.624362
102_98,s0.601715,s-3.911937,s271.792004
102_99,s-3.369202,s3.437413,s-2.166143
102_100,s-3.202514,s-3.351424,s56.507241
102_101,s-4.191469,s3.111268,s1.455770
103_0,s-0.046051,s0.209091,s330.442493
103_1,s0.575914,s0.142206,s298.813388
103_2,s0.301110,s-0.782360,s51.131075
103_3,s-0.802904,s-0.417897,s300.562639
103_4,s-0.581725,s0.503140,s298.815908
103_5,s0.534216,s1.115344,s243.056879
103_6,s-1.169905,s0.131361,s273.199397
103_7,s1.588335,s0.368475,s126.419264
103_8,s-1.658374,s-1.124297,s81.091383
103_9,s-0.936593,s-0.990457,s25.585843
103_10,s0.376792,s1.680980,s259.082769
103_11,s-1.224355,s0.976182,s6.691595
103_12,s0.759626,s-0.447088,s242.822082
103_13,s1.886850,s1.794044,s159.357310
103_14,s-0.779844,s1.026383,s118.031818
103_15,s-0.099670,s-1.113520,s147.808749
103_16,s0.094389,s-1.580051,s196.809750
103_17,s1.526673,s-1.415424,s59.143553
103_18,s2.206940,s-1.630315,s330.802556
103_19,s1.974010,s1.008866,s242.954068
103_20,s1.233642,s-2.000994,s182.684235
103_21,s-0.242264,s1.396379,s233.660560
103_22,s-1.588603,s0.544963,s186.622667
103_23,s-1.176495,s-1.408863,s119.882239
103_24,s0.946204,s1.982644,s9.444687
103_25,s0.020842,s2.412423,s308.064842
103_26,s-2.293900,s-1.555892,s35.033709
103_27,s2.364668,s-0.261190,s29.691066
103_28,s2.647315,s1.882548,s-1.025652
103_29,s-2.035298,s1.486113,s185.839898
103_30,s-0.947475,s2.222954,s32.022786
103_31,s1.365752,s-0.387273,s300.850068
103_32,s-0.805616,s-1.965243,s83.360374
103_33,s0.007974,s-2.965317,s321.081088
103_34,s2.710571,s-3.236314,s166.324393
103_35,s-1.256916,s-2.590691,s45.625523
103_36,s-1.813131,s-0.355418,s126.961180
103_37,s-2.314326,s0.320840,s238.864731
103_38,s-2.978072,s-0.709538,s55.023543
103_39,s-2.228868,s-2.050999,s177.586088
103_40,s2.291403,s0.136723,s177.960466
103_41,s-0.693401,s-2.586336,s332.747408
103_42,s1.469002,s-3.003473,s330.954641
103_43,s-2.615474,s0.967610,s121.705429
103_44,s-1.622875,s-2.845562,s179.710992
103_45,s-3.238648,s-0.118886,s324.823012
103_46,s2.351684,s-2.284889,s242.065229
103_47,s3.059702,s-0.287750,s29.654889
103_48,s-0.148581,s1.996705,s106.277517
103_49,s0.838638,s-3.074339,s16.247522
103_50,s1.647866,s2.148277,s38.859433
103_51,s-0.404081,s2.987262,s87.327088
103_52,s-0.463993,s-3.060399,s192.710529
103_53,s-1.847047,s1.947528,s268.180441
103_54,s-2.722330,s-2.194207,s98.200142
103_55,s-3.630924,s-0.814750,s117.899574
103_56,s-1.071246,s-3.184362,s233.522446
103_57,s-3.142759,s2.023531,s206.828201
103_58,s-3.861432,s1.255952,s300.379446
103_59,s2.972079,s1.058733,s11.293446
103_60,s-3.718748,s0.684539,s119.299869
103_61,s-1.653607,s3.347983,s159.967042
103_62,s3.273884,s-2.055017,s199.089440
103_63,s-3.289476,s-1.702139,s327.924187
103_64,s-2.086713,s2.251092,s12.816543
103_65,s2.935470,s2.609416,s318.322332
103_66,s-3.491489,s2.341592,s166.980777
103_67,s-2.148932,s-3.280853,s-6.707280
103_68,s1.908981,s2.863746,s95.854846
103_69,s0.274364,s3.127624,s36.258141
103_70,s3.212683,s-0.773192,s231.193527
103_71,s0.000471,s-3.709733,s294.032821
103_72,s-4.346264,s-0.559202,s135.023351
103_73,s1.690920,s3.397805,s59.735933
103_74,s0.192737,s4.040609,s213.706028
103_75,s-1.745074,s3.695914,s325.389960
103_76,s-3.802644,s-1.625853,s103.435493
103_77,s-3.004464,s2.634640,s214.382260
103_78,s-2.712578,s-3.111580,s38.457470
103_79,s-4.680734,s0.328562,s139.808109
103_80,s3.496337,s0.902568,s176.976382
103_81,s-1.229794,s-3.833709,s269.678065
103_82,s-1.159814,s3.442906,s0.320886
103_83,s-0.793387,s4.069971,s296.904135
103_84,s-2.673281,s3.413371,s41.308511
103_85,s-3.187533,s2.960674,s81.213033
103_86,s2.136254,s-3.483351,s151.059165
103_87,s3.390285,s1.569460,s303.103324
103_88,s-4.538413,s1.130352,s52.211019
103_89,s-4.608873,s1.743268,s331.616897
103_90,s0.329985,s4.479560,s74.941827
103_91,s3.757161,s0.025989,s184.140842
103_92,s-3.926665,s-2.309841,s243.102985
103_93,s-0.369640,s-4.067362,s249.532231
103_94,s2.175058,s3.824997,s207.179374
103_95,s-2.301815,s-3.963056,s117.070491
103_96,s-4.503539,s-2.437903,s125.761604
103_97,s-2.328683,s4.017183,s64.624362
103_98,s0.601715,s-3.911937,s271.792004
103_99,s-3.369202,s3.437413,s-2.166143
103_100,s-3.202514,s-3.351424,s56.507241
103_101,s-4.191469,s3.111268,s1.455770
103_102,s0.934712,s4.514246,s147.907380
104_0,s-0.046051,s0.209091,s330.442493
104_1,s0.638156,s0.099088,s300.492631
104_2,s0.387060,s-0.719869,s44.206581
104_3,s-0.802904,s-0.417897,s300.562639
104_4,s-0.581725,s0.503140,s298.815908
104_5,s0.671760,s0.994859,s233.671031
104_6,s-1.133278,s0.087412,s274.499662
104_7,s1.588335,s0.368475,s126.419264
104_8,s-1.678990,s-1.152024,s79.627370
104_9,s-0.936593,s-0.990457,s25.585843
104_10,s0.417099,s1.674646,s257.643177
104_11,s-1.224355,s0.976182,s6.691595
104_12,s0.759626,s-0.447088,s242.822082
104_13,s1.875562,s1.621134,s157.381154
104_14,s-0.779844,s1.026383,s118.031818
104_15,s-0.096679,s-1.124965,s145.162398
104_16,s0.017305,s-1.652615,s198.294252
104_17,s1.480830,s-1.564072,s67.972016
104_18,s2.042419,s-1.769597,s333.134822
104_19,s2.217722,s0.941628,s238.148721
104_20,s1.218322,s-1.984507,s91.089709
104_21,s-0.261939,s1.377456,s237.212152
104_22,s-1.581610,s0.578512,s188.836816
104_23,s-1.152341,s-1.350987,s116.955547
104_24,s0.900230,s2.027114,s3.440462
104_25,s-0.004830,s2.440562,s309.069488
104_26,s-2.293900,s-1.555892,s35.033709
104_27,s2.364668,s-0.261190,s29.691066
104_28,s2.705795,s1.959621,s61.442113
104_29,s-1.948285,s1.554114,s185.155838
104_30,s-0.854363,s2.228533,s26.152244
104_31,s1.345936,s-0.401194,s306.422543
104_32,s-0.765509,s-1.933782,s79.185939
104_33,s0.122500,s-3.007390,s327.730966
104_34,s2.781528,s-3.214432,s299.644253
104_35,s-1.256916,s-2.590691,s45.625523
104_36,s-1.815510,s-0.349932,s126.706552
104_37,s-2.308670,s0.227847,s242.692909
104_38,s-3.001151,s-0.688791,s60.874139
104_39,s-2.228868,s-2.050999,s177.586088
104_40,s2.291403,s0.136723,s177.960466
104_41,s-0.592858,s-2.610934,s331.433532
104_42,s1.469002,s-3.003473,s330.954641
104_43,s-2.569861,s0.968444,s121.820176
104_44,s-1.622875,s-2.845562,s179.710992
104_45,s-3.335931,s-0.050413,s325.493822
104_46,s2.481946,s-2.290602,s211.351038
104_47,s3.007648,s-0.267299,s29.913253
104_48,s-0.205946,s2.013789,s108.394288
104_49,s0.829554,s-3.079786,s208.003918
104_50,s1.647866,s2.148277,s38.859433
104_51,s-0.489321,s3.048478,s84.167177
104_52,s-0.393925,s-2.979570,s192.092605
104_53,s-1.847047,s1.947528,s268.180441
104_54,s-2.722330,s-2.194207,s98.200142
104_55,s-3.689969,s-0.764621,s120.943560
104_56,s-1.038681,s-3.072768,s230.722673
104_57,s-3.142759,s2.023531,s206.828201
104_58,s-3.861432,s1.255952,s300.379446
104_59,s3.013030,s1.237687,s-0.932523
104_60,s-3.718748,s0.684539,s119.299869
104_61,s-1.705103,s3.289384,s169.565430
104_62,s3.176718,s-2.056808,s246.875812
104_63,s-3.313108,s-1.723395,s329.352634
104_64,s-2.086713,s2.251092,s12.816543
104_65,s2.911635,s2.603329,s304.442785
104_66,s-3.491489,s2.341592,s166.980777
104_67,s-2.148932,s-3.280853,s-6.707280
104_68,s1.908981,s2.863746,s95.854846
104_69,s0.329967,s3.112475,s37.058510
104_70,s3.177331,s-0.713435,s245.362972
104_71,s0.000283,s-3.689848,s295.316943
104_72,s-4.401171,s-0.636139,s137.316725
104_73,s1.700864,s3.352848,s58.108537
104_74,s0.179715,s4.010149,s221.318292
104_75,s-1.728895,s3.702639,s325.553846
104_76,s-3.885687,s-1.658328,s102.862463
104_77,s-2.939961,s2.577161,s217.829502
104_78,s-2.712578,s-3.111580,s38.457470
104_79,s-4.680734,s0.328562,s139.808109
104_80,s3.522993,s0.983128,s174.636614
104_81,s-1.229794,s-3.833709,s269.678065
104_82,s-1.098763,s3.416893,s-0.450042
104_83,s-0.793387,s4.069971,s296.904135
104_84,s-2.745841,s3.414251,s25.417492
104_85,s-3.187533,s2.960674,s81.213033
104_86,s2.168919,s-3.462336,s147.657735
104_87,s3.356443,s1.730951,s300.589356
104_88,s-4.549980,s1.107519,s49.904670
104_89,s-4.767755,s1.958650,s32.277456
104_90,s0.329985,s4.479560,s74.941827
104_91,s3.685410,s-0.002564,s184.893154
104_92,s-4.008481,s-2.336257,s246.234613
104_93,s-0.377892,s-4.099163,s247.031770
104_94,s2.198838,s3.709678,s181.581229
104_95,s-2.284501,s-3.863990,s115.760889
104_96,s-4.495272,s-2.494807,s124.126224
104_97,s-2.392171,s3.947223,s56.702863
104_98,s0.604732,s-3.872997,s268.119448
104_99,s-3.460210,s3.406655,s-3.769919
104_100,s-3.294815,s-3.361283,s54.839500
104_101,s-4.133135,s3.127138,s2.219451
104_102,s0.904089,s4.466070,s328.605074
104_103,s-5.276256,s0.273140,s0.490505
105_0,s-0.046051,s0.209091,s330.442493
105_1,s0.638156,s0.099088,s300.492631
105_2,s0.387060,s-0.719869,s301.127049
105_3,s-0.802904,s-0.417897,s300.562639
105_4,s-0.581725,s0.503140,s298.815908
105_5,s0.671760,s0.994859,s233.671031
105_6,s-1.133278,s0.087412,s274.499662
105_7,s1.588335,s0.368475,s126.419264
105_8,s-1.678990,s-1.152024,s79.627370
105_9,s-0.936593,s-0.990457,s25.585843
105_10,s0.417099,s1.674646,s257.643177
105_11,s-1.224355,s0.976182,s6.691595
105_12,s0.759626,s-0.447088,s299.240370
105_13,s1.875562,s1.621134,s157.381154
105_14,s-0.779844,s1.026383,s118.031818
105_15,s-0.096679,s-1.124965,s145.162398
105_16,s0.017305,s-1.652615,s198.294252
105_17,s1.480830,s-1.564072,s67.972016
105_18,s2.042419,s-1.769597,s333.134822
105_19,s2.217722,s0.941628,s238.148721
105_20,s1.218322,s-1.984507,s211.146872
105_21,s-0.261939,s1.377456,s237.212152
105_22,s-1.581610,s0.578512,s188.836816
105_23,s-1.152341,s-1.350987,s116.955547
105_24,s0.900230,s2.027114,s3.440462
105_25,s-0.004830,s2.440562,s210.330521
105_26,s-2.293900,s-1.555892,s35.033709
105_27,s2.364668,s-0.261190,s29.691066
105_28,s2.705795,s1.959621,s61.442113
105_29,s-1.948285,s1.554114,s185.155838
105_30,s-0.854363,s2.228533,s26.152244
105_31,s1.345936,s-0.401194,s91.064410
105_32,s-0.765509,s-1.933782,s79.185939
105_33,s0.122500,s-3.007390,s239.764742
105_34,s2.781528,s-3.214432,s299.644253
105_35,s-1.256916,s-2.590691,s45.625523
105_36,s-1.815510,s-0.349932,s126.706552
105_37,s-2.308670,s0.227847,s242.692909
105_38,s-3.001151,s-0.688791,s60.874139
105_39,s-2.228868,s-2.050999,s177.586088
105_40,s2.291403,s0.136723,s177.960466
105_41,s-0.592858,s-2.610934,s331.433532
105_42,s1.469002,s-3.003473,s330.954641
105_43,s-2.569861,s0.968444,s121.820176
105_44,s-1.622875,s-2.845562,s0.177948
105_45,s-3.335931,s-0.050413,s325.493822
105_46,s2.481946,s-2.290602,s211.351038
105_47,s3.007648,s-0.267299,s29.913253
105_48,s-0.205946,s2.013789,s108.394288
105_49,s0.829554,s-3.079786,s208.003918
105_50,s1.647866,s2.148277,s38.859433
105_51,s-0.489321,s3.048478,s31.496423
105_52,s-0.393925,s-2.979570,s192.092605
105_53,s-1.847047,s1.947528,s268.180441
105_54,s-2.722330,s-2.194207,s98.200142
105_55,s-3.689969,s-0.764621,s120.943560
105_56,s-1.038681,s-3.072768,s230.722673
105_57,s-3.142759,s2.023531,s206.828201
105_58,s-3.861432,s1.255952,s300.379446
105_59,s3.013030,s1.237687,s-0.932523
105_60,s-3.718748,s0.684539,s90.290021
105_61,s-1.705103,s3.289384,s121.571855
105_62,s3.176718,s-2.056808,s246.875812
105_63,s-3.313108,s-1.723395,s29.245884
105_64,s-2.086713,s2.251092,s12.816543
105_65,s2.911635,s2.603329,s302.647975
105_66,s-3.491489,s2.341592,s166.980777
105_67,s-2.148932,s-3.280853,s149.757278
105_68,s1.908981,s2.863746,s95.854846
105_69,s0.329967,s3.112475,s37.058510
105_70,s3.177331,s-0.713435,s245.362972
105_71,s0.000283,s-3.689848,s295.316943
105_72,s-4.401171,s-0.636139,s137.316725
105_73,s1.700864,s3.352848,s58.108537
105_74,s0.179715,s4.010149,s221.318292
105_75,s-1.728895,s3.702639,s325.553846
105_76,s-3.885687,s-1.658328,s102.862463
105_77,s-2.939961,s2.577161,s217.829502
105_78,s-2.712578,s-3.111580,s38.457470
105_79,s-4.680734,s0.328562,s139.808109
105_80,s3.522993,s0.983128,s91.344115
105_81,s-1.229794,s-3.833709,s269.678065
105_82,s-1.098763,s3.416893,s-0.450042
105_83,s-0.793387,s4.069971,s296.904135
105_84,s-2.745841,s3.414251,s25.417492
105_85,s-3.187533,s2.960674,s81.213033
105_86,s2.168919,s-3.462336,s147.657735
105_87,s3.356443,s1.730951,s1.607778
105_88,s-4.549980,s1.107519,s49.904670
105_89,s-4.767755,s1.958650,s32.277456
105_90,s0.329985,s4.479560,s74.941827
105_91,s3.685410,s-0.002564,s184.893154
105_92,s-4.008481,s-2.336257,s246.234613
105_93,s-0.377892,s-4.099163,s247.031770
105_94,s2.198838,s3.709678,s181.581229
105_95,s-2.284501,s-3.863990,s115.760889
105_96,s-4.495272,s-2.494807,s-0.177584
105_97,s-2.392171,s3.947223,s56.702863
105_98,s0.604732,s-3.872997,s268.119448
105_99,s-3.460210,s3.406655,s-3.769919
105_100,s-3.294815,s-3.361283,s54.839500
105_101,s-4.133135,s3.127138,s2.219451
105_102,s0.904089,s4.466070,s27.921719
105_103,s-5.276256,s0.273140,s0.490505
105_104,s-1.151728,s4.762722,s267.279234
106_0,s-0.046051,s0.209091,s330.442493
106_1,s0.638156,s0.099088,s300.492631
106_2,s0.387060,s-0.719869,s301.127049
106_3,s-0.802904,s-0.417897,s300.562639
106_4,s-0.581725,s0.503140,s298.815908
106_5,s0.671760,s0.994859,s233.671031
106_6,s-1.133278,s0.087412,s274.499662
106_7,s1.588335,s0.368475,s126.419264
106_8,s-1.678990,s-1.152024,s79.627370
106_9,s-0.936593,s-0.990457,s25.585843
106_10,s0.417099,s1.674646,s257.643177
106_11,s-1.224355,s0.976182,s6.691595
106_12,s0.759626,s-0.447088,s299.240370
106_13,s1.875562,s1.621134,s157.381154
106_14,s-0.779844,s1.026383,s118.031818
106_15,s-0.096679,s-1.124965,s145.162398
106_16,s0.017305,s-1.652615,s198.294252
106_17,s1.480830,s-1.564072,s67.972016
106_18,s2.042419,s-1.769597,s333.134822
106_19,s2.217722,s0.941628,s238.148721
106_20,s1.218322,s-1.984507,s211.146872
106_21,s-0.261939,s1.377456,s237.212152
106_22,s-1.581610,s0.578512,s188.836816
106_23,s-1.152341,s-1.350987,s116.955547
106_24,s0.900230,s2.027114,s3.440462
106_25,s-0.004830,s2.440562,s210.330521
106_26,s-2.293900,s-1.555892,s35.033709
106_27,s2.364668,s-0.261190,s29.691066
106_28,s2.705795,s1.959621,s61.442113
106_29,s-1.948285,s1.554114,s185.155838
106_30,s-0.854363,s2.228533,s26.152244
106_31,s1.345936,s-0.401194,s91.064410
106_32,s-0.765509,s-1.933782,s79.185939
106_33,s0.122500,s-3.007390,s239.764742
106_34,s2.781528,s-3.214432,s299.644253
106_35,s-1.256916,s-2.590691,s45.625523
106_36,s-1.815510,s-0.349932,s126.706552
106_37,s-2.308670,s0.227847,s242.692909
106_38,s-3.001151,s-0.688791,s60.874139
106_39,s-2.228868,s-2.050999,s177.586088
106_40,s2.291403,s0.136723,s177.960466
106_41,s-0.592858,s-2.610934,s331.433532
106_42,s1.469002,s-3.003473,s330.954641
106_43,s-2.569861,s0.968444,s121.820176
106_44,s-1.622875,s-2.845562,s0.177948
106_45,s-3.335931,s-0.050413,s325.493822
106_46,s2.481946,s-2.290602,s211.351038
106_47,s3.007648,s-0.267299,s29.913253
106_48,s-0.205946,s2.013789,s108.394288
106_49,s0.829554,s-3.079786,s208.003918
106_50,s1.647866,s2.148277,s38.859433
106_51,s-0.489321,s3.048478,s31.496423
106_52,s-0.393925,s-2.979570,s192.092605
106_53,s-1.847047,s1.947528,s268.180441
106_54,s-2.722330,s-2.194207,s98.200142
106_55,s-3.689969,s-0.764621,s120.943560
106_56,s-1.038681,s-3.072768,s230.722673
106_57,s-3.142759,s2.023531,s206.828201
106_58,s-3.861432,s1.255952,s300.379446
106_59,s3.013030,s1.237687,s-0.932523
106_60,s-3.718748,s0.684539,s90.290021
106_61,s-1.705103,s3.289384,s121.571855
106_62,s3.176718,s-2.056808,s246.875812
106_63,s-3.313108,s-1.723395,s29.245884
106_64,s-2.086713,s2.251092,s12.816543
106_65,s2.911635,s2.603329,s302.647975
106_66,s-3.491489,s2.341592,s166.980777
106_67,s-2.148932,s-3.280853,s149.757278
106_68,s1.908981,s2.863746,s95.854846
106_69,s0.329967,s3.112475,s37.058510
106_70,s3.177331,s-0.713435,s245.362972
106_71,s0.000283,s-3.689848,s295.316943
106_72,s-4.401171,s-0.636139,s137.316725
106_73,s1.700864,s3.352848,s58.108537
106_74,s0.179715,s4.010149,s221.318292
106_75,s-1.728895,s3.702639,s325.553846
106_76,s-3.885687,s-1.658328,s102.862463
106_77,s-2.939961,s2.577161,s217.829502
106_78,s-2.712578,s-3.111580,s38.457470
106_79,s-4.680734,s0.328562,s139.808109
106_80,s3.522993,s0.983128,s91.344115
106_81,s-1.229794,s-3.833709,s269.678065
106_82,s-1.098763,s3.416893,s-0.450042
106_83,s-0.793387,s4.069971,s296.904135
106_84,s-2.745841,s3.414251,s25.417492
106_85,s-3.187533,s2.960674,s81.213033
106_86,s2.168919,s-3.462336,s147.657735
106_87,s3.356443,s1.730951,s1.607778
106_88,s-4.549980,s1.107519,s49.904670
106_89,s-4.767755,s1.958650,s32.277456
106_90,s0.329985,s4.479560,s74.941827
106_91,s3.685410,s-0.002564,s184.893154
106_92,s-4.008481,s-2.336257,s246.234613
106_93,s-0.377892,s-4.099163,s247.031770
106_94,s2.198838,s3.709678,s181.581229
106_95,s-2.284501,s-3.863990,s115.760889
106_96,s-4.495272,s-2.494807,s-0.177584
106_97,s-2.392171,s3.947223,s56.702863
106_98,s0.604732,s-3.872997,s268.119448
106_99,s-3.460210,s3.406655,s-3.769919
106_100,s-3.294815,s-3.361283,s54.839500
106_101,s-4.133135,s3.127138,s2.219451
106_102,s0.904089,s4.466070,s27.921719
106_103,s-5.276256,s0.273140,s0.490505
106_104,s-1.151728,s4.762722,s267.279234
106_105,s-5.055330,s-0.673526,s180.661295
107_0,s-0.046051,s0.209091,s330.442493
107_1,s0.638156,s0.099088,s300.492631
107_2,s0.387060,s-0.719869,s301.127049
107_3,s-0.802904,s-0.417897,s300.562639
107_4,s-0.581725,s0.503140,s298.815908
107_5,s0.671760,s0.994859,s233.671031
107_6,s-1.133278,s0.087412,s274.499662
107_7,s1.588335,s0.368475,s126.419264
107_8,s-1.678990,s-1.152024,s79.627370
107_9,s-0.936593,s-0.990457,s25.585843
107_10,s0.417099,s1.674646,s257.643177
107_11,s-1.224355,s0.976182,s6.691595
107_12,s0.759626,s-0.447088,s299.240370
107_13,s1.875562,s1.621134,s157.381154
107_14,s-0.779844,s1.026383,s118.031818
107_15,s-0.096679,s-1.124965,s145.162398
107_16,s0.017305,s-1.652615,s198.294252
107_17,s1.480830,s-1.564072,s67.972016
107_18,s2.042419,s-1.769597,s333.134822
107_19,s2.217722,s0.941628,s238.148721
107_20,s1.218322,s-1.984507,s211.146872
107_21,s-0.261939,s1.377456,s237.212152
107_22,s-1.581610,s0.578512,s188.836816
107_23,s-1.152341,s-1.350987,s116.955547
107_24,s0.900230,s2.027114,s3.440462
107_25,s-0.004830,s2.440562,s210.330521
107_26,s-2.293900,s-1.555892,s35.033709
107_27,s2.364668,s-0.261190,s29.691066
107_28,s2.705795,s1.959621,s61.442113
107_29,s-1.948285,s1.554114,s185.155838
107_30,s-0.854363,s2.228533,s26.152244
107_31,s1.345936,s-0.401194,s91.064410
107_32,s-0.765509,s-1.933782,s79.185939
107_33,s0.122500,s-3.007390,s239.764742
107_34,s2.781528,s-3.214432,s299.644253
107_35,s-1.256916,s-2.590691,s45.625523
107_36,s-1.815510,s-0.349932,s126.706552
107_37,s-2.308670,s0.227847,s242.692909
107_38,s-3.001151,s-0.688791,s60.874139
107_39,s-2.228868,s-2.050999,s177.586088
107_40,s2.291403,s0.136723,s177.960466
107_41,s-0.592858,s-2.610934,s331.433532
107_42,s1.469002,s-3.003473,s330.954641
107_43,s-2.569861,s0.968444,s121.820176
107_44,s-1.622875,s-2.845562,s0.177948
107_45,s-3.335931,s-0.050413,s325.493822
107_46,s2.481946,s-2.290602,s211.351038
107_47,s3.007648,s-0.267299,s29.913253
107_48,s-0.205946,s2.013789,s108.394288
107_49,s0.829554,s-3.079786,s208.003918
107_50,s1.647866,s2.148277,s38.859433
107_51,s-0.489321,s3.048478,s31.496423
107_52,s-0.393925,s-2.979570,s192.092605
107_53,s-1.847047,s1.947528,s268.180441
107_54,s-2.722330,s-2.194207,s98.200142
107_55,s-3.689969,s-0.764621,s120.943560
107_56,s-1.038681,s-3.072768,s230.722673
107_57,s-3.142759,s2.023531,s206.828201
107_58,s-3.861432,s1.255952,s300.379446
107_59,s3.013030,s1.237687,s-0.932523
107_60,s-3.718748,s0.684539,s90.290021
107_61,s-1.705103,s3.289384,s121.571855
107_62,s3.176718,s-2.056808,s246.875812
107_63,s-3.313108,s-1.723395,s29.245884
107_64,s-2.086713,s2.251092,s12.816543
107_65,s2.911635,s2.603329,s302.647975
107_66,s-3.491489,s2.341592,s166.980777
107_67,s-2.148932,s-3.280853,s149.757278
107_68,s1.908981,s2.863746,s95.854846
107_69,s0.329967,s3.112475,s37.058510
107_70,s3.177331,s-0.713435,s245.362972
107_71,s0.000283,s-3.689848,s295.316943
107_72,s-4.401171,s-0.636139,s137.316725
107_73,s1.700864,s3.352848,s58.108537
107_74,s0.179715,s4.010149,s221.318292
107_75,s-1.728895,s3.702639,s325.553846
107_76,s-3.885687,s-1.658328,s102.862463
107_77,s-2.939961,s2.577161,s217.829502
107_78,s-2.712578,s-3.111580,s38.457470
107_79,s-4.680734,s0.328562,s139.808109
107_80,s3.522993,s0.983128,s91.344115
107_81,s-1.229794,s-3.833709,s269.678065
107_82,s-1.098763,s3.416893,s-0.450042
107_83,s-0.793387,s4.069971,s296.904135
107_84,s-2.745841,s3.414251,s25.417492
107_85,s-3.187533,s2.960674,s81.213033
107_86,s2.168919,s-3.462336,s147.657735
107_87,s3.356443,s1.730951,s1.607778
107_88,s-4.549980,s1.107519,s49.904670
107_89,s-4.767755,s1.958650,s32.277456
107_90,s0.329985,s4.479560,s74.941827
107_91,s3.685410,s-0.002564,s184.893154
107_92,s-4.008481,s-2.336257,s246.234613
107_93,s-0.377892,s-4.099163,s247.031770
107_94,s2.198838,s3.709678,s181.581229
107_95,s-2.284501,s-3.863990,s115.760889
107_96,s-4.495272,s-2.494807,s-0.177584
107_97,s-2.392171,s3.947223,s56.702863
107_98,s0.604732,s-3.872997,s268.119448
107_99,s-3.460210,s3.406655,s-3.769919
107_100,s-3.294815,s-3.361283,s54.839500
107_101,s-4.133135,s3.127138,s2.219451
107_102,s0.904089,s4.466070,s27.921719
107_103,s-5.276256,s0.273140,s0.490505
107_104,s-1.151728,s4.762722,s267.279234
107_105,s-5.055330,s-0.673526,s180.661295
107_106,s2.902664,s3.076921,s-0.478902
108_0,s-0.046051,s0.209091,s330.442493
108_1,s0.638156,s0.099088,s300.492631
108_2,s0.387060,s-0.719869,s301.127049
108_3,s-0.802904,s-0.417897,s300.562639
108_4,s-0.581725,s0.503140,s298.815908
108_5,s0.671760,s0.994859,s233.671031
108_6,s-1.133278,s0.087412,s274.499662
108_7,s1.588335,s0.368475,s126.419264
108_8,s-1.678990,s-1.152024,s79.627370
108_9,s-0.936593,s-0.990457,s25.585843
108_10,s0.417099,s1.674646,s257.643177
108_11,s-1.224355,s0.976182,s6.691595
108_12,s0.759626,s-0.447088,s299.240370
108_13,s1.875562,s1.621134,s157.381154
108_14,s-0.779844,s1.026383,s118.031818
108_15,s-0.096679,s-1.124965,s145.162398
108_16,s0.017305,s-1.652615,s198.294252
108_17,s1.480830,s-1.564072,s67.972016
108_18,s2.042419,s-1.769597,s333.134822
108_19,s2.217722,s0.941628,s238.148721
108_20,s1.218322,s-1.984507,s211.146872
108_21,s-0.261939,s1.377456,s237.212152
108_22,s-1.581610,s0.578512,s188.836816
108_23,s-1.152341,s-1.350987,s116.955547
108_24,s0.900230,s2.027114,s3.440462
108_25,s-0.004830,s2.440562,s210.330521
108_26,s-2.293900,s-1.555892,s35.033709
108_27,s2.364668,s-0.261190,s29.691066
108_28,s2.705795,s1.959621,s61.442113
108_29,s-1.948285,s1.554114,s185.155838
108_30,s-0.854363,s2.228533,s26.152244
108_31,s1.345936,s-0.401194,s91.064410
108_32,s-0.765509,s-1.933782,s79.185939
108_33,s0.122500,s-3.007390,s239.764742
108_34,s2.781528,s-3.214432,s299.644253
108_35,s-1.256916,s-2.590691,s45.625523
108_36,s-1.815510,s-0.349932,s126.706552
108_37,s-2.308670,s0.227847,s242.692909
108_38,s-3.001151,s-0.688791,s60.874139
108_39,s-2.228868,s-2.050999,s177.586088
108_40,s2.291403,s0.136723,s177.960466
108_41,s-0.592858,s-2.610934,s331.433532
108_42,s1.469002,s-3.003473,s330.954641
108_43,s-2.569861,s0.968444,s121.820176
108_44,s-1.622875,s-2.845562,s0.177948
108_45,s-3.335931,s-0.050413,s325.493822
108_46,s2.481946,s-2.290602,s211.351038
108_47,s3.007648,s-0.267299,s29.913253
108_48,s-0.205946,s2.013789,s108.394288
108_49,s0.829554,s-3.079786,s208.003918
108_50,s1.647866,s2.148277,s38.859433
108_51,s-0.489321,s3.048478,s31.496423
108_52,s-0.393925,s-2.979570,s192.092605
108_53,s-1.847047,s1.947528,s268.180441
108_54,s-2.722330,s-2.194207,s98.200142
108_55,s-3.689969,s-0.764621,s120.943560
108_56,s-1.038681,s-3.072768,s230.722673
108_57,s-3.142759,s2.023531,s206.828201
108_58,s-3.861432,s1.255952,s300.379446
108_59,s3.013030,s1.237687,s-0.932523
108_60,s-3.718748,s0.684539,s90.290021
108_61,s-1.705103,s3.289384,s121.571855
108_62,s3.176718,s-2.056808,s246.875812
108_63,s-3.313108,s-1.723395,s29.245884
108_64,s-2.086713,s2.251092,s12.816543
108_65,s2.911635,s2.603329,s302.647975
108_66,s-3.491489,s2.341592,s166.980777
108_67,s-2.148932,s-3.280853,s149.757278
108_68,s1.908981,s2.863746,s95.854846
108_69,s0.329967,s3.112475,s37.058510
108_70,s3.177331,s-0.713435,s245.362972
108_71,s0.000283,s-3.689848,s295.316943
108_72,s-4.401171,s-0.636139,s137.316725
108_73,s1.700864,s3.352848,s58.108537
108_74,s0.179715,s4.010149,s221.318292
108_75,s-1.728895,s3.702639,s325.553846
108_76,s-3.885687,s-1.658328,s102.862463
108_77,s-2.939961,s2.577161,s217.829502
108_78,s-2.712578,s-3.111580,s38.457470
108_79,s-4.680734,s0.328562,s139.808109
108_80,s3.522993,s0.983128,s91.344115
108_81,s-1.229794,s-3.833709,s269.678065
108_82,s-1.098763,s3.416893,s-0.450042
108_83,s-0.793387,s4.069971,s296.904135
108_84,s-2.745841,s3.414251,s25.417492
108_85,s-3.187533,s2.960674,s81.213033
108_86,s2.168919,s-3.462336,s147.657735
108_87,s3.356443,s1.730951,s1.607778
108_88,s-4.549980,s1.107519,s49.904670
108_89,s-4.767755,s1.958650,s32.277456
108_90,s0.329985,s4.479560,s74.941827
108_91,s3.685410,s-0.002564,s184.893154
108_92,s-4.008481,s-2.336257,s246.234613
108_93,s-0.377892,s-4.099163,s247.031770
108_94,s2.198838,s3.709678,s181.581229
108_95,s-2.284501,s-3.863990,s115.760889
108_96,s-4.495272,s-2.494807,s-0.177584
108_97,s-2.392171,s3.947223,s56.702863
108_98,s0.604732,s-3.872997,s268.119448
108_99,s-3.460210,s3.406655,s-3.769919
108_100,s-3.294815,s-3.361283,s54.839500
108_101,s-4.133135,s3.127138,s2.219451
108_102,s0.904089,s4.466070,s27.921719
108_103,s-5.276256,s0.273140,s0.490505
108_104,s-1.151728,s4.762722,s267.279234
108_105,s-5.055330,s-0.673526,s180.661295
108_106,s2.902664,s3.076921,s-0.478902
108_107,s4.008174,s1.472223,s28.389612
109_0,s-0.046051,s0.209091,s330.442493
109_1,s0.638156,s0.099088,s300.492631
109_2,s0.387060,s-0.719869,s301.127049
109_3,s-0.802904,s-0.417897,s300.562639
109_4,s-0.581725,s0.503140,s298.815908
109_5,s0.671760,s0.994859,s233.671031
109_6,s-1.133278,s0.087412,s274.499662
109_7,s1.588335,s0.368475,s126.419264
109_8,s-1.678990,s-1.152024,s79.627370
109_9,s-0.936593,s-0.990457,s25.585843
109_10,s0.417099,s1.674646,s257.643177
109_11,s-1.224355,s0.976182,s6.691595
109_12,s0.759626,s-0.447088,s299.240370
109_13,s1.875562,s1.621134,s157.381154
109_14,s-0.779844,s1.026383,s118.031818
109_15,s-0.096679,s-1.124965,s145.162398
109_16,s0.017305,s-1.652615,s198.294252
109_17,s1.480830,s-1.564072,s67.972016
109_18,s2.042419,s-1.769597,s333.134822
109_19,s2.217722,s0.941628,s238.148721
109_20,s1.218322,s-1.984507,s211.146872
109_21,s-0.261939,s1.377456,s237.212152
109_22,s-1.581610,s0.578512,s188.836816
109_23,s-1.152341,s-1.350987,s116.955547
109_24,s0.900230,s2.027114,s3.440462
109_25,s-0.004830,s2.440562,s210.330521
109_26,s-2.293900,s-1.555892,s35.033709
109_27,s2.364668,s-0.261190,s29.691066
109_28,s2.705795,s1.959621,s61.442113
109_29,s-1.948285,s1.554114,s185.155838
109_30,s-0.854363,s2.228533,s26.152244
109_31,s1.345936,s-0.401194,s91.064410
109_32,s-0.765509,s-1.933782,s79.185939
109_33,s0.122500,s-3.007390,s239.764742
109_34,s2.781528,s-3.214432,s299.644253
109_35,s-1.256916,s-2.590691,s45.625523
109_36,s-1.815510,s-0.349932,s126.706552
109_37,s-2.308670,s0.227847,s242.692909
109_38,s-3.001151,s-0.688791,s60.874139
109_39,s-2.228868,s-2.050999,s177.586088
109_40,s2.291403,s0.136723,s177.960466
109_41,s-0.592858,s-2.610934,s331.433532
109_42,s1.469002,s-3.003473,s330.954641
109_43,s-2.569861,s0.968444,s121.820176
109_44,s-1.622875,s-2.845562,s0.177948
109_45,s-3.335931,s-0.050413,s325.493822
109_46,s2.481946,s-2.290602,s211.351038
109_47,s3.007648,s-0.267299,s29.913253
109_48,s-0.205946,s2.013789,s108.394288
109_49,s0.829554,s-3.079786,s208.003918
109_50,s1.647866,s2.148277,s38.859433
109_51,s-0.489321,s3.048478,s31.496423
109_52,s-0.393925,s-2.979570,s192.092605
109_53,s-1.847047,s1.947528,s268.180441
109_54,s-2.722330,s-2.194207,s98.200142
109_55,s-3.689969,s-0.764621,s120.943560
109_56,s-1.038681,s-3.072768,s230.722673
109_57,s-3.142759,s2.023531,s206.828201
109_58,s-3.861432,s1.255952,s300.379446
109_59,s3.013030,s1.237687,s-0.932523
109_60,s-3.718748,s0.684539,s90.290021
109_61,s-1.705103,s3.289384,s121.571855
109_62,s3.176718,s-2.056808,s246.875812
109_63,s-3.313108,s-1.723395,s29.245884
109_64,s-2.086713,s2.251092,s12.816543
109_65,s2.911635,s2.603329,s302.647975
109_66,s-3.491489,s2.341592,s166.980777
109_67,s-2.148932,s-3.280853,s149.757278
109_68,s1.908981,s2.863746,s95.854846
109_69,s0.329967,s3.112475,s37.058510
109_70,s3.177331,s-0.713435,s245.362972
109_71,s0.000283,s-3.689848,s295.316943
109_72,s-4.401171,s-0.636139,s137.316725
109_73,s1.700864,s3.352848,s58.108537
109_74,s0.179715,s4.010149,s221.318292
109_75,s-1.728895,s3.702639,s325.553846
109_76,s-3.885687,s-1.658328,s102.862463
109_77,s-2.939961,s2.577161,s217.829502
109_78,s-2.712578,s-3.111580,s38.457470
109_79,s-4.680734,s0.328562,s139.808109
109_80,s3.522993,s0.983128,s91.344115
109_81,s-1.229794,s-3.833709,s269.678065
109_82,s-1.098763,s3.416893,s-0.450042
109_83,s-0.793387,s4.069971,s296.904135
109_84,s-2.745841,s3.414251,s25.417492
109_85,s-3.187533,s2.960674,s81.213033
109_86,s2.168919,s-3.462336,s147.657735
109_87,s3.356443,s1.730951,s1.607778
109_88,s-4.549980,s1.107519,s49.904670
109_89,s-4.767755,s1.958650,s32.277456
109_90,s0.329985,s4.479560,s74.941827
109_91,s3.685410,s-0.002564,s184.893154
109_92,s-4.008481,s-2.336257,s246.234613
109_93,s-0.377892,s-4.099163,s247.031770
109_94,s2.198838,s3.709678,s181.581229
109_95,s-2.284501,s-3.863990,s115.760889
109_96,s-4.495272,s-2.494807,s-0.177584
109_97,s-2.392171,s3.947223,s56.702863
109_98,s0.604732,s-3.872997,s268.119448
109_99,s-3.460210,s3.406655,s-3.769919
109_100,s-3.294815,s-3.361283,s54.839500
109_101,s-4.133135,s3.127138,s2.219451
109_102,s0.904089,s4.466070,s27.921719
109_103,s-5.276256,s0.273140,s0.490505
109_104,s-1.151728,s4.762722,s267.279234
109_105,s-5.055330,s-0.673526,s180.661295
109_106,s2.902664,s3.076921,s-0.478902
109_107,s4.008174,s1.472223,s28.389612
109_108,s-4.330003,s2.637418,s29.512397
110_0,s-0.046051,s0.209091,s330.442493
110_1,s0.638156,s0.099088,s300.492631
110_2,s0.387060,s-0.719869,s301.127049
110_3,s-0.802904,s-0.417897,s300.562639
110_4,s-0.581725,s0.503140,s298.815908
110_5,s0.671760,s0.994859,s233.671031
110_6,s-1.133278,s0.087412,s274.499662
110_7,s1.588335,s0.368475,s126.419264
110_8,s-1.678990,s-1.152024,s79.627370
110_9,s-0.936593,s-0.990457,s25.585843
110_10,s0.417099,s1.674646,s257.643177
110_11,s-1.224355,s0.976182,s6.691595
110_12,s0.759626,s-0.447088,s299.240370
110_13,s1.875562,s1.621134,s157.381154
110_14,s-0.779844,s1.026383,s118.031818
110_15,s-0.096679,s-1.124965,s145.162398
110_16,s0.017305,s-1.652615,s198.294252
110_17,s1.480830,s-1.564072,s67.972016
110_18,s2.042419,s-1.769597,s333.134822
110_19,s2.217722,s0.941628,s238.148721
110_20,s1.218322,s-1.984507,s211.146872
110_21,s-0.261939,s1.377456,s237.212152
110_22,s-1.581610,s0.578512,s188.836816
110_23,s-1.152341,s-1.350987,s116.955547
110_24,s0.900230,s2.027114,s3.440462
110_25,s-0.004830,s2.440562,s210.330521
110_26,s-2.293900,s-1.555892,s35.033709
110_27,s2.364668,s-0.261190,s29.691066
110_28,s2.705795,s1.959621,s61.442113
110_29,s-1.948285,s1.554114,s185.155838
110_30,s-0.854363,s2.228533,s26.152244
110_31,s1.345936,s-0.401194,s91.064410
110_32,s-0.765509,s-1.933782,s79.185939
110_33,s0.122500,s-3.007390,s239.764742
110_34,s2.781528,s-3.214432,s299.644253
110_35,s-1.256916,s-2.590691,s45.625523
110_36,s-1.815510,s-0.349932,s126.706552
110_37,s-2.308670,s0.227847,s242.692909
110_38,s-3.001151,s-0.688791,s60.874139
110_39,s-2.228868,s-2.050999,s177.586088
110_40,s2.291403,s0.136723,s177.960466
110_41,s-0.592858,s-2.610934,s331.433532
110_42,s1.469002,s-3.003473,s330.954641
110_43,s-2.569861,s0.968444,s121.820176
110_44,s-1.622875,s-2.845562,s0.177948
110_45,s-3.335931,s-0.050413,s325.493822
110_46,s2.481946,s-2.290602,s211.351038
110_47,s3.007648,s-0.267299,s29.913253
110_48,s-0.205946,s2.013789,s108.394288
110_49,s0.829554,s-3.079786,s208.003918
110_50,s1.647866,s2.148277,s38.859433
110_51,s-0.489321,s3.048478,s31.496423
110_52,s-0.393925,s-2.979570,s192.092605
110_53,s-1.847047,s1.947528,s268.180441
110_54,s-2.722330,s-2.194207,s98.200142
110_55,s-3.689969,s-0.764621,s120.943560
110_56,s-1.038681,s-3.072768,s230.722673
110_57,s-3.142759,s2.023531,s206.828201
110_58,s-3.861432,s1.255952,s300.379446
110_59,s3.013030,s1.237687,s-0.932523
110_60,s-3.718748,s0.684539,s90.290021
110_61,s-1.705103,s3.289384,s121.571855
110_62,s3.176718,s-2.056808,s246.875812
110_63,s-3.313108,s-1.723395,s29.245884
110_64,s-2.086713,s2.251092,s12.816543
110_65,s2.911635,s2.603329,s302.647975
110_66,s-3.491489,s2.341592,s166.980777
110_67,s-2.148932,s-3.280853,s149.757278
110_68,s1.908981,s2.863746,s95.854846
110_69,s0.329967,s3.112475,s37.058510
110_70,s3.177331,s-0.713435,s245.362972
110_71,s0.000283,s-3.689848,s295.316943
110_72,s-4.401171,s-0.636139,s137.316725
110_73,s1.700864,s3.352848,s58.108537
110_74,s0.179715,s4.010149,s221.318292
110_75,s-1.728895,s3.702639,s325.553846
110_76,s-3.885687,s-1.658328,s102.862463
110_77,s-2.939961,s2.577161,s217.829502
110_78,s-2.712578,s-3.111580,s38.457470
110_79,s-4.680734,s0.328562,s139.808109
110_80,s3.522993,s0.983128,s91.344115
110_81,s-1.229794,s-3.833709,s269.678065
110_82,s-1.098763,s3.416893,s-0.450042
110_83,s-0.793387,s4.069971,s296.904135
110_84,s-2.745841,s3.414251,s25.417492
110_85,s-3.187533,s2.960674,s81.213033
110_86,s2.168919,s-3.462336,s147.657735
110_87,s3.356443,s1.730951,s1.607778
110_88,s-4.549980,s1.107519,s49.904670
110_89,s-4.767755,s1.958650,s32.277456
110_90,s0.329985,s4.479560,s74.941827
110_91,s3.685410,s-0.002564,s184.893154
110_92,s-4.008481,s-2.336257,s246.234613
110_93,s-0.377892,s-4.099163,s247.031770
110_94,s2.198838,s3.709678,s181.581229
110_95,s-2.284501,s-3.863990,s115.760889
110_96,s-4.495272,s-2.494807,s-0.177584
110_97,s-2.392171,s3.947223,s56.702863
110_98,s0.604732,s-3.872997,s268.119448
110_99,s-3.460210,s3.406655,s-3.769919
110_100,s-3.294815,s-3.361283,s54.839500
110_101,s-4.133135,s3.127138,s2.219451
110_102,s0.904089,s4.466070,s27.921719
110_103,s-5.276256,s0.273140,s0.490505
110_104,s-1.151728,s4.762722,s267.279234
110_105,s-5.055330,s-0.673526,s180.661295
110_106,s2.902664,s3.076921,s-0.478902
110_107,s4.008174,s1.472223,s28.389612
110_108,s-4.330003,s2.637418,s29.512397
110_109,s3.150159,s-1.225112,s210.616585
111_0,s-0.046051,s0.209091,s330.442493
111_1,s0.638156,s0.099088,s300.492631
111_2,s0.387060,s-0.719869,s301.127049
111_3,s-0.802904,s-0.417897,s300.562639
111_4,s-0.581725,s0.503140,s298.815908
111_5,s0.671760,s0.994859,s233.671031
111_6,s-1.133278,s0.087412,s274.499662
111_7,s1.588335,s0.368475,s126.419264
111_8,s-1.678990,s-1.152024,s79.627370
111_9,s-0.936593,s-0.990457,s25.585843
111_10,s0.417099,s1.674646,s257.643177
111_11,s-1.224355,s0.976182,s6.691595
111_12,s0.759626,s-0.447088,s299.240370
111_13,s1.875562,s1.621134,s157.381154
111_14,s-0.779844,s1.026383,s118.031818
111_15,s-0.096679,s-1.124965,s145.162398
111_16,s0.017305,s-1.652615,s198.294252
111_17,s1.480830,s-1.564072,s67.972016
111_18,s2.042419,s-1.769597,s333.134822
111_19,s2.217722,s0.941628,s238.148721
111_20,s1.218322,s-1.984507,s211.146872
111_21,s-0.261939,s1.377456,s237.212152
111_22,s-1.581610,s0.578512,s188.836816
111_23,s-1.152341,s-1.350987,s116.955547
111_24,s0.900230,s2.027114,s3.440462
111_25,s-0.004830,s2.440562,s210.330521
111_26,s-2.293900,s-1.555892,s35.033709
111_27,s2.364668,s-0.261190,s29.691066
111_28,s2.705795,s1.959621,s61.442113
111_29,s-1.948285,s1.554114,s185.155838
111_30,s-0.854363,s2.228533,s26.152244
111_31,s1.345936,s-0.401194,s91.064410
111_32,s-0.765509,s-1.933782,s79.185939
111_33,s0.122500,s-3.007390,s239.764742
111_34,s2.781528,s-3.214432,s299.644253
111_35,s-1.256916,s-2.590691,s45.625523
111_36,s-1.815510,s-0.349932,s126.706552
111_37,s-2.308670,s0.227847,s242.692909
111_38,s-3.001151,s-0.688791,s60.874139
111_39,s-2.228868,s-2.050999,s177.586088
111_40,s2.291403,s0.136723,s177.960466
111_41,s-0.592858,s-2.610934,s331.433532
111_42,s1.469002,s-3.003473,s330.954641
111_43,s-2.569861,s0.968444,s121.820176
111_44,s-1.622875,s-2.845562,s0.177948
111_45,s-3.335931,s-0.050413,s325.493822
111_46,s2.481946,s-2.290602,s211.351038
111_47,s3.007648,s-0.267299,s29.913253
111_48,s-0.205946,s2.013789,s108.394288
111_49,s0.829554,s-3.079786,s208.003918
111_50,s1.647866,s2.148277,s38.859433
111_51,s-0.489321,s3.048478,s31.496423
111_52,s-0.393925,s-2.979570,s192.092605
111_53,s-1.847047,s1.947528,s268.180441
111_54,s-2.722330,s-2.194207,s98.200142
111_55,s-3.689969,s-0.764621,s120.943560
111_56,s-1.038681,s-3.072768,s230.722673
111_57,s-3.142759,s2.023531,s206.828201
111_58,s-3.861432,s1.255952,s300.379446
111_59,s3.013030,s1.237687,s-0.932523
111_60,s-3.718748,s0.684539,s90.290021
111_61,s-1.705103,s3.289384,s121.571855
111_62,s3.176718,s-2.056808,s246.875812
111_63,s-3.313108,s-1.723395,s29.245884
111_64,s-2.086713,s2.251092,s12.816543
111_65,s2.911635,s2.603329,s302.647975
111_66,s-3.491489,s2.341592,s166.980777
111_67,s-2.148932,s-3.280853,s149.757278
111_68,s1.908981,s2.863746,s95.854846
111_69,s0.329967,s3.112475,s37.058510
111_70,s3.177331,s-0.713435,s245.362972
111_71,s0.000283,s-3.689848,s295.316943
111_72,s-4.401171,s-0.636139,s137.316725
111_73,s1.700864,s3.352848,s58.108537
111_74,s0.179715,s4.010149,s221.318292
111_75,s-1.728895,s3.702639,s325.553846
111_76,s-3.885687,s-1.658328,s102.862463
111_77,s-2.939961,s2.577161,s217.829502
111_78,s-2.712578,s-3.111580,s38.457470
111_79,s-4.680734,s0.328562,s139.808109
111_80,s3.522993,s0.983128,s91.344115
111_81,s-1.229794,s-3.833709,s269.678065
111_82,s-1.098763,s3.416893,s-0.450042
111_83,s-0.793387,s4.069971,s296.904135
111_84,s-2.745841,s3.414251,s25.417492
111_85,s-3.187533,s2.960674,s81.213033
111_86,s2.168919,s-3.462336,s147.657735
111_87,s3.356443,s1.730951,s1.607778
111_88,s-4.549980,s1.107519,s49.904670
111_89,s-4.767755,s1.958650,s32.277456
111_90,s0.329985,s4.479560,s74.941827
111_91,s3.685410,s-0.002564,s184.893154
111_92,s-4.008481,s-2.336257,s246.234613
111_93,s-0.377892,s-4.099163,s247.031770
111_94,s2.198838,s3.709678,s181.581229
111_95,s-2.284501,s-3.863990,s115.760889
111_96,s-4.495272,s-2.494807,s-0.177584
111_97,s-2.392171,s3.947223,s56.702863
111_98,s0.604732,s-3.872997,s268.119448
111_99,s-3.460210,s3.406655,s-3.769919
111_100,s-3.294815,s-3.361283,s54.839500
111_101,s-4.133135,s3.127138,s2.219451
111_102,s0.904089,s4.466070,s27.921719
111_103,s-5.276256,s0.273140,s0.490505
111_104,s-1.151728,s4.762722,s267.279234
111_105,s-5.055330,s-0.673526,s180.661295
111_106,s2.902664,s3.076921,s-0.478902
111_107,s4.008174,s1.472223,s28.389612
111_108,s-4.330003,s2.637418,s29.512397
111_109,s3.150159,s-1.225112,s210.616585
111_110,s-1.687436,s4.568310,s151.665840
112_0,s-0.046051,s0.209091,s330.442493
112_1,s0.638156,s0.099088,s300.492631
112_2,s0.387060,s-0.719869,s301.127049
112_3,s-0.802904,s-0.417897,s300.562639
112_4,s-0.581725,s0.503140,s298.815908
112_5,s0.671760,s0.994859,s233.671031
112_6,s-1.133278,s0.087412,s274.499662
112_7,s1.588335,s0.368475,s126.419264
112_8,s-1.678990,s-1.152024,s79.627370
112_9,s-0.936593,s-0.990457,s25.585843
112_10,s0.417099,s1.674646,s257.643177
112_11,s-1.224355,s0.976182,s6.691595
112_12,s0.759626,s-0.447088,s299.240370
112_13,s1.875562,s1.621134,s157.381154
112_14,s-0.779844,s1.026383,s118.031818
112_15,s-0.096679,s-1.124965,s145.162398
112_16,s0.017305,s-1.652615,s198.294252
112_17,s1.480830,s-1.564072,s67.972016
112_18,s2.042419,s-1.769597,s333.134822
112_19,s2.217722,s0.941628,s238.148721
112_20,s1.218322,s-1.984507,s211.146872
112_21,s-0.261939,s1.377456,s237.212152
112_22,s-1.581610,s0.578512,s188.836816
112_23,s-1.152341,s-1.350987,s116.955547
112_24,s0.900230,s2.027114,s3.440462
112_25,s-0.004830,s2.440562,s210.330521
112_26,s-2.293900,s-1.555892,s35.033709
112_27,s2.364668,s-0.261190,s29.691066
112_28,s2.705795,s1.959621,s61.442113
112_29,s-1.948285,s1.554114,s185.155838
112_30,s-0.854363,s2.228533,s26.152244
112_31,s1.345936,s-0.401194,s91.064410
112_32,s-0.765509,s-1.933782,s79.185939
112_33,s0.122500,s-3.007390,s239.764742
112_34,s2.781528,s-3.214432,s299.644253
112_35,s-1.256916,s-2.590691,s45.625523
112_36,s-1.815510,s-0.349932,s126.706552
112_37,s-2.308670,s0.227847,s242.692909
112_38,s-3.001151,s-0.688791,s60.874139
112_39,s-2.228868,s-2.050999,s177.586088
112_40,s2.291403,s0.136723,s177.960466
112_41,s-0.592858,s-2.610934,s331.433532
112_42,s1.469002,s-3.003473,s330.954641
112_43,s-2.569861,s0.968444,s121.820176
112_44,s-1.622875,s-2.845562,s0.177948
112_45,s-3.335931,s-0.050413,s325.493822
112_46,s2.481946,s-2.290602,s211.351038
112_47,s3.007648,s-0.267299,s29.913253
112_48,s-0.205946,s2.013789,s108.394288
112_49,s0.829554,s-3.079786,s208.003918
112_50,s1.647866,s2.148277,s38.859433
112_51,s-0.489321,s3.048478,s31.496423
112_52,s-0.393925,s-2.979570,s192.092605
112_53,s-1.847047,s1.947528,s268.180441
112_54,s-2.722330,s-2.194207,s98.200142
112_55,s-3.689969,s-0.764621,s120.943560
112_56,s-1.038681,s-3.072768,s230.722673
112_57,s-3.142759,s2.023531,s206.828201
112_58,s-3.861432,s1.255952,s300.379446
112_59,s3.013030,s1.237687,s-0.932523
112_60,s-3.718748,s0.684539,s90.290021
112_61,s-1.705103,s3.289384,s121.571855
112_62,s3.176718,s-2.056808,s246.875812
112_63,s-3.313108,s-1.723395,s29.245884
112_64,s-2.086713,s2.251092,s12.816543
112_65,s2.911635,s2.603329,s302.647975
112_66,s-3.491489,s2.341592,s166.980777
112_67,s-2.148932,s-3.280853,s149.757278
112_68,s1.908981,s2.863746,s95.854846
112_69,s0.329967,s3.112475,s37.058510
112_70,s3.177331,s-0.713435,s245.362972
112_71,s0.000283,s-3.689848,s295.316943
112_72,s-4.401171,s-0.636139,s137.316725
112_73,s1.700864,s3.352848,s58.108537
112_74,s0.179715,s4.010149,s221.318292
112_75,s-1.728895,s3.702639,s325.553846
112_76,s-3.885687,s-1.658328,s102.862463
112_77,s-2.939961,s2.577161,s217.829502
112_78,s-2.712578,s-3.111580,s38.457470
112_79,s-4.680734,s0.328562,s139.808109
112_80,s3.522993,s0.983128,s91.344115
112_81,s-1.229794,s-3.833709,s269.678065
112_82,s-1.098763,s3.416893,s-0.450042
112_83,s-0.793387,s4.069971,s296.904135
112_84,s-2.745841,s3.414251,s25.417492
112_85,s-3.187533,s2.960674,s81.213033
112_86,s2.168919,s-3.462336,s147.657735
112_87,s3.356443,s1.730951,s1.607778
112_88,s-4.549980,s1.107519,s49.904670
112_89,s-4.767755,s1.958650,s32.277456
112_90,s0.329985,s4.479560,s74.941827
112_91,s3.685410,s-0.002564,s184.893154
112_92,s-4.008481,s-2.336257,s246.234613
112_93,s-0.377892,s-4.099163,s247.031770
112_94,s2.198838,s3.709678,s181.581229
112_95,s-2.284501,s-3.863990,s115.760889
112_96,s-4.495272,s-2.494807,s-0.177584
112_97,s-2.392171,s3.947223,s56.702863
112_98,s0.604732,s-3.872997,s268.119448
112_99,s-3.460210,s3.406655,s-3.769919
112_100,s-3.294815,s-3.361283,s54.839500
112_101,s-4.133135,s3.127138,s2.219451
112_102,s0.904089,s4.466070,s27.921719
112_103,s-5.276256,s0.273140,s0.490505
112_104,s-1.151728,s4.762722,s267.279234
112_105,s-5.055330,s-0.673526,s180.661295
112_106,s2.902664,s3.076921,s-0.478902
112_107,s4.008174,s1.472223,s28.389612
112_108,s-4.330003,s2.637418,s29.512397
112_109,s3.150159,s-1.225112,s210.616585
112_110,s-1.687436,s4.568310,s151.665840
112_111,s-1.691185,s-4.094483,s212.222219
113_0,s-0.046051,s0.209091,s330.442493
113_1,s0.638156,s0.099088,s300.492631
113_2,s0.387060,s-0.719869,s301.127049
113_3,s-0.802904,s-0.417897,s300.562639
113_4,s-0.581725,s0.503140,s298.815908
113_5,s0.671760,s0.994859,s233.671031
113_6,s-1.133278,s0.087412,s274.499662
113_7,s1.588335,s0.368475,s126.419264
113_8,s-1.678990,s-1.152024,s79.627370
113_9,s-0.936593,s-0.990457,s25.585843
113_10,s0.417099,s1.674646,s257.643177
113_11,s-1.224355,s0.976182,s6.691595
113_12,s0.759626,s-0.447088,s299.240370
113_13,s1.875562,s1.621134,s157.381154
113_14,s-0.779844,s1.026383,s118.031818
113_15,s-0.096679,s-1.124965,s145.162398
113_16,s0.017305,s-1.652615,s198.294252
113_17,s1.480830,s-1.564072,s67.972016
113_18,s2.042419,s-1.769597,s333.134822
113_19,s2.217722,s0.941628,s238.148721
113_20,s1.218322,s-1.984507,s211.146872
113_21,s-0.261939,s1.377456,s237.212152
113_22,s-1.581610,s0.578512,s188.836816
113_23,s-1.152341,s-1.350987,s116.955547
113_24,s0.900230,s2.027114,s3.440462
113_25,s-0.004830,s2.440562,s210.330521
113_26,s-2.293900,s-1.555892,s35.033709
113_27,s2.364668,s-0.261190,s29.691066
113_28,s2.705795,s1.959621,s61.442113
113_29,s-1.948285,s1.554114,s185.155838
113_30,s-0.854363,s2.228533,s26.152244
113_31,s1.345936,s-0.401194,s91.064410
113_32,s-0.765509,s-1.933782,s79.185939
113_33,s0.122500,s-3.007390,s239.764742
113_34,s2.781528,s-3.214432,s299.644253
113_35,s-1.256916,s-2.590691,s45.625523
113_36,s-1.815510,s-0.349932,s126.706552
113_37,s-2.308670,s0.227847,s242.692909
113_38,s-3.001151,s-0.688791,s60.874139
113_39,s-2.228868,s-2.050999,s177.586088
113_40,s2.291403,s0.136723,s177.960466
113_41,s-0.592858,s-2.610934,s331.433532
113_42,s1.469002,s-3.003473,s330.954641
113_43,s-2.569861,s0.968444,s121.820176
113_44,s-1.622875,s-2.845562,s0.177948
113_45,s-3.335931,s-0.050413,s325.493822
113_46,s2.481946,s-2.290602,s211.351038
113_47,s3.007648,s-0.267299,s29.913253
113_48,s-0.205946,s2.013789,s108.394288
113_49,s0.829554,s-3.079786,s208.003918
113_50,s1.647866,s2.148277,s38.859433
113_51,s-0.489321,s3.048478,s31.496423
113_52,s-0.393925,s-2.979570,s192.092605
113_53,s-1.847047,s1.947528,s268.180441
113_54,s-2.722330,s-2.194207,s98.200142
113_55,s-3.689969,s-0.764621,s120.943560
113_56,s-1.038681,s-3.072768,s230.722673
113_57,s-3.142759,s2.023531,s206.828201
113_58,s-3.861432,s1.255952,s300.379446
113_59,s3.013030,s1.237687,s-0.932523
113_60,s-3.718748,s0.684539,s90.290021
113_61,s-1.705103,s3.289384,s121.571855
113_62,s3.176718,s-2.056808,s246.875812
113_63,s-3.313108,s-1.723395,s29.245884
113_64,s-2.086713,s2.251092,s12.816543
113_65,s2.911635,s2.603329,s302.647975
113_66,s-3.491489,s2.341592,s166.980777
113_67,s-2.148932,s-3.280853,s149.757278
113_68,s1.908981,s2.863746,s95.854846
113_69,s0.329967,s3.112475,s37.058510
113_70,s3.177331,s-0.713435,s245.362972
113_71,s0.000283,s-3.689848,s295.316943
113_72,s-4.401171,s-0.636139,s137.316725
113_73,s1.700864,s3.352848,s58.108537
113_74,s0.179715,s4.010149,s221.318292
113_75,s-1.728895,s3.702639,s325.553846
113_76,s-3.885687,s-1.658328,s102.862463
113_77,s-2.939961,s2.577161,s217.829502
113_78,s-2.712578,s-3.111580,s38.457470
113_79,s-4.680734,s0.328562,s139.808109
113_80,s3.522993,s0.983128,s91.344115
113_81,s-1.229794,s-3.833709,s269.678065
113_82,s-1.098763,s3.416893,s-0.450042
113_83,s-0.793387,s4.069971,s296.904135
113_84,s-2.745841,s3.414251,s25.417492
113_85,s-3.187533,s2.960674,s81.213033
113_86,s2.168919,s-3.462336,s147.657735
113_87,s3.356443,s1.730951,s1.607778
113_88,s-4.549980,s1.107519,s49.904670
113_89,s-4.767755,s1.958650,s32.277456
113_90,s0.329985,s4.479560,s74.941827
113_91,s3.685410,s-0.002564,s184.893154
113_92,s-4.008481,s-2.336257,s246.234613
113_93,s-0.377892,s-4.099163,s247.031770
113_94,s2.198838,s3.709678,s181.581229
113_95,s-2.284501,s-3.863990,s115.760889
113_96,s-4.495272,s-2.494807,s-0.177584
113_97,s-2.392171,s3.947223,s56.702863
113_98,s0.604732,s-3.872997,s268.119448
113_99,s-3.460210,s3.406655,s-3.769919
113_100,s-3.294815,s-3.361283,s54.839500
113_101,s-4.133135,s3.127138,s2.219451
113_102,s0.904089,s4.466070,s27.921719
113_103,s-5.276256,s0.273140,s0.490505
113_104,s-1.151728,s4.762722,s267.279234
113_105,s-5.055330,s-0.673526,s180.661295
113_106,s2.902664,s3.076921,s-0.478902
113_107,s4.008174,s1.472223,s28.389612
113_108,s-4.330003,s2.637418,s29.512397
113_109,s3.150159,s-1.225112,s210.616585
113_110,s-1.687436,s4.568310,s151.665840
113_111,s-1.691185,s-4.094483,s212.222219
113_112,s3.938390,s0.900379,s236.316702
114_0,s-0.046051,s0.209091,s330.442493
114_1,s0.638156,s0.099088,s300.492631
114_2,s0.387060,s-0.719869,s301.127049
114_3,s-0.762934,s-0.514706,s306.899340
114_4,s-0.581725,s0.503140,s298.815908
114_5,s0.562011,s0.998982,s234.808342
114_6,s-1.133278,s0.087412,s274.499662
114_7,s1.679087,s0.289268,s30.033639
114_8,s-1.715370,s-1.116074,s80.827622
114_9,s-0.871181,s-1.098319,s29.286476
114_10,s0.417275,s1.596599,s259.458021
114_11,s-1.224355,s0.976182,s6.691595
114_12,s0.759626,s-0.447088,s299.240370
114_13,s1.977288,s1.650526,s161.248012
114_14,s-0.779844,s1.026383,s118.031818
114_15,s-0.096679,s-1.124965,s145.162398
114_16,s0.017305,s-1.652615,s198.294252
114_17,s1.624237,s-1.477380,s31.786566
114_18,s2.134517,s-1.801418,s178.900656
114_19,s2.331757,s0.988117,s238.614900
114_20,s1.218322,s-1.984507,s211.146872
114_21,s-0.261939,s1.377456,s237.212152
114_22,s-1.581610,s0.578512,s188.836816
114_23,s-1.152341,s-1.350987,s116.955547
114_24,s0.900230,s2.027114,s3.440462
114_25,s-0.041644,s2.412471,s60.284130
114_26,s-2.317893,s-1.575288,s37.119935
114_27,s2.364668,s-0.261190,s29.691066
114_28,s2.709791,s1.992807,s63.063652
114_29,s-2.069360,s1.405156,s177.937103
114_30,s-0.854363,s2.228533,s26.152244
114_31,s1.345936,s-0.401194,s91.064410
114_32,s-0.842044,s-1.881073,s82.719744
114_33,s0.122500,s-3.007390,s239.764742
114_34,s2.781528,s-3.214432,s299.644253
114_35,s-1.256916,s-2.590691,s45.625523
114_36,s-1.815510,s-0.349932,s126.706552
114_37,s-2.308670,s0.227847,s242.692909
114_38,s-3.001151,s-0.688791,s60.874139
114_39,s-2.151508,s-2.142518,s178.254587
114_40,s2.291403,s0.136723,s177.960466
114_41,s-0.592858,s-2.610934,s331.433532
114_42,s1.469002,s-3.003473,s330.954641
114_43,s-2.569861,s0.968444,s121.820176
114_44,s-1.622875,s-2.845562,s0.177948
114_45,s-3.335931,s-0.050413,s325.493822
114_46,s2.481946,s-2.290602,s211.351038
114_47,s2.948224,s-0.246291,s3.225155
114_48,s-0.258942,s1.978090,s107.154884
114_49,s0.829554,s-3.079786,s208.003918
114_50,s1.570063,s2.112183,s42.892087
114_51,s-0.489321,s3.048478,s31.496423
114_52,s-0.401640,s-2.971038,s189.366177
114_53,s-1.847047,s1.947528,s268.180441
114_54,s-2.722330,s-2.194207,s98.200142
114_55,s-3.515694,s-0.822355,s117.360120
114_56,s-1.127007,s-3.164872,s239.420980
114_57,s-3.142759,s2.023531,s206.828201
114_58,s-3.861432,s1.255952,s300.379446
114_59,s3.013030,s1.237687,s-0.932523
114_60,s-3.712250,s0.616490,s88.241349
114_61,s-1.705103,s3.289384,s121.571855
114_62,s3.129098,s-2.119488,s246.590626
114_63,s-3.298390,s-1.828884,s24.922471
114_64,s-2.086713,s2.251092,s12.816543
114_65,s2.780699,s2.551963,s299.808177
114_66,s-3.491489,s2.341592,s166.980777
114_67,s-2.148932,s-3.280853,s149.757278
114_68,s1.908981,s2.863746,s95.854846
114_69,s0.169292,s3.009188,s40.152388
114_70,s3.177331,s-0.713435,s245.362972
114_71,s0.000283,s-3.689848,s295.316943
114_72,s-4.211966,s-0.642585,s2.110452
114_73,s1.526567,s3.452749,s57.867436
114_74,s0.251617,s4.020322,s244.889342
114_75,s-1.704781,s3.787009,s320.107791
114_76,s-3.885687,s-1.658328,s102.862463
114_77,s-2.939961,s2.577161,s217.829502
114_78,s-2.657741,s-3.169551,s33.021960
114_79,s-4.680734,s0.328562,s139.808109
114_80,s3.522993,s0.983128,s91.344115
114_81,s-1.229794,s-3.833709,s269.678065
114_82,s-1.098763,s3.416893,s-0.450042
114_83,s-0.627743,s4.069723,s288.894926
114_84,s-2.693984,s3.322971,s24.591371
114_85,s-3.230976,s2.960474,s271.912018
114_86,s2.070495,s-3.500358,s146.184440
114_87,s3.356443,s1.730951,s1.607778
114_88,s-4.526707,s1.169603,s48.125643
114_89,s-4.840585,s1.887396,s31.900537
114_90,s0.329985,s4.479560,s74.941827
114_91,s3.617681,s-0.077175,s29.205973
114_92,s-4.015433,s-2.360870,s249.294796
114_93,s-0.358518,s-4.060537,s211.674692
114_94,s2.161882,s3.584611,s181.243611
114_95,s-2.284501,s-3.863990,s115.760889
114_96,s-4.495272,s-2.494807,s-0.177584
114_97,s-2.392171,s3.947223,s56.702863
114_98,s0.604732,s-3.872997,s268.119448
114_99,s-3.539544,s3.460110,s-2.648281
114_100,s-3.231654,s-3.440500,s47.845545
114_101,s-4.133135,s3.127138,s2.219451
114_102,s0.839150,s4.417811,s28.860551
114_103,s-5.276256,s0.273140,s0.490505
114_104,s-1.212644,s4.771447,s265.520159
114_105,s-5.055330,s-0.673526,s180.661295
114_106,s2.902664,s3.076921,s-0.478902
114_107,s4.008174,s1.472223,s28.389612
114_108,s-4.331476,s2.649835,s29.984955
114_109,s3.169233,s-1.211023,s215.833997
114_110,s-1.697877,s4.551501,s60.173068
114_111,s-1.691185,s-4.094483,s212.222219
114_112,s3.938390,s0.900379,s236.316702
114_113,s-5.457182,s1.582148,s2.773273
115_0,s-0.046051,s0.209091,s330.442493
115_1,s0.638156,s0.099088,s300.492631
115_2,s0.356126,s-0.660750,s92.321312
115_3,s-0.762934,s-0.514706,s306.899340
115_4,s-0.581725,s0.503140,s298.815908
115_5,s0.562011,s0.998982,s234.808342
115_6,s-1.133278,s0.087412,s274.499662
115_7,s1.692216,s0.333954,s32.692039
115_8,s-1.715370,s-1.116074,s80.827622
115_9,s-0.871181,s-1.098319,s29.286476
115_10,s0.417275,s1.596599,s259.458021
115_11,s-1.224355,s0.976182,s6.691595
115_12,s0.759626,s-0.447088,s299.240370
115_13,s1.977288,s1.650526,s161.248012
115_14,s-0.779844,s1.026383,s118.031818
115_15,s-0.096679,s-1.124965,s145.162398
115_16,s0.071218,s-1.640541,s196.368782
115_17,s1.624237,s-1.477380,s31.786566
115_18,s2.134517,s-1.801418,s178.900656
115_19,s2.331757,s0.988117,s238.614900
115_20,s1.218322,s-1.984507,s211.146872
115_21,s-0.261939,s1.377456,s237.212152
115_22,s-1.581610,s0.578512,s188.836816
115_23,s-1.152341,s-1.350987,s116.955547
115_24,s0.881079,s2.032794,s32.432857
115_25,s-0.041644,s2.412471,s60.284130
115_26,s-2.317893,s-1.575288,s37.119935
115_27,s2.364668,s-0.261190,s29.691066
115_28,s2.709791,s1.992807,s63.063652
115_29,s-2.069360,s1.405156,s177.937103
115_30,s-0.920526,s2.321574,s27.617761
115_31,s1.345936,s-0.401194,s91.064410
115_32,s-0.842044,s-1.881073,s82.719744
115_33,s0.122500,s-3.007390,s239.764742
115_34,s2.849357,s-3.221181,s298.766841
115_35,s-1.256916,s-2.590691,s45.625523
115_36,s-1.815510,s-0.349932,s126.706552
115_37,s-2.308670,s0.227847,s242.692909
115_38,s-2.935730,s-0.717844,s63.413769
115_39,s-2.202236,s-2.047570,s176.624780
115_40,s2.291403,s0.136723,s177.960466
115_41,s-0.592858,s-2.610934,s331.433532
115_42,s1.469002,s-3.003473,s330.954641
115_43,s-2.677069,s0.946262,s116.325925
115_44,s-1.622875,s-2.845562,s0.177948
115_45,s-3.335931,s-0.050413,s325.493822
115_46,s2.481946,s-2.290602,s211.351038
115_47,s2.948224,s-0.246291,s3.225155
115_48,s-0.258942,s1.978090,s107.154884
115_49,s0.829554,s-3.079786,s208.003918
115_50,s1.570063,s2.112183,s42.892087
115_51,s-0.489321,s3.048478,s31.496423
115_52,s-0.401640,s-2.971038,s189.366177
115_53,s-1.875521,s1.896519,s270.799749
115_54,s-2.667524,s-2.270486,s90.381572
115_55,s-3.515694,s-0.822355,s117.360120
115_56,s-1.127007,s-3.164872,s239.420980
115_57,s-3.142759,s2.023531,s206.828201
115_58,s-3.861432,s1.255952,s300.379446
115_59,s3.013030,s1.237687,s-0.932523
115_60,s-3.712250,s0.616490,s88.241349
115_61,s-1.705103,s3.289384,s121.571855
115_62,s2.986300,s-2.184898,s251.357498
115_63,s-3.298390,s-1.828884,s24.922471
115_64,s-2.086713,s2.251092,s12.816543
115_65,s2.780699,s2.551963,s299.808177
115_66,s-3.491489,s2.341592,s166.980777
115_67,s-2.148932,s-3.280853,s149.757278
115_68,s1.908981,s2.863746,s95.854846
115_69,s0.409944,s3.044392,s44.688957
115_70,s3.292181,s-0.709857,s241.682415
115_71,s0.000283,s-3.689848,s295.316943
115_72,s-4.211966,s-0.642585,s2.110452
115_73,s1.558806,s3.428230,s55.993530
115_74,s0.251617,s4.020322,s244.889342
115_75,s-1.704781,s3.787009,s320.107791
115_76,s-3.885687,s-1.658328,s102.862463
115_77,s-2.939961,s2.577161,s217.829502
115_78,s-2.657741,s-3.169551,s33.021960
115_79,s-4.680734,s0.328562,s139.808109
115_80,s3.522993,s0.983128,s91.344115
115_81,s-1.229794,s-3.833709,s269.678065
115_82,s-1.098763,s3.416893,s-0.450042
115_83,s-0.787199,s4.046969,s290.302717
115_84,s-2.693984,s3.322971,s24.591371
115_85,s-3.230976,s2.960474,s271.912018
115_86,s2.092069,s-3.574632,s143.362413
115_87,s3.356443,s1.730951,s1.607778
115_88,s-4.526707,s1.169603,s48.125643
115_89,s-4.840585,s1.887396,s31.900537
115_90,s0.308403,s4.664318,s75.205291
115_91,s3.617681,s-0.077175,s29.205973
115_92,s-4.028595,s-2.356966,s246.935589
115_93,s-0.358518,s-4.060537,s211.674692
115_94,s2.239449,s3.535380,s183.716679
115_95,s-2.284501,s-3.863990,s115.760889
115_96,s-4.495272,s-2.494807,s-0.177584
115_97,s-2.392171,s3.947223,s56.702863
115_98,s0.560925,s-3.986248,s268.274349
115_99,s-3.539544,s3.460110,s-2.648281
115_100,s-3.231654,s-3.440500,s47.845545
115_101,s-4.196509,s3.164249,s-6.812810
115_102,s0.839150,s4.417811,s28.860551
115_103,s-5.276256,s0.273140,s0.490505
115_104,s-1.212644,s4.771447,s265.520159
115_105,s-5.055330,s-0.673526,s180.661295
115_106,s2.902664,s3.076921,s-0.478902
115_107,s4.008174,s1.472223,s28.389612
115_108,s-4.278420,s2.482250,s25.891563
115_109,s3.232210,s-1.325671,s216.118138
115_110,s-1.666794,s4.519168,s60.883156
115_111,s-1.724688,s-4.162059,s119.970809
115_112,s3.927413,s0.934366,s302.339969
115_113,s-5.457182,s1.582148,s2.773273
115_114,s-2.846576,s-4.411293,s179.941316
116_0,s-0.057179,s0.184135,s328.033640
116_1,s0.525736,s0.191148,s301.925542
116_2,s0.343544,s-0.707563,s90.884187
116_3,s-0.802920,s-0.497632,s305.560877
116_4,s-0.581725,s0.503140,s298.815908
116_5,s0.664413,s0.991320,s240.353182
116_6,s-1.133278,s0.087412,s274.499662
116_7,s1.707695,s0.491241,s35.555669
116_8,s-1.854094,s-1.055786,s81.958231
116_9,s-0.851243,s-1.051826,s35.126842
116_10,s0.447551,s1.557899,s269.186014
116_11,s-1.224355,s0.976182,s6.691595
116_12,s0.759626,s-0.447088,s299.240370
116_13,s1.945300,s1.700277,s179.513036
116_14,s-0.779844,s1.026383,s118.031818
116_15,s-0.122507,s-1.142103,s147.498348
116_16,s0.202116,s-1.580233,s186.080157
116_17,s1.621369,s-1.451145,s32.717560
116_18,s2.091202,s-1.766430,s149.285430
116_19,s2.340189,s1.049066,s328.158672
116_20,s1.263849,s-2.033897,s203.654988
116_21,s-0.222995,s1.434950,s237.679715
116_22,s-1.591908,s0.568319,s194.062861
116_23,s-1.152341,s-1.350987,s116.955547
116_24,s0.826140,s2.052963,s32.844220
116_25,s0.116586,s2.406134,s62.672512
116_26,s-2.314851,s-1.522938,s37.349908
116_27,s2.364668,s-0.261190,s29.691066
116_28,s2.684710,s2.027649,s65.610425
116_29,s-1.995035,s1.425626,s176.506826
116_30,s-0.955735,s2.439190,s26.732557
116_31,s1.345936,s-0.401194,s91.064410
116_32,s-0.867712,s-1.889319,s79.046612
116_33,s0.122500,s-3.007390,s239.764742
116_34,s2.828061,s-3.287840,s179.666785
116_35,s-1.256916,s-2.590691,s45.625523
116_36,s-1.806335,s-0.349129,s124.041500
116_37,s-2.367995,s0.300539,s243.111882
116_38,s-2.886713,s-0.792443,s-0.496330
116_39,s-2.221406,s-1.963909,s176.276063
116_40,s2.291403,s0.136723,s177.960466
116_41,s-0.617338,s-2.579411,s332.243544
116_42,s1.491554,s-2.953808,s183.403248
116_43,s-2.672041,s0.932154,s178.014428
116_44,s-1.622875,s-2.845562,s0.177948
116_45,s-3.308036,s-0.133546,s0.358165
116_46,s2.495020,s-2.262194,s210.225986
116_47,s2.858037,s-0.253667,s3.188687
116_48,s-0.282861,s2.012499,s104.615420
116_49,s0.829554,s-3.079786,s208.003918
116_50,s1.643217,s1.997710,s34.051773
116_51,s-0.489321,s3.048478,s31.496423
116_52,s-0.401640,s-2.971038,s189.366177
116_53,s-1.893628,s1.870912,s275.132487
116_54,s-2.622083,s-2.369421,s86.887437
116_55,s-3.515694,s-0.822355,s117.360120
116_56,s-1.127007,s-3.164872,s239.420980
116_57,s-3.134160,s1.968021,s206.867742
116_58,s-3.852559,s1.219774,s268.598588
116_59,s3.013030,s1.237687,s-0.932523
116_60,s-3.655343,s0.691307,s84.008498
116_61,s-1.666122,s3.302020,s184.181507
116_62,s3.352944,s-2.166953,s219.398332
116_63,s-3.335863,s-1.833868,s302.757909
116_64,s-2.118159,s2.268692,s7.498986
116_65,s2.812662,s2.572277,s294.867217
116_66,s-3.590092,s2.383945,s151.015484
116_67,s-2.135988,s-3.282539,s273.637599
116_68,s1.895786,s2.781376,s239.954254
116_69,s0.409944,s3.044392,s44.688957
116_70,s3.151908,s-0.769039,s249.810879
116_71,s0.001305,s-3.721994,s292.358590
116_72,s-4.042704,s-0.419207,s150.738220
116_73,s1.548278,s3.456427,s171.757637
116_74,s0.273807,s3.876669,s243.964220
116_75,s-1.695602,s3.790198,s318.301612
116_76,s-3.939463,s-1.676661,s105.960521
116_77,s-2.910417,s2.537880,s209.881753
116_78,s-2.672323,s-3.169586,s57.232371
116_79,s-4.680734,s0.328562,s139.808109
116_80,s3.522993,s0.983128,s91.344115
116_81,s-1.281753,s-3.870467,s270.815418
116_82,s-1.098763,s3.416893,s-0.450042
116_83,s-0.738247,s4.102594,s291.698486
116_84,s-2.733159,s3.332069,s23.619009
116_85,s-3.219953,s2.931472,s273.484341
116_86,s2.141192,s-3.716857,s139.310404
116_87,s3.356443,s1.730951,s1.607778
116_88,s-4.608782,s1.024669,s53.666281
116_89,s-4.858792,s1.993975,s23.433647
116_90,s0.200485,s4.662646,s69.757781
116_91,s3.690930,s-0.012613,s235.584399
116_92,s-4.022685,s-2.343618,s244.302135
116_93,s-0.358518,s-4.060537,s211.674692
116_94,s2.166576,s3.514777,s187.970344
116_95,s-2.267726,s-3.887531,s113.701230
116_96,s-4.555878,s-2.423105,s142.088064
116_97,s-2.392171,s3.947223,s56.702863
116_98,s0.496352,s-4.016556,s269.220580
116_99,s-3.539544,s3.460110,s-2.648281
116_100,s-3.346882,s-3.654702,s120.800320
116_101,s-4.116059,s3.107765,s272.647508
116_102,s0.795181,s4.532496,s182.629737
116_103,s-5.293006,s0.299214,s4.249031
116_104,s-1.157742,s4.793294,s242.286834
116_105,s-5.098479,s-0.613177,s299.137089
116_106,s2.818069,s3.120433,s-0.754704
116_107,s4.008174,s1.472223,s28.389612
116_108,s-4.278420,s2.482250,s25.891563
116_109,s3.366275,s-1.280052,s210.226546
116_110,s-1.666794,s4.519168,s60.883156
116_111,s-1.616961,s-4.278437,s115.868810
116_112,s4.007053,s0.922461,s314.513430
116_113,s-5.405178,s1.703808,s2.235972
116_114,s-2.846576,s-4.411293,s179.941316
116_115,s-0.791208,s-4.448310,s177.611537
117_0,s0.004304,s0.129753,s326.746089
117_1,s0.579611,s0.163597,s300.237729
117_2,s0.247620,s-0.745170,s86.342679
117_3,s-0.802920,s-0.497632,s305.560877
117_4,s-0.480874,s0.529519,s293.198737
117_5,s0.626657,s1.046765,s238.888565
117_6,s-1.133278,s0.087412,s274.499662
117_7,s1.640700,s0.559705,s35.219681
117_8,s-1.814772,s-1.054077,s82.553714
117_9,s-0.851243,s-1.051826,s35.126842
117_10,s0.447551,s1.557899,s269.186014
117_11,s-1.224355,s0.976182,s6.691595
117_12,s0.759626,s-0.447088,s299.240370
117_13,s1.893619,s1.661616,s182.766067
117_14,s-0.779844,s1.026383,s118.031818
117_15,s-0.213147,s-1.110186,s156.959355
117_16,s0.165919,s-1.568994,s182.951208
117_17,s1.633876,s-1.585353,s25.039426
117_18,s2.125658,s-1.759322,s150.902469
117_19,s2.350242,s1.101860,s329.990277
117_20,s1.251918,s-2.065303,s117.124987
117_21,s-0.278650,s1.375540,s238.432386
117_22,s-1.591908,s0.568319,s194.062861
117_23,s-1.152341,s-1.350987,s116.955547
117_24,s0.826140,s2.052963,s32.844220
117_25,s0.149419,s2.435088,s64.470908
117_26,s-2.314851,s-1.522938,s37.349908
117_27,s2.364668,s-0.261190,s29.691066
117_28,s2.764946,s2.045571,s69.863657
117_29,s-2.016527,s1.271262,s178.946186
117_30,s-0.969258,s2.399025,s24.733809
117_31,s1.345936,s-0.401194,s91.064410
117_32,s-0.867712,s-1.889319,s79.046612
117_33,s0.122500,s-3.007390,s239.764742
117_34,s2.828061,s-3.287840,s179.666785
117_35,s-1.256916,s-2.590691,s45.625523
117_36,s-1.900745,s-0.431965,s125.737128
117_37,s-2.367995,s0.300539,s243.111882
117_38,s-2.886713,s-0.792443,s-0.496330
117_39,s-2.221406,s-1.963909,s176.276063
117_40,s2.291403,s0.136723,s177.960466
117_41,s-0.523644,s-2.533908,s338.587681
117_42,s1.494142,s-2.976405,s183.098003
117_43,s-2.791965,s0.862829,s170.909731
117_44,s-1.622875,s-2.845562,s0.177948
117_45,s-3.308036,s-0.133546,s0.358165
117_46,s2.512172,s-2.181070,s180.249537
117_47,s2.858037,s-0.253667,s3.188687
117_48,s-0.282861,s2.012499,s104.615420
117_49,s0.829554,s-3.079786,s208.003918
117_50,s1.643217,s1.997710,s34.051773
117_51,s-0.489321,s3.048478,s31.496423
117_52,s-0.416943,s-2.989357,s191.036963
117_53,s-1.785881,s1.876629,s276.035980
117_54,s-2.742632,s-2.301992,s89.989018
117_55,s-3.515694,s-0.822355,s117.360120
117_56,s-1.176400,s-3.197659,s234.635359
117_57,s-3.132573,s1.890171,s198.636858
117_58,s-3.852559,s1.219774,s268.598588
117_59,s3.013030,s1.237687,s-0.932523
117_60,s-3.655343,s0.691307,s84.008498
117_61,s-1.714988,s3.184773,s191.036364
117_62,s3.352944,s-2.166953,s219.398332
117_63,s-3.335863,s-1.833868,s302.757909
117_64,s-2.182714,s2.317195,s12.129610
117_65,s2.836643,s2.487876,s296.496769
117_66,s-3.590092,s2.383945,s151.015484
117_67,s-2.072257,s-3.266187,s270.910579
117_68,s1.895786,s2.781376,s239.954254
117_69,s0.591099,s3.002129,s41.146831
117_70,s3.114381,s-0.806396,s116.903964
117_71,s-0.040474,s-3.736590,s289.881437
117_72,s-3.990939,s-0.344023,s32.598370
117_73,s1.462139,s3.502367,s174.417822
117_74,s0.451304,s3.854674,s241.424407
117_75,s-1.691004,s3.772672,s316.038013
117_76,s-4.120867,s-1.636943,s59.004634
117_77,s-2.910417,s2.537880,s209.881753
117_78,s-2.614159,s-3.172511,s60.435679
117_79,s-4.680734,s0.328562,s139.808109
117_80,s3.522993,s0.983128,s91.344115
117_81,s-1.315048,s-3.869746,s271.105354
117_82,s-1.098763,s3.416893,s-0.450042
117_83,s-0.738247,s4.102594,s291.698486
117_84,s-2.615752,s3.313580,s29.963552
117_85,s-3.209951,s2.942002,s274.494206
117_86,s2.247093,s-3.806856,s141.697986
117_87,s3.356443,s1.730951,s1.607778
117_88,s-4.732064,s1.043558,s301.902585
117_89,s-4.665032,s1.976298,s23.965992
117_90,s0.200485,s4.662646,s69.757781
117_91,s3.774165,s-0.053048,s-0.028404
117_92,s-4.020845,s-2.315626,s249.295287
117_93,s-0.418603,s-4.120070,s211.890745
117_94,s2.166576,s3.514777,s187.970344
117_95,s-2.192666,s-3.817064,s112.615671
117_96,s-4.600862,s-2.408665,s88.882671
117_97,s-2.321690,s3.950322,s60.719941
117_98,s0.510490,s-4.010235,s268.459255
117_99,s-3.539544,s3.460110,s-2.648281
117_100,s-3.346882,s-3.654702,s120.800320
117_101,s-4.116059,s3.107765,s272.647508
117_102,s0.838844,s4.523196,s185.549768
117_103,s-5.293006,s0.299214,s4.249031
117_104,s-1.157742,s4.793294,s242.286834
117_105,s-5.109779,s-0.597036,s248.709982
117_106,s2.720254,s3.096209,s-20.459118
117_107,s4.032672,s1.508406,s27.780844
117_108,s-4.277505,s2.476583,s31.995004
117_109,s3.427229,s-1.274440,s212.313404
117_110,s-1.725801,s4.510410,s91.950040
117_111,s-1.616961,s-4.278437,s115.868810
117_112,s4.000883,s0.846988,s316.614568
117_113,s-5.405178,s1.703808,s2.235972
117_114,s-2.786551,s-4.369438,s178.747886
117_115,s-0.845737,s-4.351622,s172.057054
117_116,s4.145879,s-0.852311,s212.568459
118_0,s0.004304,s0.129753,s326.746089
118_1,s0.579611,s0.163597,s300.237729
118_2,s0.247620,s-0.745170,s86.342679
118_3,s-0.802920,s-0.497632,s305.560877
118_4,s-0.480874,s0.529519,s293.198737
118_5,s0.626657,s1.046765,s238.888565
118_6,s-1.133278,s0.087412,s274.499662
118_7,s1.640700,s0.559705,s35.219681
118_8,s-1.814772,s-1.054077,s82.553714
118_9,s-0.851243,s-1.051826,s35.126842
118_10,s0.447551,s1.557899,s269.186014
118_11,s-1.224355,s0.976182,s6.691595
118_12,s0.759626,s-0.447088,s299.240370
118_13,s1.893619,s1.661616,s182.766067
118_14,s-0.779844,s1.026383,s118.031818
118_15,s-0.213147,s-1.110186,s156.959355
118_16,s0.165919,s-1.568994,s182.951208
118_17,s1.633876,s-1.585353,s25.039426
118_18,s2.125658,s-1.759322,s150.902469
118_19,s2.350242,s1.101860,s329.990277
118_20,s1.251918,s-2.065303,s117.124987
118_21,s-0.278650,s1.375540,s238.432386
118_22,s-1.591908,s0.568319,s194.062861
118_23,s-1.152341,s-1.350987,s116.955547
118_24,s0.826140,s2.052963,s32.844220
118_25,s0.149419,s2.435088,s64.470908
118_26,s-2.314851,s-1.522938,s37.349908
118_27,s2.364668,s-0.261190,s29.691066
118_28,s2.764946,s2.045571,s69.863657
118_29,s-2.016527,s1.271262,s178.946186
118_30,s-0.969258,s2.399025,s24.733809
118_31,s1.345936,s-0.401194,s91.064410
118_32,s-0.867712,s-1.889319,s79.046612
118_33,s0.122500,s-3.007390,s239.764742
118_34,s2.828061,s-3.287840,s179.666785
118_35,s-1.256916,s-2.590691,s45.625523
118_36,s-1.900745,s-0.431965,s125.737128
118_37,s-2.367995,s0.300539,s243.111882
118_38,s-2.886713,s-0.792443,s-0.496330
118_39,s-2.221406,s-1.963909,s176.276063
118_40,s2.291403,s0.136723,s177.960466
118_41,s-0.523644,s-2.533908,s338.587681
118_42,s1.494142,s-2.976405,s183.098003
118_43,s-2.791965,s0.862829,s170.909731
118_44,s-1.622875,s-2.845562,s0.177948
118_45,s-3.308036,s-0.133546,s0.358165
118_46,s2.512172,s-2.181070,s180.249537
118_47,s2.858037,s-0.253667,s3.188687
118_48,s-0.282861,s2.012499,s104.615420
118_49,s0.829554,s-3.079786,s208.003918
118_50,s1.643217,s1.997710,s34.051773
118_51,s-0.489321,s3.048478,s31.496423
118_52,s-0.416943,s-2.989357,s191.036963
118_53,s-1.785881,s1.876629,s276.035980
118_54,s-2.742632,s-2.301992,s89.989018
118_55,s-3.515694,s-0.822355,s117.360120
118_56,s-1.176400,s-3.197659,s234.635359
118_57,s-3.132573,s1.890171,s198.636858
118_58,s-3.852559,s1.219774,s268.598588
118_59,s3.013030,s1.237687,s-0.932523
118_60,s-3.655343,s0.691307,s84.008498
118_61,s-1.714988,s3.184773,s191.036364
118_62,s3.352944,s-2.166953,s219.398332
118_63,s-3.335863,s-1.833868,s302.757909
118_64,s-2.182714,s2.317195,s12.129610
118_65,s2.836643,s2.487876,s296.496769
118_66,s-3.590092,s2.383945,s151.015484
118_67,s-2.072257,s-3.266187,s270.910579
118_68,s1.895786,s2.781376,s239.954254
118_69,s0.591099,s3.002129,s41.146831
118_70,s3.114381,s-0.806396,s116.903964
118_71,s-0.040474,s-3.736590,s289.881437
118_72,s-3.990939,s-0.344023,s32.598370
118_73,s1.462139,s3.502367,s174.417822
118_74,s0.451304,s3.854674,s241.424407
118_75,s-1.691004,s3.772672,s316.038013
118_76,s-4.120867,s-1.636943,s59.004634
118_77,s-2.910417,s2.537880,s209.881753
118_78,s-2.614159,s-3.172511,s60.435679
118_79,s-4.680734,s0.328562,s139.808109
118_80,s3.522993,s0.983128,s91.344115
118_81,s-1.315048,s-3.869746,s271.105354
118_82,s-1.098763,s3.416893,s-0.450042
118_83,s-0.738247,s4.102594,s291.698486
118_84,s-2.615752,s3.313580,s29.963552
118_85,s-3.209951,s2.942002,s274.494206
118_86,s2.247093,s-3.806856,s141.697986
118_87,s3.356443,s1.730951,s1.607778
118_88,s-4.732064,s1.043558,s301.902585
118_89,s-4.665032,s1.976298,s23.965992
118_90,s0.200485,s4.662646,s69.757781
118_91,s3.774165,s-0.053048,s-0.028404
118_92,s-4.020845,s-2.315626,s249.295287
118_93,s-0.418603,s-4.120070,s211.890745
118_94,s2.166576,s3.514777,s187.970344
118_95,s-2.192666,s-3.817064,s112.615671
118_96,s-4.600862,s-2.408665,s88.882671
118_97,s-2.321690,s3.950322,s60.719941
118_98,s0.510490,s-4.010235,s268.459255
118_99,s-3.539544,s3.460110,s-2.648281
118_100,s-3.346882,s-3.654702,s120.800320
118_101,s-4.116059,s3.107765,s272.647508
118_102,s0.838844,s4.523196,s185.549768
118_103,s-5.293006,s0.299214,s4.249031
118_104,s-1.157742,s4.793294,s242.286834
118_105,s-5.109779,s-0.597036,s248.709982
118_106,s2.720254,s3.096209,s-20.459118
118_107,s4.032672,s1.508406,s27.780844
118_108,s-4.277505,s2.476583,s31.995004
118_109,s3.427229,s-1.274440,s212.313404
118_110,s-1.725801,s4.510410,s91.950040
118_111,s-1.616961,s-4.278437,s115.868810
118_112,s4.000883,s0.846988,s316.614568
118_113,s-5.405178,s1.703808,s2.235972
118_114,s-2.786551,s-4.369438,s178.747886
118_115,s-0.845737,s-4.351622,s172.057054
118_116,s4.145879,s-0.852311,s212.568459
118_117,s-0.309858,s-4.830071,s179.428233
119_0,s0.004304,s0.129753,s326.746089
119_1,s0.579611,s0.163597,s300.237729
119_2,s0.232904,s-0.771555,s89.095618
119_3,s-0.802920,s-0.497632,s305.560877
119_4,s-0.480874,s0.529519,s293.198737
119_5,s0.626657,s1.046765,s238.888565
119_6,s-1.133278,s0.087412,s274.499662
119_7,s1.640700,s0.559705,s35.219681
119_8,s-1.814772,s-1.054077,s82.553714
119_9,s-0.851243,s-1.051826,s35.126842
119_10,s0.447551,s1.557899,s269.186014
119_11,s-1.224355,s0.976182,s6.691595
119_12,s0.759626,s-0.447088,s299.240370
119_13,s1.893619,s1.661616,s182.766067
119_14,s-0.779844,s1.026383,s118.031818
119_15,s-0.213147,s-1.110186,s156.959355
119_16,s0.240654,s-1.516710,s183.981099
119_17,s1.646259,s-1.544673,s26.480136
119_18,s2.178299,s-1.661315,s157.475759
119_19,s2.350242,s1.101860,s329.990277
119_20,s1.271043,s-2.150747,s179.405229
119_21,s-0.278650,s1.375540,s238.432386
119_22,s-1.591908,s0.568319,s194.062861
119_23,s-1.152341,s-1.350987,s116.955547
119_24,s0.826140,s2.052963,s32.844220
119_25,s0.202455,s2.337557,s62.516594
119_26,s-2.314851,s-1.522938,s37.349908
119_27,s2.364668,s-0.261190,s29.691066
119_28,s2.764946,s2.045571,s69.863657
119_29,s-2.016527,s1.271262,s178.946186
119_30,s-0.933673,s2.350576,s23.843361
119_31,s1.345936,s-0.401194,s91.064410
119_32,s-0.867712,s-1.889319,s79.046612
119_33,s0.122500,s-3.007390,s239.764742
119_34,s2.774351,s-3.389231,s185.922916
119_35,s-1.256916,s-2.590691,s45.625523
119_36,s-1.900745,s-0.431965,s125.737128
119_37,s-2.367995,s0.300539,s243.111882
119_38,s-2.886713,s-0.792443,s-0.496330
119_39,s-2.149118,s-1.924415,s185.465525
119_40,s2.291403,s0.136723,s177.960466
119_41,s-0.523644,s-2.533908,s338.587681
119_42,s1.494142,s-2.976405,s183.098003
119_43,s-2.791965,s0.862829,s170.909731
119_44,s-1.622875,s-2.845562,s0.177948
119_45,s-3.308036,s-0.133546,s0.358165
119_46,s2.512172,s-2.181070,s180.249537
119_47,s2.858037,s-0.253667,s3.188687
119_48,s-0.282861,s2.012499,s104.615420
119_49,s0.829554,s-3.079786,s208.003918
119_50,s1.707388,s2.052659,s33.940814
119_51,s-0.489321,s3.048478,s31.496423
119_52,s-0.416943,s-2.989357,s191.036963
119_53,s-1.724927,s1.899337,s274.738657
119_54,s-2.742632,s-2.301992,s89.989018
119_55,s-3.463118,s-0.705312,s120.705023
119_56,s-1.176400,s-3.197659,s234.635359
119_57,s-3.066247,s1.856576,s192.903746
119_58,s-3.852559,s1.219774,s268.598588
119_59,s3.013030,s1.237687,s-0.932523
119_60,s-3.655343,s0.691307,s84.008498
119_61,s-1.718931,s3.109357,s195.404237
119_62,s3.352944,s-2.166953,s219.398332
119_63,s-3.392002,s-1.915399,s306.990908
119_64,s-2.182714,s2.317195,s12.129610
119_65,s2.836643,s2.487876,s296.496769
119_66,s-3.698907,s2.193327,s146.260945
119_67,s-2.072257,s-3.266187,s270.910579
119_68,s1.895786,s2.781376,s239.954254
119_69,s0.591099,s3.002129,s41.146831
119_70,s3.080543,s-0.763778,s297.973206
119_71,s0.005835,s-3.709926,s291.054670
119_72,s-4.018321,s-0.321787,s27.361196
119_73,s1.462139,s3.502367,s174.417822
119_74,s0.451304,s3.854674,s241.424407
119_75,s-1.691004,s3.772672,s316.038013
119_76,s-4.035605,s-1.744995,s65.780045
119_77,s-2.910417,s2.537880,s209.881753
119_78,s-2.614159,s-3.172511,s60.435679
119_79,s-4.680734,s0.328562,s139.808109
119_80,s3.522993,s0.983128,s91.344115
119_81,s-1.315048,s-3.869746,s271.105354
119_82,s-1.098763,s3.416893,s-0.450042
119_83,s-0.738247,s4.102594,s291.698486
119_84,s-2.615752,s3.313580,s29.963552
119_85,s-3.209951,s2.942002,s274.494206
119_86,s2.268613,s-3.662835,s135.800324
119_87,s3.356443,s1.730951,s1.607778
119_88,s-4.858139,s0.951388,s308.147896
119_89,s-4.729671,s1.889941,s23.003088
119_90,s0.210947,s4.685037,s68.318782
119_91,s3.764609,s-0.058153,s-1.718636
119_92,s-4.020845,s-2.315626,s249.295287
119_93,s-0.418603,s-4.120070,s211.890745
119_94,s2.166576,s3.514777,s187.970344
119_95,s-2.151159,s-3.755454,s116.549538
119_96,s-4.572026,s-2.514181,s88.179675
119_97,s-2.321690,s3.950322,s60.719941
119_98,s0.510490,s-4.010235,s268.459255
119_99,s-3.539544,s3.460110,s-2.648281
119_100,s-3.423173,s-3.761882,s122.870504
119_101,s-4.116059,s3.107765,s272.647508
119_102,s0.838844,s4.523196,s185.549768
119_103,s-5.293006,s0.299214,s4.249031
119_104,s-1.162987,s4.719126,s246.115240
119_105,s-5.109779,s-0.597036,s248.709982
119_106,s2.720254,s3.096209,s-20.459118
119_107,s4.032672,s1.508406,s27.780844
119_108,s-4.277505,s2.476583,s31.995004
119_109,s3.453624,s-1.180799,s206.389987
119_110,s-1.725801,s4.510410,s91.950040
119_111,s-1.616961,s-4.278437,s115.868810
119_112,s4.000883,s0.846988,s316.614568
119_113,s-5.476989,s1.617733,s0.408395
119_114,s-2.786551,s-4.369438,s178.747886
119_115,s-0.980844,s-4.432468,s168.639325
119_116,s4.145879,s-0.852311,s212.568459
119_117,s-0.309858,s-4.830071,s179.428233
119_118,s-4.361669,s3.518873,s2.574271
120_0,s0.004304,s0.129753,s326.746089
120_1,s0.579611,s0.163597,s300.237729
120_2,s0.316992,s-0.754375,s87.225684
120_3,s-0.802920,s-0.497632,s305.560877
120_4,s-0.480874,s0.529519,s293.198737
120_5,s0.626657,s1.046765,s240.877548
120_6,s-1.133588,s0.046789,s279.162601
120_7,s1.610477,s0.636650,s31.807989
120_8,s-1.814772,s-1.054077,s82.553714
120_9,s-0.851243,s-1.051826,s35.126842
120_10,s0.294349,s1.700604,s261.423026
120_11,s-1.224355,s0.976182,s215.673617
120_12,s0.759626,s-0.447088,s299.240370
120_13,s1.893619,s1.661616,s182.766067
120_14,s-0.779844,s1.026383,s329.471504
120_15,s-0.213147,s-1.110186,s156.959355
120_16,s0.253226,s-1.508431,s176.582913
120_17,s1.646259,s-1.544673,s26.480136
120_18,s2.170822,s-1.656805,s300.519966
120_19,s2.350242,s1.101860,s329.990277
120_20,s1.271043,s-2.150747,s179.405229
120_21,s-0.182199,s1.295036,s232.868710
120_22,s-1.591908,s0.568319,s194.062861
120_23,s-1.152341,s-1.350987,s58.806933
120_24,s0.826140,s2.052963,s32.844220
120_25,s0.202455,s2.337557,s62.516594
120_26,s-2.314851,s-1.522938,s37.349908
120_27,s2.364668,s-0.261190,s211.010627
120_28,s2.764946,s2.045571,s69.863657
120_29,s-1.951657,s1.208157,s178.441387
120_30,s-0.933673,s2.350576,s23.843361
120_31,s1.345936,s-0.401194,s91.064410
120_32,s-0.850271,s-1.901002,s83.404955
120_33,s0.122500,s-3.007390,s239.764742
120_34,s2.774351,s-3.389231,s271.487694
120_35,s-1.256916,s-2.590691,s45.625523
120_36,s-1.900745,s-0.431965,s125.737128
120_37,s-2.367995,s0.300539,s243.111882
120_38,s-2.896645,s-0.755464,s329.587383
120_39,s-2.149118,s-1.924415,s185.465525
120_40,s2.291403,s0.136723,s177.960466
120_41,s-0.639417,s-2.484588,s335.634592
120_42,s1.494142,s-2.976405,s183.098003
120_43,s-2.876074,s0.795482,s177.847015
120_44,s-1.622875,s-2.845562,s208.717979
120_45,s-3.308036,s-0.133546,s0.358165
120_46,s2.434283,s-2.218940,s191.086169
120_47,s2.858037,s-0.253667,s3.188687
120_48,s-0.282861,s2.012499,s104.615420
120_49,s0.829554,s-3.079786,s183.158808
120_50,s1.707388,s2.052659,s33.940814
120_51,s-0.489321,s3.048478,s329.971900
120_52,s-0.436769,s-3.009819,s188.764795
120_53,s-1.724927,s1.899337,s274.738657
120_54,s-2.742632,s-2.301992,s89.989018
120_55,s-3.463118,s-0.705312,s120.705023
120_56,s-1.176400,s-3.197659,s234.635359
120_57,s-3.066247,s1.856576,s30.382885
120_58,s-3.882092,s1.256701,s263.551711
120_59,s3.013030,s1.237687,s-0.932523
120_60,s-3.655343,s0.691307,s84.008498
120_61,s-1.718931,s3.109357,s122.595879
120_62,s3.352944,s-2.166953,s219.398332
120_63,s-3.416813,s-1.918637,s312.394743
120_64,s-2.182714,s2.317195,s239.441403
120_65,s2.836643,s2.487876,s210.049159
120_66,s-3.715754,s2.217153,s145.090691
120_67,s-2.072257,s-3.266187,s270.910579
120_68,s1.895786,s2.781376,s239.954254
120_69,s0.591099,s3.002129,s209.761534
120_70,s3.080543,s-0.763778,s297.973206
120_71,s-0.029307,s-3.773874,s295.907970
120_72,s-4.018321,s-0.321787,s27.361196
120_73,s1.462139,s3.502367,s174.417822
120_74,s0.437757,s3.784668,s237.798766
120_75,s-1.691004,s3.772672,s316.038013
120_76,s-3.901724,s-1.709698,s67.522675
120_77,s-2.910417,s2.537880,s209.881753
120_78,s-2.614159,s-3.172511,s60.435679
120_79,s-4.680734,s0.328562,s267.245426
120_80,s3.582082,s0.870454,s89.984114
120_81,s-1.315048,s-3.869746,s271.105354
120_82,s-1.098763,s3.416893,s150.185244
120_83,s-0.800926,s4.090407,s182.198465
120_84,s-2.615752,s3.313580,s29.963552
120_85,s-3.209951,s2.942002,s274.494206
120_86,s2.268613,s-3.662835,s135.800324
120_87,s3.356443,s1.730951,s1.607778
120_88,s-4.990384,s0.848423,s308.274674
120_89,s-4.729671,s1.889941,s23.003088
120_90,s0.210947,s4.685037,s68.318782
120_91,s3.764609,s-0.058153,s-1.718636
120_92,s-4.020845,s-2.315626,s249.295287
120_93,s-0.418603,s-4.120070,s211.890745
120_94,s2.166576,s3.514777,s187.970344
120_95,s-2.286781,s-3.647297,s121.299833
120_96,s-4.572026,s-2.514181,s88.179675
120_97,s-2.379933,s3.932149,s56.169112
120_98,s0.510490,s-4.010235,s268.459255
120_99,s-3.540710,s3.481906,s-2.581627
120_100,s-3.413944,s-3.755146,s88.890484
120_101,s-4.116059,s3.107765,s272.647508
120_102,s0.837446,s4.518870,s185.358813
120_103,s-5.293006,s0.299214,s4.249031
120_104,s-1.176060,s4.682820,s240.922289
120_105,s-5.153337,s-0.582017,s328.853472
120_106,s2.720254,s3.096209,s33.498933
120_107,s4.032672,s1.508406,s239.565855
120_108,s-4.309801,s2.443644,s34.836997
120_109,s3.453624,s-1.180799,s87.967267
120_110,s-1.870387,s4.455277,s95.662607
120_111,s-1.616961,s-4.278437,s115.868810
120_112,s4.000883,s0.846988,s316.614568
120_113,s-5.566215,s1.570390,s-2.682553
120_114,s-2.786551,s-4.369438,s178.747886
120_115,s-1.171943,s-4.452043,s181.063028
120_116,s4.176145,s-0.850049,s209.946754
120_117,s-0.309858,s-4.830071,s179.428233
120_118,s-4.404245,s3.504225,s-3.335655
120_119,s2.440258,s3.903110,s7.884301
121_0,s0.004304,s0.129753,s326.746089
121_1,s0.533912,s0.137062,s303.441766
121_2,s0.329899,s-0.652452,s89.923842
121_3,s-0.802920,s-0.497632,s305.560877
121_4,s-0.480874,s0.529519,s293.198737
121_5,s0.585712,s1.000949,s242.319565
121_6,s-1.133588,s0.046789,s279.162601
121_7,s1.610477,s0.636650,s31.807989
121_8,s-1.814772,s-1.054077,s82.553714
121_9,s-0.851243,s-1.051826,s35.126842
121_10,s0.294349,s1.700604,s261.423026
121_11,s-1.224355,s0.976182,s215.673617
121_12,s0.759626,s-0.447088,s299.240370
121_13,s1.838698,s1.609087,s185.487639
121_14,s-0.779844,s1.026383,s329.471504
121_15,s-0.187279,s-1.210264,s155.247727
121_16,s0.188172,s-1.675568,s177.345381
121_17,s1.634741,s-1.644612,s63.666526
121_18,s2.166467,s-1.622471,s231.140366
121_19,s2.350242,s1.101860,s329.990277
121_20,s1.267875,s-2.106594,s213.561670
121_21,s-0.182199,s1.295036,s232.868710
121_22,s-1.591908,s0.568319,s194.062861
121_23,s-1.152341,s-1.350987,s58.806933
121_24,s0.804765,s2.076251,s33.404712
121_25,s0.161248,s2.375831,s63.617273
121_26,s-2.314851,s-1.522938,s37.349908
121_27,s2.364668,s-0.261190,s211.010627
121_28,s2.764946,s2.045571,s69.863657
121_29,s-1.917969,s1.400963,s175.979655
121_30,s-0.933673,s2.350576,s23.843361
121_31,s1.345936,s-0.401194,s91.064410
121_32,s-0.752139,s-1.897924,s79.454978
121_33,s0.059874,s-2.974028,s325.474650
121_34,s2.741162,s-3.266053,s273.038211
121_35,s-1.212793,s-2.474924,s45.117177
121_36,s-1.846622,s-0.320221,s130.900097
121_37,s-2.344464,s0.305754,s252.563080
121_38,s-2.857812,s-0.722462,s328.852190
121_39,s-2.118655,s-1.953649,s152.937065
121_40,s2.291403,s0.136723,s177.960466
121_41,s-0.639417,s-2.484588,s335.634592
121_42,s1.460704,s-2.926042,s190.030539
121_43,s-2.930576,s0.754796,s176.307145
121_44,s-1.622875,s-2.845562,s208.717979
121_45,s-3.310027,s-0.112668,s0.792467
121_46,s2.281492,s-2.414588,s194.557999
121_47,s2.858037,s-0.253667,s3.188687
121_48,s-0.214751,s2.023192,s108.112142
121_49,s0.829554,s-3.079786,s183.158808
121_50,s1.656510,s2.050358,s34.930693
121_51,s-0.486957,s3.060602,s330.750651
121_52,s-0.539096,s-2.896029,s187.537526
121_53,s-1.724927,s1.899337,s274.738657
121_54,s-2.729568,s-2.276294,s89.308882
121_55,s-3.615166,s-0.576254,s116.601657
121_56,s-1.176400,s-3.197659,s234.635359
121_57,s-3.138543,s1.839057,s243.880763
121_58,s-3.905237,s1.288468,s261.298480
121_59,s3.013030,s1.237687,s-0.932523
121_60,s-3.536725,s0.749229,s82.835078
121_61,s-1.881710,s3.053672,s123.727626
121_62,s3.483882,s-2.178968,s305.820864
121_63,s-3.415384,s-1.789845,s316.377975
121_64,s-2.182714,s2.317195,s239.441403
121_65,s2.836643,s2.487876,s210.049159
121_66,s-3.704190,s2.138018,s144.563820
121_67,s-2.072257,s-3.266187,s270.910579
121_68,s1.895786,s2.781376,s239.954254
121_69,s0.624485,s2.944665,s92.090289
121_70,s3.080543,s-0.763778,s297.973206
121_71,s-0.012609,s-3.735833,s303.584975
121_72,s-4.018321,s-0.321787,s27.361196
121_73,s1.526742,s3.652195,s326.700289
121_74,s0.416822,s3.780643,s238.906740
121_75,s-1.691004,s3.772672,s316.038013
121_76,s-3.951566,s-1.755100,s66.332477
121_77,s-2.831822,s2.563493,s205.105940
121_78,s-2.521676,s-3.113014,s67.100923
121_79,s-4.680734,s0.328562,s267.245426
121_80,s3.639477,s0.905091,s90.078998
121_81,s-1.315048,s-3.869746,s271.105354
121_82,s-1.098763,s3.416893,s150.185244
121_83,s-0.781327,s4.097316,s181.747704
121_84,s-2.615752,s3.313580,s29.963552
121_85,s-3.209951,s2.942002,s274.494206
121_86,s2.384220,s-3.649369,s129.762419
121_87,s3.356443,s1.730951,s1.607778
121_88,s-4.990384,s0.848423,s308.274674
121_89,s-4.730522,s1.727777,s15.372505
121_90,s0.199292,s4.634537,s66.915434
121_91,s3.787165,s-0.089744,s-2.291570
121_92,s-4.020845,s-2.315626,s249.295287
121_93,s-0.418603,s-4.120070,s211.890745
121_94,s2.166576,s3.514777,s187.970344
121_95,s-2.286781,s-3.647297,s121.299833
121_96,s-4.482262,s-2.574462,s28.390431
121_97,s-2.482651,s4.030574,s62.364301
121_98,s0.510490,s-4.010235,s268.459255
121_99,s-3.540710,s3.481906,s-2.581627
121_100,s-3.325062,s-3.806248,s88.402359
121_101,s-4.120245,s3.103698,s271.806128
121_102,s0.813585,s4.523808,s180.285947
121_103,s-5.523549,s0.485077,s5.268251
121_104,s-1.176060,s4.682820,s240.922289
121_105,s-5.151817,s-0.606308,s207.916936
121_106,s2.720254,s3.096209,s33.498933
121_107,s4.032672,s1.508406,s239.565855
121_108,s-4.238093,s2.463244,s37.378897
121_109,s3.453624,s-1.180799,s87.967267
121_110,s-1.976265,s4.673749,s109.946292
121_111,s-1.671386,s-4.317378,s117.165943
121_112,s4.000883,s0.846988,s316.614568
121_113,s-5.605422,s1.586108,s240.319640
121_114,s-2.879474,s-4.399551,s181.089735
121_115,s-1.149998,s-4.341301,s182.916806
121_116,s4.228949,s-0.821338,s216.012505
121_117,s-0.380208,s-4.770531,s176.142615
121_118,s-4.350834,s3.570190,s-4.120748
121_119,s2.437774,s4.039931,s9.773655
121_120,s0.642246,s-4.690331,s183.845873
122_0,s0.004304,s0.129753,s326.746089
122_1,s0.533912,s0.137062,s303.441766
122_2,s0.329899,s-0.652452,s89.923842
122_3,s-0.802920,s-0.497632,s305.560877
122_4,s-0.480874,s0.529519,s293.198737
122_5,s0.585712,s1.000949,s242.319565
122_6,s-1.133588,s0.046789,s279.162601
122_7,s1.610477,s0.636650,s31.807989
122_8,s-1.814772,s-1.054077,s82.553714
122_9,s-0.851243,s-1.051826,s35.126842
122_10,s0.294349,s1.700604,s261.423026
122_11,s-1.224355,s0.976182,s215.673617
122_12,s0.759626,s-0.447088,s299.240370
122_13,s1.838698,s1.609087,s185.487639
122_14,s-0.779844,s1.026383,s329.471504
122_15,s-0.187279,s-1.210264,s155.247727
122_16,s0.188172,s-1.675568,s177.345381
122_17,s1.634741,s-1.644612,s63.666526
122_18,s2.166467,s-1.622471,s231.140366
122_19,s2.350242,s1.101860,s329.990277
122_20,s1.267875,s-2.106594,s213.561670
122_21,s-0.182199,s1.295036,s232.868710
122_22,s-1.591908,s0.568319,s194.062861
122_23,s-1.152341,s-1.350987,s58.806933
122_24,s0.804765,s2.076251,s33.404712
122_25,s0.161248,s2.375831,s63.617273
122_26,s-2.314851,s-1.522938,s37.349908
122_27,s2.364668,s-0.261190,s211.010627
122_28,s2.764946,s2.045571,s69.863657
122_29,s-1.917969,s1.400963,s175.979655
122_30,s-0.933673,s2.350576,s23.843361
122_31,s1.345936,s-0.401194,s91.064410
122_32,s-0.752139,s-1.897924,s79.454978
122_33,s0.059874,s-2.974028,s325.474650
122_34,s2.741162,s-3.266053,s273.038211
122_35,s-1.212793,s-2.474924,s45.117177
122_36,s-1.846622,s-0.320221,s130.900097
122_37,s-2.344464,s0.305754,s252.563080
122_38,s-2.857812,s-0.722462,s328.852190
122_39,s-2.118655,s-1.953649,s152.937065
122_40,s2.291403,s0.136723,s177.960466
122_41,s-0.639417,s-2.484588,s335.634592
122_42,s1.460704,s-2.926042,s190.030539
122_43,s-2.930576,s0.754796,s176.307145
122_44,s-1.622875,s-2.845562,s208.717979
122_45,s-3.310027,s-0.112668,s0.792467
122_46,s2.281492,s-2.414588,s194.557999
122_47,s2.858037,s-0.253667,s3.188687
122_48,s-0.214751,s2.023192,s108.112142
122_49,s0.829554,s-3.079786,s183.158808
122_50,s1.656510,s2.050358,s34.930693
122_51,s-0.486957,s3.060602,s330.750651
122_52,s-0.539096,s-2.896029,s187.537526
122_53,s-1.724927,s1.899337,s274.738657
122_54,s-2.729568,s-2.276294,s89.308882
122_55,s-3.615166,s-0.576254,s116.601657
122_56,s-1.176400,s-3.197659,s234.635359
122_57,s-3.138543,s1.839057,s243.880763
122_58,s-3.905237,s1.288468,s261.298480
122_59,s3.013030,s1.237687,s-0.932523
122_60,s-3.536725,s0.749229,s82.835078
122_61,s-1.881710,s3.053672,s123.727626
122_62,s3.483882,s-2.178968,s305.820864
122_63,s-3.415384,s-1.789845,s316.377975
122_64,s-2.182714,s2.317195,s239.441403
122_65,s2.836643,s2.487876,s210.049159
122_66,s-3.704190,s2.138018,s144.563820
122_67,s-2.072257,s-3.266187,s270.910579
122_68,s1.895786,s2.781376,s239.954254
122_69,s0.624485,s2.944665,s92.090289
122_70,s3.080543,s-0.763778,s297.973206
122_71,s-0.012609,s-3.735833,s303.584975
122_72,s-4.018321,s-0.321787,s27.361196
122_73,s1.526742,s3.652195,s326.700289
122_74,s0.416822,s3.780643,s238.906740
122_75,s-1.691004,s3.772672,s316.038013
122_76,s-3.951566,s-1.755100,s66.332477
122_77,s-2.831822,s2.563493,s205.105940
122_78,s-2.521676,s-3.113014,s67.100923
122_79,s-4.680734,s0.328562,s267.245426
122_80,s3.639477,s0.905091,s90.078998
122_81,s-1.315048,s-3.869746,s271.105354
122_82,s-1.098763,s3.416893,s150.185244
122_83,s-0.781327,s4.097316,s181.747704
122_84,s-2.615752,s3.313580,s29.963552
122_85,s-3.209951,s2.942002,s274.494206
122_86,s2.384220,s-3.649369,s129.762419
122_87,s3.356443,s1.730951,s1.607778
122_88,s-4.990384,s0.848423,s308.274674
122_89,s-4.730522,s1.727777,s15.372505
122_90,s0.199292,s4.634537,s66.915434
122_91,s3.787165,s-0.089744,s-2.291570
122_92,s-4.020845,s-2.315626,s249.295287
122_93,s-0.418603,s-4.120070,s211.890745
122_94,s2.166576,s3.514777,s187.970344
122_95,s-2.286781,s-3.647297,s121.299833
122_96,s-4.482262,s-2.574462,s28.390431
122_97,s-2.482651,s4.030574,s62.364301
122_98,s0.510490,s-4.010235,s268.459255
122_99,s-3.540710,s3.481906,s-2.581627
122_100,s-3.325062,s-3.806248,s88.402359
122_101,s-4.120245,s3.103698,s271.806128
122_102,s0.813585,s4.523808,s180.285947
122_103,s-5.523549,s0.485077,s5.268251
122_104,s-1.176060,s4.682820,s240.922289
122_105,s-5.151817,s-0.606308,s207.916936
122_106,s2.720254,s3.096209,s33.498933
122_107,s4.032672,s1.508406,s239.565855
122_108,s-4.238093,s2.463244,s37.378897
122_109,s3.453624,s-1.180799,s87.967267
122_110,s-1.976265,s4.673749,s109.946292
122_111,s-1.671386,s-4.317378,s117.165943
122_112,s4.000883,s0.846988,s316.614568
122_113,s-5.605422,s1.586108,s240.319640
122_114,s-2.879474,s-4.399551,s181.089735
122_115,s-1.149998,s-4.341301,s182.916806
122_116,s4.228949,s-0.821338,s216.012505
122_117,s-0.380208,s-4.770531,s176.142615
122_118,s-4.350834,s3.570190,s-4.120748
122_119,s2.437774,s4.039931,s9.773655
122_120,s0.642246,s-4.690331,s183.845873
122_121,s-5.061543,s-1.503057,s31.611595
123_0,s0.004304,s0.129753,s326.746089
123_1,s0.585592,s0.164021,s303.180695
123_2,s0.329899,s-0.652452,s89.923842
123_3,s-0.802920,s-0.497632,s305.560877
123_4,s-0.480874,s0.529519,s293.198737
123_5,s0.585712,s1.000949,s242.319565
123_6,s-1.133588,s0.046789,s279.162601
123_7,s1.610477,s0.636650,s31.807989
123_8,s-1.814772,s-1.054077,s82.553714
123_9,s-0.851243,s-1.051826,s35.126842
123_10,s0.294349,s1.700604,s261.423026
123_11,s-1.224355,s0.976182,s215.673617
123_12,s0.759626,s-0.447088,s299.240370
123_13,s1.838698,s1.609087,s185.487639
123_14,s-0.779844,s1.026383,s329.471504
123_15,s-0.187279,s-1.210264,s155.247727
123_16,s0.188172,s-1.675568,s177.345381
123_17,s1.603938,s-1.682705,s61.219045
123_18,s2.178009,s-1.568470,s300.904894
123_19,s2.350242,s1.101860,s329.990277
123_20,s1.267875,s-2.106594,s213.561670
123_21,s-0.182199,s1.295036,s232.868710
123_22,s-1.591908,s0.568319,s194.062861
123_23,s-1.152341,s-1.350987,s58.806933
123_24,s0.804765,s2.076251,s33.404712
123_25,s0.161248,s2.375831,s63.617273
123_26,s-2.312770,s-1.592110,s37.256019
123_27,s2.364668,s-0.261190,s211.010627
123_28,s2.764946,s2.045571,s69.863657
123_29,s-1.889036,s1.348140,s179.851328
123_30,s-0.933673,s2.350576,s23.843361
123_31,s1.345936,s-0.401194,s91.064410
123_32,s-0.752139,s-1.897924,s79.454978
123_33,s0.182210,s-3.096744,s320.894555
123_34,s2.741162,s-3.266053,s273.038211
123_35,s-1.212793,s-2.474924,s45.117177
123_36,s-1.846622,s-0.320221,s130.900097
123_37,s-2.425247,s0.355503,s249.642654
123_38,s-2.857812,s-0.722462,s328.852190
123_39,s-2.118655,s-1.953649,s152.937065
123_40,s2.291403,s0.136723,s177.960466
123_41,s-0.639417,s-2.484588,s335.634592
123_42,s1.460704,s-2.926042,s190.030539
123_43,s-2.838110,s0.906169,s174.612641
123_44,s-1.622875,s-2.845562,s208.717979
123_45,s-3.310027,s-0.112668,s0.792467
123_46,s2.281492,s-2.414588,s194.557999
123_47,s2.858037,s-0.253667,s3.188687
123_48,s-0.214751,s2.023192,s108.112142
123_49,s0.829554,s-3.079786,s183.158808
123_50,s1.676191,s2.127985,s23.603585
123_51,s-0.572314,s3.012338,s328.978336
123_52,s-0.539096,s-2.896029,s187.537526
123_53,s-1.724927,s1.899337,s274.738657
123_54,s-2.729568,s-2.276294,s89.308882
123_55,s-3.440779,s-0.619116,s119.959914
123_56,s-1.176400,s-3.197659,s234.635359
123_57,s-3.158929,s2.021878,s247.632911
123_58,s-3.905237,s1.288468,s261.298480
123_59,s3.013030,s1.237687,s-0.932523
123_60,s-3.536725,s0.749229,s82.835078
123_61,s-1.881710,s3.053672,s123.727626
123_62,s3.367854,s-2.133672,s301.778677
123_63,s-3.415384,s-1.789845,s316.377975
123_64,s-2.182714,s2.317195,s239.441403
123_65,s2.836643,s2.487876,s210.049159
123_66,s-3.704190,s2.138018,s144.563820
123_67,s-2.072257,s-3.266187,s270.910579
123_68,s1.895786,s2.781376,s239.954254
123_69,s0.624485,s2.944665,s92.090289
123_70,s3.008906,s-0.826386,s295.536823
123_71,s-0.012609,s-3.735833,s303.584975
123_72,s-4.018321,s-0.321787,s27.361196
123_73,s1.526742,s3.652195,s326.700289
123_74,s0.383625,s3.761037,s239.983378
123_75,s-1.671456,s3.828389,s316.398923
123_76,s-4.018341,s-1.741705,s73.625971
123_77,s-2.831822,s2.563493,s205.105940
123_78,s-2.521676,s-3.113014,s67.100923
123_79,s-4.680734,s0.328562,s267.245426
123_80,s3.639477,s0.905091,s90.078998
123_81,s-1.315048,s-3.869746,s271.105354
123_82,s-1.098763,s3.416893,s150.185244
123_83,s-0.781327,s4.097316,s181.747704
123_84,s-2.615752,s3.313580,s29.963552
123_85,s-3.209951,s2.942002,s274.494206
123_86,s2.430541,s-3.563747,s133.804549
123_87,s3.356443,s1.730951,s1.607778
123_88,s-5.015042,s0.784809,s317.679300
123_89,s-4.730522,s1.727777,s15.372505
123_90,s0.255910,s4.569442,s70.839166
123_91,s3.787165,s-0.089744,s-2.291570
123_92,s-4.135181,s-2.333177,s247.363724
123_93,s-0.418603,s-4.120070,s211.890745
123_94,s2.166576,s3.514777,s187.970344
123_95,s-2.286781,s-3.647297,s121.299833
123_96,s-4.482262,s-2.574462,s28.390431
123_97,s-2.474246,s4.012917,s64.712916
123_98,s0.451922,s-3.998025,s239.664388
123_99,s-3.534584,s3.486355,s-0.299033
123_100,s-3.325062,s-3.806248,s88.402359
123_101,s-4.191137,s3.076940,s269.777303
123_102,s0.791100,s4.517585,s239.933742
123_103,s-5.523549,s0.485077,s5.268251
123_104,s-1.176060,s4.682820,s240.922289
123_105,s-5.042190,s-0.576322,s290.089614
123_106,s2.720254,s3.096209,s33.498933
123_107,s4.032672,s1.508406,s239.565855
123_108,s-4.238093,s2.463244,s37.378897
123_109,s3.344255,s-1.308917,s270.103202
123_110,s-2.046118,s4.710558,s114.770731
123_111,s-1.671386,s-4.317378,s117.165943
123_112,s4.000883,s0.846988,s316.614568
123_113,s-5.515830,s1.652608,s236.607607
123_114,s-2.879474,s-4.399551,s181.089735
123_115,s-1.149998,s-4.341301,s182.916806
123_116,s4.228949,s-0.821338,s216.012505
123_117,s-0.380208,s-4.770531,s176.142615
123_118,s-4.350834,s3.570190,s-4.120748
123_119,s2.437774,s4.039931,s9.773655
123_120,s0.778790,s-4.759176,s186.095839
123_121,s-4.999052,s-1.431826,s24.588601
123_122,s-5.480576,s-0.291030,s124.459093
124_0,s0.004304,s0.129753,s326.746089
124_1,s0.585592,s0.164021,s303.180695
124_2,s0.329899,s-0.652452,s89.923842
124_3,s-0.802920,s-0.497632,s305.560877
124_4,s-0.480874,s0.529519,s293.198737
124_5,s0.585712,s1.000949,s242.319565
124_6,s-1.133588,s0.046789,s279.162601
124_7,s1.610477,s0.636650,s31.807989
124_8,s-1.814772,s-1.054077,s82.553714
124_9,s-0.851243,s-1.051826,s35.126842
124_10,s0.294349,s1.700604,s261.423026
124_11,s-1.224355,s0.976182,s215.673617
124_12,s0.759626,s-0.447088,s299.240370
124_13,s1.838698,s1.609087,s185.487639
124_14,s-0.779844,s1.026383,s329.471504
124_15,s-0.187279,s-1.210264,s155.247727
124_16,s0.188172,s-1.675568,s177.345381
124_17,s1.603938,s-1.682705,s61.219045
124_18,s2.178009,s-1.568470,s300.904894
124_19,s2.350242,s1.101860,s329.990277
124_20,s1.267875,s-2.106594,s213.561670
124_21,s-0.182199,s1.295036,s232.868710
124_22,s-1.591908,s0.568319,s194.062861
124_23,s-1.152341,s-1.350987,s58.806933
124_24,s0.804765,s2.076251,s33.404712
124_25,s0.161248,s2.375831,s63.617273
124_26,s-2.312770,s-1.592110,s37.256019
124_27,s2.364668,s-0.261190,s211.010627
124_28,s2.764946,s2.045571,s69.863657
124_29,s-1.889036,s1.348140,s179.851328
124_30,s-0.933673,s2.350576,s23.843361
124_31,s1.345936,s-0.401194,s91.064410
124_32,s-0.752139,s-1.897924,s79.454978
124_33,s0.182210,s-3.096744,s320.894555
124_34,s2.741162,s-3.266053,s273.038211
124_35,s-1.212793,s-2.474924,s45.117177
124_36,s-1.846622,s-0.320221,s130.900097
124_37,s-2.425247,s0.355503,s249.642654
124_38,s-2.857812,s-0.722462,s328.852190
124_39,s-2.118655,s-1.953649,s152.937065
124_40,s2.291403,s0.136723,s177.960466
124_41,s-0.639417,s-2.484588,s335.634592
124_42,s1.460704,s-2.926042,s190.030539
124_43,s-2.838110,s0.906169,s174.612641
124_44,s-1.622875,s-2.845562,s208.717979
124_45,s-3.310027,s-0.112668,s0.792467
124_46,s2.281492,s-2.414588,s194.557999
124_47,s2.858037,s-0.253667,s3.188687
124_48,s-0.214751,s2.023192,s108.112142
124_49,s0.829554,s-3.079786,s183.158808
124_50,s1.676191,s2.127985,s23.603585
124_51,s-0.572314,s3.012338,s328.978336
124_52,s-0.539096,s-2.896029,s187.537526
124_53,s-1.724927,s1.899337,s274.738657
124_54,s-2.729568,s-2.276294,s89.308882
124_55,s-3.440779,s-0.619116,s119.959914
124_56,s-1.176400,s-3.197659,s234.635359
124_57,s-3.158929,s2.021878,s247.632911
124_58,s-3.905237,s1.288468,s261.298480
124_59,s3.013030,s1.237687,s-0.932523
124_60,s-3.536725,s0.749229,s82.835078
124_61,s-1.881710,s3.053672,s123.727626
124_62,s3.367854,s-2.133672,s301.778677
124_63,s-3.415384,s-1.789845,s316.377975
124_64,s-2.182714,s2.317195,s239.441403
124_65,s2.836643,s2.487876,s210.049159
124_66,s-3.704190,s2.138018,s144.563820
124_67,s-2.072257,s-3.266187,s270.910579
124_68,s1.895786,s2.781376,s239.954254
124_69,s0.624485,s2.944665,s92.090289
124_70,s3.008906,s-0.826386,s295.536823
124_71,s-0.012609,s-3.735833,s303.584975
124_72,s-4.018321,s-0.321787,s27.361196
124_73,s1.526742,s3.652195,s326.700289
124_74,s0.383625,s3.761037,s239.983378
124_75,s-1.671456,s3.828389,s316.398923
124_76,s-4.018341,s-1.741705,s73.625971
124_77,s-2.831822,s2.563493,s205.105940
124_78,s-2.521676,s-3.113014,s67.100923
124_79,s-4.680734,s0.328562,s267.245426
124_80,s3.639477,s0.905091,s90.078998
124_81,s-1.315048,s-3.869746,s271.105354
124_82,s-1.098763,s3.416893,s150.185244
124_83,s-0.781327,s4.097316,s181.747704
124_84,s-2.615752,s3.313580,s29.963552
124_85,s-3.209951,s2.942002,s274.494206
124_86,s2.430541,s-3.563747,s133.804549
124_87,s3.356443,s1.730951,s1.607778
124_88,s-5.015042,s0.784809,s317.679300
124_89,s-4.730522,s1.727777,s15.372505
124_90,s0.255910,s4.569442,s70.839166
124_91,s3.787165,s-0.089744,s-2.291570
124_92,s-4.135181,s-2.333177,s247.363724
124_93,s-0.418603,s-4.120070,s211.890745
124_94,s2.166576,s3.514777,s187.970344
124_95,s-2.286781,s-3.647297,s121.299833
124_96,s-4.482262,s-2.574462,s28.390431
124_97,s-2.474246,s4.012917,s64.712916
124_98,s0.451922,s-3.998025,s239.664388
124_99,s-3.534584,s3.486355,s-0.299033
124_100,s-3.325062,s-3.806248,s88.402359
124_101,s-4.191137,s3.076940,s269.777303
124_102,s0.791100,s4.517585,s239.933742
124_103,s-5.523549,s0.485077,s5.268251
124_104,s-1.176060,s4.682820,s240.922289
124_105,s-5.042190,s-0.576322,s290.089614
124_106,s2.720254,s3.096209,s33.498933
124_107,s4.032672,s1.508406,s239.565855
124_108,s-4.238093,s2.463244,s37.378897
124_109,s3.344255,s-1.308917,s270.103202
124_110,s-2.046118,s4.710558,s114.770731
124_111,s-1.671386,s-4.317378,s117.165943
124_112,s4.000883,s0.846988,s316.614568
124_113,s-5.515830,s1.652608,s236.607607
124_114,s-2.879474,s-4.399551,s181.089735
124_115,s-1.149998,s-4.341301,s182.916806
124_116,s4.228949,s-0.821338,s216.012505
124_117,s-0.380208,s-4.770531,s176.142615
124_118,s-4.350834,s3.570190,s-4.120748
124_119,s2.437774,s4.039931,s9.773655
124_120,s0.778790,s-4.759176,s186.095839
124_121,s-4.999052,s-1.431826,s24.588601
124_122,s-5.480576,s-0.291030,s124.459093
124_123,s-0.076053,s5.039426,s30.413845
125_0,s0.004304,s0.129753,s326.746089
125_1,s0.554302,s0.137985,s306.277548
125_2,s0.354270,s-0.692633,s182.175205
125_3,s-0.802920,s-0.497632,s305.560877
125_4,s-0.480874,s0.529519,s293.198737
125_5,s0.585712,s1.000949,s242.319565
125_6,s-1.132666,s0.053144,s279.170372
125_7,s1.570838,s0.664526,s32.283316
125_8,s-1.814772,s-1.054077,s82.553714
125_9,s-0.851243,s-1.051826,s35.126842
125_10,s0.310166,s1.700978,s261.604277
125_11,s-1.224355,s0.976182,s215.673617
125_12,s0.759626,s-0.447088,s299.240370
125_13,s1.838698,s1.609087,s185.487639
125_14,s-0.779844,s1.026383,s329.471504
125_15,s-0.187279,s-1.210264,s155.247727
125_16,s0.074417,s-1.739574,s180.107325
125_17,s1.605792,s-1.668782,s63.521396
125_18,s2.191921,s-1.664619,s298.649522
125_19,s2.347493,s1.010827,s235.875514
125_20,s1.291824,s-2.157293,s212.447005
125_21,s-0.211905,s1.305988,s234.546099
125_22,s-1.591908,s0.568319,s194.062861
125_23,s-1.152341,s-1.350987,s58.806933
125_24,s0.804765,s2.076251,s33.404712
125_25,s0.132906,s2.413568,s63.409902
125_26,s-2.312770,s-1.592110,s37.256019
125_27,s2.364668,s-0.261190,s211.010627
125_28,s2.764946,s2.045571,s69.863657
125_29,s-1.741374,s1.341403,s171.237144
125_30,s-0.870326,s2.349270,s92.720543
125_31,s1.345936,s-0.401194,s91.064410
125_32,s-0.752139,s-1.897924,s79.454978
125_33,s0.169112,s-3.114315,s324.547736
125_34,s2.795213,s-3.236733,s276.990414
125_35,s-1.212793,s-2.474924,s45.117177
125_36,s-1.859254,s-0.311561,s126.793537
125_37,s-2.461659,s0.433825,s248.653660
125_38,s-2.847272,s-0.735412,s329.213646
125_39,s-2.087239,s-2.008621,s153.668372
125_40,s2.291403,s0.136723,s177.960466
125_41,s-0.623057,s-2.477028,s335.095256
125_42,s1.460704,s-2.926042,s190.030539
125_43,s-2.827640,s0.921746,s183.676150
125_44,s-1.622875,s-2.845562,s208.717979
125_45,s-3.330132,s-0.205379,s1.699887
125_46,s2.231793,s-2.522172,s329.403355
125_47,s2.858037,s-0.253667,s3.188687
125_48,s-0.264353,s2.031537,s108.703030
125_49,s0.829554,s-3.079786,s183.158808
125_50,s1.482168,s2.093593,s22.031786
125_51,s-0.486079,s3.079040,s326.584196
125_52,s-0.532911,s-2.895561,s195.356467
125_53,s-1.724927,s1.899337,s274.738657
125_54,s-2.682222,s-2.333216,s91.296677
125_55,s-3.418271,s-0.661939,s115.497264
125_56,s-1.176400,s-3.197659,s234.635359
125_57,s-3.224852,s2.036288,s241.792264
125_58,s-3.905237,s1.288468,s261.298480
125_59,s3.013030,s1.237687,s-0.932523
125_60,s-3.570058,s0.673367,s91.843344
125_61,s-1.815745,s3.111706,s124.151380
125_62,s3.242891,s-2.033482,s305.163440
125_63,s-3.419165,s-1.936463,s303.978050
125_64,s-2.192532,s2.341326,s180.158463
125_65,s2.836643,s2.487876,s210.049159
125_66,s-3.694574,s2.122170,s138.427497
125_67,s-2.072257,s-3.266187,s270.910579
125_68,s1.848582,s2.793461,s238.548005
125_69,s0.647077,s2.921440,s87.961576
125_70,s2.984976,s-0.777765,s296.274724
125_71,s-0.012609,s-3.735833,s303.584975
125_72,s-4.018321,s-0.321787,s27.361196
125_73,s1.526742,s3.652195,s326.700289
125_74,s0.344974,s3.798768,s239.718217
125_75,s-1.647364,s3.861349,s317.813696
125_76,s-3.956742,s-1.739610,s77.897644
125_77,s-2.831822,s2.563493,s205.105940
125_78,s-2.547129,s-3.117865,s65.880626
125_79,s-4.680734,s0.328562,s267.245426
125_80,s3.648742,s0.898829,s91.166254
125_81,s-1.315048,s-3.869746,s271.105354
125_82,s-1.118255,s3.413334,s147.641606
125_83,s-0.800316,s4.106887,s177.432323
125_84,s-2.636528,s3.380128,s31.146385
125_85,s-3.209951,s2.942002,s274.494206
125_86,s2.245732,s-3.631927,s134.689825
125_87,s3.356443,s1.730951,s1.607778
125_88,s-5.168965,s0.672549,s312.621799
125_89,s-4.827163,s1.763473,s2.139316
125_90,s0.167320,s4.598217,s71.783993
125_91,s3.841609,s-0.083265,s271.478456
125_92,s-4.110813,s-2.305603,s246.768455
125_93,s-0.479290,s-4.068606,s234.627656
125_94,s2.166576,s3.514777,s187.970344
125_95,s-2.286781,s-3.647297,s121.299833
125_96,s-4.493510,s-2.606435,s32.349471
125_97,s-2.359611,s3.994633,s67.753208
125_98,s0.456737,s-4.039088,s237.435345
125_99,s-3.579930,s3.501967,s2.694212
125_100,s-3.303251,s-3.915728,s64.301902
125_101,s-4.225201,s3.092305,s268.867513
125_102,s0.760528,s4.611577,s1.009481
125_103,s-5.743481,s0.414956,s-6.032478
125_104,s-1.070587,s4.778887,s30.919234
125_105,s-5.076667,s-0.586403,s290.351650
125_106,s2.720254,s3.096209,s33.498933
125_107,s4.032672,s1.508406,s239.565855
125_108,s-4.205079,s2.503715,s179.993992
125_109,s3.256143,s-1.249821,s271.467470
125_110,s-2.108689,s4.764286,s104.317797
125_111,s-1.632755,s-4.303759,s112.630809
125_112,s4.000883,s0.846988,s316.614568
125_113,s-5.469463,s1.643063,s-1.193088
125_114,s-2.890549,s-4.340012,s182.602428
125_115,s-1.122029,s-4.375758,s181.109813
125_116,s4.115896,s-0.688881,s206.993073
125_117,s-0.491099,s-4.563823,s174.815467
125_118,s-4.326205,s3.452417,s-0.288010
125_119,s2.481696,s4.048700,s9.705108
125_120,s0.839931,s-4.691362,s114.162474
125_121,s-4.990301,s-1.464452,s116.050911
125_122,s-5.500463,s-0.314254,s146.802577
125_123,s0.007640,s5.098366,s37.740095
125_124,s-3.212182,s4.669235,s-3.314432
126_0,s0.004304,s0.129753,s326.746089
126_1,s0.590325,s0.136426,s304.649091
126_2,s0.349005,s-0.600282,s174.959761
126_3,s-0.751645,s-0.513570,s305.382230
126_4,s-0.503052,s0.534738,s296.673825
126_5,s0.573028,s0.973097,s243.597209
126_6,s-1.132666,s0.053144,s279.170372
126_7,s1.570838,s0.664526,s32.283316
126_8,s-1.814772,s-1.054077,s82.553714
126_9,s-0.851243,s-1.051826,s35.126842
126_10,s0.227638,s1.686411,s261.287832
126_11,s-1.224355,s0.976182,s215.673617
126_12,s0.759626,s-0.447088,s299.240370
126_13,s1.814094,s1.617934,s195.366536
126_14,s-0.779844,s1.026383,s329.471504
126_15,s-0.187279,s-1.210264,s155.247727
126_16,s0.074417,s-1.739574,s180.107325
126_17,s1.621164,s-1.625749,s63.410573
126_18,s2.191921,s-1.664619,s298.649522
126_19,s2.347493,s1.010827,s235.875514
126_20,s1.249911,s-2.125933,s211.076120
126_21,s-0.211905,s1.305988,s234.546099
126_22,s-1.591908,s0.568319,s194.062861
126_23,s-1.152341,s-1.350987,s58.806933
126_24,s0.754278,s2.116409,s36.063597
126_25,s0.050908,s2.484983,s66.075678
126_26,s-2.325055,s-1.616593,s33.602251
126_27,s2.364668,s-0.261190,s211.010627
126_28,s2.764946,s2.045571,s69.863657
126_29,s-1.874994,s1.438857,s174.806993
126_30,s-1.042549,s2.385619,s92.404154
126_31,s1.345936,s-0.401194,s91.064410
126_32,s-0.747952,s-1.902489,s78.238119
126_33,s0.171089,s-3.092501,s321.047997
126_34,s2.760698,s-3.334984,s275.471825
126_35,s-1.343977,s-2.363303,s40.346893
126_36,s-1.811624,s-0.288656,s128.233434
126_37,s-2.472672,s0.384487,s148.693462
126_38,s-2.754309,s-0.688736,s331.049472
126_39,s-2.087239,s-2.008621,s153.668372
126_40,s2.291403,s0.136723,s177.960466
126_41,s-0.623057,s-2.477028,s335.095256
126_42,s1.464166,s-2.904043,s193.768904
126_43,s-2.892729,s0.927191,s85.246850
126_44,s-1.622875,s-2.845562,s208.717979
126_45,s-3.288189,s-0.208775,s7.340199
126_46,s2.199881,s-2.445296,s270.259824
126_47,s2.858037,s-0.253667,s3.188687
126_48,s-0.304192,s2.016415,s107.382010
126_49,s0.829554,s-3.079786,s183.158808
126_50,s1.529902,s2.092000,s18.858245
126_51,s-0.508210,s3.049384,s325.066482
126_52,s-0.514211,s-2.878158,s194.412395
126_53,s-1.724927,s1.899337,s274.738657
126_54,s-2.694465,s-2.308083,s86.472771
126_55,s-3.418271,s-0.661939,s115.497264
126_56,s-1.176400,s-3.197659,s234.635359
126_57,s-3.199635,s1.973806,s240.488317
126_58,s-3.855501,s1.333354,s263.636694
126_59,s3.013030,s1.237687,s-0.932523
126_60,s-3.672383,s0.685782,s94.138920
126_61,s-1.870668,s3.199704,s125.923436
126_62,s3.242891,s-2.033482,s305.163440
126_63,s-3.366753,s-1.910662,s0.292549
126_64,s-2.192532,s2.341326,s180.158463
126_65,s2.836643,s2.487876,s210.049159
126_66,s-3.694574,s2.122170,s138.427497
126_67,s-2.072257,s-3.266187,s270.910579
126_68,s1.681682,s2.962457,s230.795722
126_69,s0.662756,s2.974095,s85.633178
126_70,s2.984976,s-0.777765,s296.274724
126_71,s-0.012609,s-3.735833,s303.584975
126_72,s-4.018321,s-0.321787,s27.361196
126_73,s1.543931,s3.566893,s325.550673
126_74,s0.372200,s3.765889,s240.092386
126_75,s-1.668319,s3.996687,s321.874381
126_76,s-3.902983,s-1.648667,s70.934623
126_77,s-2.831822,s2.563493,s205.105940
126_78,s-2.398813,s-3.017348,s65.240750
126_79,s-4.680734,s0.328562,s267.245426
126_80,s3.648742,s0.898829,s91.166254
126_81,s-1.342113,s-3.851503,s268.799109
126_82,s-1.172985,s3.459494,s151.936781
126_83,s-0.918352,s4.230070,s238.270717
126_84,s-2.473296,s3.296538,s34.873044
126_85,s-3.209951,s2.942002,s274.494206
126_86,s2.134866,s-3.551472,s139.289166
126_87,s3.356443,s1.730951,s1.607778
126_88,s-5.181190,s0.671137,s33.942775
126_89,s-4.739289,s1.667544,s209.917932
126_90,s0.065169,s4.562433,s70.013092
126_91,s3.994064,s-0.043092,s268.342619
126_92,s-4.046373,s-2.294857,s253.829533
126_93,s-0.479290,s-4.068606,s234.627656
126_94,s2.166576,s3.514777,s187.970344
126_95,s-2.412448,s-3.713052,s126.796204
126_96,s-4.494357,s-2.674649,s240.898802
126_97,s-2.359611,s3.994633,s67.753208
126_98,s0.539442,s-4.029354,s243.207046
126_99,s-3.647745,s3.565821,s9.266972
126_100,s-3.378028,s-3.928789,s60.023380
126_101,s-4.159204,s3.101218,s266.267561
126_102,s0.782400,s4.544553,s119.793678
126_103,s-5.808474,s0.398780,s-7.663603
126_104,s-1.034491,s4.860227,s29.859780
126_105,s-5.053963,s-0.582663,s292.102818
126_106,s2.720254,s3.096209,s33.498933
126_107,s4.032672,s1.508406,s239.565855
126_108,s-4.205079,s2.503715,s179.993992
126_109,s3.320323,s-1.225194,s273.577777
126_110,s-2.079203,s4.715746,s100.646380
126_111,s-1.632755,s-4.303759,s112.630809
126_112,s4.000883,s0.846988,s316.614568
126_113,s-5.501009,s1.673236,s56.203298
126_114,s-3.009566,s-4.396991,s179.116593
126_115,s-1.122029,s-4.375758,s181.109813
126_116,s4.020810,s-0.755317,s239.234041
126_117,s-0.488634,s-4.539850,s174.336275
126_118,s-4.326205,s3.452417,s-0.288010
126_119,s2.578259,s4.082526,s7.815465
126_120,s0.855030,s-4.771507,s113.706651
126_121,s-5.121864,s-1.303321,s114.747123
126_122,s-5.645062,s-0.377415,s145.335615
126_123,s-0.068120,s5.021836,s37.825142
126_124,s-3.275730,s4.724390,s299.417111
126_125,s3.315556,s-2.394825,s209.678524
127_0,s0.004304,s0.129753,s326.746089
127_1,s0.590325,s0.136426,s304.649091
127_2,s0.349005,s-0.600282,s174.959761
127_3,s-0.751645,s-0.513570,s305.382230
127_4,s-0.503052,s0.534738,s296.673825
127_5,s0.573028,s0.973097,s243.597209
127_6,s-1.132666,s0.053144,s279.170372
127_7,s1.570838,s0.664526,s32.283316
127_8,s-1.814772,s-1.054077,s82.553714
127_9,s-0.851243,s-1.051826,s35.126842
127_10,s0.227638,s1.686411,s261.287832
127_11,s-1.224355,s0.976182,s215.673617
127_12,s0.759626,s-0.447088,s299.240370
127_13,s1.814094,s1.617934,s195.366536
127_14,s-0.779844,s1.026383,s329.471504
127_15,s-0.187279,s-1.210264,s155.247727
127_16,s0.074417,s-1.739574,s180.107325
127_17,s1.621164,s-1.625749,s63.410573
127_18,s2.191921,s-1.664619,s298.649522
127_19,s2.347493,s1.010827,s235.875514
127_20,s1.249911,s-2.125933,s211.076120
127_21,s-0.211905,s1.305988,s234.546099
127_22,s-1.591908,s0.568319,s194.062861
127_23,s-1.152341,s-1.350987,s58.806933
127_24,s0.754278,s2.116409,s36.063597
127_25,s0.050908,s2.484983,s66.075678
127_26,s-2.325055,s-1.616593,s33.602251
127_27,s2.364668,s-0.261190,s211.010627
127_28,s2.764946,s2.045571,s69.863657
127_29,s-1.874994,s1.438857,s174.806993
127_30,s-1.042549,s2.385619,s92.404154
127_31,s1.345936,s-0.401194,s91.064410
127_32,s-0.747952,s-1.902489,s78.238119
127_33,s0.171089,s-3.092501,s321.047997
127_34,s2.760698,s-3.334984,s275.471825
127_35,s-1.343977,s-2.363303,s40.346893
127_36,s-1.811624,s-0.288656,s128.233434
127_37,s-2.472672,s0.384487,s148.693462
127_38,s-2.754309,s-0.688736,s331.049472
127_39,s-2.087239,s-2.008621,s153.668372
127_40,s2.291403,s0.136723,s177.960466
127_41,s-0.623057,s-2.477028,s335.095256
127_42,s1.464166,s-2.904043,s193.768904
127_43,s-2.892729,s0.927191,s85.246850
127_44,s-1.622875,s-2.845562,s208.717979
127_45,s-3.288189,s-0.208775,s7.340199
127_46,s2.199881,s-2.445296,s270.259824
127_47,s2.858037,s-0.253667,s3.188687
127_48,s-0.304192,s2.016415,s107.382010
127_49,s0.829554,s-3.079786,s183.158808
127_50,s1.529902,s2.092000,s18.858245
127_51,s-0.508210,s3.049384,s325.066482
127_52,s-0.514211,s-2.878158,s194.412395
127_53,s-1.724927,s1.899337,s274.738657
127_54,s-2.694465,s-2.308083,s86.472771
127_55,s-3.418271,s-0.661939,s115.497264
127_56,s-1.176400,s-3.197659,s234.635359
127_57,s-3.199635,s1.973806,s240.488317
127_58,s-3.855501,s1.333354,s263.636694
127_59,s3.013030,s1.237687,s-0.932523
127_60,s-3.672383,s0.685782,s94.138920
127_61,s-1.870668,s3.199704,s125.923436
127_62,s3.242891,s-2.033482,s305.163440
127_63,s-3.366753,s-1.910662,s0.292549
127_64,s-2.192532,s2.341326,s180.158463
127_65,s2.836643,s2.487876,s210.049159
127_66,s-3.694574,s2.122170,s138.427497
127_67,s-2.072257,s-3.266187,s270.910579
127_68,s1.681682,s2.962457,s230.795722
127_69,s0.662756,s2.974095,s85.633178
127_70,s2.984976,s-0.777765,s296.274724
127_71,s-0.012609,s-3.735833,s303.584975
127_72,s-4.018321,s-0.321787,s27.361196
127_73,s1.543931,s3.566893,s325.550673
127_74,s0.372200,s3.765889,s240.092386
127_75,s-1.668319,s3.996687,s321.874381
127_76,s-3.902983,s-1.648667,s70.934623
127_77,s-2.831822,s2.563493,s205.105940
127_78,s-2.398813,s-3.017348,s65.240750
127_79,s-4.680734,s0.328562,s267.245426
127_80,s3.648742,s0.898829,s91.166254
127_81,s-1.342113,s-3.851503,s268.799109
127_82,s-1.172985,s3.459494,s151.936781
127_83,s-0.918352,s4.230070,s238.270717
127_84,s-2.473296,s3.296538,s34.873044
127_85,s-3.209951,s2.942002,s274.494206
127_86,s2.134866,s-3.551472,s139.289166
127_87,s3.356443,s1.730951,s1.607778
127_88,s-5.181190,s0.671137,s33.942775
127_89,s-4.739289,s1.667544,s209.917932
127_90,s0.065169,s4.562433,s70.013092
127_91,s3.994064,s-0.043092,s268.342619
127_92,s-4.046373,s-2.294857,s253.829533
127_93,s-0.479290,s-4.068606,s234.627656
127_94,s2.166576,s3.514777,s187.970344
127_95,s-2.412448,s-3.713052,s126.796204
127_96,s-4.494357,s-2.674649,s240.898802
127_97,s-2.359611,s3.994633,s67.753208
127_98,s0.539442,s-4.029354,s243.207046
127_99,s-3.647745,s3.565821,s9.266972
127_100,s-3.378028,s-3.928789,s60.023380
127_101,s-4.159204,s3.101218,s266.267561
127_102,s0.782400,s4.544553,s119.793678
127_103,s-5.808474,s0.398780,s-7.663603
127_104,s-1.034491,s4.860227,s29.859780
127_105,s-5.053963,s-0.582663,s292.102818
127_106,s2.720254,s3.096209,s33.498933
127_107,s4.032672,s1.508406,s239.565855
127_108,s-4.205079,s2.503715,s179.993992
127_109,s3.320323,s-1.225194,s273.577777
127_110,s-2.079203,s4.715746,s100.646380
127_111,s-1.632755,s-4.303759,s112.630809
127_112,s4.000883,s0.846988,s316.614568
127_113,s-5.501009,s1.673236,s56.203298
127_114,s-3.009566,s-4.396991,s179.116593
127_115,s-1.122029,s-4.375758,s181.109813
127_116,s4.020810,s-0.755317,s239.234041
127_117,s-0.488634,s-4.539850,s174.336275
127_118,s-4.326205,s3.452417,s-0.288010
127_119,s2.578259,s4.082526,s7.815465
127_120,s0.855030,s-4.771507,s113.706651
127_121,s-5.121864,s-1.303321,s114.747123
127_122,s-5.645062,s-0.377415,s145.335615
127_123,s-0.068120,s5.021836,s37.825142
127_124,s-3.275730,s4.724390,s299.417111
127_125,s3.315556,s-2.394825,s209.678524
127_126,s-4.670764,s-2.216499,s90.388158
128_0,s0.004304,s0.129753,s326.746089
128_1,s0.590325,s0.136426,s304.649091
128_2,s0.349005,s-0.600282,s174.959761
128_3,s-0.751645,s-0.513570,s305.382230
128_4,s-0.503052,s0.534738,s296.673825
128_5,s0.573028,s0.973097,s243.597209
128_6,s-1.132666,s0.053144,s279.170372
128_7,s1.570838,s0.664526,s32.283316
128_8,s-1.814772,s-1.054077,s82.553714
128_9,s-0.851243,s-1.051826,s35.126842
128_10,s0.227638,s1.686411,s261.287832
128_11,s-1.224355,s0.976182,s215.673617
128_12,s0.759626,s-0.447088,s299.240370
128_13,s1.814094,s1.617934,s195.366536
128_14,s-0.779844,s1.026383,s329.471504
128_15,s-0.187279,s-1.210264,s155.247727
128_16,s0.074417,s-1.739574,s180.107325
128_17,s1.621164,s-1.625749,s63.410573
128_18,s2.191921,s-1.664619,s298.649522
128_19,s2.347493,s1.010827,s235.875514
128_20,s1.249911,s-2.125933,s211.076120
128_21,s-0.211905,s1.305988,s234.546099
128_22,s-1.591908,s0.568319,s194.062861
128_23,s-1.152341,s-1.350987,s58.806933
128_24,s0.754278,s2.116409,s36.063597
128_25,s0.050908,s2.484983,s66.075678
128_26,s-2.325055,s-1.616593,s33.602251
128_27,s2.364668,s-0.261190,s211.010627
128_28,s2.764946,s2.045571,s69.863657
128_29,s-1.874994,s1.438857,s174.806993
128_30,s-1.042549,s2.385619,s92.404154
128_31,s1.345936,s-0.401194,s91.064410
128_32,s-0.747952,s-1.902489,s78.238119
128_33,s0.171089,s-3.092501,s321.047997
128_34,s2.760698,s-3.334984,s275.471825
128_35,s-1.343977,s-2.363303,s40.346893
128_36,s-1.811624,s-0.288656,s128.233434
128_37,s-2.472672,s0.384487,s148.693462
128_38,s-2.754309,s-0.688736,s331.049472
128_39,s-2.087239,s-2.008621,s153.668372
128_40,s2.291403,s0.136723,s177.960466
128_41,s-0.623057,s-2.477028,s335.095256
128_42,s1.464166,s-2.904043,s193.768904
128_43,s-2.892729,s0.927191,s85.246850
128_44,s-1.622875,s-2.845562,s208.717979
128_45,s-3.288189,s-0.208775,s7.340199
128_46,s2.199881,s-2.445296,s270.259824
128_47,s2.858037,s-0.253667,s3.188687
128_48,s-0.304192,s2.016415,s107.382010
128_49,s0.829554,s-3.079786,s183.158808
128_50,s1.529902,s2.092000,s18.858245
128_51,s-0.508210,s3.049384,s325.066482
128_52,s-0.514211,s-2.878158,s194.412395
128_53,s-1.724927,s1.899337,s274.738657
128_54,s-2.694465,s-2.308083,s86.472771
128_55,s-3.418271,s-0.661939,s115.497264
128_56,s-1.176400,s-3.197659,s234.635359
128_57,s-3.199635,s1.973806,s240.488317
128_58,s-3.855501,s1.333354,s263.636694
128_59,s3.013030,s1.237687,s-0.932523
128_60,s-3.672383,s0.685782,s94.138920
128_61,s-1.870668,s3.199704,s125.923436
128_62,s3.242891,s-2.033482,s305.163440
128_63,s-3.366753,s-1.910662,s0.292549
128_64,s-2.192532,s2.341326,s180.158463
128_65,s2.836643,s2.487876,s210.049159
128_66,s-3.694574,s2.122170,s138.427497
128_67,s-2.072257,s-3.266187,s270.910579
128_68,s1.681682,s2.962457,s230.795722
128_69,s0.662756,s2.974095,s85.633178
128_70,s2.984976,s-0.777765,s296.274724
128_71,s-0.012609,s-3.735833,s303.584975
128_72,s-4.018321,s-0.321787,s27.361196
128_73,s1.543931,s3.566893,s325.550673
128_74,s0.372200,s3.765889,s240.092386
128_75,s-1.668319,s3.996687,s321.874381
128_76,s-3.902983,s-1.648667,s70.934623
128_77,s-2.831822,s2.563493,s205.105940
128_78,s-2.398813,s-3.017348,s65.240750
128_79,s-4.680734,s0.328562,s267.245426
128_80,s3.648742,s0.898829,s91.166254
128_81,s-1.342113,s-3.851503,s268.799109
128_82,s-1.172985,s3.459494,s151.936781
128_83,s-0.918352,s4.230070,s238.270717
128_84,s-2.473296,s3.296538,s34.873044
128_85,s-3.209951,s2.942002,s274.494206
128_86,s2.134866,s-3.551472,s139.289166
128_87,s3.356443,s1.730951,s1.607778
128_88,s-5.181190,s0.671137,s33.942775
128_89,s-4.739289,s1.667544,s209.917932
128_90,s0.065169,s4.562433,s70.013092
128_91,s3.994064,s-0.043092,s268.342619
128_92,s-4.046373,s-2.294857,s253.829533
128_93,s-0.479290,s-4.068606,s234.627656
128_94,s2.166576,s3.514777,s187.970344
128_95,s-2.412448,s-3.713052,s126.796204
128_96,s-4.494357,s-2.674649,s240.898802
128_97,s-2.359611,s3.994633,s67.753208
128_98,s0.539442,s-4.029354,s243.207046
128_99,s-3.647745,s3.565821,s9.266972
128_100,s-3.378028,s-3.928789,s60.023380
128_101,s-4.159204,s3.101218,s266.267561
128_102,s0.782400,s4.544553,s119.793678
128_103,s-5.808474,s0.398780,s-7.663603
128_104,s-1.034491,s4.860227,s29.859780
128_105,s-5.053963,s-0.582663,s292.102818
128_106,s2.720254,s3.096209,s33.498933
128_107,s4.032672,s1.508406,s239.565855
128_108,s-4.205079,s2.503715,s179.993992
128_109,s3.320323,s-1.225194,s273.577777
128_110,s-2.079203,s4.715746,s100.646380
128_111,s-1.632755,s-4.303759,s112.630809
128_112,s4.000883,s0.846988,s316.614568
128_113,s-5.501009,s1.673236,s56.203298
128_114,s-3.009566,s-4.396991,s179.116593
128_115,s-1.122029,s-4.375758,s181.109813
128_116,s4.020810,s-0.755317,s239.234041
128_117,s-0.488634,s-4.539850,s174.336275
128_118,s-4.326205,s3.452417,s-0.288010
128_119,s2.578259,s4.082526,s7.815465
128_120,s0.855030,s-4.771507,s113.706651
128_121,s-5.121864,s-1.303321,s114.747123
128_122,s-5.645062,s-0.377415,s145.335615
128_123,s-0.068120,s5.021836,s37.825142
128_124,s-3.275730,s4.724390,s299.417111
128_125,s3.315556,s-2.394825,s209.678524
128_126,s-4.670764,s-2.216499,s90.388158
128_127,s3.512392,s2.844908,s184.032705
129_0,s0.004304,s0.129753,s326.746089
129_1,s0.590325,s0.136426,s304.649091
129_2,s0.349005,s-0.600282,s174.959761
129_3,s-0.751645,s-0.513570,s305.382230
129_4,s-0.503052,s0.534738,s296.673825
129_5,s0.573028,s0.973097,s243.597209
129_6,s-1.132666,s0.053144,s279.170372
129_7,s1.570838,s0.664526,s32.283316
129_8,s-1.814772,s-1.054077,s82.553714
129_9,s-0.851243,s-1.051826,s35.126842
129_10,s0.227638,s1.686411,s261.287832
129_11,s-1.224355,s0.976182,s215.673617
129_12,s0.759626,s-0.447088,s299.240370
129_13,s1.814094,s1.617934,s195.366536
129_14,s-0.779844,s1.026383,s329.471504
129_15,s-0.187279,s-1.210264,s155.247727
129_16,s0.074417,s-1.739574,s180.107325
129_17,s1.621164,s-1.625749,s63.410573
129_18,s2.191921,s-1.664619,s298.649522
129_19,s2.347493,s1.010827,s235.875514
129_20,s1.249911,s-2.125933,s211.076120
129_21,s-0.211905,s1.305988,s234.546099
129_22,s-1.591908,s0.568319,s194.062861
129_23,s-1.152341,s-1.350987,s58.806933
129_24,s0.754278,s2.116409,s36.063597
129_25,s0.050908,s2.484983,s66.075678
129_26,s-2.325055,s-1.616593,s33.602251
129_27,s2.364668,s-0.261190,s211.010627
129_28,s2.764946,s2.045571,s69.863657
129_29,s-1.874994,s1.438857,s174.806993
129_30,s-1.042549,s2.385619,s92.404154
129_31,s1.345936,s-0.401194,s91.064410
129_32,s-0.747952,s-1.902489,s78.238119
129_33,s0.171089,s-3.092501,s321.047997
129_34,s2.760698,s-3.334984,s275.471825
129_35,s-1.343977,s-2.363303,s40.346893
129_36,s-1.811624,s-0.288656,s128.233434
129_37,s-2.472672,s0.384487,s148.693462
129_38,s-2.754309,s-0.688736,s331.049472
129_39,s-2.087239,s-2.008621,s153.668372
129_40,s2.291403,s0.136723,s177.960466
129_41,s-0.623057,s-2.477028,s335.095256
129_42,s1.464166,s-2.904043,s193.768904
129_43,s-2.892729,s0.927191,s85.246850
129_44,s-1.622875,s-2.845562,s208.717979
129_45,s-3.288189,s-0.208775,s7.340199
129_46,s2.199881,s-2.445296,s270.259824
129_47,s2.858037,s-0.253667,s3.188687
129_48,s-0.304192,s2.016415,s107.382010
129_49,s0.829554,s-3.079786,s183.158808
129_50,s1.529902,s2.092000,s18.858245
129_51,s-0.508210,s3.049384,s325.066482
129_52,s-0.514211,s-2.878158,s194.412395
129_53,s-1.724927,s1.899337,s274.738657
129_54,s-2.694465,s-2.308083,s86.472771
129_55,s-3.418271,s-0.661939,s115.497264
129_56,s-1.176400,s-3.197659,s234.635359
129_57,s-3.199635,s1.973806,s240.488317
129_58,s-3.855501,s1.333354,s263.636694
129_59,s3.013030,s1.237687,s-0.932523
129_60,s-3.672383,s0.685782,s94.138920
129_61,s-1.870668,s3.199704,s125.923436
129_62,s3.242891,s-2.033482,s305.163440
129_63,s-3.366753,s-1.910662,s0.292549
129_64,s-2.192532,s2.341326,s180.158463
129_65,s2.836643,s2.487876,s210.049159
129_66,s-3.694574,s2.122170,s138.427497
129_67,s-2.072257,s-3.266187,s270.910579
129_68,s1.681682,s2.962457,s230.795722
129_69,s0.662756,s2.974095,s85.633178
129_70,s2.984976,s-0.777765,s296.274724
129_71,s-0.012609,s-3.735833,s303.584975
129_72,s-4.018321,s-0.321787,s27.361196
129_73,s1.543931,s3.566893,s325.550673
129_74,s0.372200,s3.765889,s240.092386
129_75,s-1.668319,s3.996687,s321.874381
129_76,s-3.902983,s-1.648667,s70.934623
129_77,s-2.831822,s2.563493,s205.105940
129_78,s-2.398813,s-3.017348,s65.240750
129_79,s-4.680734,s0.328562,s267.245426
129_80,s3.648742,s0.898829,s91.166254
129_81,s-1.342113,s-3.851503,s268.799109
129_82,s-1.172985,s3.459494,s151.936781
129_83,s-0.918352,s4.230070,s238.270717
129_84,s-2.473296,s3.296538,s34.873044
129_85,s-3.209951,s2.942002,s274.494206
129_86,s2.134866,s-3.551472,s139.289166
129_87,s3.356443,s1.730951,s1.607778
129_88,s-5.181190,s0.671137,s33.942775
129_89,s-4.739289,s1.667544,s209.917932
129_90,s0.065169,s4.562433,s70.013092
129_91,s3.994064,s-0.043092,s268.342619
129_92,s-4.046373,s-2.294857,s253.829533
129_93,s-0.479290,s-4.068606,s234.627656
129_94,s2.166576,s3.514777,s187.970344
129_95,s-2.412448,s-3.713052,s126.796204
129_96,s-4.494357,s-2.674649,s240.898802
129_97,s-2.359611,s3.994633,s67.753208
129_98,s0.539442,s-4.029354,s243.207046
129_99,s-3.647745,s3.565821,s9.266972
129_100,s-3.378028,s-3.928789,s60.023380
129_101,s-4.159204,s3.101218,s266.267561
129_102,s0.782400,s4.544553,s119.793678
129_103,s-5.808474,s0.398780,s-7.663603
129_104,s-1.034491,s4.860227,s29.859780
129_105,s-5.053963,s-0.582663,s292.102818
129_106,s2.720254,s3.096209,s33.498933
129_107,s4.032672,s1.508406,s239.565855
129_108,s-4.205079,s2.503715,s179.993992
129_109,s3.320323,s-1.225194,s273.577777
129_110,s-2.079203,s4.715746,s100.646380
129_111,s-1.632755,s-4.303759,s112.630809
129_112,s4.000883,s0.846988,s316.614568
129_113,s-5.501009,s1.673236,s56.203298
129_114,s-3.009566,s-4.396991,s179.116593
129_115,s-1.122029,s-4.375758,s181.109813
129_116,s4.020810,s-0.755317,s239.234041
129_117,s-0.488634,s-4.539850,s174.336275
129_118,s-4.326205,s3.452417,s-0.288010
129_119,s2.578259,s4.082526,s7.815465
129_120,s0.855030,s-4.771507,s113.706651
129_121,s-5.121864,s-1.303321,s114.747123
129_122,s-5.645062,s-0.377415,s145.335615
129_123,s-0.068120,s5.021836,s37.825142
129_124,s-3.275730,s4.724390,s299.417111
129_125,s3.315556,s-2.394825,s209.678524
129_126,s-4.670764,s-2.216499,s90.388158
129_127,s3.512392,s2.844908,s184.032705
129_128,s3.880704,s-2.258370,s208.373156
130_0,s0.004304,s0.129753,s326.746089
130_1,s0.590325,s0.136426,s304.649091
130_2,s0.349005,s-0.600282,s174.959761
130_3,s-0.751645,s-0.513570,s305.382230
130_4,s-0.503052,s0.534738,s296.673825
130_5,s0.573028,s0.973097,s243.597209
130_6,s-1.132666,s0.053144,s279.170372
130_7,s1.570838,s0.664526,s32.283316
130_8,s-1.814772,s-1.054077,s82.553714
130_9,s-0.851243,s-1.051826,s35.126842
130_10,s0.227638,s1.686411,s261.287832
130_11,s-1.224355,s0.976182,s215.673617
130_12,s0.759626,s-0.447088,s299.240370
130_13,s1.814094,s1.617934,s195.366536
130_14,s-0.779844,s1.026383,s329.471504
130_15,s-0.187279,s-1.210264,s155.247727
130_16,s0.074417,s-1.739574,s180.107325
130_17,s1.621164,s-1.625749,s63.410573
130_18,s2.191921,s-1.664619,s298.649522
130_19,s2.347493,s1.010827,s235.875514
130_20,s1.249911,s-2.125933,s211.076120
130_21,s-0.211905,s1.305988,s234.546099
130_22,s-1.591908,s0.568319,s194.062861
130_23,s-1.152341,s-1.350987,s58.806933
130_24,s0.754278,s2.116409,s36.063597
130_25,s0.050908,s2.484983,s66.075678
130_26,s-2.325055,s-1.616593,s33.602251
130_27,s2.364668,s-0.261190,s211.010627
130_28,s2.764946,s2.045571,s69.863657
130_29,s-1.874994,s1.438857,s174.806993
130_30,s-1.042549,s2.385619,s92.404154
130_31,s1.345936,s-0.401194,s91.064410
130_32,s-0.747952,s-1.902489,s78.238119
130_33,s0.171089,s-3.092501,s321.047997
130_34,s2.760698,s-3.334984,s275.471825
130_35,s-1.343977,s-2.363303,s40.346893
130_36,s-1.811624,s-0.288656,s128.233434
130_37,s-2.472672,s0.384487,s148.693462
130_38,s-2.754309,s-0.688736,s331.049472
130_39,s-2.087239,s-2.008621,s153.668372
130_40,s2.291403,s0.136723,s177.960466
130_41,s-0.623057,s-2.477028,s335.095256
130_42,s1.464166,s-2.904043,s193.768904
130_43,s-2.892729,s0.927191,s85.246850
130_44,s-1.622875,s-2.845562,s208.717979
130_45,s-3.288189,s-0.208775,s7.340199
130_46,s2.199881,s-2.445296,s270.259824
130_47,s2.858037,s-0.253667,s3.188687
130_48,s-0.304192,s2.016415,s107.382010
130_49,s0.829554,s-3.079786,s183.158808
130_50,s1.529902,s2.092000,s18.858245
130_51,s-0.508210,s3.049384,s325.066482
130_52,s-0.514211,s-2.878158,s194.412395
130_53,s-1.724927,s1.899337,s274.738657
130_54,s-2.694465,s-2.308083,s86.472771
130_55,s-3.418271,s-0.661939,s115.497264
130_56,s-1.176400,s-3.197659,s234.635359
130_57,s-3.199635,s1.973806,s240.488317
130_58,s-3.855501,s1.333354,s263.636694
130_59,s3.013030,s1.237687,s-0.932523
130_60,s-3.672383,s0.685782,s94.138920
130_61,s-1.870668,s3.199704,s125.923436
130_62,s3.242891,s-2.033482,s305.163440
130_63,s-3.366753,s-1.910662,s0.292549
130_64,s-2.192532,s2.341326,s180.158463
130_65,s2.836643,s2.487876,s210.049159
130_66,s-3.694574,s2.122170,s138.427497
130_67,s-2.072257,s-3.266187,s270.910579
130_68,s1.681682,s2.962457,s230.795722
130_69,s0.662756,s2.974095,s85.633178
130_70,s2.984976,s-0.777765,s296.274724
130_71,s-0.012609,s-3.735833,s303.584975
130_72,s-4.018321,s-0.321787,s27.361196
130_73,s1.543931,s3.566893,s325.550673
130_74,s0.372200,s3.765889,s240.092386
130_75,s-1.668319,s3.996687,s321.874381
130_76,s-3.902983,s-1.648667,s70.934623
130_77,s-2.831822,s2.563493,s205.105940
130_78,s-2.398813,s-3.017348,s65.240750
130_79,s-4.680734,s0.328562,s267.245426
130_80,s3.648742,s0.898829,s91.166254
130_81,s-1.342113,s-3.851503,s268.799109
130_82,s-1.172985,s3.459494,s151.936781
130_83,s-0.918352,s4.230070,s238.270717
130_84,s-2.473296,s3.296538,s34.873044
130_85,s-3.209951,s2.942002,s274.494206
130_86,s2.134866,s-3.551472,s139.289166
130_87,s3.356443,s1.730951,s1.607778
130_88,s-5.181190,s0.671137,s33.942775
130_89,s-4.739289,s1.667544,s209.917932
130_90,s0.065169,s4.562433,s70.013092
130_91,s3.994064,s-0.043092,s268.342619
130_92,s-4.046373,s-2.294857,s253.829533
130_93,s-0.479290,s-4.068606,s234.627656
130_94,s2.166576,s3.514777,s187.970344
130_95,s-2.412448,s-3.713052,s126.796204
130_96,s-4.494357,s-2.674649,s240.898802
130_97,s-2.359611,s3.994633,s67.753208
130_98,s0.539442,s-4.029354,s243.207046
130_99,s-3.647745,s3.565821,s9.266972
130_100,s-3.378028,s-3.928789,s60.023380
130_101,s-4.159204,s3.101218,s266.267561
130_102,s0.782400,s4.544553,s119.793678
130_103,s-5.808474,s0.398780,s-7.663603
130_104,s-1.034491,s4.860227,s29.859780
130_105,s-5.053963,s-0.582663,s292.102818
130_106,s2.720254,s3.096209,s33.498933
130_107,s4.032672,s1.508406,s239.565855
130_108,s-4.205079,s2.503715,s179.993992
130_109,s3.320323,s-1.225194,s273.577777
130_110,s-2.079203,s4.715746,s100.646380
130_111,s-1.632755,s-4.303759,s112.630809
130_112,s4.000883,s0.846988,s316.614568
130_113,s-5.501009,s1.673236,s56.203298
130_114,s-3.009566,s-4.396991,s179.116593
130_115,s-1.122029,s-4.375758,s181.109813
130_116,s4.020810,s-0.755317,s239.234041
130_117,s-0.488634,s-4.539850,s174.336275
130_118,s-4.326205,s3.452417,s-0.288010
130_119,s2.578259,s4.082526,s7.815465
130_120,s0.855030,s-4.771507,s113.706651
130_121,s-5.121864,s-1.303321,s114.747123
130_122,s-5.645062,s-0.377415,s145.335615
130_123,s-0.068120,s5.021836,s37.825142
130_124,s-3.275730,s4.724390,s299.417111
130_125,s3.315556,s-2.394825,s209.678524
130_126,s-4.670764,s-2.216499,s90.388158
130_127,s3.512392,s2.844908,s184.032705
130_128,s3.880704,s-2.258370,s208.373156
130_129,s3.129806,s-3.691872,s211.203134
131_0,s0.004304,s0.129753,s326.746089
131_1,s0.533542,s0.138321,s305.076567
131_2,s0.421200,s-0.679838,s182.144898
131_3,s-0.751645,s-0.513570,s305.382230
131_4,s-0.520427,s0.515830,s297.515074
131_5,s0.573028,s0.973097,s243.597209
131_6,s-1.132666,s0.053144,s279.170372
131_7,s1.587491,s0.695932,s33.895360
131_8,s-1.814772,s-1.054077,s82.553714
131_9,s-0.851243,s-1.051826,s35.126842
131_10,s0.212308,s1.625903,s256.462678
131_11,s-1.366654,s0.993416,s219.077435
131_12,s0.759626,s-0.447088,s299.240370
131_13,s1.777474,s1.648974,s192.576843
131_14,s-0.779844,s1.026383,s329.471504
131_15,s-0.187279,s-1.210264,s155.247727
131_16,s0.044817,s-1.856466,s197.320498
131_17,s1.621164,s-1.625749,s63.410573
131_18,s2.243664,s-1.637491,s245.678551
131_19,s2.347493,s1.010827,s235.875514
131_20,s1.295272,s-2.157641,s267.858936
131_21,s-0.235614,s1.289230,s235.624850
131_22,s-1.703777,s0.438297,s195.357912
131_23,s-1.152341,s-1.350987,s58.806933
131_24,s0.760222,s2.076556,s33.689907
131_25,s0.050908,s2.484983,s66.075678
131_26,s-2.320662,s-1.685426,s31.750227
131_27,s2.364668,s-0.261190,s211.010627
131_28,s2.764946,s2.045571,s69.863657
131_29,s-1.986921,s1.500093,s171.786273
131_30,s-0.992944,s2.349613,s87.549357
131_31,s1.345936,s-0.401194,s91.064410
131_32,s-0.747952,s-1.902489,s78.238119
131_33,s0.171089,s-3.092501,s321.047997
131_34,s2.651839,s-3.318691,s297.043935
131_35,s-1.314176,s-2.413981,s42.093577
131_36,s-1.846123,s-0.250490,s127.083633
131_37,s-2.602467,s0.337356,s151.437790
131_38,s-2.815465,s-0.668711,s329.410167
131_39,s-2.110419,s-2.010038,s152.595104
131_40,s2.291403,s0.136723,s177.960466
131_41,s-0.604961,s-2.503526,s337.188307
131_42,s1.540916,s-2.919491,s193.978519
131_43,s-2.883843,s0.949133,s84.760414
131_44,s-1.622875,s-2.845562,s208.717979
131_45,s-3.325835,s-0.215150,s6.961890
131_46,s2.119971,s-2.470193,s269.402629
131_47,s2.858037,s-0.253667,s3.188687
131_48,s-0.304192,s2.016415,s107.382010
131_49,s0.829554,s-3.079786,s183.158808
131_50,s1.606206,s2.103945,s21.858378
131_51,s-0.494150,s3.052544,s328.373471
131_52,s-0.563091,s-2.925063,s193.291745
131_53,s-1.724927,s1.899337,s274.738657
131_54,s-2.713876,s-2.338028,s87.539115
131_55,s-3.343557,s-0.587922,s114.981253
131_56,s-1.176400,s-3.197659,s234.635359
131_57,s-3.192194,s1.979118,s245.649148
131_58,s-3.855501,s1.333354,s263.636694
131_59,s3.013030,s1.237687,s-0.932523
131_60,s-3.695783,s0.582987,s87.230022
131_61,s-1.850434,s3.201073,s209.717489
131_62,s3.234936,s-1.907340,s305.224235
131_63,s-3.184873,s-1.855759,s0.184625
131_64,s-2.170902,s2.370070,s179.970807
131_65,s2.836643,s2.487876,s210.049159
131_66,s-3.742926,s2.077684,s-2.610370
131_67,s-2.072257,s-3.266187,s270.910579
131_68,s1.670073,s3.014903,s226.055673
131_69,s0.653007,s2.960071,s87.242988
131_70,s3.085191,s-0.695899,s291.028213
131_71,s-0.037206,s-3.775262,s303.888134
131_72,s-4.018321,s-0.321787,s27.361196
131_73,s1.403738,s3.500804,s-1.197096
131_74,s0.318399,s3.798318,s237.454879
131_75,s-1.730259,s3.956102,s-0.912173
131_76,s-3.902983,s-1.648667,s70.934623
131_77,s-2.852526,s2.552818,s205.016000
131_78,s-2.398813,s-3.017348,s65.240750
131_79,s-4.680734,s0.328562,s267.245426
131_80,s3.648742,s0.898829,s91.166254
131_81,s-1.379113,s-3.875209,s269.926797
131_82,s-1.117220,s3.479463,s152.748215
131_83,s-0.868447,s4.416972,s244.371979
131_84,s-2.473296,s3.296538,s34.873044
131_85,s-3.149379,s2.962630,s270.412422
131_86,s2.127195,s-3.539951,s236.890330
131_87,s3.398237,s1.711788,s301.572401
131_88,s-5.167381,s0.612026,s33.823831
131_89,s-4.807297,s1.517427,s213.629880
131_90,s0.065169,s4.562433,s70.013092
131_91,s3.993237,s-0.125511,s297.321135
131_92,s-4.046373,s-2.294857,s253.829533
131_93,s-0.479290,s-4.068606,s234.627656
131_94,s2.166576,s3.514777,s187.970344
131_95,s-2.357088,s-3.658405,s183.272466
131_96,s-4.574794,s-2.550547,s239.626671
131_97,s-2.360415,s4.105831,s34.700966
131_98,s0.567186,s-4.009145,s247.495939
131_99,s-3.544153,s3.549269,s14.120669
131_100,s-3.408304,s-3.888809,s269.763814
131_101,s-4.159204,s3.101218,s266.267561
131_102,s0.803724,s4.560666,s0.798044
131_103,s-5.808474,s0.398780,s-7.663603
131_104,s-1.034491,s4.860227,s29.859780
131_105,s-5.017321,s-0.621841,s293.071341
131_106,s2.720254,s3.096209,s33.498933
131_107,s4.032672,s1.508406,s239.565855
131_108,s-4.241260,s2.509859,s181.007163
131_109,s3.245094,s-1.244175,s262.173142
131_110,s-2.056632,s4.767701,s34.418005
131_111,s-1.632755,s-4.303759,s112.630809
131_112,s4.000883,s0.846988,s316.614568
131_113,s-5.497904,s1.716261,s62.995194
131_114,s-3.064924,s-4.367884,s180.321410
131_115,s-1.177300,s-4.385975,s199.984477
131_116,s4.119222,s-0.730397,s232.930350
131_117,s-0.488634,s-4.539850,s174.336275
131_118,s-4.326205,s3.452417,s-0.288010
131_119,s2.543016,s4.017220,s-0.474804
131_120,s1.078622,s-4.951563,s116.432685
131_121,s-5.122804,s-1.304981,s117.986414
131_122,s-5.575010,s-0.347000,s146.157850
131_123,s-0.044274,s5.039736,s41.555247
131_124,s-3.245449,s4.782809,s302.239570
131_125,s3.242220,s-2.316146,s207.820396
131_126,s-4.729704,s-2.117690,s84.443984
131_127,s3.512392,s2.844908,s184.032705
131_128,s3.914964,s-2.291655,s207.014558
131_129,s3.180864,s-3.704262,s213.329944
131_130,s2.970505,s3.728668,s307.738572
132_0,s0.004304,s0.129753,s326.746089
132_1,s0.533542,s0.138321,s305.076567
132_2,s0.421200,s-0.679838,s182.144898
132_3,s-0.751645,s-0.513570,s305.382230
132_4,s-0.520427,s0.515830,s297.515074
132_5,s0.573028,s0.973097,s243.597209
132_6,s-1.132666,s0.053144,s279.170372
132_7,s1.587491,s0.695932,s33.895360
132_8,s-1.814772,s-1.054077,s82.553714
132_9,s-0.851243,s-1.051826,s35.126842
132_10,s0.212308,s1.625903,s256.462678
132_11,s-1.366654,s0.993416,s219.077435
132_12,s0.759626,s-0.447088,s299.240370
132_13,s1.777474,s1.648974,s192.576843
132_14,s-0.779844,s1.026383,s329.471504
132_15,s-0.187279,s-1.210264,s155.247727
132_16,s0.044817,s-1.856466,s197.320498
132_17,s1.621164,s-1.625749,s63.410573
132_18,s2.243664,s-1.637491,s245.678551
132_19,s2.347493,s1.010827,s235.875514
132_20,s1.295272,s-2.157641,s267.858936
132_21,s-0.235614,s1.289230,s235.624850
132_22,s-1.703777,s0.438297,s195.357912
132_23,s-1.152341,s-1.350987,s58.806933
132_24,s0.760222,s2.076556,s33.689907
132_25,s0.050908,s2.484983,s66.075678
132_26,s-2.320662,s-1.685426,s31.750227
132_27,s2.364668,s-0.261190,s211.010627
132_28,s2.764946,s2.045571,s69.863657
132_29,s-1.986921,s1.500093,s171.786273
132_30,s-0.992944,s2.349613,s87.549357
132_31,s1.345936,s-0.401194,s91.064410
132_32,s-0.747952,s-1.902489,s78.238119
132_33,s0.171089,s-3.092501,s321.047997
132_34,s2.651839,s-3.318691,s297.043935
132_35,s-1.314176,s-2.413981,s42.093577
132_36,s-1.846123,s-0.250490,s127.083633
132_37,s-2.602467,s0.337356,s151.437790
132_38,s-2.815465,s-0.668711,s329.410167
132_39,s-2.110419,s-2.010038,s152.595104
132_40,s2.291403,s0.136723,s177.960466
132_41,s-0.604961,s-2.503526,s337.188307
132_42,s1.540916,s-2.919491,s193.978519
132_43,s-2.883843,s0.949133,s84.760414
132_44,s-1.622875,s-2.845562,s208.717979
132_45,s-3.325835,s-0.215150,s6.961890
132_46,s2.119971,s-2.470193,s269.402629
132_47,s2.858037,s-0.253667,s3.188687
132_48,s-0.304192,s2.016415,s107.382010
132_49,s0.829554,s-3.079786,s183.158808
132_50,s1.606206,s2.103945,s21.858378
132_51,s-0.494150,s3.052544,s328.373471
132_52,s-0.563091,s-2.925063,s193.291745
132_53,s-1.724927,s1.899337,s274.738657
132_54,s-2.713876,s-2.338028,s87.539115
132_55,s-3.343557,s-0.587922,s114.981253
132_56,s-1.176400,s-3.197659,s234.635359
132_57,s-3.192194,s1.979118,s245.649148
132_58,s-3.855501,s1.333354,s263.636694
132_59,s3.013030,s1.237687,s-0.932523
132_60,s-3.695783,s0.582987,s87.230022
132_61,s-1.850434,s3.201073,s209.717489
132_62,s3.234936,s-1.907340,s305.224235
132_63,s-3.184873,s-1.855759,s0.184625
132_64,s-2.170902,s2.370070,s179.970807
132_65,s2.836643,s2.487876,s210.049159
132_66,s-3.742926,s2.077684,s-2.610370
132_67,s-2.072257,s-3.266187,s270.910579
132_68,s1.670073,s3.014903,s226.055673
132_69,s0.653007,s2.960071,s87.242988
132_70,s3.085191,s-0.695899,s291.028213
132_71,s-0.037206,s-3.775262,s303.888134
132_72,s-4.018321,s-0.321787,s27.361196
132_73,s1.403738,s3.500804,s-1.197096
132_74,s0.318399,s3.798318,s237.454879
132_75,s-1.730259,s3.956102,s-0.912173
132_76,s-3.902983,s-1.648667,s70.934623
132_77,s-2.852526,s2.552818,s205.016000
132_78,s-2.398813,s-3.017348,s65.240750
132_79,s-4.680734,s0.328562,s267.245426
132_80,s3.648742,s0.898829,s91.166254
132_81,s-1.379113,s-3.875209,s269.926797
132_82,s-1.117220,s3.479463,s152.748215
132_83,s-0.868447,s4.416972,s244.371979
132_84,s-2.473296,s3.296538,s34.873044
132_85,s-3.149379,s2.962630,s270.412422
132_86,s2.127195,s-3.539951,s236.890330
132_87,s3.398237,s1.711788,s301.572401
132_88,s-5.167381,s0.612026,s33.823831
132_89,s-4.807297,s1.517427,s213.629880
132_90,s0.065169,s4.562433,s70.013092
132_91,s3.993237,s-0.125511,s297.321135
132_92,s-4.046373,s-2.294857,s253.829533
132_93,s-0.479290,s-4.068606,s234.627656
132_94,s2.166576,s3.514777,s187.970344
132_95,s-2.357088,s-3.658405,s183.272466
132_96,s-4.574794,s-2.550547,s239.626671
132_97,s-2.360415,s4.105831,s34.700966
132_98,s0.567186,s-4.009145,s247.495939
132_99,s-3.544153,s3.549269,s14.120669
132_100,s-3.408304,s-3.888809,s269.763814
132_101,s-4.159204,s3.101218,s266.267561
132_102,s0.803724,s4.560666,s0.798044
132_103,s-5.808474,s0.398780,s-7.663603
132_104,s-1.034491,s4.860227,s29.859780
132_105,s-5.017321,s-0.621841,s293.071341
132_106,s2.720254,s3.096209,s33.498933
132_107,s4.032672,s1.508406,s239.565855
132_108,s-4.241260,s2.509859,s181.007163
132_109,s3.245094,s-1.244175,s262.173142
132_110,s-2.056632,s4.767701,s34.418005
132_111,s-1.632755,s-4.303759,s112.630809
132_112,s4.000883,s0.846988,s316.614568
132_113,s-5.497904,s1.716261,s62.995194
132_114,s-3.064924,s-4.367884,s180.321410
132_115,s-1.177300,s-4.385975,s199.984477
132_116,s4.119222,s-0.730397,s232.930350
132_117,s-0.488634,s-4.539850,s174.336275
132_118,s-4.326205,s3.452417,s-0.288010
132_119,s2.543016,s4.017220,s-0.474804
132_120,s1.078622,s-4.951563,s116.432685
132_121,s-5.122804,s-1.304981,s117.986414
132_122,s-5.575010,s-0.347000,s146.157850
132_123,s-0.044274,s5.039736,s41.555247
132_124,s-3.245449,s4.782809,s302.239570
132_125,s3.242220,s-2.316146,s207.820396
132_126,s-4.729704,s-2.117690,s84.443984
132_127,s3.512392,s2.844908,s184.032705
132_128,s3.914964,s-2.291655,s207.014558
132_129,s3.180864,s-3.704262,s213.329944
132_130,s2.970505,s3.728668,s307.738572
132_131,s4.276835,s2.201086,s299.379510
133_0,s0.004304,s0.129753,s326.746089
133_1,s0.533542,s0.138321,s305.076567
133_2,s0.421200,s-0.679838,s182.144898
133_3,s-0.751645,s-0.513570,s305.382230
133_4,s-0.520427,s0.515830,s297.515074
133_5,s0.573028,s0.973097,s243.597209
133_6,s-1.132666,s0.053144,s279.170372
133_7,s1.587491,s0.695932,s33.895360
133_8,s-1.814772,s-1.054077,s82.553714
133_9,s-0.851243,s-1.051826,s35.126842
133_10,s0.212308,s1.625903,s256.462678
133_11,s-1.366654,s0.993416,s219.077435
133_12,s0.759626,s-0.447088,s299.240370
133_13,s1.777474,s1.648974,s192.576843
133_14,s-0.779844,s1.026383,s329.471504
133_15,s-0.187279,s-1.210264,s155.247727
133_16,s0.044817,s-1.856466,s197.320498
133_17,s1.621164,s-1.625749,s63.410573
133_18,s2.243664,s-1.637491,s245.678551
133_19,s2.347493,s1.010827,s235.875514
133_20,s1.295272,s-2.157641,s267.858936
133_21,s-0.235614,s1.289230,s235.624850
133_22,s-1.703777,s0.438297,s195.357912
133_23,s-1.152341,s-1.350987,s58.806933
133_24,s0.760222,s2.076556,s33.689907
133_25,s0.050908,s2.484983,s66.075678
133_26,s-2.320662,s-1.685426,s31.750227
133_27,s2.364668,s-0.261190,s211.010627
133_28,s2.764946,s2.045571,s69.863657
133_29,s-1.986921,s1.500093,s171.786273
133_30,s-0.992944,s2.349613,s87.549357
133_31,s1.345936,s-0.401194,s91.064410
133_32,s-0.747952,s-1.902489,s78.238119
133_33,s0.171089,s-3.092501,s321.047997
133_34,s2.651839,s-3.318691,s297.043935
133_35,s-1.314176,s-2.413981,s42.093577
133_36,s-1.846123,s-0.250490,s127.083633
133_37,s-2.602467,s0.337356,s151.437790
133_38,s-2.815465,s-0.668711,s329.410167
133_39,s-2.110419,s-2.010038,s152.595104
133_40,s2.291403,s0.136723,s177.960466
133_41,s-0.604961,s-2.503526,s337.188307
133_42,s1.540916,s-2.919491,s193.978519
133_43,s-2.883843,s0.949133,s84.760414
133_44,s-1.622875,s-2.845562,s208.717979
133_45,s-3.325835,s-0.215150,s6.961890
133_46,s2.119971,s-2.470193,s269.402629
133_47,s2.858037,s-0.253667,s3.188687
133_48,s-0.304192,s2.016415,s107.382010
133_49,s0.829554,s-3.079786,s183.158808
133_50,s1.606206,s2.103945,s21.858378
133_51,s-0.494150,s3.052544,s328.373471
133_52,s-0.563091,s-2.925063,s193.291745
133_53,s-1.724927,s1.899337,s274.738657
133_54,s-2.713876,s-2.338028,s87.539115
133_55,s-3.343557,s-0.587922,s114.981253
133_56,s-1.176400,s-3.197659,s234.635359
133_57,s-3.192194,s1.979118,s245.649148
133_58,s-3.855501,s1.333354,s263.636694
133_59,s3.013030,s1.237687,s-0.932523
133_60,s-3.695783,s0.582987,s87.230022
133_61,s-1.850434,s3.201073,s209.717489
133_62,s3.234936,s-1.907340,s305.224235
133_63,s-3.184873,s-1.855759,s0.184625
133_64,s-2.170902,s2.370070,s179.970807
133_65,s2.836643,s2.487876,s210.049159
133_66,s-3.742926,s2.077684,s-2.610370
133_67,s-2.072257,s-3.266187,s270.910579
133_68,s1.670073,s3.014903,s226.055673
133_69,s0.653007,s2.960071,s87.242988
133_70,s3.085191,s-0.695899,s291.028213
133_71,s-0.037206,s-3.775262,s303.888134
133_72,s-4.018321,s-0.321787,s27.361196
133_73,s1.403738,s3.500804,s-1.197096
133_74,s0.318399,s3.798318,s237.454879
133_75,s-1.730259,s3.956102,s-0.912173
133_76,s-3.902983,s-1.648667,s70.934623
133_77,s-2.852526,s2.552818,s205.016000
133_78,s-2.398813,s-3.017348,s65.240750
133_79,s-4.680734,s0.328562,s267.245426
133_80,s3.648742,s0.898829,s91.166254
133_81,s-1.379113,s-3.875209,s269.926797
133_82,s-1.117220,s3.479463,s152.748215
133_83,s-0.868447,s4.416972,s244.371979
133_84,s-2.473296,s3.296538,s34.873044
133_85,s-3.149379,s2.962630,s270.412422
133_86,s2.127195,s-3.539951,s236.890330
133_87,s3.398237,s1.711788,s301.572401
133_88,s-5.167381,s0.612026,s33.823831
133_89,s-4.807297,s1.517427,s213.629880
133_90,s0.065169,s4.562433,s70.013092
133_91,s3.993237,s-0.125511,s297.321135
133_92,s-4.046373,s-2.294857,s253.829533
133_93,s-0.479290,s-4.068606,s234.627656
133_94,s2.166576,s3.514777,s187.970344
133_95,s-2.357088,s-3.658405,s183.272466
133_96,s-4.574794,s-2.550547,s239.626671
133_97,s-2.360415,s4.105831,s34.700966
133_98,s0.567186,s-4.009145,s247.495939
133_99,s-3.544153,s3.549269,s14.120669
133_100,s-3.408304,s-3.888809,s269.763814
133_101,s-4.159204,s3.101218,s266.267561
133_102,s0.803724,s4.560666,s0.798044
133_103,s-5.808474,s0.398780,s-7.663603
133_104,s-1.034491,s4.860227,s29.859780
133_105,s-5.017321,s-0.621841,s293.071341
133_106,s2.720254,s3.096209,s33.498933
133_107,s4.032672,s1.508406,s239.565855
133_108,s-4.241260,s2.509859,s181.007163
133_109,s3.245094,s-1.244175,s262.173142
133_110,s-2.056632,s4.767701,s34.418005
133_111,s-1.632755,s-4.303759,s112.630809
133_112,s4.000883,s0.846988,s316.614568
133_113,s-5.497904,s1.716261,s62.995194
133_114,s-3.064924,s-4.367884,s180.321410
133_115,s-1.177300,s-4.385975,s199.984477
133_116,s4.119222,s-0.730397,s232.930350
133_117,s-0.488634,s-4.539850,s174.336275
133_118,s-4.326205,s3.452417,s-0.288010
133_119,s2.543016,s4.017220,s-0.474804
133_120,s1.078622,s-4.951563,s116.432685
133_121,s-5.122804,s-1.304981,s117.986414
133_122,s-5.575010,s-0.347000,s146.157850
133_123,s-0.044274,s5.039736,s41.555247
133_124,s-3.245449,s4.782809,s302.239570
133_125,s3.242220,s-2.316146,s207.820396
133_126,s-4.729704,s-2.117690,s84.443984
133_127,s3.512392,s2.844908,s184.032705
133_128,s3.914964,s-2.291655,s207.014558
133_129,s3.180864,s-3.704262,s213.329944
133_130,s2.970505,s3.728668,s307.738572
133_131,s4.276835,s2.201086,s299.379510
133_132,s1.563795,s4.664863,s184.350830
134_0,s0.004304,s0.129753,s326.746089
134_1,s0.590410,s0.147134,s304.561345
134_2,s0.421200,s-0.679838,s182.144898
134_3,s-0.616304,s-0.557579,s304.865032
134_4,s-0.520427,s0.515830,s297.515074
134_5,s0.573028,s0.973097,s243.597209
134_6,s-1.132666,s0.053144,s279.170372
134_7,s1.656963,s0.638509,s35.507321
134_8,s-1.814772,s-1.054077,s82.553714
134_9,s-0.851243,s-1.051826,s35.126842
134_10,s0.212308,s1.625903,s256.462678
134_11,s-1.487554,s1.057363,s220.155826
134_12,s0.759626,s-0.447088,s299.240370
134_13,s1.770177,s1.731644,s197.291048
134_14,s-0.779844,s1.026383,s329.471504
134_15,s-0.187279,s-1.210264,s155.247727
134_16,s0.044817,s-1.856466,s197.320498
134_17,s1.647431,s-1.647456,s68.190453
134_18,s2.416537,s-1.725966,s331.527081
134_19,s2.297891,s1.015972,s209.475347
134_20,s1.322651,s-2.182540,s266.576510
134_21,s-0.235614,s1.289230,s235.624850
134_22,s-1.703777,s0.438297,s195.357912
134_23,s-1.152341,s-1.350987,s58.806933
134_24,s0.751461,s1.939781,s33.342599
134_25,s0.050908,s2.484983,s66.075678
134_26,s-2.320662,s-1.685426,s31.750227
134_27,s2.364668,s-0.261190,s211.010627
134_28,s2.764946,s2.045571,s69.863657
134_29,s-1.916126,s1.495922,s175.123114
134_30,s-0.983571,s2.451713,s87.016402
134_31,s1.345936,s-0.401194,s91.064410
134_32,s-0.747952,s-1.902489,s78.238119
134_33,s0.171089,s-3.092501,s321.047997
134_34,s2.603399,s-3.324236,s330.272716
134_35,s-1.276461,s-2.434215,s42.860058
134_36,s-1.846123,s-0.250490,s127.083633
134_37,s-2.602467,s0.337356,s151.437790
134_38,s-2.815465,s-0.668711,s329.410167
134_39,s-2.110419,s-2.010038,s152.595104
134_40,s2.291403,s0.136723,s177.960466
134_41,s-0.604961,s-2.503526,s337.188307
134_42,s1.567756,s-2.927095,s194.247430
134_43,s-2.883843,s0.949133,s84.760414
134_44,s-1.622875,s-2.845562,s208.717979
134_45,s-3.325835,s-0.215150,s6.961890
134_46,s2.178487,s-2.500689,s276.373133
134_47,s2.858037,s-0.253667,s3.188687
134_48,s-0.131127,s2.022423,s112.978461
134_49,s0.829554,s-3.079786,s183.158808
134_50,s1.606206,s2.103945,s21.858378
134_51,s-0.494150,s3.052544,s328.373471
134_52,s-0.563091,s-2.925063,s193.291745
134_53,s-1.724927,s1.899337,s274.738657
134_54,s-2.713876,s-2.338028,s87.539115
134_55,s-3.343557,s-0.587922,s114.981253
134_56,s-1.176400,s-3.197659,s234.635359
134_57,s-3.192194,s1.979118,s245.649148
134_58,s-3.832110,s1.397109,s267.482850
134_59,s3.013030,s1.237687,s-0.932523
134_60,s-3.730738,s0.684745,s86.621059
134_61,s-1.851606,s3.198590,s145.889089
134_62,s3.234936,s-1.907340,s305.224235
134_63,s-3.218232,s-1.827396,s5.004113
134_64,s-2.170902,s2.370070,s179.970807
134_65,s2.836643,s2.487876,s210.049159
134_66,s-3.742926,s2.077684,s-2.610370
134_67,s-2.072257,s-3.266187,s270.910579
134_68,s1.670073,s3.014903,s226.055673
134_69,s0.592483,s2.932559,s83.116219
134_70,s3.093395,s-0.666351,s288.670827
134_71,s-0.037206,s-3.775262,s303.888134
134_72,s-4.018321,s-0.321787,s27.361196
134_73,s1.403738,s3.500804,s-1.197096
134_74,s0.311939,s3.815105,s239.983683
134_75,s-1.721162,s3.816493,s0.734687
134_76,s-3.902983,s-1.648667,s70.934623
134_77,s-2.852526,s2.552818,s205.016000
134_78,s-2.398813,s-3.017348,s65.240750
134_79,s-4.680734,s0.328562,s267.245426
134_80,s3.648742,s0.898829,s91.166254
134_81,s-1.379113,s-3.875209,s269.926797
134_82,s-1.133909,s3.363266,s157.321087
134_83,s-0.777121,s4.421831,s242.464999
134_84,s-2.500946,s3.350115,s329.857933
134_85,s-3.149379,s2.962630,s270.412422
134_86,s1.936291,s-3.813287,s243.122375
134_87,s3.398237,s1.711788,s301.572401
134_88,s-5.073369,s0.651627,s24.338459
134_89,s-4.669857,s1.504120,s215.125258
134_90,s0.065169,s4.562433,s70.013092
134_91,s4.013298,s-0.262939,s300.629402
134_92,s-4.046373,s-2.294857,s253.829533
134_93,s-0.479290,s-4.068606,s234.627656
134_94,s2.166576,s3.514777,s187.970344
134_95,s-2.357088,s-3.658405,s183.272466
134_96,s-4.614477,s-2.519966,s207.282469
134_97,s-2.360415,s4.105831,s34.700966
134_98,s0.611540,s-4.002004,s252.580698
134_99,s-3.560223,s3.396213,s-2.124754
134_100,s-3.445256,s-3.892089,s275.375083
134_101,s-4.159204,s3.101218,s266.267561
134_102,s0.659378,s4.655261,s178.812228
134_103,s-5.823517,s0.455798,s-11.795414
134_104,s-1.041869,s4.829793,s33.610105
134_105,s-4.985213,s-0.612580,s211.310007
134_106,s2.720254,s3.096209,s33.498933
134_107,s4.032672,s1.508406,s239.565855
134_108,s-4.241260,s2.509859,s181.007163
134_109,s3.245094,s-1.244175,s262.173142
134_110,s-2.083681,s4.865101,s329.519290
134_111,s-1.632755,s-4.303759,s112.630809
134_112,s4.000883,s0.846988,s316.614568
134_113,s-5.580303,s1.632212,s-1.091727
134_114,s-3.040273,s-4.464107,s183.749334
134_115,s-1.176810,s-4.446951,s203.517994
134_116,s4.133581,s-0.653854,s209.695154
134_117,s-0.488634,s-4.539850,s174.336275
134_118,s-4.326205,s3.452417,s-0.288010
134_119,s2.543016,s4.017220,s-0.474804
134_120,s1.045909,s-5.015635,s114.826530
134_121,s-5.116489,s-1.310449,s120.550996
134_122,s-5.529172,s-0.348042,s144.793250
134_123,s-0.044274,s5.039736,s41.555247
134_124,s-3.321999,s4.843298,s291.485293
134_125,s3.242220,s-2.316146,s207.820396
134_126,s-4.447464,s-2.015288,s28.837612
134_127,s3.512392,s2.844908,s184.032705
134_128,s3.973732,s-2.212771,s208.437135
134_129,s3.218163,s-3.668700,s296.535854
134_130,s2.896860,s3.710312,s308.743172
134_131,s4.276835,s2.201086,s299.379510
134_132,s1.563795,s4.664863,s184.350830
134_133,s-4.957778,s3.086428,s207.505337
135_0,s0.004304,s0.129753,s326.746089
135_1,s0.590410,s0.147134,s304.561345
135_2,s0.421200,s-0.679838,s182.144898
135_3,s-0.616304,s-0.557579,s304.865032
135_4,s-0.520427,s0.515830,s181.116956
135_5,s0.608124,s1.008247,s250.938814
135_6,s-1.132666,s0.053144,s279.170372
135_7,s1.650290,s0.680215,s34.351428
135_8,s-1.814772,s-1.054077,s82.553714
135_9,s-0.851243,s-1.051826,s35.126842
135_10,s0.212308,s1.625903,s256.462678
135_11,s-1.487554,s1.057363,s220.155826
135_12,s0.759626,s-0.447088,s299.240370
135_13,s1.770177,s1.731644,s197.291048
135_14,s-0.779844,s1.026383,s329.471504
135_15,s-0.302125,s-1.069399,s154.384411
135_16,s0.044817,s-1.856466,s197.320498
135_17,s1.647431,s-1.647456,s68.190453
135_18,s2.490930,s-1.810004,s332.647089
135_19,s2.297891,s1.015972,s209.475347
135_20,s1.326287,s-2.185217,s88.397132
135_21,s-0.235614,s1.289230,s235.624850
135_22,s-1.703777,s0.438297,s195.357912
135_23,s-1.152341,s-1.350987,s58.806933
135_24,s0.751461,s1.939781,s33.342599
135_25,s0.050908,s2.484983,s61.874822
135_26,s-2.308953,s-1.592235,s41.863271
135_27,s2.364668,s-0.261190,s211.010627
135_28,s2.764946,s2.045571,s69.863657
135_29,s-1.916126,s1.495922,s58.023588
135_30,s-0.983571,s2.451713,s91.681766
135_31,s1.345936,s-0.401194,s91.064410
135_32,s-0.747952,s-1.902489,s78.238119
135_33,s0.171089,s-3.092501,s-1.077689
135_34,s2.603399,s-3.324236,s330.272716
135_35,s-1.276461,s-2.434215,s42.860058
135_36,s-1.846123,s-0.250490,s127.083633
135_37,s-2.602467,s0.337356,s151.437790
135_38,s-2.815465,s-0.668711,s329.410167
135_39,s-2.110419,s-2.010038,s30.327222
135_40,s2.291403,s0.136723,s177.960466
135_41,s-0.604961,s-2.503526,s337.188307
135_42,s1.567756,s-2.927095,s194.247430
135_43,s-2.883843,s0.949133,s84.760414
135_44,s-1.622875,s-2.845562,s208.717979
135_45,s-3.325835,s-0.215150,s6.961890
135_46,s2.097757,s-2.673510,s275.961695
135_47,s2.858037,s-0.253667,s3.188687
135_48,s-0.131127,s2.022423,s112.978461
135_49,s0.829554,s-3.079786,s183.158808
135_50,s1.606206,s2.103945,s21.858378
135_51,s-0.494150,s3.052544,s328.373471
135_52,s-0.563091,s-2.925063,s193.291745
135_53,s-1.724927,s1.899337,s325.437214
135_54,s-2.713876,s-2.338028,s331.374318
135_55,s-3.324153,s-0.671702,s115.669059
135_56,s-1.176400,s-3.197659,s234.635359
135_57,s-3.192194,s1.979118,s245.649148
135_58,s-3.728017,s1.462270,s265.363473
135_59,s3.013030,s1.237687,s-0.932523
135_60,s-3.730738,s0.684745,s86.621059
135_61,s-1.851606,s3.198590,s149.061645
135_62,s3.234936,s-1.907340,s305.224235
135_63,s-3.218232,s-1.827396,s5.004113
135_64,s-2.170902,s2.370070,s179.970807
135_65,s2.836643,s2.487876,s210.049159
135_66,s-3.742926,s2.077684,s-2.610370
135_67,s-2.072257,s-3.266187,s270.910579
135_68,s1.670073,s3.014903,s226.055673
135_69,s0.592483,s2.932559,s83.116219
135_70,s3.072050,s-0.619898,s283.099317
135_71,s0.019118,s-3.894953,s302.109534
135_72,s-4.018321,s-0.321787,s27.361196
135_73,s1.330153,s3.436565,s52.841034
135_74,s0.311939,s3.815105,s239.983683
135_75,s-1.721162,s3.816493,s300.550775
135_76,s-3.902983,s-1.648667,s70.934623
135_77,s-2.852526,s2.552818,s205.016000
135_78,s-2.335131,s-3.025656,s67.347964
135_79,s-4.680734,s0.328562,s267.245426
135_80,s3.648742,s0.898829,s91.166254
135_81,s-1.379113,s-3.875209,s269.926797
135_82,s-1.133909,s3.363266,s157.321087
135_83,s-0.777121,s4.421831,s153.017200
135_84,s-2.500946,s3.350115,s298.702850
135_85,s-3.149379,s2.962630,s270.412422
135_86,s1.936291,s-3.813287,s243.122375
135_87,s3.398237,s1.711788,s301.572401
135_88,s-5.095580,s0.655079,s23.654654
135_89,s-4.767614,s1.513984,s215.423566
135_90,s0.118018,s4.420104,s74.912237
135_91,s4.013298,s-0.262939,s237.051894
135_92,s-4.159189,s-2.329007,s254.145822
135_93,s-0.479290,s-4.068606,s234.627656
135_94,s2.166576,s3.514777,s187.970344
135_95,s-2.357088,s-3.658405,s147.926893
135_96,s-4.609539,s-2.483747,s126.200790
135_97,s-2.228473,s4.108092,s32.977575
135_98,s0.611540,s-4.002004,s252.580698
135_99,s-3.560223,s3.396213,s-2.124754
135_100,s-3.445256,s-3.892089,s275.375083
135_101,s-4.159204,s3.101218,s0.720523
135_102,s0.654296,s4.725331,s176.393323
135_103,s-5.795374,s0.501505,s-20.800964
135_104,s-1.041869,s4.829793,s33.610105
135_105,s-4.994333,s-0.677046,s212.722196
135_106,s2.720254,s3.096209,s209.531795
135_107,s4.032672,s1.508406,s239.565855
135_108,s-4.241260,s2.509859,s181.007163
135_109,s3.245094,s-1.244175,s262.173142
135_110,s-2.105094,s4.917221,s59.301121
135_111,s-1.632755,s-4.303759,s112.630809
135_112,s4.000883,s0.846988,s316.614568
135_113,s-5.658231,s1.679489,s330.465206
135_114,s-3.040273,s-4.464107,s183.749334
135_115,s-1.176810,s-4.446951,s243.772040
135_116,s4.133581,s-0.653854,s209.695154
135_117,s-0.488634,s-4.539850,s174.336275
135_118,s-4.326205,s3.452417,s-0.288010
135_119,s2.543016,s4.017220,s59.022302
135_120,s1.045909,s-5.015635,s114.826530
135_121,s-5.204884,s-1.391069,s112.540454
135_122,s-5.529172,s-0.348042,s144.793250
135_123,s-0.044274,s5.039736,s41.555247
135_124,s-3.387069,s4.733132,s293.890737
135_125,s3.351804,s-2.365158,s206.688973
135_126,s-4.447464,s-2.015288,s28.837612
135_127,s3.463559,s2.907531,s182.258010
135_128,s3.973732,s-2.212771,s95.140158
135_129,s3.220543,s-3.654792,s144.991129
135_130,s2.896860,s3.710312,s308.743172
135_131,s4.276835,s2.201086,s299.379510
135_132,s1.447214,s4.729943,s180.775412
135_133,s-4.957778,s3.086428,s207.505337
135_134,s-4.315522,s-3.232744,s212.588683
136_0,s0.025077,s0.092699,s0.746584
136_1,s0.590410,s0.147134,s304.561345
136_2,s0.328922,s-0.636009,s179.002587
136_3,s-0.552086,s-0.608631,s294.415145
136_4,s-0.520427,s0.515830,s181.116956
136_5,s0.587587,s1.016977,s253.484315
136_6,s-1.132666,s0.053144,s279.170372
136_7,s1.720606,s0.630408,s33.372699
136_8,s-1.814772,s-1.054077,s82.553714
136_9,s-0.851243,s-1.051826,s35.126842
136_10,s0.244174,s1.569141,s260.671118
136_11,s-1.519516,s1.020070,s222.409776
136_12,s0.759626,s-0.447088,s299.240370
136_13,s1.762723,s1.654526,s194.846612
136_14,s-0.765096,s0.984592,s327.687609
136_15,s-0.302125,s-1.069399,s154.384411
136_16,s0.044817,s-1.856466,s197.320498
136_17,s1.647431,s-1.647456,s68.190453
136_18,s2.636106,s-1.701841,s329.260141
136_19,s2.290141,s1.250571,s217.307996
136_20,s1.268558,s-2.223681,s237.634497
136_21,s-0.168471,s1.250945,s236.373327
136_22,s-1.703777,s0.438297,s195.357912
136_23,s-1.152341,s-1.350987,s58.806933
136_24,s0.751461,s1.939781,s33.342599
136_25,s0.050908,s2.484983,s61.874822
136_26,s-2.308953,s-1.592235,s41.863271
136_27,s2.364668,s-0.261190,s211.010627
136_28,s2.764946,s2.045571,s69.863657
136_29,s-1.916126,s1.495922,s58.023588
136_30,s-0.983571,s2.451713,s91.681766
136_31,s1.345936,s-0.401194,s91.064410
136_32,s-0.727166,s-1.935403,s78.000027
136_33,s0.171089,s-3.092501,s-1.077689
136_34,s2.631830,s-3.348319,s328.888215
136_35,s-1.123758,s-2.436481,s46.777709
136_36,s-1.865425,s-0.251902,s126.005726
136_37,s-2.485811,s0.337441,s145.943284
136_38,s-2.815465,s-0.668711,s329.410167
136_39,s-2.110419,s-2.010038,s30.327222
136_40,s2.291403,s0.136723,s177.960466
136_41,s-0.604961,s-2.503526,s337.188307
136_42,s1.375863,s-2.827287,s190.547078
136_43,s-2.846321,s1.068371,s87.355258
136_44,s-1.622875,s-2.845562,s208.717979
136_45,s-3.351039,s-0.134738,s5.627748
136_46,s2.119602,s-2.645512,s300.357756
136_47,s2.858037,s-0.253667,s3.188687
136_48,s-0.131127,s2.022423,s112.978461
136_49,s0.829554,s-3.079786,s183.158808
136_50,s1.518562,s2.115563,s27.814549
136_51,s-0.494150,s3.052544,s328.373471
136_52,s-0.593708,s-2.977100,s195.958993
136_53,s-1.724927,s1.899337,s325.437214
136_54,s-2.713876,s-2.338028,s331.374318
136_55,s-3.553312,s-0.696782,s109.410371
136_56,s-1.176400,s-3.197659,s234.635359
136_57,s-3.192194,s1.979118,s245.649148
136_58,s-3.702843,s1.440214,s271.390548
136_59,s3.013030,s1.237687,s-0.932523
136_60,s-3.768403,s0.638547,s90.295549
136_61,s-1.851606,s3.198590,s149.061645
136_62,s3.234936,s-1.907340,s305.224235
136_63,s-3.051680,s-1.752869,s4.480164
136_64,s-2.170902,s2.370070,s179.970807
136_65,s2.836643,s2.487876,s210.049159
136_66,s-3.705660,s2.152084,s-4.870603
136_67,s-2.072257,s-3.266187,s270.910579
136_68,s1.673653,s2.980028,s229.562320
136_69,s0.783480,s3.040769,s89.683336
136_70,s3.057856,s-0.643795,s282.241731
136_71,s0.028510,s-3.930898,s298.229180
136_72,s-4.022029,s-0.324391,s84.981742
136_73,s1.376724,s3.395221,s49.382899
136_74,s0.311939,s3.815105,s239.983683
136_75,s-1.721162,s3.816493,s300.550775
136_76,s-3.889956,s-1.644033,s75.476265
136_77,s-2.852526,s2.552818,s205.016000
136_78,s-2.320834,s-2.954194,s66.556908
136_79,s-4.655032,s0.284719,s267.670175
136_80,s3.648742,s0.898829,s91.166254
136_81,s-1.379113,s-3.875209,s269.926797
136_82,s-1.043388,s3.413512,s155.187737
136_83,s-0.777121,s4.421831,s153.017200
136_84,s-2.500946,s3.350115,s298.702850
136_85,s-3.325988,s2.902268,s271.860952
136_86,s1.913823,s-3.880441,s246.144835
136_87,s3.398237,s1.711788,s301.572401
136_88,s-5.034772,s0.578005,s16.966815
136_89,s-4.767614,s1.513984,s215.423566
136_90,s0.126751,s4.326084,s70.047321
136_91,s3.984018,s-0.240304,s331.967663
136_92,s-4.189941,s-2.418193,s256.286659
136_93,s-0.479290,s-4.068606,s234.627656
136_94,s2.071970,s3.594196,s183.781521
136_95,s-2.357088,s-3.658405,s147.926893
136_96,s-4.609539,s-2.483747,s126.200790
136_97,s-2.509567,s4.283754,s22.300752
136_98,s0.611540,s-4.002004,s252.580698
136_99,s-3.626575,s3.390603,s-2.248389
136_100,s-3.413020,s-3.850997,s279.707009
136_101,s-4.159204,s3.101218,s0.720523
136_102,s0.671250,s4.666497,s174.852405
136_103,s-5.902793,s0.495428,s238.256776
136_104,s-0.952332,s4.862003,s39.385045
136_105,s-4.994333,s-0.677046,s212.722196
136_106,s2.720254,s3.096209,s209.531795
136_107,s4.032672,s1.508406,s239.565855
136_108,s-4.222690,s2.622751,s179.043755
136_109,s3.245094,s-1.244175,s262.173142
136_110,s-2.054357,s4.936442,s180.557234
136_111,s-1.741906,s-4.282961,s213.243416
136_112,s4.000883,s0.846988,s316.614568
136_113,s-5.638402,s1.631177,s331.792878
136_114,s-2.960983,s-4.513939,s195.156611
136_115,s-1.176810,s-4.446951,s243.772040
136_116,s4.261796,s-0.632122,s211.762490
136_117,s-0.488634,s-4.539850,s174.336275
136_118,s-4.326205,s3.452417,s-0.288010
136_119,s2.543016,s4.017220,s59.022302
136_120,s0.965747,s-5.038886,s117.855767
136_121,s-5.190099,s-1.392413,s31.847580
136_122,s-5.573274,s-0.359678,s270.702861
136_123,s-0.124502,s4.888618,s41.378198
136_124,s-3.324879,s4.695073,s179.274252
136_125,s3.351804,s-2.365158,s206.688973
136_126,s-4.447464,s-2.015288,s28.837612
136_127,s3.476171,s2.875496,s2.555292
136_128,s3.973732,s-2.212771,s95.140158
136_129,s3.426912,s-3.679312,s150.316070
136_130,s2.896860,s3.710312,s308.743172
136_131,s4.347421,s2.180824,s1.787929
136_132,s1.439081,s4.752399,s332.315081
136_133,s-4.957778,s3.086428,s207.505337
136_134,s-4.335063,s-3.478466,s211.182945
136_135,s-5.535391,s-1.983392,s239.444539
137_0,s0.025077,s0.092699,s0.746584
137_1,s0.583100,s0.148241,s301.361416
137_2,s0.348552,s-0.771363,s180.981559
137_3,s-0.584384,s-0.561317,s291.062859
137_4,s-0.520427,s0.515830,s181.116956
137_5,s0.584715,s1.045493,s254.354023
137_6,s-1.132666,s0.053144,s279.170372
137_7,s1.720606,s0.630408,s33.372699
137_8,s-1.814772,s-1.054077,s82.553714
137_9,s-0.851243,s-1.051826,s35.126842
137_10,s0.244174,s1.569141,s260.671118
137_11,s-1.496320,s1.106483,s219.876367
137_12,s0.759626,s-0.447088,s299.240370
137_13,s1.781976,s1.613373,s194.181607
137_14,s-0.765096,s0.984592,s327.687609
137_15,s-0.273392,s-1.116183,s159.202808
137_16,s0.044817,s-1.856466,s197.320498
137_17,s1.558253,s-1.641956,s-3.699498
137_18,s2.611707,s-1.693220,s211.137270
137_19,s2.257958,s1.388045,s216.528525
137_20,s1.261920,s-2.165889,s241.179117
137_21,s-0.168471,s1.250945,s236.373327
137_22,s-1.703777,s0.438297,s195.357912
137_23,s-1.152341,s-1.350987,s58.806933
137_24,s0.780740,s1.921168,s37.145175
137_25,s0.050908,s2.484983,s61.874822
137_26,s-2.308953,s-1.592235,s41.863271
137_27,s2.364668,s-0.261190,s211.010627
137_28,s2.764946,s2.045571,s69.863657
137_29,s-1.890182,s1.483378,s181.123707
137_30,s-0.983571,s2.451713,s91.681766
137_31,s1.345936,s-0.401194,s91.064410
137_32,s-0.727166,s-1.935403,s78.000027
137_33,s0.171089,s-3.092501,s-1.077689
137_34,s2.477994,s-3.294531,s212.795270
137_35,s-1.123758,s-2.436481,s46.777709
137_36,s-1.865425,s-0.251902,s126.005726
137_37,s-2.519329,s0.415812,s239.552345
137_38,s-2.815465,s-0.668711,s329.410167
137_39,s-2.110419,s-2.010038,s30.327222
137_40,s2.291403,s0.136723,s177.960466
137_41,s-0.604961,s-2.503526,s337.188307
137_42,s1.419727,s-2.818233,s193.987406
137_43,s-2.781300,s1.093819,s87.665230
137_44,s-1.622875,s-2.845562,s208.717979
137_45,s-3.280884,s-0.099691,s7.562940
137_46,s2.221508,s-2.808825,s330.589671
137_47,s2.858037,s-0.253667,s3.188687
137_48,s-0.209541,s1.973691,s117.365009
137_49,s0.880539,s-3.072670,s185.627301
137_50,s1.518562,s2.115563,s27.814549
137_51,s-0.494150,s3.052544,s328.373471
137_52,s-0.526558,s-2.958981,s192.965760
137_53,s-1.724927,s1.899337,s325.437214
137_54,s-2.713876,s-2.338028,s331.374318
137_55,s-3.553312,s-0.696782,s109.410371
137_56,s-1.176400,s-3.197659,s234.635359
137_57,s-3.216961,s1.943520,s252.793861
137_58,s-3.702843,s1.440214,s271.390548
137_59,s3.013030,s1.237687,s-0.932523
137_60,s-3.749332,s0.658158,s90.797085
137_61,s-1.851606,s3.198590,s149.061645
137_62,s3.234936,s-1.907340,s305.224235
137_63,s-3.113344,s-1.772281,s1.175238
137_64,s-2.170902,s2.370070,s179.970807
137_65,s2.836643,s2.487876,s210.049159
137_66,s-3.660051,s2.117107,s-7.496249
137_67,s-2.072257,s-3.266187,s270.910579
137_68,s1.673653,s2.980028,s229.562320
137_69,s0.687319,s3.046631,s74.834315
137_70,s3.065838,s-0.612233,s272.361167
137_71,s0.028510,s-3.930898,s298.229180
137_72,s-4.022029,s-0.324391,s84.981742
137_73,s1.406971,s3.318738,s47.812910
137_74,s0.311939,s3.815105,s239.983683
137_75,s-1.721162,s3.816493,s300.550775
137_76,s-3.870082,s-1.726227,s61.520620
137_77,s-2.852526,s2.552818,s205.016000
137_78,s-2.295908,s-2.968639,s69.010501
137_79,s-4.655032,s0.284719,s267.670175
137_80,s3.648742,s0.898829,s91.166254
137_81,s-1.379113,s-3.875209,s269.926797
137_82,s-1.043388,s3.413512,s155.187737
137_83,s-0.730371,s4.370973,s149.641931
137_84,s-2.500946,s3.350115,s298.702850
137_85,s-3.111905,s2.961829,s272.741730
137_86,s1.933860,s-4.009281,s56.225657
137_87,s3.398237,s1.711788,s301.572401
137_88,s-4.996329,s0.558189,s15.277649
137_89,s-4.798966,s1.514352,s-4.654178
137_90,s0.206392,s4.247837,s74.467899
137_91,s3.984018,s-0.240304,s331.967663
137_92,s-4.154397,s-2.736474,s299.920669
137_93,s-0.479290,s-4.068606,s234.627656
137_94,s2.071970,s3.594196,s183.781521
137_95,s-2.267883,s-3.694331,s156.707568
137_96,s-4.609539,s-2.483747,s126.200790
137_97,s-2.500589,s4.421158,s17.060946
137_98,s0.660007,s-4.013695,s254.428698
137_99,s-3.582636,s3.348803,s-5.119638
137_100,s-3.617917,s-3.756152,s285.187559
137_101,s-4.159204,s3.101218,s0.720523
137_102,s0.671250,s4.666497,s174.852405
137_103,s-5.852579,s0.542971,s241.924221
137_104,s-0.961646,s4.760611,s40.437045
137_105,s-5.055273,s-0.647760,s212.662012
137_106,s2.744902,s3.127213,s298.533748
137_107,s4.032672,s1.508406,s239.565855
137_108,s-4.222690,s2.622751,s179.043755
137_109,s3.245094,s-1.244175,s262.173142
137_110,s-2.049946,s4.908004,s187.458740
137_111,s-1.694326,s-4.296102,s182.477424
137_112,s4.000883,s0.846988,s316.614568
137_113,s-5.516830,s1.618174,s177.262570
137_114,s-2.872680,s-4.463186,s101.650005
137_115,s-1.176810,s-4.446951,s243.772040
137_116,s4.261796,s-0.632122,s211.762490
137_117,s-0.488634,s-4.539850,s174.336275
137_118,s-4.326205,s3.452417,s-0.288010
137_119,s2.543016,s4.017220,s59.022302
137_120,s0.977375,s-5.101129,s92.281565
137_121,s-5.243773,s-1.370640,s34.811707
137_122,s-5.554245,s-0.340774,s268.677004
137_123,s-0.161184,s4.978767,s300.861890
137_124,s-3.274824,s4.561584,s330.277623
137_125,s3.351804,s-2.365158,s206.688973
137_126,s-4.517343,s-2.016295,s33.571829
137_127,s3.550359,s2.877384,s176.818267
137_128,s3.973732,s-2.212771,s95.140158
137_129,s3.469558,s-3.675765,s146.810587
137_130,s3.019273,s3.740900,s320.793055
137_131,s4.261920,s2.252006,s329.366567
137_132,s1.557843,s4.755966,s329.672539
137_133,s-5.010278,s3.112616,s240.737766
137_134,s-4.204983,s-3.497303,s213.574768
137_135,s-5.522545,s-1.989967,s149.820466
137_136,s4.967427,s-0.037883,s151.487417
138_0,s0.025077,s0.092699,s0.746584
138_1,s0.578721,s0.176793,s299.574405
138_2,s0.344445,s-0.755064,s185.342513
138_3,s-0.613565,s-0.590422,s287.202893
138_4,s-0.520427,s0.515830,s181.116956
138_5,s0.580186,s1.025836,s254.844895
138_6,s-1.132666,s0.053144,s279.170372
138_7,s1.720606,s0.630408,s33.372699
138_8,s-1.814772,s-1.054077,s82.553714
138_9,s-0.851243,s-1.051826,s35.126842
138_10,s0.244174,s1.569141,s260.671118
138_11,s-1.512723,s1.071907,s218.706376
138_12,s0.759626,s-0.447088,s299.240370
138_13,s1.734837,s1.603400,s198.194431
138_14,s-0.765096,s0.984592,s327.687609
138_15,s-0.217229,s-1.143279,s156.277103
138_16,s0.044817,s-1.856466,s197.320498
138_17,s1.528293,s-1.344490,s179.061536
138_18,s2.607895,s-1.692424,s212.339795
138_19,s2.294196,s1.328922,s220.102892
138_20,s1.267483,s-2.104389,s147.322183
138_21,s-0.168471,s1.250945,s236.373327
138_22,s-1.703777,s0.438297,s195.357912
138_23,s-1.152341,s-1.350987,s58.806933
138_24,s0.799984,s1.936265,s31.659823
138_25,s0.032168,s2.406011,s59.691371
138_26,s-2.308953,s-1.592235,s41.863271
138_27,s2.364668,s-0.261190,s211.010627
138_28,s2.764946,s2.045571,s69.863657
138_29,s-1.890182,s1.483378,s181.123707
138_30,s-0.983571,s2.451713,s91.681766
138_31,s1.345936,s-0.401194,s91.064410
138_32,s-0.727166,s-1.935403,s78.000027
138_33,s0.171089,s-3.092501,s-1.077689
138_34,s2.324560,s-3.312300,s206.033600
138_35,s-1.112298,s-2.422692,s47.532644
138_36,s-1.772783,s-0.336054,s125.371044
138_37,s-2.533565,s0.476407,s240.305602
138_38,s-2.754519,s-0.706403,s324.749478
138_39,s-2.110419,s-2.010038,s30.327222
138_40,s2.291403,s0.136723,s177.960466
138_41,s-0.625749,s-2.514554,s336.105974
138_42,s1.352998,s-2.834501,s174.381722
138_43,s-2.624253,s1.125933,s122.464074
138_44,s-1.622875,s-2.845562,s208.717979
138_45,s-3.310015,s-0.143886,s6.379744
138_46,s2.269203,s-2.923892,s328.427524
138_47,s2.858037,s-0.253667,s3.188687
138_48,s-0.191478,s1.962130,s118.831917
138_49,s0.812665,s-3.062106,s188.649300
138_50,s1.530142,s2.035435,s150.908919
138_51,s-0.494150,s3.052544,s328.373471
138_52,s-0.526164,s-2.949451,s193.811913
138_53,s-1.724927,s1.899337,s325.437214
138_54,s-2.713876,s-2.338028,s331.374318
138_55,s-3.565362,s-0.605479,s181.349295
138_56,s-1.176400,s-3.197659,s234.635359
138_57,s-3.211547,s1.941282,s251.018197
138_58,s-3.684341,s1.397317,s271.338912
138_59,s3.013030,s1.237687,s-0.932523
138_60,s-3.823786,s0.674602,s84.075669
138_61,s-1.851606,s3.198590,s149.061645
138_62,s3.260342,s-1.873823,s303.040511
138_63,s-2.987506,s-1.767260,s-2.120481
138_64,s-2.170902,s2.370070,s179.970807
138_65,s2.836643,s2.487876,s210.049159
138_66,s-3.713415,s2.174850,s-11.467254
138_67,s-2.072257,s-3.266187,s270.910579
138_68,s1.673653,s2.980028,s229.562320
138_69,s0.824697,s2.923235,s77.581920
138_70,s3.071413,s-0.612697,s269.821361
138_71,s0.025467,s-3.954237,s297.970646
138_72,s-4.022029,s-0.324391,s84.981742
138_73,s1.394642,s3.400778,s48.381601
138_74,s0.311939,s3.815105,s239.983683
138_75,s-1.721162,s3.816493,s300.550775
138_76,s-3.870384,s-1.711448,s62.586695
138_77,s-2.859027,s2.549916,s208.709869
138_78,s-2.386342,s-3.015092,s64.419296
138_79,s-4.634330,s0.273822,s266.037472
138_80,s3.648742,s0.898829,s91.166254
138_81,s-1.467745,s-3.835330,s269.185073
138_82,s-0.923605,s3.536990,s155.573470
138_83,s-0.730371,s4.370973,s149.641931
138_84,s-2.500946,s3.350115,s298.702850
138_85,s-3.111905,s2.961829,s272.741730
138_86,s1.967362,s-4.070579,s58.740322
138_87,s3.452315,s1.579473,s306.312682
138_88,s-4.959860,s0.534356,s19.080955
138_89,s-4.822157,s1.266847,s297.035851
138_90,s0.221710,s4.297613,s74.187844
138_91,s3.932553,s-0.142163,s58.188944
138_92,s-4.006327,s-2.790076,s327.219720
138_93,s-0.479290,s-4.068606,s234.627656
138_94,s2.121354,s3.565725,s186.528664
138_95,s-2.261958,s-3.896041,s161.055658
138_96,s-4.491168,s-2.508462,s125.134337
138_97,s-2.526649,s4.415418,s238.594222
138_98,s0.660007,s-4.013695,s254.428698
138_99,s-3.466614,s3.306823,s1.420633
138_100,s-3.561221,s-3.735406,s294.373718
138_101,s-4.159204,s3.101218,s0.720523
138_102,s0.716896,s4.641874,s174.686000
138_103,s-5.792327,s0.485114,s237.666062
138_104,s-0.973100,s4.886852,s39.665954
138_105,s-4.988799,s-0.713520,s220.376389
138_106,s2.741960,s3.119113,s294.699124
138_107,s4.032672,s1.508406,s239.565855
138_108,s-4.172973,s2.661335,s176.571347
138_109,s3.248423,s-1.170587,s262.690734
138_110,s-1.887626,s4.956056,s331.445149
138_111,s-1.725013,s-4.265853,s181.340387
138_112,s4.000883,s0.846988,s316.614568
138_113,s-5.423465,s1.647882,s182.091120
138_114,s-2.802568,s-4.423707,s104.751458
138_115,s-1.215926,s-4.441496,s208.431581
138_116,s4.306807,s-0.656023,s218.888308
138_117,s-0.488634,s-4.539850,s174.336275
138_118,s-4.326205,s3.452417,s-0.288010
138_119,s2.619797,s3.909470,s59.903194
138_120,s0.962591,s-5.009083,s119.056975
138_121,s-5.291680,s-1.338970,s125.374466
138_122,s-5.505085,s-0.357452,s266.694257
138_123,s-0.187128,s5.062039,s1.077219
138_124,s-3.278233,s4.521609,s327.171588
138_125,s3.311263,s-2.371491,s205.916950
138_126,s-4.585690,s-1.923096,s32.239708
138_127,s3.414512,s2.829661,s187.325921
138_128,s3.992396,s-2.188502,s237.895901
138_129,s3.667244,s-3.461563,s204.889025
138_130,s2.991918,s3.785649,s319.861734
138_131,s4.488934,s2.341089,s333.729136
138_132,s1.398030,s4.874031,s330.732750
138_133,s-5.006054,s3.112097,s27.823808
138_134,s-4.156977,s-3.430093,s208.521442
138_135,s-5.486917,s-1.976473,s150.617505
138_136,s4.944439,s-0.014500,s30.349432
138_137,s3.704903,s3.362568,s210.411200
139_0,s0.025077,s0.092699,s0.746584
139_1,s0.578721,s0.176793,s299.574405
139_2,s0.314259,s-0.861353,s268.942798
139_3,s-0.613565,s-0.590422,s287.202893
139_4,s-0.520427,s0.515830,s181.116956
139_5,s0.580186,s1.025836,s254.844895
139_6,s-1.132666,s0.053144,s279.170372
139_7,s1.722632,s0.541625,s34.466380
139_8,s-1.814772,s-1.054077,s82.553714
139_9,s-0.851243,s-1.051826,s35.126842
139_10,s0.270383,s1.538866,s272.468353
139_11,s-1.465558,s0.954682,s220.248418
139_12,s0.759626,s-0.447088,s299.240370
139_13,s1.734837,s1.603400,s198.194431
139_14,s-0.765096,s0.984592,s327.687609
139_15,s-0.196920,s-1.139831,s330.834353
139_16,s0.044817,s-1.856466,s197.320498
139_17,s1.573278,s-1.394155,s87.742976
139_18,s2.757357,s-1.702051,s211.804783
139_19,s2.312228,s1.333089,s219.428431
139_20,s1.267483,s-2.104389,s147.322183
139_21,s-0.168471,s1.250945,s236.373327
139_22,s-1.703777,s0.438297,s195.357912
139_23,s-1.152341,s-1.350987,s58.806933
139_24,s0.799984,s1.936265,s31.659823
139_25,s0.032168,s2.406011,s59.691371
139_26,s-2.308953,s-1.592235,s41.863271
139_27,s2.364668,s-0.261190,s211.010627
139_28,s2.764946,s2.045571,s69.863657
139_29,s-1.967356,s1.562950,s181.133278
139_30,s-0.983571,s2.451713,s91.681766
139_31,s1.345936,s-0.401194,s91.064410
139_32,s-0.727166,s-1.935403,s78.000027
139_33,s0.171089,s-3.092501,s-1.077689
139_34,s2.324560,s-3.312300,s206.033600
139_35,s-1.112298,s-2.422692,s47.532644
139_36,s-1.832639,s-0.340150,s125.705120
139_37,s-2.533565,s0.476407,s240.305602
139_38,s-2.754519,s-0.706403,s324.749478
139_39,s-2.110419,s-2.010038,s30.327222
139_40,s2.291403,s0.136723,s177.960466
139_41,s-0.625749,s-2.514554,s336.105974
139_42,s1.352998,s-2.834501,s174.381722
139_43,s-2.624253,s1.125933,s122.464074
139_44,s-1.622875,s-2.845562,s208.717979
139_45,s-3.170049,s-0.190949,s14.160125
139_46,s2.269203,s-2.923892,s328.427524
139_47,s2.858037,s-0.253667,s3.188687
139_48,s-0.191478,s1.962130,s118.831917
139_49,s0.812665,s-3.062106,s188.649300
139_50,s1.530142,s2.035435,s150.908919
139_51,s-0.494150,s3.052544,s328.373471
139_52,s-0.526164,s-2.949451,s193.811913
139_53,s-1.724927,s1.899337,s325.437214
139_54,s-2.713876,s-2.338028,s331.374318
139_55,s-3.517469,s-0.645147,s176.799484
139_56,s-1.176400,s-3.197659,s234.635359
139_57,s-3.258872,s2.012623,s250.448463
139_58,s-3.651933,s1.347802,s264.916495
139_59,s3.013030,s1.237687,s-0.932523
139_60,s-3.937122,s0.717103,s81.707232
139_61,s-1.851606,s3.198590,s149.061645
139_62,s3.403810,s-1.878732,s305.487348
139_63,s-3.113936,s-1.804143,s-2.780131
139_64,s-2.170902,s2.370070,s179.970807
139_65,s2.836643,s2.487876,s210.049159
139_66,s-3.701724,s2.220473,s-5.365664
139_67,s-2.072257,s-3.266187,s270.910579
139_68,s1.746553,s2.982057,s224.283072
139_69,s0.824697,s2.923235,s77.581920
139_70,s2.993131,s-0.624024,s269.195311
139_71,s0.044988,s-3.922335,s301.697916
139_72,s-4.275420,s-0.257091,s180.583203
139_73,s1.394642,s3.400778,s48.381601
139_74,s0.350568,s3.823915,s237.686327
139_75,s-1.721162,s3.816493,s300.550775
139_76,s-3.870384,s-1.711448,s62.586695
139_77,s-2.859027,s2.549916,s208.709869
139_78,s-2.506005,s-3.023433,s64.454265
139_79,s-4.634330,s0.273822,s266.037472
139_80,s3.648742,s0.898829,s91.166254
139_81,s-1.492714,s-3.832419,s266.533338
139_82,s-0.937993,s3.522033,s154.911887
139_83,s-0.783500,s4.377057,s239.556623
139_84,s-2.500946,s3.350115,s298.702850
139_85,s-3.111905,s2.961829,s272.741730
139_86,s1.967362,s-4.070579,s58.740322
139_87,s3.452315,s1.579473,s306.312682
139_88,s-4.959860,s0.534356,s19.080955
139_89,s-4.781352,s1.287941,s-1.548792
139_90,s0.196557,s4.354121,s71.479134
139_91,s3.931095,s-0.242312,s53.077242
139_92,s-3.995756,s-2.761472,s326.459948
139_93,s-0.479290,s-4.068606,s234.627656
139_94,s2.121354,s3.565725,s186.528664
139_95,s-2.246177,s-3.854671,s166.657876
139_96,s-4.491168,s-2.508462,s125.134337
139_97,s-2.572115,s4.397753,s243.518820
139_98,s0.613565,s-4.091716,s254.342390
139_99,s-3.466614,s3.306823,s1.420633
139_100,s-3.553117,s-3.652103,s298.246855
139_101,s-4.159204,s3.101218,s0.720523
139_102,s0.744801,s4.678063,s1.734109
139_103,s-5.778268,s0.498278,s238.525312
139_104,s-0.973100,s4.886852,s39.665954
139_105,s-4.921564,s-0.735184,s222.863494
139_106,s2.710457,s3.030340,s293.963894
139_107,s4.032672,s1.508406,s239.565855
139_108,s-4.172973,s2.661335,s176.571347
139_109,s3.248423,s-1.170587,s262.690734
139_110,s-1.935448,s4.969909,s325.913134
139_111,s-1.725013,s-4.265853,s181.340387
139_112,s4.000883,s0.846988,s316.614568
139_113,s-5.522860,s1.559676,s182.684072
139_114,s-2.802568,s-4.423707,s104.751458
139_115,s-1.215926,s-4.441496,s208.431581
139_116,s4.324424,s-0.622860,s232.611925
139_117,s-0.488634,s-4.539850,s174.336275
139_118,s-4.326205,s3.452417,s-0.288010
139_119,s2.582650,s3.986203,s55.245813
139_120,s0.944518,s-5.004105,s116.630956
139_121,s-5.261884,s-1.311391,s123.481481
139_122,s-5.517949,s-0.278311,s267.599403
139_123,s-0.187128,s5.062039,s1.077219
139_124,s-3.346635,s4.608926,s335.448342
139_125,s3.311263,s-2.371491,s205.916950
139_126,s-4.595685,s-1.950395,s28.664452
139_127,s3.414512,s2.829661,s187.325921
139_128,s3.992396,s-2.188502,s237.895901
139_129,s3.653245,s-3.521240,s204.222720
139_130,s2.938796,s3.839579,s316.476654
139_131,s4.526489,s2.344301,s339.800128
139_132,s1.335204,s4.749035,s334.203807
139_133,s-5.001964,s3.064546,s31.355505
139_134,s-4.319383,s-3.185863,s268.424640
139_135,s-5.512121,s-1.970321,s152.263917
139_136,s4.949633,s-0.051560,s70.121528
139_137,s3.749541,s3.402070,s207.989485
139_138,s4.007317,s-2.660359,s183.991524
140_0,s-0.041501,s0.077509,s-0.488304
140_1,s0.651779,s0.171177,s299.728784
140_2,s0.341548,s-0.866272,s270.103031
140_3,s-0.622385,s-0.621864,s284.653764
140_4,s-0.520427,s0.515830,s181.116956
140_5,s0.580186,s1.025836,s254.844895
140_6,s-1.132666,s0.053144,s279.170372
140_7,s1.722632,s0.541625,s34.466380
140_8,s-1.814772,s-1.054077,s82.553714
140_9,s-0.851243,s-1.051826,s35.126842
140_10,s0.300113,s1.525165,s277.081614
140_11,s-1.465558,s0.954682,s220.248418
140_12,s0.759626,s-0.447088,s299.240370
140_13,s1.734837,s1.603400,s198.194431
140_14,s-0.765096,s0.984592,s327.687609
140_15,s-0.196920,s-1.139831,s330.834353
140_16,s0.044817,s-1.856466,s197.320498
140_17,s1.573278,s-1.394155,s87.742976
140_18,s2.717627,s-1.728417,s151.310740
140_19,s2.312228,s1.333089,s219.428431
140_20,s1.260114,s-2.062314,s58.077930
140_21,s-0.168471,s1.250945,s236.373327
140_22,s-1.703777,s0.438297,s195.357912
140_23,s-1.152341,s-1.350987,s58.806933
140_24,s0.799984,s1.936265,s31.659823
140_25,s0.066371,s2.408907,s59.035140
140_26,s-2.308953,s-1.592235,s41.863271
140_27,s2.364668,s-0.261190,s211.010627
140_28,s2.764946,s2.045571,s69.863657
140_29,s-1.967356,s1.562950,s181.133278
140_30,s-0.983571,s2.451713,s91.681766
140_31,s1.345936,s-0.401194,s91.064410
140_32,s-0.727166,s-1.935403,s78.000027
140_33,s0.171089,s-3.092501,s-1.077689
140_34,s2.318666,s-3.331116,s208.170358
140_35,s-1.186599,s-2.496661,s43.777236
140_36,s-1.832639,s-0.340150,s125.705120
140_37,s-2.533565,s0.476407,s240.305602
140_38,s-2.791442,s-0.613484,s326.290806
140_39,s-2.110419,s-2.010038,s30.327222
140_40,s2.291403,s0.136723,s177.960466
140_41,s-0.625749,s-2.514554,s336.105974
140_42,s1.339756,s-2.829215,s181.328157
140_43,s-2.624253,s1.125933,s122.464074
140_44,s-1.622875,s-2.845562,s208.717979
140_45,s-3.399237,s-0.056490,s4.402958
140_46,s2.233847,s-2.934788,s325.605536
140_47,s2.858037,s-0.253667,s3.188687
140_48,s-0.191478,s1.962130,s118.831917
140_49,s0.812665,s-3.062106,s188.649300
140_50,s1.495207,s2.014513,s149.387061
140_51,s-0.494150,s3.052544,s328.373471
140_52,s-0.493957,s-3.017380,s194.070695
140_53,s-1.724927,s1.899337,s325.437214
140_54,s-2.713876,s-2.338028,s331.374318
140_55,s-3.517469,s-0.645147,s176.799484
140_56,s-1.176400,s-3.197659,s234.635359
140_57,s-3.258872,s2.012623,s250.448463
140_58,s-3.651933,s1.347802,s264.916495
140_59,s3.013030,s1.237687,s-0.932523
140_60,s-3.866795,s0.605058,s77.999084
140_61,s-1.851606,s3.198590,s149.061645
140_62,s3.285912,s-1.859960,s308.557670
140_63,s-3.171896,s-1.765922,s-2.199933
140_64,s-2.170902,s2.370070,s179.970807
140_65,s2.836643,s2.487876,s210.049159
140_66,s-3.661116,s2.203869,s-5.268436
140_67,s-2.072257,s-3.266187,s270.910579
140_68,s1.746553,s2.982057,s224.283072
140_69,s0.674076,s3.051877,s77.276965
140_70,s2.993131,s-0.624024,s269.195311
140_71,s0.044988,s-3.922335,s301.697916
140_72,s-4.267803,s-0.311340,s178.551000
140_73,s1.380186,s3.320507,s41.191636
140_74,s0.350568,s3.823915,s237.686327
140_75,s-1.721162,s3.816493,s300.550775
140_76,s-3.976006,s-1.624141,s71.139149
140_77,s-2.859027,s2.549916,s208.709869
140_78,s-2.526437,s-3.020642,s297.827675
140_79,s-4.583765,s0.217598,s263.340781
140_80,s3.648742,s0.898829,s91.166254
140_81,s-1.576017,s-3.840354,s274.218217
140_82,s-0.895721,s3.522142,s151.925484
140_83,s-0.793649,s4.279372,s238.256481
140_84,s-2.577699,s3.394606,s303.215773
140_85,s-3.111905,s2.961829,s272.741730
140_86,s1.967362,s-4.070579,s58.740322
140_87,s3.452315,s1.579473,s306.312682
140_88,s-4.863152,s0.568681,s12.646128
140_89,s-4.774541,s1.355232,s-12.102514
140_90,s0.191175,s4.338964,s75.335735
140_91,s3.879374,s-0.217997,s52.963007
140_92,s-4.080464,s-2.755689,s330.386771
140_93,s-0.479290,s-4.068606,s234.627656
140_94,s2.121354,s3.565725,s186.528664
140_95,s-2.337505,s-3.821556,s170.108558
140_96,s-4.569487,s-2.506637,s117.072354
140_97,s-2.658815,s4.506006,s246.305086
140_98,s0.613565,s-4.091716,s254.342390
140_99,s-3.536228,s3.330900,s-2.473929
140_100,s-3.582690,s-3.653674,s330.939272
140_101,s-4.159204,s3.101218,s0.720523
140_102,s0.702814,s4.640805,s3.178866
140_103,s-5.731570,s0.558763,s242.016168
140_104,s-0.856762,s5.011515,s45.828689
140_105,s-4.838571,s-0.746765,s221.856741
140_106,s2.746773,s3.158834,s303.216974
140_107,s4.032672,s1.508406,s239.565855
140_108,s-4.172973,s2.661335,s176.571347
140_109,s3.248423,s-1.170587,s262.690734
140_110,s-1.929558,s4.918789,s323.808887
140_111,s-1.769614,s-4.315673,s178.497160
140_112,s4.000883,s0.846988,s316.614568
140_113,s-5.522860,s1.559676,s182.684072
140_114,s-2.774978,s-4.362054,s104.164140
140_115,s-1.279541,s-4.488482,s211.729147
140_116,s4.386726,s-0.526826,s234.398059
140_117,s-0.413258,s-4.581951,s176.088208
140_118,s-4.326205,s3.452417,s-0.288010
140_119,s2.580431,s3.984216,s59.124469
140_120,s0.989277,s-5.107415,s110.110106
140_121,s-5.354345,s-1.365013,s130.195150
140_122,s-5.517949,s-0.278311,s267.599403
140_123,s-0.245384,s5.001719,s272.648530
140_124,s-3.440705,s4.502919,s211.281521
140_125,s3.311263,s-2.371491,s205.916950
140_126,s-4.612249,s-1.986276,s29.969845
140_127,s3.451312,s2.907411,s183.187226
140_128,s3.992396,s-2.188502,s237.895901
140_129,s3.545056,s-3.469468,s117.025489
140_130,s2.938796,s3.839579,s316.476654
140_131,s4.516975,s2.513985,s335.420859
140_132,s1.454818,s4.477234,s341.744939
140_133,s-5.082461,s2.952613,s26.334158
140_134,s-4.347456,s-3.222419,s115.683709
140_135,s-5.752139,s-2.093608,s165.356694
140_136,s4.829104,s-0.114376,s72.843667
140_137,s3.726934,s3.445002,s207.895823
140_138,s4.020877,s-2.704846,s188.635342
140_139,s-5.789238,s-0.907920,s3.418622
141_0,s0.049266,s0.086082,s6.426268
141_1,s0.653744,s0.187952,s298.904970
141_2,s0.314701,s-0.909017,s210.480754
141_3,s-0.611753,s-0.638720,s282.936477
141_4,s-0.520427,s0.515830,s181.116956
141_5,s0.628810,s0.999938,s241.956939
141_6,s-1.132666,s0.053144,s279.170372
141_7,s1.804516,s0.467298,s34.394935
141_8,s-1.814772,s-1.054077,s82.553714
141_9,s-0.851243,s-1.051826,s35.126842
141_10,s0.179667,s1.519497,s276.078895
141_11,s-1.454790,s0.990071,s220.498035
141_12,s0.759626,s-0.447088,s299.240370
141_13,s1.706339,s1.543571,s202.385019
141_14,s-0.769675,s0.950413,s329.721790
141_15,s-0.294993,s-1.185035,s326.912102
141_16,s0.044817,s-1.856466,s197.320498
141_17,s1.533067,s-1.353411,s88.998630
141_18,s2.703136,s-1.682943,s210.395097
141_19,s2.312228,s1.333089,s219.428431
141_20,s1.265492,s-2.069902,s59.257171
141_21,s-0.189197,s1.163282,s248.210358
141_22,s-1.707567,s0.480487,s197.968365
141_23,s-1.152341,s-1.350987,s58.806933
141_24,s0.781927,s1.943789,s31.613138
141_25,s0.131165,s2.408043,s77.286635
141_26,s-2.308953,s-1.592235,s41.863271
141_27,s2.364668,s-0.261190,s211.010627
141_28,s2.764946,s2.045571,s69.863657
141_29,s-1.967356,s1.562950,s181.133278
141_30,s-0.983571,s2.451713,s91.681766
141_31,s1.345936,s-0.401194,s91.064410
141_32,s-0.727166,s-1.935403,s78.000027
141_33,s0.171089,s-3.092501,s-1.077689
141_34,s2.316434,s-3.269619,s207.564897
141_35,s-1.273072,s-2.345585,s42.937372
141_36,s-1.771001,s-0.308578,s125.867733
141_37,s-2.550434,s0.384928,s240.071699
141_38,s-2.791442,s-0.613484,s326.290806
141_39,s-2.110419,s-2.010038,s30.327222
141_40,s2.291403,s0.136723,s177.960466
141_41,s-0.625749,s-2.514554,s336.105974
141_42,s1.332218,s-2.824273,s185.029962
141_43,s-2.587210,s1.140631,s117.050540
141_44,s-1.622875,s-2.845562,s208.717979
141_45,s-3.402090,s-0.079767,s92.231051
141_46,s2.271102,s-2.871454,s316.034395
141_47,s2.858037,s-0.253667,s3.188687
141_48,s-0.309783,s1.942870,s122.654181
141_49,s0.812665,s-3.062106,s188.649300
141_50,s1.473005,s2.135295,s30.274141
141_51,s-0.552909,s3.031821,s329.792048
141_52,s-0.542981,s-2.929620,s191.484452
141_53,s-1.724927,s1.899337,s325.437214
141_54,s-2.797056,s-2.435040,s332.947292
141_55,s-3.681501,s-0.664964,s209.843124
141_56,s-1.176400,s-3.197659,s234.635359
141_57,s-3.258872,s2.012623,s250.448463
141_58,s-3.641075,s1.365197,s269.050481
141_59,s3.013030,s1.237687,s-0.932523
141_60,s-3.791382,s0.794956,s73.706046
141_61,s-1.851606,s3.198590,s149.061645
141_62,s3.356746,s-1.824725,s302.157953
141_63,s-3.167244,s-1.902736,s-0.368212
141_64,s-2.170902,s2.370070,s179.970807
141_65,s2.836643,s2.487876,s210.049159
141_66,s-3.661116,s2.203869,s-5.268436
141_67,s-2.072257,s-3.266187,s270.910579
141_68,s1.750710,s2.964907,s222.365325
141_69,s0.735346,s2.877966,s81.442396
141_70,s2.993131,s-0.624024,s269.195311
141_71,s0.014577,s-3.906573,s301.601152
141_72,s-4.366147,s-0.266494,s179.150580
141_73,s1.386572,s3.294840,s32.429895
141_74,s0.393417,s3.794904,s235.150106
141_75,s-1.721162,s3.816493,s300.550775
141_76,s-3.976006,s-1.624141,s71.139149
141_77,s-2.859027,s2.549916,s208.709869
141_78,s-2.631351,s-3.034595,s296.229543
141_79,s-4.583765,s0.217598,s263.340781
141_80,s3.648742,s0.898829,s91.166254
141_81,s-1.654279,s-3.827007,s272.317438
141_82,s-0.844763,s3.695555,s147.385717
141_83,s-0.843621,s4.216817,s234.622924
141_84,s-2.577699,s3.394606,s303.215773
141_85,s-3.093162,s2.953624,s264.691478
141_86,s2.026592,s-4.296745,s65.562938
141_87,s3.452315,s1.579473,s306.312682
141_88,s-4.830969,s0.537041,s13.419972
141_89,s-4.775151,s1.352298,s-11.851670
141_90,s0.240906,s4.301670,s78.519900
141_91,s3.756370,s-0.146178,s55.416567
141_92,s-3.940701,s-2.674651,s334.223583
141_93,s-0.517289,s-4.031328,s235.658845
141_94,s2.202135,s3.546238,s189.729407
141_95,s-2.295296,s-3.798769,s169.879230
141_96,s-4.569487,s-2.506637,s117.072354
141_97,s-2.608856,s4.513265,s250.638036
141_98,s0.548611,s-4.128634,s261.500947
141_99,s-3.574091,s3.249529,s-11.755832
141_100,s-3.646966,s-3.796385,s26.484198
141_101,s-4.159204,s3.101218,s0.720523
141_102,s0.668600,s4.586185,s333.281385
141_103,s-5.725034,s0.562430,s-0.550666
141_104,s-0.805448,s5.064119,s118.883310
141_105,s-4.853881,s-0.739909,s218.072929
141_106,s2.630409,s3.088158,s306.044373
141_107,s4.032672,s1.508406,s239.565855
141_108,s-4.160536,s2.675586,s181.501965
141_109,s3.255331,s-1.161625,s262.751904
141_110,s-1.891420,s4.882618,s321.699146
141_111,s-1.860363,s-4.308340,s179.924449
141_112,s4.000883,s0.846988,s316.614568
141_113,s-5.448921,s1.487047,s180.322591
141_114,s-2.777176,s-4.334343,s103.991598
141_115,s-1.236387,s-4.459993,s207.631597
141_116,s4.347254,s-0.428913,s230.508747
141_117,s-0.415924,s-4.574314,s177.688944
141_118,s-4.326205,s3.452417,s-0.288010
141_119,s2.580431,s3.984216,s59.124469
141_120,s1.031064,s-5.220407,s30.506551
141_121,s-5.354345,s-1.365013,s130.195150
141_122,s-5.522371,s-0.251953,s265.197747
141_123,s-0.282972,s4.886559,s273.536635
141_124,s-3.446266,s4.527141,s213.007857
141_125,s3.301330,s-2.448749,s205.908807
141_126,s-4.622275,s-1.982943,s25.201239
141_127,s3.426784,s2.902411,s189.746626
141_128,s3.836194,s-2.183346,s241.146154
141_129,s3.509775,s-3.476284,s115.480174
141_130,s2.938796,s3.839579,s316.476654
141_131,s4.432079,s2.521816,s334.542145
141_132,s1.416247,s4.376217,s341.842443
141_133,s-4.959253,s3.066204,s1.818917
141_134,s-4.390233,s-3.244359,s107.936701
141_135,s-5.780329,s-2.048653,s208.926315
141_136,s4.763248,s0.064064,s82.069363
141_137,s3.726934,s3.445002,s207.895823
141_138,s4.020877,s-2.704846,s188.635342
141_139,s-5.829747,s-0.844602,s1.070486
141_140,s1.951362,s5.440642,s211.848363
142_0,s0.049266,s0.086082,s6.426268
142_1,s0.653744,s0.187952,s298.904970
142_2,s0.314701,s-0.909017,s210.480754
142_3,s-0.611753,s-0.638720,s282.936477
142_4,s-0.520427,s0.515830,s181.116956
142_5,s0.628810,s0.999938,s241.956939
142_6,s-1.132666,s0.053144,s279.170372
142_7,s1.804516,s0.467298,s34.394935
142_8,s-1.814772,s-1.054077,s82.553714
142_9,s-0.851243,s-1.051826,s35.126842
142_10,s0.179667,s1.519497,s276.078895
142_11,s-1.454790,s0.990071,s220.498035
142_12,s0.759626,s-0.447088,s299.240370
142_13,s1.706339,s1.543571,s202.385019
142_14,s-0.769675,s0.950413,s329.721790
142_15,s-0.294993,s-1.185035,s326.912102
142_16,s0.044817,s-1.856466,s197.320498
142_17,s1.533067,s-1.353411,s88.998630
142_18,s2.703136,s-1.682943,s210.395097
142_19,s2.312228,s1.333089,s219.428431
142_20,s1.265492,s-2.069902,s59.257171
142_21,s-0.189197,s1.163282,s248.210358
142_22,s-1.707567,s0.480487,s197.968365
142_23,s-1.152341,s-1.350987,s58.806933
142_24,s0.781927,s1.943789,s31.613138
142_25,s0.131165,s2.408043,s77.286635
142_26,s-2.308953,s-1.592235,s41.863271
142_27,s2.364668,s-0.261190,s211.010627
142_28,s2.764946,s2.045571,s69.863657
142_29,s-1.967356,s1.562950,s181.133278
142_30,s-0.983571,s2.451713,s91.681766
142_31,s1.345936,s-0.401194,s91.064410
142_32,s-0.727166,s-1.935403,s78.000027
142_33,s0.171089,s-3.092501,s-1.077689
142_34,s2.316434,s-3.269619,s207.564897
142_35,s-1.273072,s-2.345585,s42.937372
142_36,s-1.771001,s-0.308578,s125.867733
142_37,s-2.550434,s0.384928,s240.071699
142_38,s-2.791442,s-0.613484,s326.290806
142_39,s-2.110419,s-2.010038,s30.327222
142_40,s2.291403,s0.136723,s177.960466
142_41,s-0.625749,s-2.514554,s336.105974
142_42,s1.332218,s-2.824273,s185.029962
142_43,s-2.587210,s1.140631,s117.050540
142_44,s-1.622875,s-2.845562,s208.717979
142_45,s-3.402090,s-0.079767,s92.231051
142_46,s2.271102,s-2.871454,s316.034395
142_47,s2.858037,s-0.253667,s3.188687
142_48,s-0.309783,s1.942870,s122.654181
142_49,s0.812665,s-3.062106,s188.649300
142_50,s1.473005,s2.135295,s30.274141
142_51,s-0.552909,s3.031821,s329.792048
142_52,s-0.542981,s-2.929620,s191.484452
142_53,s-1.724927,s1.899337,s325.437214
142_54,s-2.797056,s-2.435040,s332.947292
142_55,s-3.681501,s-0.664964,s209.843124
142_56,s-1.176400,s-3.197659,s234.635359
142_57,s-3.258872,s2.012623,s250.448463
142_58,s-3.641075,s1.365197,s269.050481
142_59,s3.013030,s1.237687,s-0.932523
142_60,s-3.791382,s0.794956,s73.706046
142_61,s-1.851606,s3.198590,s149.061645
142_62,s3.356746,s-1.824725,s302.157953
142_63,s-3.167244,s-1.902736,s-0.368212
142_64,s-2.170902,s2.370070,s179.970807
142_65,s2.836643,s2.487876,s210.049159
142_66,s-3.661116,s2.203869,s-5.268436
142_67,s-2.072257,s-3.266187,s270.910579
142_68,s1.750710,s2.964907,s222.365325
142_69,s0.735346,s2.877966,s81.442396
142_70,s2.993131,s-0.624024,s269.195311
142_71,s0.014577,s-3.906573,s301.601152
142_72,s-4.366147,s-0.266494,s179.150580
142_73,s1.386572,s3.294840,s32.429895
142_74,s0.393417,s3.794904,s235.150106
142_75,s-1.721162,s3.816493,s300.550775
142_76,s-3.976006,s-1.624141,s71.139149
142_77,s-2.859027,s2.549916,s208.709869
142_78,s-2.631351,s-3.034595,s296.229543
142_79,s-4.583765,s0.217598,s263.340781
142_80,s3.648742,s0.898829,s91.166254
142_81,s-1.654279,s-3.827007,s272.317438
142_82,s-0.844763,s3.695555,s147.385717
142_83,s-0.843621,s4.216817,s234.622924
142_84,s-2.577699,s3.394606,s303.215773
142_85,s-3.093162,s2.953624,s264.691478
142_86,s2.026592,s-4.296745,s65.562938
142_87,s3.452315,s1.579473,s306.312682
142_88,s-4.830969,s0.537041,s13.419972
142_89,s-4.775151,s1.352298,s-11.851670
142_90,s0.240906,s4.301670,s78.519900
142_91,s3.756370,s-0.146178,s55.416567
142_92,s-3.940701,s-2.674651,s334.223583
142_93,s-0.517289,s-4.031328,s235.658845
142_94,s2.202135,s3.546238,s189.729407
142_95,s-2.295296,s-3.798769,s169.879230
142_96,s-4.569487,s-2.506637,s117.072354
142_97,s-2.608856,s4.513265,s250.638036
142_98,s0.548611,s-4.128634,s261.500947
142_99,s-3.574091,s3.249529,s-11.755832
142_100,s-3.646966,s-3.796385,s26.484198
142_101,s-4.159204,s3.101218,s0.720523
142_102,s0.668600,s4.586185,s333.281385
142_103,s-5.725034,s0.562430,s-0.550666
142_104,s-0.805448,s5.064119,s118.883310
142_105,s-4.853881,s-0.739909,s218.072929
142_106,s2.630409,s3.088158,s306.044373
142_107,s4.032672,s1.508406,s239.565855
142_108,s-4.160536,s2.675586,s181.501965
142_109,s3.255331,s-1.161625,s262.751904
142_110,s-1.891420,s4.882618,s321.699146
142_111,s-1.860363,s-4.308340,s179.924449
142_112,s4.000883,s0.846988,s316.614568
142_113,s-5.448921,s1.487047,s180.322591
142_114,s-2.777176,s-4.334343,s103.991598
142_115,s-1.236387,s-4.459993,s207.631597
142_116,s4.347254,s-0.428913,s230.508747
142_117,s-0.415924,s-4.574314,s177.688944
142_118,s-4.326205,s3.452417,s-0.288010
142_119,s2.580431,s3.984216,s59.124469
142_120,s1.031064,s-5.220407,s30.506551
142_121,s-5.354345,s-1.365013,s130.195150
142_122,s-5.522371,s-0.251953,s265.197747
142_123,s-0.282972,s4.886559,s273.536635
142_124,s-3.446266,s4.527141,s213.007857
142_125,s3.301330,s-2.448749,s205.908807
142_126,s-4.622275,s-1.982943,s25.201239
142_127,s3.426784,s2.902411,s189.746626
142_128,s3.836194,s-2.183346,s241.146154
142_129,s3.509775,s-3.476284,s115.480174
142_130,s2.938796,s3.839579,s316.476654
142_131,s4.432079,s2.521816,s334.542145
142_132,s1.416247,s4.376217,s341.842443
142_133,s-4.959253,s3.066204,s1.818917
142_134,s-4.390233,s-3.244359,s107.936701
142_135,s-5.780329,s-2.048653,s208.926315
142_136,s4.763248,s0.064064,s82.069363
142_137,s3.726934,s3.445002,s207.895823
142_138,s4.020877,s-2.704846,s188.635342
142_139,s-5.829747,s-0.844602,s1.070486
142_140,s1.951362,s5.440642,s211.848363
142_141,s0.327624,s-4.808852,s171.248710
143_0,s0.049266,s0.086082,s6.426268
143_1,s0.679397,s0.157755,s298.188037
143_2,s0.314701,s-0.909017,s210.480754
143_3,s-0.611753,s-0.638720,s282.936477
143_4,s-0.520427,s0.515830,s181.116956
143_5,s0.628810,s0.999938,s241.956939
143_6,s-1.132666,s0.053144,s279.170372
143_7,s1.919774,s0.523091,s40.059357
143_8,s-1.814772,s-1.054077,s82.553714
143_9,s-0.851243,s-1.051826,s35.126842
143_10,s0.179667,s1.519497,s276.078895
143_11,s-1.454790,s0.990071,s220.498035
143_12,s0.759626,s-0.447088,s299.240370
143_13,s1.643923,s1.621526,s197.317725
143_14,s-0.775262,s0.905833,s30.552677
143_15,s-0.327931,s-1.243979,s329.985532
143_16,s0.044817,s-1.856466,s197.320498
143_17,s1.558931,s-1.505488,s92.897163
143_18,s2.601037,s-1.630000,s212.827227
143_19,s2.312228,s1.333089,s219.428431
143_20,s1.313636,s-2.073605,s208.215702
143_21,s-0.189197,s1.163282,s248.210358
143_22,s-1.766190,s0.532212,s196.709122
143_23,s-1.152341,s-1.350987,s58.806933
143_24,s0.810023,s1.955972,s22.007688
143_25,s0.128741,s2.407477,s76.917102
143_26,s-2.308953,s-1.592235,s41.863271
143_27,s2.364668,s-0.261190,s211.010627
143_28,s2.764946,s2.045571,s69.863657
143_29,s-1.976905,s1.555753,s181.690029
143_30,s-0.983571,s2.451713,s91.681766
143_31,s1.345936,s-0.401194,s91.064410
143_32,s-0.727166,s-1.935403,s78.000027
143_33,s0.171089,s-3.092501,s-1.077689
143_34,s2.266881,s-3.262514,s199.994652
143_35,s-1.354404,s-2.389599,s29.289595
143_36,s-1.771001,s-0.308578,s125.867733
143_37,s-2.520070,s0.368414,s239.464010
143_38,s-2.792187,s-0.700978,s323.660124
143_39,s-2.110419,s-2.010038,s30.327222
143_40,s2.291403,s0.136723,s177.960466
143_41,s-0.625749,s-2.514554,s336.105974
143_42,s1.332218,s-2.824273,s185.029962
143_43,s-2.640779,s1.063201,s119.056268
143_44,s-1.622875,s-2.845562,s208.717979
143_45,s-3.334577,s-0.108268,s88.749643
143_46,s2.271102,s-2.871454,s316.034395
143_47,s2.858037,s-0.253667,s3.188687
143_48,s-0.309783,s1.942870,s122.654181
143_49,s0.819250,s-3.099960,s185.368529
143_50,s1.481854,s2.034231,s21.423234
143_51,s-0.535228,s3.093662,s333.884482
143_52,s-0.542981,s-2.929620,s191.484452
143_53,s-1.724927,s1.899337,s325.437214
143_54,s-2.789688,s-2.457051,s334.485772
143_55,s-3.681501,s-0.664964,s209.843124
143_56,s-1.176400,s-3.197659,s234.635359
143_57,s-3.223737,s2.013261,s248.870282
143_58,s-3.641075,s1.365197,s269.050481
143_59,s3.013030,s1.237687,s-0.932523
143_60,s-3.865273,s0.719668,s74.208863
143_61,s-1.851606,s3.198590,s149.061645
143_62,s3.369144,s-1.899335,s304.223958
143_63,s-3.117162,s-1.892406,s1.398201
143_64,s-2.170902,s2.370070,s179.970807
143_65,s2.836643,s2.487876,s210.049159
143_66,s-3.659450,s2.188677,s-4.902665
143_67,s-2.072257,s-3.266187,s270.910579
143_68,s1.750710,s2.964907,s222.365325
143_69,s0.642593,s3.106964,s89.910760
143_70,s2.993131,s-0.624024,s269.195311
143_71,s0.051513,s-3.945319,s299.684372
143_72,s-4.389469,s-0.290328,s173.834334
143_73,s1.437212,s3.261656,s26.550558
143_74,s0.393417,s3.794904,s235.150106
143_75,s-1.721162,s3.816493,s300.550775
143_76,s-3.976006,s-1.624141,s71.139149
143_77,s-2.859027,s2.549916,s208.709869
143_78,s-2.683617,s-3.087370,s299.949549
143_79,s-4.583765,s0.217598,s263.340781
143_80,s3.648742,s0.898829,s91.166254
143_81,s-1.666650,s-3.929019,s273.777174
143_82,s-0.767639,s3.686369,s148.732533
143_83,s-0.876106,s4.235350,s237.887667
143_84,s-2.577699,s3.394606,s303.215773
143_85,s-3.061441,s2.995040,s260.756843
143_86,s1.960034,s-4.233428,s69.226884
143_87,s3.452315,s1.579473,s306.312682
143_88,s-4.885977,s0.614567,s15.548917
143_89,s-4.775151,s1.352298,s-11.851670
143_90,s0.238215,s4.284709,s77.431117
143_91,s3.660204,s-0.165869,s44.307665
143_92,s-3.940701,s-2.674651,s334.223583
143_93,s-0.517289,s-4.031328,s235.658845
143_94,s2.202135,s3.546238,s189.729407
143_95,s-2.320572,s-3.763292,s170.993562
143_96,s-4.528902,s-2.445462,s115.127053
143_97,s-2.620718,s4.552940,s27.524313
143_98,s0.548611,s-4.128634,s261.500947
143_99,s-3.580124,s3.250177,s-9.721914
143_100,s-3.646966,s-3.796385,s26.484198
143_101,s-4.159204,s3.101218,s0.720523
143_102,s0.608953,s4.584672,s335.174331
143_103,s-5.859802,s0.611191,s-1.732034
143_104,s-0.823337,s5.007875,s124.407764
143_105,s-4.920847,s-0.729940,s220.150023
143_106,s2.630409,s3.088158,s306.044373
143_107,s4.032672,s1.508406,s239.565855
143_108,s-4.249461,s2.600177,s184.423625
143_109,s3.416773,s-1.125537,s261.244596
143_110,s-1.926331,s4.821351,s-1.757811
143_111,s-1.956062,s-4.453222,s181.301576
143_112,s4.000883,s0.846988,s316.614568
143_113,s-5.448921,s1.487047,s180.322591
143_114,s-2.839961,s-4.296516,s106.550407
143_115,s-1.219547,s-4.623749,s183.333479
143_116,s4.301680,s-0.557819,s83.807737
143_117,s-0.477293,s-4.564030,s208.409268
143_118,s-4.326205,s3.452417,s-0.288010
143_119,s2.580431,s3.984216,s59.124469
143_120,s1.031064,s-5.220407,s30.506551
143_121,s-5.394414,s-1.340481,s128.733547
143_122,s-5.497710,s-0.318576,s268.487471
143_123,s-0.308581,s4.885556,s274.131150
143_124,s-3.424805,s4.563515,s208.140278
143_125,s3.334744,s-2.439862,s210.754224
143_126,s-4.668746,s-1.871085,s21.235719
143_127,s3.426784,s2.902411,s189.746626
143_128,s3.836194,s-2.183346,s241.146154
143_129,s3.540018,s-3.455179,s152.924678
143_130,s2.920135,s3.886241,s315.933795
143_131,s4.432079,s2.521816,s334.542145
143_132,s1.416247,s4.376217,s341.842443
143_133,s-4.959253,s3.066204,s1.818917
143_134,s-4.390233,s-3.244359,s107.936701
143_135,s-5.704022,s-2.043354,s209.345155
143_136,s4.636708,s0.097418,s330.425971
143_137,s3.824366,s3.394608,s28.771705
143_138,s4.020877,s-2.704846,s188.635342
143_139,s-5.829747,s-0.844602,s1.070486
143_140,s1.959167,s5.447279,s204.655711
143_141,s0.251939,s-4.757172,s165.652946
143_142,s-4.234014,s-4.022348,s243.970133
144_0,s0.049266,s0.086082,s6.426268
144_1,s0.679397,s0.157755,s298.188037
144_2,s0.314701,s-0.909017,s210.480754
144_3,s-0.611753,s-0.638720,s282.936477
144_4,s-0.520427,s0.515830,s181.116956
144_5,s0.628810,s0.999938,s241.956939
144_6,s-1.132666,s0.053144,s279.170372
144_7,s1.919774,s0.523091,s40.059357
144_8,s-1.814772,s-1.054077,s82.553714
144_9,s-0.851243,s-1.051826,s35.126842
144_10,s0.179667,s1.519497,s276.078895
144_11,s-1.454790,s0.990071,s220.498035
144_12,s0.759626,s-0.447088,s299.240370
144_13,s1.643923,s1.621526,s197.317725
144_14,s-0.775262,s0.905833,s30.552677
144_15,s-0.327931,s-1.243979,s329.985532
144_16,s0.044817,s-1.856466,s197.320498
144_17,s1.558931,s-1.505488,s92.897163
144_18,s2.601037,s-1.630000,s212.827227
144_19,s2.312228,s1.333089,s219.428431
144_20,s1.313636,s-2.073605,s208.215702
144_21,s-0.189197,s1.163282,s248.210358
144_22,s-1.766190,s0.532212,s196.709122
144_23,s-1.152341,s-1.350987,s58.806933
144_24,s0.810023,s1.955972,s22.007688
144_25,s0.128741,s2.407477,s76.917102
144_26,s-2.308953,s-1.592235,s41.863271
144_27,s2.364668,s-0.261190,s211.010627
144_28,s2.764946,s2.045571,s69.863657
144_29,s-1.976905,s1.555753,s181.690029
144_30,s-0.983571,s2.451713,s91.681766
144_31,s1.345936,s-0.401194,s91.064410
144_32,s-0.727166,s-1.935403,s78.000027
144_33,s0.171089,s-3.092501,s-1.077689
144_34,s2.266881,s-3.262514,s199.994652
144_35,s-1.354404,s-2.389599,s29.289595
144_36,s-1.771001,s-0.308578,s125.867733
144_37,s-2.520070,s0.368414,s239.464010
144_38,s-2.792187,s-0.700978,s323.660124
144_39,s-2.110419,s-2.010038,s30.327222
144_40,s2.291403,s0.136723,s177.960466
144_41,s-0.625749,s-2.514554,s336.105974
144_42,s1.332218,s-2.824273,s185.029962
144_43,s-2.640779,s1.063201,s119.056268
144_44,s-1.622875,s-2.845562,s208.717979
144_45,s-3.334577,s-0.108268,s88.749643
144_46,s2.271102,s-2.871454,s316.034395
144_47,s2.858037,s-0.253667,s3.188687
144_48,s-0.309783,s1.942870,s122.654181
144_49,s0.819250,s-3.099960,s185.368529
144_50,s1.481854,s2.034231,s21.423234
144_51,s-0.535228,s3.093662,s333.884482
144_52,s-0.542981,s-2.929620,s191.484452
144_53,s-1.724927,s1.899337,s325.437214
144_54,s-2.789688,s-2.457051,s334.485772
144_55,s-3.681501,s-0.664964,s209.843124
144_56,s-1.176400,s-3.197659,s234.635359
144_57,s-3.223737,s2.013261,s248.870282
144_58,s-3.641075,s1.365197,s269.050481
144_59,s3.013030,s1.237687,s-0.932523
144_60,s-3.865273,s0.719668,s74.208863
144_61,s-1.851606,s3.198590,s149.061645
144_62,s3.369144,s-1.899335,s304.223958
144_63,s-3.117162,s-1.892406,s1.398201
144_64,s-2.170902,s2.370070,s179.970807
144_65,s2.836643,s2.487876,s210.049159
144_66,s-3.659450,s2.188677,s-4.902665
144_67,s-2.072257,s-3.266187,s270.910579
144_68,s1.750710,s2.964907,s222.365325
144_69,s0.642593,s3.106964,s89.910760
144_70,s2.993131,s-0.624024,s269.195311
144_71,s0.051513,s-3.945319,s299.684372
144_72,s-4.389469,s-0.290328,s173.834334
144_73,s1.437212,s3.261656,s26.550558
144_74,s0.393417,s3.794904,s235.150106
144_75,s-1.721162,s3.816493,s300.550775
144_76,s-3.976006,s-1.624141,s71.139149
144_77,s-2.859027,s2.549916,s208.709869
144_78,s-2.683617,s-3.087370,s299.949549
144_79,s-4.583765,s0.217598,s263.340781
144_80,s3.648742,s0.898829,s91.166254
144_81,s-1.666650,s-3.929019,s273.777174
144_82,s-0.767639,s3.686369,s148.732533
144_83,s-0.876106,s4.235350,s237.887667
144_84,s-2.577699,s3.394606,s303.215773
144_85,s-3.061441,s2.995040,s260.756843
144_86,s1.960034,s-4.233428,s69.226884
144_87,s3.452315,s1.579473,s306.312682
144_88,s-4.885977,s0.614567,s15.548917
144_89,s-4.775151,s1.352298,s-11.851670
144_90,s0.238215,s4.284709,s77.431117
144_91,s3.660204,s-0.165869,s44.307665
144_92,s-3.940701,s-2.674651,s334.223583
144_93,s-0.517289,s-4.031328,s235.658845
144_94,s2.202135,s3.546238,s189.729407
144_95,s-2.320572,s-3.763292,s170.993562
144_96,s-4.528902,s-2.445462,s115.127053
144_97,s-2.620718,s4.552940,s27.524313
144_98,s0.548611,s-4.128634,s261.500947
144_99,s-3.580124,s3.250177,s-9.721914
144_100,s-3.646966,s-3.796385,s26.484198
144_101,s-4.159204,s3.101218,s0.720523
144_102,s0.608953,s4.584672,s335.174331
144_103,s-5.859802,s0.611191,s-1.732034
144_104,s-0.823337,s5.007875,s124.407764
144_105,s-4.920847,s-0.729940,s220.150023
144_106,s2.630409,s3.088158,s306.044373
144_107,s4.032672,s1.508406,s239.565855
144_108,s-4.249461,s2.600177,s184.423625
144_109,s3.416773,s-1.125537,s261.244596
144_110,s-1.926331,s4.821351,s-1.757811
144_111,s-1.956062,s-4.453222,s181.301576
144_112,s4.000883,s0.846988,s316.614568
144_113,s-5.448921,s1.487047,s180.322591
144_114,s-2.839961,s-4.296516,s106.550407
144_115,s-1.219547,s-4.623749,s183.333479
144_116,s4.301680,s-0.557819,s83.807737
144_117,s-0.477293,s-4.564030,s208.409268
144_118,s-4.326205,s3.452417,s-0.288010
144_119,s2.580431,s3.984216,s59.124469
144_120,s1.031064,s-5.220407,s30.506551
144_121,s-5.394414,s-1.340481,s128.733547
144_122,s-5.497710,s-0.318576,s268.487471
144_123,s-0.308581,s4.885556,s274.131150
144_124,s-3.424805,s4.563515,s208.140278
144_125,s3.334744,s-2.439862,s210.754224
144_126,s-4.668746,s-1.871085,s21.235719
144_127,s3.426784,s2.902411,s189.746626
144_128,s3.836194,s-2.183346,s241.146154
144_129,s3.540018,s-3.455179,s152.924678
144_130,s2.920135,s3.886241,s315.933795
144_131,s4.432079,s2.521816,s334.542145
144_132,s1.416247,s4.376217,s341.842443
144_133,s-4.959253,s3.066204,s1.818917
144_134,s-4.390233,s-3.244359,s107.936701
144_135,s-5.704022,s-2.043354,s209.345155
144_136,s4.636708,s0.097418,s330.425971
144_137,s3.824366,s3.394608,s28.771705
144_138,s4.020877,s-2.704846,s188.635342
144_139,s-5.829747,s-0.844602,s1.070486
144_140,s1.959167,s5.447279,s204.655711
144_141,s0.251939,s-4.757172,s165.652946
144_142,s-4.234014,s-4.022348,s243.970133
144_143,s4.399170,s-1.274245,s182.485189
145_0,s0.020086,s-0.073116,s6.629304
145_1,s0.679397,s0.157755,s298.188037
145_2,s0.408656,s-0.818774,s209.719979
145_3,s-0.611753,s-0.638720,s282.936477
145_4,s-0.520427,s0.515830,s181.116956
145_5,s0.628810,s0.999938,s241.956939
145_6,s-1.132666,s0.053144,s279.170372
145_7,s1.963571,s0.409530,s38.131850
145_8,s-1.814772,s-1.054077,s82.553714
145_9,s-0.851243,s-1.051826,s35.126842
145_10,s0.197183,s1.527021,s285.995580
145_11,s-1.454790,s0.990071,s220.498035
145_12,s0.759626,s-0.447088,s299.240370
145_13,s1.643923,s1.621526,s197.317725
145_14,s-0.775262,s0.905833,s30.552677
145_15,s-0.327931,s-1.243979,s329.985532
145_16,s0.044817,s-1.856466,s197.320498
145_17,s1.558931,s-1.505488,s92.897163
145_18,s2.422346,s-1.537552,s-0.483317
145_19,s2.283787,s1.406910,s221.902837
145_20,s1.284081,s-2.073712,s214.100018
145_21,s-0.189197,s1.163282,s248.210358
145_22,s-1.766190,s0.532212,s196.709122
145_23,s-1.152341,s-1.350987,s58.806933
145_24,s0.791379,s1.982477,s23.441490
145_25,s0.128741,s2.407477,s76.917102
145_26,s-2.308953,s-1.592235,s41.863271
145_27,s2.364668,s-0.261190,s211.010627
145_28,s2.764946,s2.045571,s69.863657
145_29,s-1.976905,s1.555753,s181.690029
145_30,s-0.983571,s2.451713,s91.681766
145_31,s1.345936,s-0.401194,s91.064410
145_32,s-0.727166,s-1.935403,s78.000027
145_33,s0.171089,s-3.092501,s-1.077689
145_34,s2.266881,s-3.262514,s199.994652
145_35,s-1.354404,s-2.389599,s29.289595
145_36,s-1.771001,s-0.308578,s125.867733
145_37,s-2.520070,s0.368414,s239.464010
145_38,s-2.783060,s-0.629662,s322.714097
145_39,s-2.110419,s-2.010038,s30.327222
145_40,s2.291403,s0.136723,s177.960466
145_41,s-0.625749,s-2.514554,s336.105974
145_42,s1.332218,s-2.824273,s185.029962
145_43,s-2.640779,s1.063201,s119.056268
145_44,s-1.622875,s-2.845562,s208.717979
145_45,s-3.416033,s-0.132366,s89.721383
145_46,s2.271102,s-2.871454,s316.034395
145_47,s2.858037,s-0.253667,s3.188687
145_48,s-0.317961,s1.978466,s121.804105
145_49,s0.819250,s-3.099960,s185.368529
145_50,s1.481854,s2.034231,s21.423234
145_51,s-0.535228,s3.093662,s333.884482
145_52,s-0.522269,s-2.991931,s186.422686
145_53,s-1.724927,s1.899337,s325.437214
145_54,s-2.789688,s-2.457051,s334.485772
145_55,s-3.681501,s-0.664964,s209.843124
145_56,s-1.176400,s-3.197659,s234.635359
145_57,s-3.223737,s2.013261,s248.870282
145_58,s-3.641075,s1.365197,s269.050481
145_59,s3.013030,s1.237687,s-0.932523
145_60,s-3.862732,s0.738756,s71.785904
145_61,s-1.851606,s3.198590,s149.061645
145_62,s3.268317,s-1.966334,s302.413763
145_63,s-3.076338,s-1.912361,s-1.966847
145_64,s-2.170902,s2.370070,s179.970807
145_65,s2.836643,s2.487876,s210.049159
145_66,s-3.659450,s2.188677,s-4.902665
145_67,s-2.072257,s-3.266187,s270.910579
145_68,s1.750710,s2.964907,s222.365325
145_69,s0.642593,s3.106964,s89.910760
145_70,s2.993131,s-0.624024,s269.195311
145_71,s0.048721,s-3.969204,s301.206561
145_72,s-4.425373,s-0.249624,s178.299527
145_73,s1.437212,s3.261656,s26.550558
145_74,s0.393417,s3.794904,s235.150106
145_75,s-1.721162,s3.816493,s300.550775
145_76,s-3.932096,s-1.744006,s71.068384
145_77,s-2.847565,s2.567133,s208.786097
145_78,s-2.683617,s-3.087370,s299.949549
145_79,s-4.583765,s0.217598,s263.340781
145_80,s3.648742,s0.898829,s91.166254
145_81,s-1.600792,s-3.790573,s275.297041
145_82,s-0.767639,s3.686369,s148.732533
145_83,s-0.839022,s4.204783,s241.321909
145_84,s-2.586763,s3.324724,s315.449787
145_85,s-3.061441,s2.995040,s260.756843
145_86,s1.923585,s-4.205163,s67.163055
145_87,s3.444211,s1.650719,s292.999775
145_88,s-4.885977,s0.614567,s15.548917
145_89,s-4.775151,s1.352298,s-11.851670
145_90,s0.238215,s4.284709,s77.431117
145_91,s3.660204,s-0.165869,s44.307665
145_92,s-3.953588,s-2.709198,s331.426026
145_93,s-0.517289,s-4.031328,s235.658845
145_94,s2.177881,s3.589189,s189.297076
145_95,s-2.377574,s-3.783453,s166.511700
145_96,s-4.531984,s-2.574964,s115.152255
145_97,s-2.634311,s4.475066,s30.392323
145_98,s0.548611,s-4.128634,s261.500947
145_99,s-3.622970,s3.255506,s-3.659968
145_100,s-3.671175,s-3.837406,s26.479480
145_101,s-4.159204,s3.101218,s0.720523
145_102,s0.567035,s4.590268,s339.920372
145_103,s-5.859802,s0.611191,s-1.732034
145_104,s-0.822541,s5.090145,s123.069850
145_105,s-4.998825,s-0.725992,s224.456238
145_106,s2.684596,s3.020078,s298.199833
145_107,s4.032672,s1.508406,s239.565855
145_108,s-4.249461,s2.600177,s184.423625
145_109,s3.484442,s-1.124067,s268.921065
145_110,s-1.938699,s4.884950,s0.718918
145_111,s-1.946999,s-4.340028,s186.112845
145_112,s4.000883,s0.846988,s316.614568
145_113,s-5.448921,s1.487047,s180.322591
145_114,s-2.839961,s-4.296516,s106.550407
145_115,s-1.265477,s-4.646509,s208.557428
145_116,s4.427420,s-0.596463,s86.001020
145_117,s-0.612147,s-4.543588,s209.536892
145_118,s-4.326205,s3.452417,s-0.288010
145_119,s2.539833,s4.018299,s57.153934
145_120,s1.017599,s-5.182334,s31.872169
145_121,s-5.302707,s-1.297750,s89.559112
145_122,s-5.481439,s-0.342225,s261.048445
145_123,s-0.388960,s5.020771,s273.207612
145_124,s-3.424805,s4.563515,s208.140278
145_125,s3.334744,s-2.439862,s210.754224
145_126,s-4.759540,s-1.838281,s17.460519
145_127,s3.426784,s2.902411,s189.746626
145_128,s3.836194,s-2.183346,s241.146154
145_129,s3.540018,s-3.455179,s152.924678
145_130,s2.920135,s3.886241,s315.933795
145_131,s4.432079,s2.521816,s334.542145
145_132,s1.477950,s4.349686,s32.398576
145_133,s-4.945989,s3.120637,s0.275390
145_134,s-4.390233,s-3.244359,s107.936701
145_135,s-5.709065,s-2.132186,s203.029976
145_136,s4.584373,s-0.053256,s333.923160
145_137,s3.814420,s3.355517,s28.178845
145_138,s4.020877,s-2.704846,s188.635342
145_139,s-5.837755,s-0.856038,s20.652397
145_140,s1.959167,s5.447279,s204.655711
145_141,s0.239018,s-4.678794,s162.384292
145_142,s-4.235969,s-4.041392,s240.422032
145_143,s4.399170,s-1.274245,s182.485189
145_144,s-4.138380,s4.358201,s28.579788
146_0,s0.020086,s-0.073116,s6.629304
146_1,s0.679397,s0.157755,s298.188037
146_2,s0.408656,s-0.818774,s209.719979
146_3,s-0.611753,s-0.638720,s282.936477
146_4,s-0.520427,s0.515830,s181.116956
146_5,s0.628810,s0.999938,s241.956939
146_6,s-1.132666,s0.053144,s279.170372
146_7,s1.963571,s0.409530,s38.131850
146_8,s-1.814772,s-1.054077,s82.553714
146_9,s-0.851243,s-1.051826,s35.126842
146_10,s0.197183,s1.527021,s285.995580
146_11,s-1.454790,s0.990071,s220.498035
146_12,s0.759626,s-0.447088,s299.240370
146_13,s1.643923,s1.621526,s197.317725
146_14,s-0.775262,s0.905833,s30.552677
146_15,s-0.327931,s-1.243979,s329.985532
146_16,s0.044817,s-1.856466,s197.320498
146_17,s1.558931,s-1.505488,s92.897163
146_18,s2.422346,s-1.537552,s-0.483317
146_19,s2.283787,s1.406910,s221.902837
146_20,s1.284081,s-2.073712,s214.100018
146_21,s-0.189197,s1.163282,s248.210358
146_22,s-1.766190,s0.532212,s196.709122
146_23,s-1.152341,s-1.350987,s58.806933
146_24,s0.791379,s1.982477,s23.441490
146_25,s0.128741,s2.407477,s76.917102
146_26,s-2.308953,s-1.592235,s41.863271
146_27,s2.364668,s-0.261190,s211.010627
146_28,s2.764946,s2.045571,s69.863657
146_29,s-1.976905,s1.555753,s181.690029
146_30,s-0.983571,s2.451713,s91.681766
146_31,s1.345936,s-0.401194,s91.064410
146_32,s-0.727166,s-1.935403,s78.000027
146_33,s0.171089,s-3.092501,s-1.077689
146_34,s2.266881,s-3.262514,s199.994652
146_35,s-1.354404,s-2.389599,s29.289595
146_36,s-1.771001,s-0.308578,s125.867733
146_37,s-2.520070,s0.368414,s239.464010
146_38,s-2.783060,s-0.629662,s322.714097
146_39,s-2.110419,s-2.010038,s30.327222
146_40,s2.291403,s0.136723,s177.960466
146_41,s-0.625749,s-2.514554,s336.105974
146_42,s1.332218,s-2.824273,s185.029962
146_43,s-2.640779,s1.063201,s119.056268
146_44,s-1.622875,s-2.845562,s208.717979
146_45,s-3.416033,s-0.132366,s89.721383
146_46,s2.271102,s-2.871454,s316.034395
146_47,s2.858037,s-0.253667,s3.188687
146_48,s-0.317961,s1.978466,s121.804105
146_49,s0.819250,s-3.099960,s185.368529
146_50,s1.481854,s2.034231,s21.423234
146_51,s-0.535228,s3.093662,s333.884482
146_52,s-0.522269,s-2.991931,s186.422686
146_53,s-1.724927,s1.899337,s325.437214
146_54,s-2.789688,s-2.457051,s334.485772
146_55,s-3.681501,s-0.664964,s209.843124
146_56,s-1.176400,s-3.197659,s234.635359
146_57,s-3.223737,s2.013261,s248.870282
146_58,s-3.641075,s1.365197,s269.050481
146_59,s3.013030,s1.237687,s-0.932523
146_60,s-3.862732,s0.738756,s71.785904
146_61,s-1.851606,s3.198590,s149.061645
146_62,s3.268317,s-1.966334,s302.413763
146_63,s-3.076338,s-1.912361,s-1.966847
146_64,s-2.170902,s2.370070,s179.970807
146_65,s2.836643,s2.487876,s210.049159
146_66,s-3.659450,s2.188677,s-4.902665
146_67,s-2.072257,s-3.266187,s270.910579
146_68,s1.750710,s2.964907,s222.365325
146_69,s0.642593,s3.106964,s89.910760
146_70,s2.993131,s-0.624024,s269.195311
146_71,s0.048721,s-3.969204,s301.206561
146_72,s-4.425373,s-0.249624,s178.299527
146_73,s1.437212,s3.261656,s26.550558
146_74,s0.393417,s3.794904,s235.150106
146_75,s-1.721162,s3.816493,s300.550775
146_76,s-3.932096,s-1.744006,s71.068384
146_77,s-2.847565,s2.567133,s208.786097
146_78,s-2.683617,s-3.087370,s299.949549
146_79,s-4.583765,s0.217598,s263.340781
146_80,s3.648742,s0.898829,s91.166254
146_81,s-1.600792,s-3.790573,s275.297041
146_82,s-0.767639,s3.686369,s148.732533
146_83,s-0.839022,s4.204783,s241.321909
146_84,s-2.586763,s3.324724,s315.449787
146_85,s-3.061441,s2.995040,s260.756843
146_86,s1.923585,s-4.205163,s67.163055
146_87,s3.444211,s1.650719,s292.999775
146_88,s-4.885977,s0.614567,s15.548917
146_89,s-4.775151,s1.352298,s-11.851670
146_90,s0.238215,s4.284709,s77.431117
146_91,s3.660204,s-0.165869,s44.307665
146_92,s-3.953588,s-2.709198,s331.426026
146_93,s-0.517289,s-4.031328,s235.658845
146_94,s2.177881,s3.589189,s189.297076
146_95,s-2.377574,s-3.783453,s166.511700
146_96,s-4.531984,s-2.574964,s115.152255
146_97,s-2.634311,s4.475066,s30.392323
146_98,s0.548611,s-4.128634,s261.500947
146_99,s-3.622970,s3.255506,s-3.659968
146_100,s-3.671175,s-3.837406,s26.479480
146_101,s-4.159204,s3.101218,s0.720523
146_102,s0.567035,s4.590268,s339.920372
146_103,s-5.859802,s0.611191,s-1.732034
146_104,s-0.822541,s5.090145,s123.069850
146_105,s-4.998825,s-0.725992,s224.456238
146_106,s2.684596,s3.020078,s298.199833
146_107,s4.032672,s1.508406,s239.565855
146_108,s-4.249461,s2.600177,s184.423625
146_109,s3.484442,s-1.124067,s268.921065
146_110,s-1.938699,s4.884950,s0.718918
146_111,s-1.946999,s-4.340028,s186.112845
146_112,s4.000883,s0.846988,s316.614568
146_113,s-5.448921,s1.487047,s180.322591
146_114,s-2.839961,s-4.296516,s106.550407
146_115,s-1.265477,s-4.646509,s208.557428
146_116,s4.427420,s-0.596463,s86.001020
146_117,s-0.612147,s-4.543588,s209.536892
146_118,s-4.326205,s3.452417,s-0.288010
146_119,s2.539833,s4.018299,s57.153934
146_120,s1.017599,s-5.182334,s31.872169
146_121,s-5.302707,s-1.297750,s89.559112
146_122,s-5.481439,s-0.342225,s261.048445
146_123,s-0.388960,s5.020771,s273.207612
146_124,s-3.424805,s4.563515,s208.140278
146_125,s3.334744,s-2.439862,s210.754224
146_126,s-4.759540,s-1.838281,s17.460519
146_127,s3.426784,s2.902411,s189.746626
146_128,s3.836194,s-2.183346,s241.146154
146_129,s3.540018,s-3.455179,s152.924678
146_130,s2.920135,s3.886241,s315.933795
146_131,s4.432079,s2.521816,s334.542145
146_132,s1.477950,s4.349686,s32.398576
146_133,s-4.945989,s3.120637,s0.275390
146_134,s-4.390233,s-3.244359,s107.936701
146_135,s-5.709065,s-2.132186,s203.029976
146_136,s4.584373,s-0.053256,s333.923160
146_137,s3.814420,s3.355517,s28.178845
146_138,s4.020877,s-2.704846,s188.635342
146_139,s-5.837755,s-0.856038,s20.652397
146_140,s1.959167,s5.447279,s204.655711
146_141,s0.239018,s-4.678794,s162.384292
146_142,s-4.235969,s-4.041392,s240.422032
146_143,s4.399170,s-1.274245,s182.485189
146_144,s-4.138380,s4.358201,s28.579788
146_145,s-3.018018,s-4.941221,s301.107427
147_0,s0.020086,s-0.073116,s6.629304
147_1,s0.679397,s0.157755,s298.188037
147_2,s0.408656,s-0.818774,s209.719979
147_3,s-0.611753,s-0.638720,s282.936477
147_4,s-0.520427,s0.515830,s181.116956
147_5,s0.628810,s0.999938,s241.956939
147_6,s-1.132666,s0.053144,s279.170372
147_7,s1.963571,s0.409530,s38.131850
147_8,s-1.814772,s-1.054077,s82.553714
147_9,s-0.851243,s-1.051826,s35.126842
147_10,s0.197183,s1.527021,s285.995580
147_11,s-1.454790,s0.990071,s220.498035
147_12,s0.759626,s-0.447088,s299.240370
147_13,s1.643923,s1.621526,s197.317725
147_14,s-0.775262,s0.905833,s30.552677
147_15,s-0.327931,s-1.243979,s329.985532
147_16,s0.044817,s-1.856466,s197.320498
147_17,s1.558931,s-1.505488,s92.897163
147_18,s2.422346,s-1.537552,s-0.483317
147_19,s2.260775,s1.408792,s222.995499
147_20,s1.284081,s-2.073712,s214.100018
147_21,s-0.189197,s1.163282,s248.210358
147_22,s-1.766190,s0.532212,s196.709122
147_23,s-1.152341,s-1.350987,s58.806933
147_24,s0.791379,s1.982477,s23.441490
147_25,s0.128741,s2.407477,s76.917102
147_26,s-2.308953,s-1.592235,s41.863271
147_27,s2.364668,s-0.261190,s211.010627
147_28,s2.764946,s2.045571,s69.863657
147_29,s-1.976905,s1.555753,s181.690029
147_30,s-0.983571,s2.451713,s91.681766
147_31,s1.345936,s-0.401194,s91.064410
147_32,s-0.727166,s-1.935403,s78.000027
147_33,s0.048395,s-3.231954,s-3.667740
147_34,s2.266881,s-3.262514,s199.994652
147_35,s-1.354404,s-2.389599,s29.289595
147_36,s-1.771001,s-0.308578,s125.867733
147_37,s-2.520070,s0.368414,s239.464010
147_38,s-2.783060,s-0.629662,s322.714097
147_39,s-2.110419,s-2.010038,s30.327222
147_40,s2.291403,s0.136723,s177.960466
147_41,s-0.625749,s-2.514554,s336.105974
147_42,s1.448532,s-2.894158,s180.145898
147_43,s-2.685841,s0.954484,s114.551927
147_44,s-1.622875,s-2.845562,s208.717979
147_45,s-3.416033,s-0.132366,s89.721383
147_46,s2.271102,s-2.871454,s316.034395
147_47,s2.858037,s-0.253667,s3.188687
147_48,s-0.336581,s1.975971,s123.283428
147_49,s0.857568,s-3.072831,s180.171646
147_50,s1.481854,s2.034231,s21.423234
147_51,s-0.535228,s3.093662,s333.884482
147_52,s-0.522269,s-2.991931,s186.422686
147_53,s-1.724927,s1.899337,s325.437214
147_54,s-2.789688,s-2.457051,s334.485772
147_55,s-3.681501,s-0.664964,s209.843124
147_56,s-1.176400,s-3.197659,s234.635359
147_57,s-3.223737,s2.013261,s248.870282
147_58,s-3.618409,s1.398439,s267.625948
147_59,s3.013030,s1.237687,s-0.932523
147_60,s-3.784589,s0.843751,s66.953785
147_61,s-1.851606,s3.198590,s149.061645
147_62,s3.268317,s-1.966334,s302.413763
147_63,s-3.076338,s-1.912361,s-1.966847
147_64,s-2.170902,s2.370070,s179.970807
147_65,s2.836643,s2.487876,s210.049159
147_66,s-3.659450,s2.188677,s-4.902665
147_67,s-2.072257,s-3.266187,s270.910579
147_68,s1.750710,s2.964907,s222.365325
147_69,s0.642593,s3.106964,s89.910760
147_70,s2.993131,s-0.624024,s269.195311
147_71,s0.048721,s-3.969204,s301.206561
147_72,s-4.425373,s-0.249624,s178.299527
147_73,s1.437212,s3.261656,s26.550558
147_74,s0.393417,s3.794904,s235.150106
147_75,s-1.721162,s3.816493,s300.550775
147_76,s-3.932096,s-1.744006,s71.068384
147_77,s-2.847565,s2.567133,s208.786097
147_78,s-2.683617,s-3.087370,s299.949549
147_79,s-4.672540,s0.194284,s260.337699
147_80,s3.648742,s0.898829,s91.166254
147_81,s-1.600792,s-3.790573,s275.297041
147_82,s-0.767639,s3.686369,s148.732533
147_83,s-0.839022,s4.204783,s241.321909
147_84,s-2.586763,s3.324724,s315.449787
147_85,s-3.061441,s2.995040,s260.756843
147_86,s1.923585,s-4.205163,s67.163055
147_87,s3.444211,s1.650719,s292.999775
147_88,s-4.885977,s0.614567,s15.548917
147_89,s-4.775151,s1.352298,s-11.851670
147_90,s0.238215,s4.284709,s77.431117
147_91,s3.660204,s-0.165869,s44.307665
147_92,s-3.953588,s-2.709198,s331.426026
147_93,s-0.517289,s-4.031328,s235.658845
147_94,s2.177881,s3.589189,s189.297076
147_95,s-2.377574,s-3.783453,s166.511700
147_96,s-4.531984,s-2.574964,s115.152255
147_97,s-2.634311,s4.475066,s30.392323
147_98,s0.548611,s-4.128634,s261.500947
147_99,s-3.622970,s3.255506,s-3.659968
147_100,s-3.528195,s-3.882204,s27.367133
147_101,s-4.159204,s3.101218,s0.720523
147_102,s0.567035,s4.590268,s339.920372
147_103,s-5.859802,s0.611191,s-1.732034
147_104,s-0.822541,s5.090145,s123.069850
147_105,s-4.998825,s-0.725992,s224.456238
147_106,s2.684596,s3.020078,s298.199833
147_107,s4.032672,s1.508406,s239.565855
147_108,s-4.249461,s2.600177,s184.423625
147_109,s3.484442,s-1.124067,s268.921065
147_110,s-1.938699,s4.884950,s0.718918
147_111,s-1.946999,s-4.340028,s186.112845
147_112,s4.000883,s0.846988,s316.614568
147_113,s-5.448921,s1.487047,s180.322591
147_114,s-2.839961,s-4.296516,s106.550407
147_115,s-1.265477,s-4.646509,s208.557428
147_116,s4.427420,s-0.596463,s86.001020
147_117,s-0.612147,s-4.543588,s209.536892
147_118,s-4.326205,s3.452417,s-0.288010
147_119,s2.539833,s4.018299,s57.153934
147_120,s1.017599,s-5.182334,s31.872169
147_121,s-5.302707,s-1.297750,s89.559112
147_122,s-5.481439,s-0.342225,s261.048445
147_123,s-0.388960,s5.020771,s273.207612
147_124,s-3.424805,s4.563515,s208.140278
147_125,s3.334744,s-2.439862,s210.754224
147_126,s-4.759540,s-1.838281,s17.460519
147_127,s3.426784,s2.902411,s189.746626
147_128,s3.836194,s-2.183346,s241.146154
147_129,s3.540018,s-3.455179,s152.924678
147_130,s2.920135,s3.886241,s315.933795
147_131,s4.432079,s2.521816,s334.542145
147_132,s1.477950,s4.349686,s32.398576
147_133,s-4.945989,s3.120637,s0.275390
147_134,s-4.390233,s-3.244359,s107.936701
147_135,s-5.709065,s-2.132186,s203.029976
147_136,s4.553008,s-0.002037,s336.651338
147_137,s3.814420,s3.355517,s28.178845
147_138,s4.020877,s-2.704846,s188.635342
147_139,s-5.837755,s-0.856038,s20.652397
147_140,s1.959167,s5.447279,s204.655711
147_141,s0.239018,s-4.678794,s162.384292
147_142,s-4.235969,s-4.041392,s240.422032
147_143,s4.399170,s-1.274245,s182.485189
147_144,s-4.138380,s4.358201,s28.579788
147_145,s-3.018018,s-4.941221,s301.107427
147_146,s2.325284,s-4.505325,s150.589675
148_0,s0.020086,s-0.073116,s6.629304
148_1,s0.679397,s0.157755,s298.188037
148_2,s0.408656,s-0.818774,s209.719979
148_3,s-0.611753,s-0.638720,s282.936477
148_4,s-0.520427,s0.515830,s181.116956
148_5,s0.628810,s0.999938,s241.956939
148_6,s-1.132666,s0.053144,s279.170372
148_7,s1.963571,s0.409530,s38.131850
148_8,s-1.814772,s-1.054077,s82.553714
148_9,s-0.851243,s-1.051826,s35.126842
148_10,s0.197183,s1.527021,s285.995580
148_11,s-1.454790,s0.990071,s220.498035
148_12,s0.759626,s-0.447088,s299.240370
148_13,s1.643923,s1.621526,s197.317725
148_14,s-0.775262,s0.905833,s30.552677
148_15,s-0.327931,s-1.243979,s329.985532
148_16,s0.044817,s-1.856466,s197.320498
148_17,s1.558931,s-1.505488,s92.897163
148_18,s2.422346,s-1.537552,s-0.483317
148_19,s2.260775,s1.408792,s222.995499
148_20,s1.284081,s-2.073712,s214.100018
148_21,s-0.189197,s1.163282,s248.210358
148_22,s-1.766190,s0.532212,s196.709122
148_23,s-1.152341,s-1.350987,s58.806933
148_24,s0.791379,s1.982477,s23.441490
148_25,s0.128741,s2.407477,s76.917102
148_26,s-2.308953,s-1.592235,s41.863271
148_27,s2.364668,s-0.261190,s211.010627
148_28,s2.764946,s2.045571,s69.863657
148_29,s-1.976905,s1.555753,s181.690029
148_30,s-0.983571,s2.451713,s91.681766
148_31,s1.345936,s-0.401194,s91.064410
148_32,s-0.727166,s-1.935403,s78.000027
148_33,s0.048395,s-3.231954,s-3.667740
148_34,s2.266881,s-3.262514,s199.994652
148_35,s-1.354404,s-2.389599,s29.289595
148_36,s-1.771001,s-0.308578,s125.867733
148_37,s-2.520070,s0.368414,s239.464010
148_38,s-2.783060,s-0.629662,s322.714097
148_39,s-2.110419,s-2.010038,s30.327222
148_40,s2.291403,s0.136723,s177.960466
148_41,s-0.625749,s-2.514554,s336.105974
148_42,s1.448532,s-2.894158,s180.145898
148_43,s-2.685841,s0.954484,s114.551927
148_44,s-1.622875,s-2.845562,s208.717979
148_45,s-3.416033,s-0.132366,s89.721383
148_46,s2.271102,s-2.871454,s316.034395
148_47,s2.858037,s-0.253667,s3.188687
148_48,s-0.336581,s1.975971,s123.283428
148_49,s0.857568,s-3.072831,s180.171646
148_50,s1.481854,s2.034231,s21.423234
148_51,s-0.535228,s3.093662,s333.884482
148_52,s-0.522269,s-2.991931,s186.422686
148_53,s-1.724927,s1.899337,s325.437214
148_54,s-2.789688,s-2.457051,s334.485772
148_55,s-3.681501,s-0.664964,s209.843124
148_56,s-1.176400,s-3.197659,s234.635359
148_57,s-3.223737,s2.013261,s248.870282
148_58,s-3.618409,s1.398439,s267.625948
148_59,s3.013030,s1.237687,s-0.932523
148_60,s-3.784589,s0.843751,s66.953785
148_61,s-1.851606,s3.198590,s149.061645
148_62,s3.268317,s-1.966334,s302.413763
148_63,s-3.076338,s-1.912361,s-1.966847
148_64,s-2.170902,s2.370070,s179.970807
148_65,s2.836643,s2.487876,s210.049159
148_66,s-3.659450,s2.188677,s-4.902665
148_67,s-2.072257,s-3.266187,s270.910579
148_68,s1.750710,s2.964907,s222.365325
148_69,s0.642593,s3.106964,s89.910760
148_70,s2.993131,s-0.624024,s269.195311
148_71,s0.048721,s-3.969204,s301.206561
148_72,s-4.425373,s-0.249624,s178.299527
148_73,s1.437212,s3.261656,s26.550558
148_74,s0.393417,s3.794904,s235.150106
148_75,s-1.721162,s3.816493,s300.550775
148_76,s-3.932096,s-1.744006,s71.068384
148_77,s-2.847565,s2.567133,s208.786097
148_78,s-2.683617,s-3.087370,s299.949549
148_79,s-4.672540,s0.194284,s260.337699
148_80,s3.648742,s0.898829,s91.166254
148_81,s-1.600792,s-3.790573,s275.297041
148_82,s-0.767639,s3.686369,s148.732533
148_83,s-0.839022,s4.204783,s241.321909
148_84,s-2.586763,s3.324724,s315.449787
148_85,s-3.061441,s2.995040,s260.756843
148_86,s1.923585,s-4.205163,s67.163055
148_87,s3.444211,s1.650719,s292.999775
148_88,s-4.885977,s0.614567,s15.548917
148_89,s-4.775151,s1.352298,s-11.851670
148_90,s0.238215,s4.284709,s77.431117
148_91,s3.660204,s-0.165869,s44.307665
148_92,s-3.953588,s-2.709198,s331.426026
148_93,s-0.517289,s-4.031328,s235.658845
148_94,s2.177881,s3.589189,s189.297076
148_95,s-2.377574,s-3.783453,s166.511700
148_96,s-4.531984,s-2.574964,s115.152255
148_97,s-2.634311,s4.475066,s30.392323
148_98,s0.548611,s-4.128634,s261.500947
148_99,s-3.622970,s3.255506,s-3.659968
148_100,s-3.528195,s-3.882204,s27.367133
148_101,s-4.159204,s3.101218,s0.720523
148_102,s0.567035,s4.590268,s339.920372
148_103,s-5.859802,s0.611191,s-1.732034
148_104,s-0.822541,s5.090145,s123.069850
148_105,s-4.998825,s-0.725992,s224.456238
148_106,s2.684596,s3.020078,s298.199833
148_107,s4.032672,s1.508406,s239.565855
148_108,s-4.249461,s2.600177,s184.423625
148_109,s3.484442,s-1.124067,s268.921065
148_110,s-1.938699,s4.884950,s0.718918
148_111,s-1.946999,s-4.340028,s186.112845
148_112,s4.000883,s0.846988,s316.614568
148_113,s-5.448921,s1.487047,s180.322591
148_114,s-2.839961,s-4.296516,s106.550407
148_115,s-1.265477,s-4.646509,s208.557428
148_116,s4.427420,s-0.596463,s86.001020
148_117,s-0.612147,s-4.543588,s209.536892
148_118,s-4.326205,s3.452417,s-0.288010
148_119,s2.539833,s4.018299,s57.153934
148_120,s1.017599,s-5.182334,s31.872169
148_121,s-5.302707,s-1.297750,s89.559112
148_122,s-5.481439,s-0.342225,s261.048445
148_123,s-0.388960,s5.020771,s273.207612
148_124,s-3.424805,s4.563515,s208.140278
148_125,s3.334744,s-2.439862,s210.754224
148_126,s-4.759540,s-1.838281,s17.460519
148_127,s3.426784,s2.902411,s189.746626
148_128,s3.836194,s-2.183346,s241.146154
148_129,s3.540018,s-3.455179,s152.924678
148_130,s2.920135,s3.886241,s315.933795
148_131,s4.432079,s2.521816,s334.542145
148_132,s1.477950,s4.349686,s32.398576
148_133,s-4.945989,s3.120637,s0.275390
148_134,s-4.390233,s-3.244359,s107.936701
148_135,s-5.709065,s-2.132186,s203.029976
148_136,s4.553008,s-0.002037,s336.651338
148_137,s3.814420,s3.355517,s28.178845
148_138,s4.020877,s-2.704846,s188.635342
148_139,s-5.837755,s-0.856038,s20.652397
148_140,s1.959167,s5.447279,s204.655711
148_141,s0.239018,s-4.678794,s162.384292
148_142,s-4.235969,s-4.041392,s240.422032
148_143,s4.399170,s-1.274245,s182.485189
148_144,s-4.138380,s4.358201,s28.579788
148_145,s-3.018018,s-4.941221,s301.107427
148_146,s2.325284,s-4.505325,s150.589675
148_147,s-6.279215,s1.237520,s177.136701
149_0,s0.020086,s-0.073116,s6.629304
149_1,s0.679397,s0.157755,s298.188037
149_2,s0.408656,s-0.818774,s209.719979
149_3,s-0.611753,s-0.638720,s282.936477
149_4,s-0.520427,s0.515830,s181.116956
149_5,s0.628810,s0.999938,s241.956939
149_6,s-1.132666,s0.053144,s279.170372
149_7,s1.963571,s0.409530,s38.131850
149_8,s-1.814772,s-1.054077,s82.553714
149_9,s-0.851243,s-1.051826,s35.126842
149_10,s0.197183,s1.527021,s285.995580
149_11,s-1.454790,s0.990071,s220.498035
149_12,s0.759626,s-0.447088,s299.240370
149_13,s1.643923,s1.621526,s197.317725
149_14,s-0.775262,s0.905833,s30.552677
149_15,s-0.327931,s-1.243979,s329.985532
149_16,s0.044817,s-1.856466,s197.320498
149_17,s1.558931,s-1.505488,s92.897163
149_18,s2.422346,s-1.537552,s-0.483317
149_19,s2.260775,s1.408792,s222.995499
149_20,s1.284081,s-2.073712,s214.100018
149_21,s-0.189197,s1.163282,s248.210358
149_22,s-1.766190,s0.532212,s196.709122
149_23,s-1.152341,s-1.350987,s58.806933
149_24,s0.791379,s1.982477,s23.441490
149_25,s0.128741,s2.407477,s76.917102
149_26,s-2.308953,s-1.592235,s41.863271
149_27,s2.364668,s-0.261190,s211.010627
149_28,s2.764946,s2.045571,s69.863657
149_29,s-1.976905,s1.555753,s181.690029
149_30,s-0.983571,s2.451713,s91.681766
149_31,s1.345936,s-0.401194,s91.064410
149_32,s-0.727166,s-1.935403,s78.000027
149_33,s0.048395,s-3.231954,s-3.667740
149_34,s2.266881,s-3.262514,s199.994652
149_35,s-1.354404,s-2.389599,s29.289595
149_36,s-1.771001,s-0.308578,s125.867733
149_37,s-2.520070,s0.368414,s239.464010
149_38,s-2.783060,s-0.629662,s322.714097
149_39,s-2.110419,s-2.010038,s30.327222
149_40,s2.291403,s0.136723,s177.960466
149_41,s-0.625749,s-2.514554,s336.105974
149_42,s1.448532,s-2.894158,s180.145898
149_43,s-2.685841,s0.954484,s114.551927
149_44,s-1.622875,s-2.845562,s208.717979
149_45,s-3.416033,s-0.132366,s89.721383
149_46,s2.271102,s-2.871454,s316.034395
149_47,s2.858037,s-0.253667,s3.188687
149_48,s-0.336581,s1.975971,s123.283428
149_49,s0.857568,s-3.072831,s180.171646
149_50,s1.481854,s2.034231,s21.423234
149_51,s-0.535228,s3.093662,s333.884482
149_52,s-0.522269,s-2.991931,s186.422686
149_53,s-1.724927,s1.899337,s325.437214
149_54,s-2.789688,s-2.457051,s334.485772
149_55,s-3.681501,s-0.664964,s209.843124
149_56,s-1.176400,s-3.197659,s234.635359
149_57,s-3.223737,s2.013261,s248.870282
149_58,s-3.618409,s1.398439,s267.625948
149_59,s3.013030,s1.237687,s-0.932523
149_60,s-3.784589,s0.843751,s66.953785
149_61,s-1.851606,s3.198590,s149.061645
149_62,s3.268317,s-1.966334,s302.413763
149_63,s-3.076338,s-1.912361,s-1.966847
149_64,s-2.170902,s2.370070,s179.970807
149_65,s2.836643,s2.487876,s210.049159
149_66,s-3.659450,s2.188677,s-4.902665
149_67,s-2.072257,s-3.266187,s270.910579
149_68,s1.750710,s2.964907,s222.365325
149_69,s0.642593,s3.106964,s89.910760
149_70,s2.993131,s-0.624024,s269.195311
149_71,s0.048721,s-3.969204,s301.206561
149_72,s-4.425373,s-0.249624,s178.299527
149_73,s1.437212,s3.261656,s26.550558
149_74,s0.393417,s3.794904,s235.150106
149_75,s-1.721162,s3.816493,s300.550775
149_76,s-3.932096,s-1.744006,s71.068384
149_77,s-2.847565,s2.567133,s208.786097
149_78,s-2.683617,s-3.087370,s299.949549
149_79,s-4.672540,s0.194284,s260.337699
149_80,s3.648742,s0.898829,s91.166254
149_81,s-1.600792,s-3.790573,s275.297041
149_82,s-0.767639,s3.686369,s148.732533
149_83,s-0.839022,s4.204783,s241.321909
149_84,s-2.586763,s3.324724,s315.449787
149_85,s-3.061441,s2.995040,s260.756843
149_86,s1.923585,s-4.205163,s67.163055
149_87,s3.444211,s1.650719,s292.999775
149_88,s-4.885977,s0.614567,s15.548917
149_89,s-4.775151,s1.352298,s-11.851670
149_90,s0.238215,s4.284709,s77.431117
149_91,s3.660204,s-0.165869,s44.307665
149_92,s-3.953588,s-2.709198,s331.426026
149_93,s-0.517289,s-4.031328,s235.658845
149_94,s2.177881,s3.589189,s189.297076
149_95,s-2.377574,s-3.783453,s166.511700
149_96,s-4.531984,s-2.574964,s115.152255
149_97,s-2.634311,s4.475066,s30.392323
149_98,s0.548611,s-4.128634,s261.500947
149_99,s-3.622970,s3.255506,s-3.659968
149_100,s-3.528195,s-3.882204,s27.367133
149_101,s-4.159204,s3.101218,s0.720523
149_102,s0.567035,s4.590268,s339.920372
149_103,s-5.859802,s0.611191,s-1.732034
149_104,s-0.822541,s5.090145,s123.069850
149_105,s-4.998825,s-0.725992,s224.456238
149_106,s2.684596,s3.020078,s298.199833
149_107,s4.032672,s1.508406,s239.565855
149_108,s-4.249461,s2.600177,s184.423625
149_109,s3.484442,s-1.124067,s268.921065
149_110,s-1.938699,s4.884950,s0.718918
149_111,s-1.946999,s-4.340028,s186.112845
149_112,s4.000883,s0.846988,s316.614568
149_113,s-5.448921,s1.487047,s180.322591
149_114,s-2.839961,s-4.296516,s106.550407
149_115,s-1.265477,s-4.646509,s208.557428
149_116,s4.427420,s-0.596463,s86.001020
149_117,s-0.612147,s-4.543588,s209.536892
149_118,s-4.326205,s3.452417,s-0.288010
149_119,s2.539833,s4.018299,s57.153934
149_120,s1.017599,s-5.182334,s31.872169
149_121,s-5.302707,s-1.297750,s89.559112
149_122,s-5.481439,s-0.342225,s261.048445
149_123,s-0.388960,s5.020771,s273.207612
149_124,s-3.424805,s4.563515,s208.140278
149_125,s3.334744,s-2.439862,s210.754224
149_126,s-4.759540,s-1.838281,s17.460519
149_127,s3.426784,s2.902411,s189.746626
149_128,s3.836194,s-2.183346,s241.146154
149_129,s3.540018,s-3.455179,s152.924678
149_130,s2.920135,s3.886241,s315.933795
149_131,s4.432079,s2.521816,s334.542145
149_132,s1.477950,s4.349686,s32.398576
149_133,s-4.945989,s3.120637,s0.275390
149_134,s-4.390233,s-3.244359,s107.936701
149_135,s-5.709065,s-2.132186,s203.029976
149_136,s4.553008,s-0.002037,s336.651338
149_137,s3.814420,s3.355517,s28.178845
149_138,s4.020877,s-2.704846,s188.635342
149_139,s-5.837755,s-0.856038,s20.652397
149_140,s1.959167,s5.447279,s204.655711
149_141,s0.239018,s-4.678794,s162.384292
149_142,s-4.235969,s-4.041392,s240.422032
149_143,s4.399170,s-1.274245,s182.485189
149_144,s-4.138380,s4.358201,s28.579788
149_145,s-3.018018,s-4.941221,s301.107427
149_146,s2.325284,s-4.505325,s150.589675
149_147,s-6.279215,s1.237520,s177.136701
149_148,s-1.842454,s-5.478482,s299.702489
150_0,s0.020086,s-0.073116,s6.629304
150_1,s0.679397,s0.157755,s298.188037
150_2,s0.408656,s-0.818774,s209.719979
150_3,s-0.611753,s-0.638720,s282.936477
150_4,s-0.520427,s0.515830,s181.116956
150_5,s0.628810,s0.999938,s241.956939
150_6,s-1.132666,s0.053144,s279.170372
150_7,s1.963571,s0.409530,s38.131850
150_8,s-1.814772,s-1.054077,s82.553714
150_9,s-0.851243,s-1.051826,s35.126842
150_10,s0.197183,s1.527021,s285.995580
150_11,s-1.454790,s0.990071,s220.498035
150_12,s0.759626,s-0.447088,s299.240370
150_13,s1.643923,s1.621526,s197.317725
150_14,s-0.775262,s0.905833,s30.552677
150_15,s-0.327931,s-1.243979,s329.985532
150_16,s0.044817,s-1.856466,s197.320498
150_17,s1.558931,s-1.505488,s92.897163
150_18,s2.422346,s-1.537552,s-0.483317
150_19,s2.260775,s1.408792,s222.995499
150_20,s1.284081,s-2.073712,s214.100018
150_21,s-0.189197,s1.163282,s248.210358
150_22,s-1.766190,s0.532212,s196.709122
150_23,s-1.152341,s-1.350987,s58.806933
150_24,s0.791379,s1.982477,s23.441490
150_25,s0.128741,s2.407477,s76.917102
150_26,s-2.308953,s-1.592235,s41.863271
150_27,s2.364668,s-0.261190,s211.010627
150_28,s2.764946,s2.045571,s69.863657
150_29,s-1.857375,s1.464700,s174.915016
150_30,s-0.983571,s2.451713,s91.681766
150_31,s1.345936,s-0.401194,s91.064410
150_32,s-0.727166,s-1.935403,s78.000027
150_33,s0.080804,s-3.293010,s-0.785767
150_34,s2.266881,s-3.262514,s199.994652
150_35,s-1.354404,s-2.389599,s29.289595
150_36,s-1.771001,s-0.308578,s125.867733
150_37,s-2.520070,s0.368414,s239.464010
150_38,s-2.783060,s-0.629662,s322.714097
150_39,s-2.110419,s-2.010038,s30.327222
150_40,s2.291403,s0.136723,s177.960466
150_41,s-0.625749,s-2.514554,s336.105974
150_42,s1.448532,s-2.894158,s180.145898
150_43,s-2.685841,s0.954484,s114.551927
150_44,s-1.622875,s-2.845562,s208.717979
150_45,s-3.416033,s-0.132366,s89.721383
150_46,s2.271102,s-2.871454,s316.034395
150_47,s2.858037,s-0.253667,s3.188687
150_48,s-0.336581,s1.975971,s123.283428
150_49,s0.857568,s-3.072831,s180.171646
150_50,s1.462436,s2.040216,s28.480019
150_51,s-0.545648,s3.098279,s328.747695
150_52,s-0.522269,s-2.991931,s186.422686
150_53,s-1.724927,s1.899337,s325.437214
150_54,s-2.789688,s-2.457051,s334.485772
150_55,s-3.597811,s-0.655406,s210.858681
150_56,s-1.176400,s-3.197659,s234.635359
150_57,s-3.223737,s2.013261,s248.870282
150_58,s-3.618409,s1.398439,s267.625948
150_59,s3.013030,s1.237687,s-0.932523
150_60,s-3.784589,s0.843751,s66.953785
150_61,s-1.851606,s3.198590,s149.061645
150_62,s3.268317,s-1.966334,s302.413763
150_63,s-3.076338,s-1.912361,s-1.966847
150_64,s-2.170902,s2.370070,s179.970807
150_65,s2.836643,s2.487876,s210.049159
150_66,s-3.659450,s2.188677,s-4.902665
150_67,s-2.072257,s-3.266187,s270.910579
150_68,s1.745544,s3.118398,s216.597998
150_69,s0.642593,s3.106964,s89.910760
150_70,s2.993131,s-0.624024,s269.195311
150_71,s0.048721,s-3.969204,s301.206561
150_72,s-4.425373,s-0.249624,s178.299527
150_73,s1.437212,s3.261656,s26.550558
150_74,s0.393417,s3.794904,s235.150106
150_75,s-1.721162,s3.816493,s300.550775
150_76,s-3.869531,s-1.766524,s59.876110
150_77,s-2.847565,s2.567133,s208.786097
150_78,s-2.683617,s-3.087370,s299.949549
150_79,s-4.672540,s0.194284,s260.337699
150_80,s3.648742,s0.898829,s91.166254
150_81,s-1.600792,s-3.790573,s275.297041
150_82,s-0.767639,s3.686369,s148.732533
150_83,s-0.839022,s4.204783,s241.321909
150_84,s-2.660073,s3.323784,s321.913941
150_85,s-3.061441,s2.995040,s260.756843
150_86,s1.923585,s-4.205163,s67.163055
150_87,s3.456776,s1.668325,s292.455372
150_88,s-4.885977,s0.614567,s15.548917
150_89,s-4.735803,s1.330497,s-12.026194
150_90,s0.238215,s4.284709,s77.431117
150_91,s3.660204,s-0.165869,s44.307665
150_92,s-3.953588,s-2.709198,s331.426026
150_93,s-0.525306,s-4.035706,s236.663395
150_94,s2.158527,s3.676514,s192.890785
150_95,s-2.377574,s-3.783453,s166.511700
150_96,s-4.531984,s-2.574964,s115.152255
150_97,s-2.634311,s4.475066,s30.392323
150_98,s0.548611,s-4.128634,s261.500947
150_99,s-3.622970,s3.255506,s-3.659968
150_100,s-3.528195,s-3.882204,s27.367133
150_101,s-4.159204,s3.101218,s0.720523
150_102,s0.567035,s4.590268,s339.920372
150_103,s-5.859802,s0.611191,s-1.732034
150_104,s-0.822541,s5.090145,s123.069850
150_105,s-4.998825,s-0.725992,s224.456238
150_106,s2.637492,s3.046512,s302.012201
150_107,s4.032672,s1.508406,s239.565855
150_108,s-4.221239,s2.575883,s189.418208
150_109,s3.484442,s-1.124067,s268.921065
150_110,s-1.938699,s4.884950,s0.718918
150_111,s-1.946999,s-4.340028,s186.112845
150_112,s4.000883,s0.846988,s316.614568
150_113,s-5.406368,s1.462568,s181.422101
150_114,s-2.839961,s-4.296516,s106.550407
150_115,s-1.265477,s-4.646509,s208.557428
150_116,s4.427420,s-0.596463,s86.001020
150_117,s-0.612147,s-4.543588,s209.536892
150_118,s-4.326205,s3.452417,s-0.288010
150_119,s2.539833,s4.018299,s57.153934
150_120,s1.017599,s-5.182334,s31.872169
150_121,s-5.302707,s-1.297750,s89.559112
150_122,s-5.481439,s-0.342225,s261.048445
150_123,s-0.413999,s4.935942,s266.622439
150_124,s-3.424805,s4.563515,s208.140278
150_125,s3.334744,s-2.439862,s210.754224
150_126,s-4.759540,s-1.838281,s17.460519
150_127,s3.426784,s2.902411,s189.746626
150_128,s3.836194,s-2.183346,s241.146154
150_129,s3.540018,s-3.455179,s152.924678
150_130,s2.920135,s3.886241,s315.933795
150_131,s4.432079,s2.521816,s334.542145
150_132,s1.387739,s4.370842,s26.571418
150_133,s-4.945989,s3.120637,s0.275390
150_134,s-4.390233,s-3.244359,s107.936701
150_135,s-5.720533,s-2.109117,s148.444503
150_136,s4.445620,s0.118267,s339.542869
150_137,s3.814420,s3.355517,s28.178845
150_138,s4.020877,s-2.704846,s188.635342
150_139,s-5.837755,s-0.856038,s20.652397
150_140,s1.959167,s5.447279,s204.655711
150_141,s0.219163,s-4.642346,s165.099146
150_142,s-4.335412,s-4.110655,s233.787851
150_143,s4.399170,s-1.274245,s182.485189
150_144,s-4.138380,s4.358201,s28.579788
150_145,s-3.018018,s-4.941221,s301.107427
150_146,s2.325284,s-4.505325,s150.589675
150_147,s-6.279215,s1.237520,s177.136701
150_148,s-1.842454,s-5.478482,s299.702489
150_149,s-2.484747,s-5.395334,s88.882349
151_0,s0.020086,s-0.073116,s6.629304
151_1,s0.679397,s0.157755,s298.188037
151_2,s0.408656,s-0.818774,s209.719979
151_3,s-0.611753,s-0.638720,s282.936477
151_4,s-0.520427,s0.515830,s181.116956
151_5,s0.628810,s0.999938,s241.956939
151_6,s-1.132666,s0.053144,s279.170372
151_7,s1.963571,s0.409530,s38.131850
151_8,s-1.814772,s-1.054077,s82.553714
151_9,s-0.851243,s-1.051826,s35.126842
151_10,s0.197183,s1.527021,s285.995580
151_11,s-1.454790,s0.990071,s220.498035
151_12,s0.759626,s-0.447088,s299.240370
151_13,s1.643923,s1.621526,s197.317725
151_14,s-0.775262,s0.905833,s30.552677
151_15,s-0.327931,s-1.243979,s329.985532
151_16,s0.044817,s-1.856466,s197.320498
151_17,s1.558931,s-1.505488,s92.897163
151_18,s2.422346,s-1.537552,s-0.483317
151_19,s2.260775,s1.408792,s222.995499
151_20,s1.284081,s-2.073712,s214.100018
151_21,s-0.189197,s1.163282,s248.210358
151_22,s-1.766190,s0.532212,s196.709122
151_23,s-1.152341,s-1.350987,s58.806933
151_24,s0.791379,s1.982477,s23.441490
151_25,s0.128741,s2.407477,s76.917102
151_26,s-2.308953,s-1.592235,s41.863271
151_27,s2.364668,s-0.261190,s211.010627
151_28,s2.764946,s2.045571,s69.863657
151_29,s-1.857375,s1.464700,s174.915016
151_30,s-0.983571,s2.451713,s91.681766
151_31,s1.345936,s-0.401194,s91.064410
151_32,s-0.727166,s-1.935403,s78.000027
151_33,s0.080804,s-3.293010,s-0.785767
151_34,s2.266881,s-3.262514,s199.994652
151_35,s-1.354404,s-2.389599,s29.289595
151_36,s-1.771001,s-0.308578,s125.867733
151_37,s-2.520070,s0.368414,s239.464010
151_38,s-2.783060,s-0.629662,s322.714097
151_39,s-2.110419,s-2.010038,s30.327222
151_40,s2.291403,s0.136723,s177.960466
151_41,s-0.625749,s-2.514554,s336.105974
151_42,s1.448532,s-2.894158,s180.145898
151_43,s-2.685841,s0.954484,s114.551927
151_44,s-1.622875,s-2.845562,s208.717979
151_45,s-3.416033,s-0.132366,s89.721383
151_46,s2.271102,s-2.871454,s316.034395
151_47,s2.858037,s-0.253667,s3.188687
151_48,s-0.336581,s1.975971,s123.283428
151_49,s0.857568,s-3.072831,s180.171646
151_50,s1.462436,s2.040216,s28.480019
151_51,s-0.545648,s3.098279,s328.747695
151_52,s-0.522269,s-2.991931,s186.422686
151_53,s-1.724927,s1.899337,s325.437214
151_54,s-2.789688,s-2.457051,s334.485772
151_55,s-3.597811,s-0.655406,s210.858681
151_56,s-1.176400,s-3.197659,s234.635359
151_57,s-3.223737,s2.013261,s248.870282
151_58,s-3.618409,s1.398439,s267.625948
151_59,s3.013030,s1.237687,s-0.932523
151_60,s-3.784589,s0.843751,s66.953785
151_61,s-1.851606,s3.198590,s149.061645
151_62,s3.268317,s-1.966334,s302.413763
151_63,s-3.076338,s-1.912361,s-1.966847
151_64,s-2.170902,s2.370070,s179.970807
151_65,s2.836643,s2.487876,s210.049159
151_66,s-3.659450,s2.188677,s-4.902665
151_67,s-2.072257,s-3.266187,s270.910579
151_68,s1.745544,s3.118398,s216.597998
151_69,s0.642593,s3.106964,s89.910760
151_70,s2.993131,s-0.624024,s269.195311
151_71,s0.048721,s-3.969204,s301.206561
151_72,s-4.425373,s-0.249624,s178.299527
151_73,s1.437212,s3.261656,s26.550558
151_74,s0.393417,s3.794904,s235.150106
151_75,s-1.721162,s3.816493,s300.550775
151_76,s-3.869531,s-1.766524,s59.876110
151_77,s-2.847565,s2.567133,s208.786097
151_78,s-2.683617,s-3.087370,s299.949549
151_79,s-4.672540,s0.194284,s260.337699
151_80,s3.648742,s0.898829,s91.166254
151_81,s-1.600792,s-3.790573,s275.297041
151_82,s-0.767639,s3.686369,s148.732533
151_83,s-0.839022,s4.204783,s241.321909
151_84,s-2.660073,s3.323784,s321.913941
151_85,s-3.061441,s2.995040,s260.756843
151_86,s1.923585,s-4.205163,s67.163055
151_87,s3.456776,s1.668325,s292.455372
151_88,s-4.885977,s0.614567,s15.548917
151_89,s-4.735803,s1.330497,s-12.026194
151_90,s0.238215,s4.284709,s77.431117
151_91,s3.660204,s-0.165869,s44.307665
151_92,s-3.953588,s-2.709198,s331.426026
151_93,s-0.525306,s-4.035706,s236.663395
151_94,s2.158527,s3.676514,s192.890785
151_95,s-2.377574,s-3.783453,s166.511700
151_96,s-4.531984,s-2.574964,s115.152255
151_97,s-2.634311,s4.475066,s30.392323
151_98,s0.548611,s-4.128634,s261.500947
151_99,s-3.622970,s3.255506,s-3.659968
151_100,s-3.528195,s-3.882204,s27.367133
151_101,s-4.159204,s3.101218,s0.720523
151_102,s0.567035,s4.590268,s339.920372
151_103,s-5.859802,s0.611191,s-1.732034
151_104,s-0.822541,s5.090145,s123.069850
151_105,s-4.998825,s-0.725992,s224.456238
151_106,s2.637492,s3.046512,s302.012201
151_107,s4.032672,s1.508406,s239.565855
151_108,s-4.221239,s2.575883,s189.418208
151_109,s3.484442,s-1.124067,s268.921065
151_110,s-1.938699,s4.884950,s0.718918
151_111,s-1.946999,s-4.340028,s186.112845
151_112,s4.000883,s0.846988,s316.614568
151_113,s-5.406368,s1.462568,s181.422101
151_114,s-2.839961,s-4.296516,s106.550407
151_115,s-1.265477,s-4.646509,s208.557428
151_116,s4.427420,s-0.596463,s86.001020
151_117,s-0.612147,s-4.543588,s209.536892
151_118,s-4.326205,s3.452417,s-0.288010
151_119,s2.539833,s4.018299,s57.153934
151_120,s1.017599,s-5.182334,s31.872169
151_121,s-5.302707,s-1.297750,s89.559112
151_122,s-5.481439,s-0.342225,s261.048445
151_123,s-0.413999,s4.935942,s266.622439
151_124,s-3.424805,s4.563515,s208.140278
151_125,s3.334744,s-2.439862,s210.754224
151_126,s-4.759540,s-1.838281,s17.460519
151_127,s3.426784,s2.902411,s189.746626
151_128,s3.836194,s-2.183346,s241.146154
151_129,s3.540018,s-3.455179,s152.924678
151_130,s2.920135,s3.886241,s315.933795
151_131,s4.432079,s2.521816,s334.542145
151_132,s1.387739,s4.370842,s26.571418
151_133,s-4.945989,s3.120637,s0.275390
151_134,s-4.390233,s-3.244359,s107.936701
151_135,s-5.720533,s-2.109117,s148.444503
151_136,s4.445620,s0.118267,s339.542869
151_137,s3.814420,s3.355517,s28.178845
151_138,s4.020877,s-2.704846,s188.635342
151_139,s-5.837755,s-0.856038,s20.652397
151_140,s1.959167,s5.447279,s204.655711
151_141,s0.219163,s-4.642346,s165.099146
151_142,s-4.335412,s-4.110655,s233.787851
151_143,s4.399170,s-1.274245,s182.485189
151_144,s-4.138380,s4.358201,s28.579788
151_145,s-3.018018,s-4.941221,s301.107427
151_146,s2.325284,s-4.505325,s150.589675
151_147,s-6.279215,s1.237520,s177.136701
151_148,s-1.842454,s-5.478482,s299.702489
151_149,s-2.484747,s-5.395334,s88.882349
151_150,s-2.488054,s5.028090,s2.226207
152_0,s0.020086,s-0.073116,s6.629304
152_1,s0.691979,s0.098802,s297.801969
152_2,s0.430698,s-0.827590,s185.375588
152_3,s-0.611753,s-0.638720,s282.936477
152_4,s-0.520427,s0.515830,s181.116956
152_5,s0.649848,s0.987045,s243.491063
152_6,s-1.132666,s0.053144,s279.170372
152_7,s1.963571,s0.409530,s38.131850
152_8,s-1.814772,s-1.054077,s82.553714
152_9,s-0.851243,s-1.051826,s35.126842
152_10,s0.297414,s1.522301,s281.376169
152_11,s-1.454790,s0.990071,s220.498035
152_12,s0.759626,s-0.447088,s299.240370
152_13,s1.694946,s1.594161,s187.893592
152_14,s-0.775262,s0.905833,s30.552677
152_15,s-0.325917,s-1.288797,s329.169073
152_16,s0.101726,s-1.834767,s208.848157
152_17,s1.634525,s-1.524028,s98.310332
152_18,s2.324686,s-1.572817,s213.920193
152_19,s2.250967,s1.325125,s228.220322
152_20,s1.345236,s-2.149018,s216.844984
152_21,s-0.241061,s1.171730,s248.040080
152_22,s-1.766190,s0.532212,s196.709122
152_23,s-1.152341,s-1.350987,s58.806933
152_24,s0.861029,s1.992263,s11.025105
152_25,s0.047902,s2.436793,s79.130671
152_26,s-2.308953,s-1.592235,s41.863271
152_27,s2.364668,s-0.261190,s211.010627
152_28,s2.764946,s2.045571,s69.863657
152_29,s-1.857375,s1.464700,s174.915016
152_30,s-0.983571,s2.451713,s91.681766
152_31,s1.345936,s-0.401194,s91.064410
152_32,s-0.727166,s-1.935403,s78.000027
152_33,s0.092543,s-3.395167,s10.298299
152_34,s2.379167,s-3.406393,s88.051553
152_35,s-1.359018,s-2.355495,s27.674326
152_36,s-1.771001,s-0.308578,s125.867733
152_37,s-2.520070,s0.368414,s239.464010
152_38,s-2.789900,s-0.688385,s322.806591
152_39,s-2.110419,s-2.010038,s30.327222
152_40,s2.291403,s0.136723,s177.960466
152_41,s-0.625749,s-2.514554,s336.105974
152_42,s1.448532,s-2.894158,s180.145898
152_43,s-2.589591,s1.041283,s106.536225
152_44,s-1.622875,s-2.845562,s208.717979
152_45,s-3.406880,s-0.149180,s269.448889
152_46,s2.271102,s-2.871454,s316.034395
152_47,s2.858037,s-0.253667,s3.188687
152_48,s-0.336581,s1.975971,s123.283428
152_49,s0.857568,s-3.072831,s180.171646
152_50,s1.462436,s2.040216,s28.480019
152_51,s-0.545648,s3.098279,s328.747695
152_52,s-0.509489,s-3.067591,s61.020688
152_53,s-1.724927,s1.899337,s325.437214
152_54,s-2.780998,s-2.506455,s120.108612
152_55,s-3.610866,s-0.673011,s212.771240
152_56,s-1.176400,s-3.197659,s234.635359
152_57,s-3.223737,s2.013261,s248.870282
152_58,s-3.596051,s1.356358,s271.645781
152_59,s3.013030,s1.237687,s-0.932523
152_60,s-3.784589,s0.843751,s66.953785
152_61,s-1.851606,s3.198590,s149.061645
152_62,s3.381697,s-1.962843,s301.981975
152_63,s-3.076338,s-1.912361,s-1.966847
152_64,s-2.170902,s2.370070,s179.970807
152_65,s2.836643,s2.487876,s210.049159
152_66,s-3.561246,s2.212375,s-2.092377
152_67,s-2.072257,s-3.266187,s270.910579
152_68,s1.745544,s3.118398,s216.597998
152_69,s0.642593,s3.106964,s89.910760
152_70,s3.108973,s-0.599241,s267.253133
152_71,s0.048721,s-3.969204,s301.206561
152_72,s-4.425373,s-0.249624,s178.299527
152_73,s1.437212,s3.261656,s26.550558
152_74,s0.393417,s3.794904,s235.150106
152_75,s-1.721162,s3.816493,s300.550775
152_76,s-3.853125,s-1.842604,s55.539441
152_77,s-2.842007,s2.555874,s203.626011
152_78,s-2.668266,s-3.054506,s119.302853
152_79,s-4.672540,s0.194284,s260.337699
152_80,s3.648742,s0.898829,s91.166254
152_81,s-1.478862,s-3.768725,s274.161304
152_82,s-0.767639,s3.686369,s148.732533
152_83,s-0.839022,s4.204783,s241.321909
152_84,s-2.601958,s3.323080,s317.333062
152_85,s-3.061441,s2.995040,s260.756843
152_86,s1.811929,s-4.242413,s71.042279
152_87,s3.452543,s1.838838,s293.805033
152_88,s-4.872034,s0.602683,s18.771714
152_89,s-4.735803,s1.330497,s-12.026194
152_90,s0.253600,s4.303206,s82.245413
152_91,s3.660204,s-0.165869,s44.307665
152_92,s-3.988075,s-2.695735,s335.282175
152_93,s-0.525306,s-4.035706,s236.663395
152_94,s2.158527,s3.676514,s192.890785
152_95,s-2.377574,s-3.783453,s166.511700
152_96,s-4.516192,s-2.577421,s113.317342
152_97,s-2.685678,s4.450338,s27.490694
152_98,s0.548611,s-4.128634,s261.500947
152_99,s-3.622970,s3.255506,s-3.659968
152_100,s-3.547672,s-3.955785,s30.932301
152_101,s-4.159204,s3.101218,s0.720523
152_102,s0.716198,s4.552709,s337.433004
152_103,s-5.859802,s0.611191,s-1.732034
152_104,s-0.822541,s5.090145,s123.069850
152_105,s-4.877263,s-0.791120,s224.162897
152_106,s2.637492,s3.046512,s302.012201
152_107,s4.032672,s1.508406,s239.565855
152_108,s-4.221239,s2.575883,s189.418208
152_109,s3.388892,s-1.200821,s274.101965
152_110,s-1.876040,s4.854082,s0.339504
152_111,s-2.004787,s-4.173582,s183.969454
152_112,s4.000883,s0.846988,s316.614568
152_113,s-5.406368,s1.462568,s181.422101
152_114,s-2.839961,s-4.296516,s106.550407
152_115,s-1.265477,s-4.646509,s208.557428
152_116,s4.469094,s-0.621509,s79.507169
152_117,s-0.517645,s-4.640900,s193.255661
152_118,s-4.326205,s3.452417,s-0.288010
152_119,s2.489579,s4.089796,s52.202743
152_120,s1.017599,s-5.182334,s31.872169
152_121,s-5.264915,s-1.236212,s87.170309
152_122,s-5.481439,s-0.342225,s261.048445
152_123,s-0.297412,s4.938404,s304.138679
152_124,s-3.365713,s4.613060,s209.672084
152_125,s3.326050,s-2.467865,s207.373713
152_126,s-4.683854,s-1.809557,s17.777580
152_127,s3.475698,s2.873254,s240.003929
152_128,s3.839435,s-2.170029,s240.926819
152_129,s3.540018,s-3.455179,s152.924678
152_130,s2.889443,s3.889990,s311.455032
152_131,s4.488185,s2.642013,s335.846739
152_132,s1.387739,s4.370842,s26.571418
152_133,s-4.773189,s3.315871,s180.586212
152_134,s-4.531437,s-3.305610,s114.252097
152_135,s-5.648421,s-2.091889,s26.768561
152_136,s4.445620,s0.118267,s339.542869
152_137,s3.755915,s3.426939,s32.394831
152_138,s4.020877,s-2.704846,s188.635342
152_139,s-5.844363,s-0.818939,s19.318821
152_140,s1.959167,s5.447279,s204.655711
152_141,s0.219163,s-4.642346,s165.099146
152_142,s-4.308496,s-4.092258,s237.900121
152_143,s4.399170,s-1.274245,s182.485189
152_144,s-4.075368,s4.544609,s13.273234
152_145,s-3.018018,s-4.941221,s301.107427
152_146,s2.325284,s-4.505325,s150.589675
152_147,s-6.178426,s1.338979,s123.269577
152_148,s-1.842454,s-5.478482,s299.702489
152_149,s-2.488958,s-5.378340,s330.777544
152_150,s-2.460724,s5.087063,s2.450472
152_151,s-1.366244,s5.412013,s323.811813
153_0,s0.047715,s-0.063348,s325.488795
153_1,s0.691979,s0.098802,s297.801969
153_2,s0.430698,s-0.827590,s185.375588
153_3,s-0.628505,s-0.618822,s285.524048
153_4,s-0.520427,s0.515830,s181.116956
153_5,s0.649848,s0.987045,s243.491063
153_6,s-1.132666,s0.053144,s279.170372
153_7,s1.963571,s0.409530,s38.131850
153_8,s-1.814772,s-1.054077,s82.553714
153_9,s-0.851243,s-1.051826,s35.126842
153_10,s0.297414,s1.522301,s281.376169
153_11,s-1.454790,s0.990071,s220.498035
153_12,s0.759626,s-0.447088,s299.240370
153_13,s1.732577,s1.607723,s186.029658
153_14,s-0.742077,s0.941996,s36.795039
153_15,s-0.325917,s-1.288797,s329.169073
153_16,s0.016252,s-1.878642,s210.301685
153_17,s1.824064,s-1.314022,s98.025101
153_18,s2.341603,s-1.595325,s270.877055
153_19,s2.250967,s1.325125,s228.220322
153_20,s1.387667,s-2.077791,s214.797895
153_21,s-0.212656,s1.223478,s245.002237
153_22,s-1.772133,s0.519561,s192.164436
153_23,s-1.152341,s-1.350987,s58.806933
153_24,s0.628476,s2.008600,s10.983534
153_25,s0.005072,s2.477480,s79.761870
153_26,s-2.308953,s-1.592235,s41.863271
153_27,s2.364668,s-0.261190,s211.010627
153_28,s2.764946,s2.045571,s69.863657
153_29,s-1.882343,s1.476611,s177.220846
153_30,s-0.983571,s2.451713,s91.681766
153_31,s1.345936,s-0.401194,s91.064410
153_32,s-0.723806,s-1.933655,s78.990522
153_33,s0.235292,s-3.322732,s4.241896
153_34,s2.391427,s-3.468715,s89.416097
153_35,s-1.429679,s-2.333482,s24.470511
153_36,s-1.877864,s-0.373984,s130.609678
153_37,s-2.520070,s0.368414,s239.464010
153_38,s-2.905390,s-0.760918,s323.957471
153_39,s-2.112292,s-1.994898,s149.330937
153_40,s2.291403,s0.136723,s177.960466
153_41,s-0.650212,s-2.454297,s241.726020
153_42,s1.448532,s-2.894158,s180.145898
153_43,s-2.605309,s0.942321,s103.706731
153_44,s-1.622875,s-2.845562,s208.717979
153_45,s-3.305020,s-0.087035,s55.654808
153_46,s2.267023,s-2.975655,s326.905333
153_47,s2.858037,s-0.253667,s3.188687
153_48,s-0.397401,s1.983043,s121.328983
153_49,s0.857568,s-3.072831,s180.171646
153_50,s1.486330,s2.037590,s271.200100
153_51,s-0.545648,s3.098279,s328.747695
153_52,s-0.509489,s-3.067591,s61.020688
153_53,s-1.724927,s1.899337,s325.437214
153_54,s-2.780998,s-2.506455,s120.108612
153_55,s-3.632104,s-0.654021,s214.057207
153_56,s-1.176400,s-3.197659,s234.635359
153_57,s-3.223737,s2.013261,s248.870282
153_58,s-3.546757,s1.343652,s298.452718
153_59,s3.013030,s1.237687,s-0.932523
153_60,s-3.819756,s0.729094,s65.032676
153_61,s-1.851606,s3.198590,s149.061645
153_62,s3.381697,s-1.962843,s301.981975
153_63,s-3.076338,s-1.912361,s-1.966847
153_64,s-2.170902,s2.370070,s179.970807
153_65,s2.836643,s2.487876,s210.049159
153_66,s-3.617704,s2.184236,s-4.449541
153_67,s-2.072257,s-3.266187,s270.910579
153_68,s1.801951,s3.048254,s211.200820
153_69,s0.642593,s3.106964,s89.910760
153_70,s3.040983,s-0.615162,s268.170516
153_71,s0.048721,s-3.969204,s301.206561
153_72,s-4.425373,s-0.249624,s178.299527
153_73,s1.417654,s3.242996,s30.733567
153_74,s0.381004,s3.791744,s234.266706
153_75,s-1.676138,s3.791295,s298.635403
153_76,s-3.853125,s-1.842604,s55.539441
153_77,s-2.842007,s2.555874,s203.626011
153_78,s-2.668266,s-3.054506,s119.302853
153_79,s-4.672540,s0.194284,s260.337699
153_80,s3.648742,s0.898829,s91.166254
153_81,s-1.478434,s-3.753418,s269.779547
153_82,s-0.797989,s3.651906,s149.399621
153_83,s-0.839022,s4.204783,s241.321909
153_84,s-2.554083,s3.214253,s317.410181
153_85,s-3.036202,s2.977871,s-1.113816
153_86,s1.742424,s-4.142365,s73.728363
153_87,s3.468161,s1.714113,s291.255669
153_88,s-4.872034,s0.602683,s18.771714
153_89,s-4.735803,s1.330497,s-12.026194
153_90,s0.242062,s4.315565,s91.710547
153_91,s3.626112,s-0.096879,s43.017059
153_92,s-3.988075,s-2.695735,s335.282175
153_93,s-0.486165,s-4.056522,s236.066894
153_94,s2.158527,s3.676514,s192.890785
153_95,s-2.343585,s-3.746257,s164.422196
153_96,s-4.593993,s-2.505498,s107.868303
153_97,s-2.664675,s4.512806,s180.791645
153_98,s0.548611,s-4.128634,s261.500947
153_99,s-3.622970,s3.255506,s-3.659968
153_100,s-3.547672,s-3.955785,s30.932301
153_101,s-4.159204,s3.101218,s0.720523
153_102,s0.716198,s4.552709,s337.433004
153_103,s-5.859802,s0.611191,s-1.732034
153_104,s-0.827791,s5.086060,s0.399663
153_105,s-4.877263,s-0.791120,s224.162897
153_106,s2.640382,s3.057617,s304.172517
153_107,s4.032672,s1.508406,s239.565855
153_108,s-4.224472,s2.567069,s178.282252
153_109,s3.338368,s-1.261332,s272.641678
153_110,s-1.937080,s4.829938,s-1.410665
153_111,s-2.004787,s-4.173582,s183.969454
153_112,s4.000883,s0.846988,s316.614568
153_113,s-5.406368,s1.462568,s181.422101
153_114,s-2.834368,s-4.276287,s106.100727
153_115,s-1.259834,s-4.624763,s209.948867
153_116,s4.422586,s-0.568850,s33.220984
153_117,s-0.505860,s-4.605272,s189.420930
153_118,s-4.326205,s3.452417,s-0.288010
153_119,s2.418006,s4.056644,s54.900485
153_120,s1.007560,s-5.114156,s269.853117
153_121,s-5.200837,s-1.353275,s85.401543
153_122,s-5.450153,s-0.412336,s266.682962
153_123,s-0.313564,s4.956130,s271.026636
153_124,s-3.365713,s4.613060,s209.672084
153_125,s3.326050,s-2.467865,s207.373713
153_126,s-4.683854,s-1.809557,s17.777580
153_127,s3.523460,s2.909533,s249.040241
153_128,s3.839435,s-2.170029,s240.926819
153_129,s3.512355,s-3.440308,s31.375654
153_130,s2.955873,s3.939319,s317.355733
153_131,s4.455122,s2.630483,s328.152740
153_132,s1.387739,s4.370842,s26.571418
153_133,s-4.773189,s3.315871,s180.586212
153_134,s-4.498500,s-3.280035,s114.914784
153_135,s-5.648421,s-2.091889,s26.768561
153_136,s4.445620,s0.118267,s339.542869
153_137,s3.803313,s3.372990,s39.638424
153_138,s4.168479,s-2.778905,s192.170386
153_139,s-5.889368,s-0.840775,s32.115092
153_140,s2.005828,s5.557304,s57.610798
153_141,s0.197004,s-4.747586,s166.567581
153_142,s-4.322710,s-4.068366,s240.720494
153_143,s4.503067,s-1.285985,s242.338366
153_144,s-3.996294,s4.506435,s13.021484
153_145,s-3.029785,s-4.972481,s89.946608
153_146,s2.290197,s-4.516756,s118.839309
153_147,s-6.171316,s1.337173,s126.786833
153_148,s-1.842454,s-5.478482,s299.702489
153_149,s-2.556065,s-5.328277,s330.453449
153_150,s-2.560668,s5.014221,s1.484349
153_151,s-1.413857,s5.355219,s328.485054
153_152,s4.946996,s0.572387,s267.899154
154_0,s0.047715,s-0.063348,s325.488795
154_1,s0.691979,s0.098802,s297.801969
154_2,s0.430698,s-0.827590,s185.375588
154_3,s-0.628505,s-0.618822,s285.524048
154_4,s-0.520427,s0.515830,s181.116956
154_5,s0.649848,s0.987045,s243.491063
154_6,s-1.132666,s0.053144,s279.170372
154_7,s1.963571,s0.409530,s38.131850
154_8,s-1.814772,s-1.054077,s82.553714
154_9,s-0.851243,s-1.051826,s35.126842
154_10,s0.297414,s1.522301,s281.376169
154_11,s-1.454790,s0.990071,s220.498035
154_12,s0.759626,s-0.447088,s299.240370
154_13,s1.732577,s1.607723,s186.029658
154_14,s-0.742077,s0.941996,s36.795039
154_15,s-0.325917,s-1.288797,s329.169073
154_16,s0.016252,s-1.878642,s210.301685
154_17,s1.824064,s-1.314022,s98.025101
154_18,s2.341603,s-1.595325,s270.877055
154_19,s2.250967,s1.325125,s228.220322
154_20,s1.387667,s-2.077791,s214.797895
154_21,s-0.212656,s1.223478,s245.002237
154_22,s-1.772133,s0.519561,s192.164436
154_23,s-1.152341,s-1.350987,s58.806933
154_24,s0.628476,s2.008600,s10.983534
154_25,s0.005072,s2.477480,s79.761870
154_26,s-2.308953,s-1.592235,s41.863271
154_27,s2.364668,s-0.261190,s211.010627
154_28,s2.764946,s2.045571,s69.863657
154_29,s-1.882343,s1.476611,s177.220846
154_30,s-0.983571,s2.451713,s91.681766
154_31,s1.345936,s-0.401194,s91.064410
154_32,s-0.723806,s-1.933655,s78.990522
154_33,s0.235292,s-3.322732,s4.241896
154_34,s2.391427,s-3.468715,s89.416097
154_35,s-1.429679,s-2.333482,s24.470511
154_36,s-1.877864,s-0.373984,s130.609678
154_37,s-2.520070,s0.368414,s239.464010
154_38,s-2.905390,s-0.760918,s323.957471
154_39,s-2.112292,s-1.994898,s149.330937
154_40,s2.291403,s0.136723,s177.960466
154_41,s-0.650212,s-2.454297,s241.726020
154_42,s1.448532,s-2.894158,s180.145898
154_43,s-2.605309,s0.942321,s103.706731
154_44,s-1.622875,s-2.845562,s208.717979
154_45,s-3.305020,s-0.087035,s55.654808
154_46,s2.267023,s-2.975655,s326.905333
154_47,s2.858037,s-0.253667,s3.188687
154_48,s-0.397401,s1.983043,s121.328983
154_49,s0.857568,s-3.072831,s180.171646
154_50,s1.486330,s2.037590,s271.200100
154_51,s-0.545648,s3.098279,s328.747695
154_52,s-0.509489,s-3.067591,s61.020688
154_53,s-1.724927,s1.899337,s325.437214
154_54,s-2.780998,s-2.506455,s120.108612
154_55,s-3.632104,s-0.654021,s214.057207
154_56,s-1.176400,s-3.197659,s234.635359
154_57,s-3.223737,s2.013261,s248.870282
154_58,s-3.546757,s1.343652,s298.452718
154_59,s3.013030,s1.237687,s-0.932523
154_60,s-3.819756,s0.729094,s65.032676
154_61,s-1.851606,s3.198590,s149.061645
154_62,s3.381697,s-1.962843,s301.981975
154_63,s-3.076338,s-1.912361,s-1.966847
154_64,s-2.170902,s2.370070,s179.970807
154_65,s2.836643,s2.487876,s210.049159
154_66,s-3.617704,s2.184236,s-4.449541
154_67,s-2.072257,s-3.266187,s270.910579
154_68,s1.801951,s3.048254,s211.200820
154_69,s0.642593,s3.106964,s89.910760
154_70,s3.040983,s-0.615162,s268.170516
154_71,s0.048721,s-3.969204,s301.206561
154_72,s-4.425373,s-0.249624,s178.299527
154_73,s1.417654,s3.242996,s30.733567
154_74,s0.381004,s3.791744,s234.266706
154_75,s-1.676138,s3.791295,s298.635403
154_76,s-3.853125,s-1.842604,s55.539441
154_77,s-2.842007,s2.555874,s203.626011
154_78,s-2.668266,s-3.054506,s119.302853
154_79,s-4.672540,s0.194284,s260.337699
154_80,s3.648742,s0.898829,s91.166254
154_81,s-1.478434,s-3.753418,s269.779547
154_82,s-0.797989,s3.651906,s149.399621
154_83,s-0.839022,s4.204783,s241.321909
154_84,s-2.554083,s3.214253,s317.410181
154_85,s-3.036202,s2.977871,s-1.113816
154_86,s1.742424,s-4.142365,s73.728363
154_87,s3.468161,s1.714113,s291.255669
154_88,s-4.872034,s0.602683,s18.771714
154_89,s-4.735803,s1.330497,s-12.026194
154_90,s0.242062,s4.315565,s91.710547
154_91,s3.626112,s-0.096879,s43.017059
154_92,s-3.988075,s-2.695735,s335.282175
154_93,s-0.486165,s-4.056522,s236.066894
154_94,s2.158527,s3.676514,s192.890785
154_95,s-2.343585,s-3.746257,s164.422196
154_96,s-4.593993,s-2.505498,s107.868303
154_97,s-2.664675,s4.512806,s180.791645
154_98,s0.548611,s-4.128634,s261.500947
154_99,s-3.622970,s3.255506,s-3.659968
154_100,s-3.547672,s-3.955785,s30.932301
154_101,s-4.159204,s3.101218,s0.720523
154_102,s0.716198,s4.552709,s337.433004
154_103,s-5.859802,s0.611191,s-1.732034
154_104,s-0.827791,s5.086060,s0.399663
154_105,s-4.877263,s-0.791120,s224.162897
154_106,s2.640382,s3.057617,s304.172517
154_107,s4.032672,s1.508406,s239.565855
154_108,s-4.224472,s2.567069,s178.282252
154_109,s3.338368,s-1.261332,s272.641678
154_110,s-1.937080,s4.829938,s-1.410665
154_111,s-2.004787,s-4.173582,s183.969454
154_112,s4.000883,s0.846988,s316.614568
154_113,s-5.406368,s1.462568,s181.422101
154_114,s-2.834368,s-4.276287,s106.100727
154_115,s-1.259834,s-4.624763,s209.948867
154_116,s4.422586,s-0.568850,s33.220984
154_117,s-0.505860,s-4.605272,s189.420930
154_118,s-4.326205,s3.452417,s-0.288010
154_119,s2.418006,s4.056644,s54.900485
154_120,s1.007560,s-5.114156,s269.853117
154_121,s-5.200837,s-1.353275,s85.401543
154_122,s-5.450153,s-0.412336,s266.682962
154_123,s-0.313564,s4.956130,s271.026636
154_124,s-3.365713,s4.613060,s209.672084
154_125,s3.326050,s-2.467865,s207.373713
154_126,s-4.683854,s-1.809557,s17.777580
154_127,s3.523460,s2.909533,s249.040241
154_128,s3.839435,s-2.170029,s240.926819
154_129,s3.512355,s-3.440308,s31.375654
154_130,s2.955873,s3.939319,s317.355733
154_131,s4.455122,s2.630483,s328.152740
154_132,s1.387739,s4.370842,s26.571418
154_133,s-4.773189,s3.315871,s180.586212
154_134,s-4.498500,s-3.280035,s114.914784
154_135,s-5.648421,s-2.091889,s26.768561
154_136,s4.445620,s0.118267,s339.542869
154_137,s3.803313,s3.372990,s39.638424
154_138,s4.168479,s-2.778905,s192.170386
154_139,s-5.889368,s-0.840775,s32.115092
154_140,s2.005828,s5.557304,s57.610798
154_141,s0.197004,s-4.747586,s166.567581
154_142,s-4.322710,s-4.068366,s240.720494
154_143,s4.503067,s-1.285985,s242.338366
154_144,s-3.996294,s4.506435,s13.021484
154_145,s-3.029785,s-4.972481,s89.946608
154_146,s2.290197,s-4.516756,s118.839309
154_147,s-6.171316,s1.337173,s126.786833
154_148,s-1.842454,s-5.478482,s299.702489
154_149,s-2.556065,s-5.328277,s330.453449
154_150,s-2.560668,s5.014221,s1.484349
154_151,s-1.413857,s5.355219,s328.485054
154_152,s4.946996,s0.572387,s267.899154
154_153,s2.255748,s4.585161,s0.010397
155_0,s0.047715,s-0.063348,s325.488795
155_1,s0.691979,s0.098802,s297.801969
155_2,s0.430698,s-0.827590,s185.375588
155_3,s-0.628505,s-0.618822,s285.524048
155_4,s-0.520427,s0.515830,s181.116956
155_5,s0.649848,s0.987045,s243.491063
155_6,s-1.132666,s0.053144,s279.170372
155_7,s1.963571,s0.409530,s38.131850
155_8,s-1.814772,s-1.054077,s82.553714
155_9,s-0.851243,s-1.051826,s35.126842
155_10,s0.297414,s1.522301,s281.376169
155_11,s-1.454790,s0.990071,s220.498035
155_12,s0.759626,s-0.447088,s299.240370
155_13,s1.732577,s1.607723,s186.029658
155_14,s-0.742077,s0.941996,s36.795039
155_15,s-0.325917,s-1.288797,s329.169073
155_16,s0.016252,s-1.878642,s210.301685
155_17,s1.824064,s-1.314022,s98.025101
155_18,s2.341603,s-1.595325,s270.877055
155_19,s2.250967,s1.325125,s228.220322
155_20,s1.387667,s-2.077791,s214.797895
155_21,s-0.212656,s1.223478,s245.002237
155_22,s-1.772133,s0.519561,s192.164436
155_23,s-1.152341,s-1.350987,s58.806933
155_24,s0.628476,s2.008600,s10.983534
155_25,s0.005072,s2.477480,s79.761870
155_26,s-2.308953,s-1.592235,s41.863271
155_27,s2.364668,s-0.261190,s211.010627
155_28,s2.764946,s2.045571,s69.863657
155_29,s-1.882343,s1.476611,s177.220846
155_30,s-0.983571,s2.451713,s91.681766
155_31,s1.345936,s-0.401194,s91.064410
155_32,s-0.723806,s-1.933655,s78.990522
155_33,s0.235292,s-3.322732,s4.241896
155_34,s2.391427,s-3.468715,s89.416097
155_35,s-1.429679,s-2.333482,s24.470511
155_36,s-1.877864,s-0.373984,s130.609678
155_37,s-2.520070,s0.368414,s239.464010
155_38,s-2.905390,s-0.760918,s323.957471
155_39,s-2.112292,s-1.994898,s149.330937
155_40,s2.291403,s0.136723,s177.960466
155_41,s-0.650212,s-2.454297,s241.726020
155_42,s1.448532,s-2.894158,s180.145898
155_43,s-2.605309,s0.942321,s103.706731
155_44,s-1.622875,s-2.845562,s208.717979
155_45,s-3.305020,s-0.087035,s55.654808
155_46,s2.267023,s-2.975655,s326.905333
155_47,s2.858037,s-0.253667,s3.188687
155_48,s-0.397401,s1.983043,s121.328983
155_49,s0.857568,s-3.072831,s180.171646
155_50,s1.486330,s2.037590,s271.200100
155_51,s-0.545648,s3.098279,s328.747695
155_52,s-0.509489,s-3.067591,s61.020688
155_53,s-1.724927,s1.899337,s325.437214
155_54,s-2.780998,s-2.506455,s120.108612
155_55,s-3.632104,s-0.654021,s214.057207
155_56,s-1.176400,s-3.197659,s234.635359
155_57,s-3.223737,s2.013261,s248.870282
155_58,s-3.546757,s1.343652,s298.452718
155_59,s3.013030,s1.237687,s-0.932523
155_60,s-3.819756,s0.729094,s65.032676
155_61,s-1.851606,s3.198590,s149.061645
155_62,s3.381697,s-1.962843,s301.981975
155_63,s-3.076338,s-1.912361,s-1.966847
155_64,s-2.170902,s2.370070,s179.970807
155_65,s2.836643,s2.487876,s210.049159
155_66,s-3.617704,s2.184236,s-4.449541
155_67,s-2.072257,s-3.266187,s270.910579
155_68,s1.801951,s3.048254,s211.200820
155_69,s0.642593,s3.106964,s89.910760
155_70,s3.040983,s-0.615162,s268.170516
155_71,s0.048721,s-3.969204,s301.206561
155_72,s-4.425373,s-0.249624,s178.299527
155_73,s1.417654,s3.242996,s30.733567
155_74,s0.381004,s3.791744,s234.266706
155_75,s-1.676138,s3.791295,s298.635403
155_76,s-3.853125,s-1.842604,s55.539441
155_77,s-2.842007,s2.555874,s203.626011
155_78,s-2.668266,s-3.054506,s119.302853
155_79,s-4.672540,s0.194284,s260.337699
155_80,s3.648742,s0.898829,s91.166254
155_81,s-1.478434,s-3.753418,s269.779547
155_82,s-0.797989,s3.651906,s149.399621
155_83,s-0.839022,s4.204783,s241.321909
155_84,s-2.554083,s3.214253,s317.410181
155_85,s-3.036202,s2.977871,s-1.113816
155_86,s1.742424,s-4.142365,s73.728363
155_87,s3.468161,s1.714113,s291.255669
155_88,s-4.872034,s0.602683,s18.771714
155_89,s-4.735803,s1.330497,s-12.026194
155_90,s0.242062,s4.315565,s91.710547
155_91,s3.626112,s-0.096879,s43.017059
155_92,s-3.988075,s-2.695735,s335.282175
155_93,s-0.486165,s-4.056522,s236.066894
155_94,s2.158527,s3.676514,s192.890785
155_95,s-2.343585,s-3.746257,s164.422196
155_96,s-4.593993,s-2.505498,s107.868303
155_97,s-2.664675,s4.512806,s180.791645
155_98,s0.548611,s-4.128634,s261.500947
155_99,s-3.622970,s3.255506,s-3.659968
155_100,s-3.547672,s-3.955785,s30.932301
155_101,s-4.159204,s3.101218,s0.720523
155_102,s0.716198,s4.552709,s337.433004
155_103,s-5.859802,s0.611191,s-1.732034
155_104,s-0.827791,s5.086060,s0.399663
155_105,s-4.877263,s-0.791120,s224.162897
155_106,s2.640382,s3.057617,s304.172517
155_107,s4.032672,s1.508406,s239.565855
155_108,s-4.224472,s2.567069,s178.282252
155_109,s3.338368,s-1.261332,s272.641678
155_110,s-1.937080,s4.829938,s-1.410665
155_111,s-2.004787,s-4.173582,s183.969454
155_112,s4.000883,s0.846988,s316.614568
155_113,s-5.406368,s1.462568,s181.422101
155_114,s-2.834368,s-4.276287,s106.100727
155_115,s-1.259834,s-4.624763,s209.948867
155_116,s4.422586,s-0.568850,s33.220984
155_117,s-0.505860,s-4.605272,s189.420930
155_118,s-4.326205,s3.452417,s-0.288010
155_119,s2.418006,s4.056644,s54.900485
155_120,s1.007560,s-5.114156,s269.853117
155_121,s-5.200837,s-1.353275,s85.401543
155_122,s-5.450153,s-0.412336,s266.682962
155_123,s-0.313564,s4.956130,s271.026636
155_124,s-3.365713,s4.613060,s209.672084
155_125,s3.326050,s-2.467865,s207.373713
155_126,s-4.683854,s-1.809557,s17.777580
155_127,s3.523460,s2.909533,s249.040241
155_128,s3.839435,s-2.170029,s240.926819
155_129,s3.512355,s-3.440308,s31.375654
155_130,s2.955873,s3.939319,s317.355733
155_131,s4.455122,s2.630483,s328.152740
155_132,s1.387739,s4.370842,s26.571418
155_133,s-4.773189,s3.315871,s180.586212
155_134,s-4.498500,s-3.280035,s114.914784
155_135,s-5.648421,s-2.091889,s26.768561
155_136,s4.445620,s0.118267,s339.542869
155_137,s3.803313,s3.372990,s39.638424
155_138,s4.168479,s-2.778905,s192.170386
155_139,s-5.889368,s-0.840775,s32.115092
155_140,s2.005828,s5.557304,s57.610798
155_141,s0.197004,s-4.747586,s166.567581
155_142,s-4.322710,s-4.068366,s240.720494
155_143,s4.503067,s-1.285985,s242.338366
155_144,s-3.996294,s4.506435,s13.021484
155_145,s-3.029785,s-4.972481,s89.946608
155_146,s2.290197,s-4.516756,s118.839309
155_147,s-6.171316,s1.337173,s126.786833
155_148,s-1.842454,s-5.478482,s299.702489
155_149,s-2.556065,s-5.328277,s330.453449
155_150,s-2.560668,s5.014221,s1.484349
155_151,s-1.413857,s5.355219,s328.485054
155_152,s4.946996,s0.572387,s267.899154
155_153,s2.255748,s4.585161,s0.010397
155_154,s5.204696,s1.322135,s208.672741
156_0,s0.047715,s-0.063348,s325.488795
156_1,s0.691979,s0.098802,s297.801969
156_2,s0.430698,s-0.827590,s185.375588
156_3,s-0.628505,s-0.618822,s285.524048
156_4,s-0.520427,s0.515830,s181.116956
156_5,s0.649848,s0.987045,s243.491063
156_6,s-1.132666,s0.053144,s279.170372
156_7,s1.963571,s0.409530,s38.131850
156_8,s-1.814772,s-1.054077,s82.553714
156_9,s-0.851243,s-1.051826,s35.126842
156_10,s0.297414,s1.522301,s281.376169
156_11,s-1.454790,s0.990071,s220.498035
156_12,s0.759626,s-0.447088,s299.240370
156_13,s1.732577,s1.607723,s186.029658
156_14,s-0.742077,s0.941996,s36.795039
156_15,s-0.325917,s-1.288797,s329.169073
156_16,s0.016252,s-1.878642,s210.301685
156_17,s1.824064,s-1.314022,s98.025101
156_18,s2.341603,s-1.595325,s270.877055
156_19,s2.250967,s1.325125,s228.220322
156_20,s1.387667,s-2.077791,s214.797895
156_21,s-0.212656,s1.223478,s245.002237
156_22,s-1.772133,s0.519561,s192.164436
156_23,s-1.152341,s-1.350987,s58.806933
156_24,s0.628476,s2.008600,s10.983534
156_25,s0.005072,s2.477480,s79.761870
156_26,s-2.308953,s-1.592235,s41.863271
156_27,s2.364668,s-0.261190,s211.010627
156_28,s2.764946,s2.045571,s69.863657
156_29,s-1.882343,s1.476611,s177.220846
156_30,s-0.983571,s2.451713,s91.681766
156_31,s1.345936,s-0.401194,s91.064410
156_32,s-0.723806,s-1.933655,s78.990522
156_33,s0.235292,s-3.322732,s4.241896
156_34,s2.391427,s-3.468715,s89.416097
156_35,s-1.429679,s-2.333482,s24.470511
156_36,s-1.877864,s-0.373984,s130.609678
156_37,s-2.520070,s0.368414,s239.464010
156_38,s-2.905390,s-0.760918,s323.957471
156_39,s-2.112292,s-1.994898,s149.330937
156_40,s2.291403,s0.136723,s177.960466
156_41,s-0.650212,s-2.454297,s241.726020
156_42,s1.448532,s-2.894158,s180.145898
156_43,s-2.605309,s0.942321,s103.706731
156_44,s-1.622875,s-2.845562,s208.717979
156_45,s-3.305020,s-0.087035,s55.654808
156_46,s2.267023,s-2.975655,s326.905333
156_47,s2.858037,s-0.253667,s3.188687
156_48,s-0.397401,s1.983043,s121.328983
156_49,s0.857568,s-3.072831,s180.171646
156_50,s1.486330,s2.037590,s271.200100
156_51,s-0.545648,s3.098279,s328.747695
156_52,s-0.509489,s-3.067591,s61.020688
156_53,s-1.724927,s1.899337,s325.437214
156_54,s-2.780998,s-2.506455,s120.108612
156_55,s-3.632104,s-0.654021,s214.057207
156_56,s-1.176400,s-3.197659,s234.635359
156_57,s-3.223737,s2.013261,s248.870282
156_58,s-3.546757,s1.343652,s298.452718
156_59,s3.013030,s1.237687,s-0.932523
156_60,s-3.819756,s0.729094,s65.032676
156_61,s-1.851606,s3.198590,s149.061645
156_62,s3.381697,s-1.962843,s301.981975
156_63,s-3.076338,s-1.912361,s-1.966847
156_64,s-2.170902,s2.370070,s179.970807
156_65,s2.836643,s2.487876,s210.049159
156_66,s-3.617704,s2.184236,s-4.449541
156_67,s-2.072257,s-3.266187,s270.910579
156_68,s1.801951,s3.048254,s211.200820
156_69,s0.642593,s3.106964,s89.910760
156_70,s3.040983,s-0.615162,s268.170516
156_71,s0.048721,s-3.969204,s301.206561
156_72,s-4.425373,s-0.249624,s178.299527
156_73,s1.417654,s3.242996,s30.733567
156_74,s0.381004,s3.791744,s234.266706
156_75,s-1.676138,s3.791295,s298.635403
156_76,s-3.853125,s-1.842604,s55.539441
156_77,s-2.842007,s2.555874,s203.626011
156_78,s-2.668266,s-3.054506,s119.302853
156_79,s-4.672540,s0.194284,s260.337699
156_80,s3.648742,s0.898829,s91.166254
156_81,s-1.478434,s-3.753418,s269.779547
156_82,s-0.797989,s3.651906,s149.399621
156_83,s-0.839022,s4.204783,s241.321909
156_84,s-2.554083,s3.214253,s317.410181
156_85,s-3.036202,s2.977871,s-1.113816
156_86,s1.742424,s-4.142365,s73.728363
156_87,s3.468161,s1.714113,s291.255669
156_88,s-4.872034,s0.602683,s18.771714
156_89,s-4.735803,s1.330497,s-12.026194
156_90,s0.242062,s4.315565,s91.710547
156_91,s3.626112,s-0.096879,s43.017059
156_92,s-3.988075,s-2.695735,s335.282175
156_93,s-0.486165,s-4.056522,s236.066894
156_94,s2.158527,s3.676514,s192.890785
156_95,s-2.343585,s-3.746257,s164.422196
156_96,s-4.593993,s-2.505498,s107.868303
156_97,s-2.664675,s4.512806,s180.791645
156_98,s0.548611,s-4.128634,s261.500947
156_99,s-3.622970,s3.255506,s-3.659968
156_100,s-3.547672,s-3.955785,s30.932301
156_101,s-4.159204,s3.101218,s0.720523
156_102,s0.716198,s4.552709,s337.433004
156_103,s-5.859802,s0.611191,s-1.732034
156_104,s-0.827791,s5.086060,s0.399663
156_105,s-4.877263,s-0.791120,s224.162897
156_106,s2.640382,s3.057617,s304.172517
156_107,s4.032672,s1.508406,s239.565855
156_108,s-4.224472,s2.567069,s178.282252
156_109,s3.338368,s-1.261332,s272.641678
156_110,s-1.937080,s4.829938,s-1.410665
156_111,s-2.004787,s-4.173582,s183.969454
156_112,s4.000883,s0.846988,s316.614568
156_113,s-5.406368,s1.462568,s181.422101
156_114,s-2.834368,s-4.276287,s106.100727
156_115,s-1.259834,s-4.624763,s209.948867
156_116,s4.422586,s-0.568850,s33.220984
156_117,s-0.505860,s-4.605272,s189.420930
156_118,s-4.326205,s3.452417,s-0.288010
156_119,s2.418006,s4.056644,s54.900485
156_120,s1.007560,s-5.114156,s269.853117
156_121,s-5.200837,s-1.353275,s85.401543
156_122,s-5.450153,s-0.412336,s266.682962
156_123,s-0.313564,s4.956130,s271.026636
156_124,s-3.365713,s4.613060,s209.672084
156_125,s3.326050,s-2.467865,s207.373713
156_126,s-4.683854,s-1.809557,s17.777580
156_127,s3.523460,s2.909533,s249.040241
156_128,s3.839435,s-2.170029,s240.926819
156_129,s3.512355,s-3.440308,s31.375654
156_130,s2.955873,s3.939319,s317.355733
156_131,s4.455122,s2.630483,s328.152740
156_132,s1.387739,s4.370842,s26.571418
156_133,s-4.773189,s3.315871,s180.586212
156_134,s-4.498500,s-3.280035,s114.914784
156_135,s-5.648421,s-2.091889,s26.768561
156_136,s4.445620,s0.118267,s339.542869
156_137,s3.803313,s3.372990,s39.638424
156_138,s4.168479,s-2.778905,s192.170386
156_139,s-5.889368,s-0.840775,s32.115092
156_140,s2.005828,s5.557304,s57.610798
156_141,s0.197004,s-4.747586,s166.567581
156_142,s-4.322710,s-4.068366,s240.720494
156_143,s4.503067,s-1.285985,s242.338366
156_144,s-3.996294,s4.506435,s13.021484
156_145,s-3.029785,s-4.972481,s89.946608
156_146,s2.290197,s-4.516756,s118.839309
156_147,s-6.171316,s1.337173,s126.786833
156_148,s-1.842454,s-5.478482,s299.702489
156_149,s-2.556065,s-5.328277,s330.453449
156_150,s-2.560668,s5.014221,s1.484349
156_151,s-1.413857,s5.355219,s328.485054
156_152,s4.946996,s0.572387,s267.899154
156_153,s2.255748,s4.585161,s0.010397
156_154,s5.204696,s1.322135,s208.672741
156_155,s4.881769,s-0.756259,s237.090723
157_0,s0.047715,s-0.063348,s325.488795
157_1,s0.691979,s0.098802,s297.801969
157_2,s0.430698,s-0.827590,s185.375588
157_3,s-0.628505,s-0.618822,s285.524048
157_4,s-0.520427,s0.515830,s181.116956
157_5,s0.649848,s0.987045,s243.491063
157_6,s-1.132666,s0.053144,s279.170372
157_7,s1.963571,s0.409530,s38.131850
157_8,s-1.814772,s-1.054077,s82.553714
157_9,s-0.851243,s-1.051826,s35.126842
157_10,s0.297414,s1.522301,s281.376169
157_11,s-1.454790,s0.990071,s220.498035
157_12,s0.759626,s-0.447088,s299.240370
157_13,s1.732577,s1.607723,s186.029658
157_14,s-0.742077,s0.941996,s36.795039
157_15,s-0.325917,s-1.288797,s329.169073
157_16,s0.016252,s-1.878642,s210.301685
157_17,s1.824064,s-1.314022,s98.025101
157_18,s2.341603,s-1.595325,s270.877055
157_19,s2.250967,s1.325125,s228.220322
157_20,s1.387667,s-2.077791,s214.797895
157_21,s-0.212656,s1.223478,s245.002237
157_22,s-1.772133,s0.519561,s192.164436
157_23,s-1.152341,s-1.350987,s58.806933
157_24,s0.628476,s2.008600,s10.983534
157_25,s0.005072,s2.477480,s79.761870
157_26,s-2.308953,s-1.592235,s41.863271
157_27,s2.364668,s-0.261190,s211.010627
157_28,s2.764946,s2.045571,s69.863657
157_29,s-1.882343,s1.476611,s177.220846
157_30,s-0.983571,s2.451713,s91.681766
157_31,s1.345936,s-0.401194,s91.064410
157_32,s-0.723806,s-1.933655,s78.990522
157_33,s0.235292,s-3.322732,s4.241896
157_34,s2.391427,s-3.468715,s89.416097
157_35,s-1.429679,s-2.333482,s24.470511
157_36,s-1.877864,s-0.373984,s130.609678
157_37,s-2.520070,s0.368414,s239.464010
157_38,s-2.905390,s-0.760918,s323.957471
157_39,s-2.112292,s-1.994898,s149.330937
157_40,s2.291403,s0.136723,s177.960466
157_41,s-0.650212,s-2.454297,s241.726020
157_42,s1.448532,s-2.894158,s180.145898
157_43,s-2.605309,s0.942321,s103.706731
157_44,s-1.622875,s-2.845562,s208.717979
157_45,s-3.305020,s-0.087035,s55.654808
157_46,s2.267023,s-2.975655,s326.905333
157_47,s2.858037,s-0.253667,s3.188687
157_48,s-0.397401,s1.983043,s121.328983
157_49,s0.857568,s-3.072831,s180.171646
157_50,s1.486330,s2.037590,s271.200100
157_51,s-0.545648,s3.098279,s328.747695
157_52,s-0.509489,s-3.067591,s61.020688
157_53,s-1.724927,s1.899337,s325.437214
157_54,s-2.780998,s-2.506455,s120.108612
157_55,s-3.632104,s-0.654021,s214.057207
157_56,s-1.176400,s-3.197659,s234.635359
157_57,s-3.223737,s2.013261,s248.870282
157_58,s-3.546757,s1.343652,s298.452718
157_59,s3.013030,s1.237687,s-0.932523
157_60,s-3.819756,s0.729094,s65.032676
157_61,s-1.851606,s3.198590,s149.061645
157_62,s3.381697,s-1.962843,s301.981975
157_63,s-3.076338,s-1.912361,s-1.966847
157_64,s-2.170902,s2.370070,s179.970807
157_65,s2.836643,s2.487876,s210.049159
157_66,s-3.617704,s2.184236,s-4.449541
157_67,s-2.072257,s-3.266187,s270.910579
157_68,s1.801951,s3.048254,s211.200820
157_69,s0.642593,s3.106964,s89.910760
157_70,s3.040983,s-0.615162,s268.170516
157_71,s0.048721,s-3.969204,s301.206561
157_72,s-4.425373,s-0.249624,s178.299527
157_73,s1.417654,s3.242996,s30.733567
157_74,s0.381004,s3.791744,s234.266706
157_75,s-1.676138,s3.791295,s298.635403
157_76,s-3.853125,s-1.842604,s55.539441
157_77,s-2.842007,s2.555874,s203.626011
157_78,s-2.668266,s-3.054506,s119.302853
157_79,s-4.672540,s0.194284,s260.337699
157_80,s3.648742,s0.898829,s91.166254
157_81,s-1.478434,s-3.753418,s269.779547
157_82,s-0.797989,s3.651906,s149.399621
157_83,s-0.839022,s4.204783,s241.321909
157_84,s-2.554083,s3.214253,s317.410181
157_85,s-3.036202,s2.977871,s-1.113816
157_86,s1.742424,s-4.142365,s73.728363
157_87,s3.468161,s1.714113,s291.255669
157_88,s-4.872034,s0.602683,s18.771714
157_89,s-4.735803,s1.330497,s-12.026194
157_90,s0.242062,s4.315565,s91.710547
157_91,s3.626112,s-0.096879,s43.017059
157_92,s-3.988075,s-2.695735,s335.282175
157_93,s-0.486165,s-4.056522,s236.066894
157_94,s2.158527,s3.676514,s192.890785
157_95,s-2.343585,s-3.746257,s164.422196
157_96,s-4.593993,s-2.505498,s107.868303
157_97,s-2.664675,s4.512806,s180.791645
157_98,s0.548611,s-4.128634,s261.500947
157_99,s-3.622970,s3.255506,s-3.659968
157_100,s-3.547672,s-3.955785,s30.932301
157_101,s-4.159204,s3.101218,s0.720523
157_102,s0.716198,s4.552709,s337.433004
157_103,s-5.859802,s0.611191,s-1.732034
157_104,s-0.827791,s5.086060,s0.399663
157_105,s-4.877263,s-0.791120,s224.162897
157_106,s2.640382,s3.057617,s304.172517
157_107,s4.032672,s1.508406,s239.565855
157_108,s-4.224472,s2.567069,s178.282252
157_109,s3.338368,s-1.261332,s272.641678
157_110,s-1.937080,s4.829938,s-1.410665
157_111,s-2.004787,s-4.173582,s183.969454
157_112,s4.000883,s0.846988,s316.614568
157_113,s-5.406368,s1.462568,s181.422101
157_114,s-2.834368,s-4.276287,s106.100727
157_115,s-1.259834,s-4.624763,s209.948867
157_116,s4.422586,s-0.568850,s33.220984
157_117,s-0.505860,s-4.605272,s189.420930
157_118,s-4.326205,s3.452417,s-0.288010
157_119,s2.418006,s4.056644,s54.900485
157_120,s1.007560,s-5.114156,s269.853117
157_121,s-5.200837,s-1.353275,s85.401543
157_122,s-5.450153,s-0.412336,s266.682962
157_123,s-0.313564,s4.956130,s271.026636
157_124,s-3.365713,s4.613060,s209.672084
157_125,s3.326050,s-2.467865,s207.373713
157_126,s-4.683854,s-1.809557,s17.777580
157_127,s3.523460,s2.909533,s249.040241
157_128,s3.839435,s-2.170029,s240.926819
157_129,s3.512355,s-3.440308,s31.375654
157_130,s2.955873,s3.939319,s317.355733
157_131,s4.455122,s2.630483,s328.152740
157_132,s1.387739,s4.370842,s26.571418
157_133,s-4.773189,s3.315871,s180.586212
157_134,s-4.498500,s-3.280035,s114.914784
157_135,s-5.648421,s-2.091889,s26.768561
157_136,s4.445620,s0.118267,s339.542869
157_137,s3.803313,s3.372990,s39.638424
157_138,s4.168479,s-2.778905,s192.170386
157_139,s-5.889368,s-0.840775,s32.115092
157_140,s2.005828,s5.557304,s57.610798
157_141,s0.197004,s-4.747586,s166.567581
157_142,s-4.322710,s-4.068366,s240.720494
157_143,s4.503067,s-1.285985,s242.338366
157_144,s-3.996294,s4.506435,s13.021484
157_145,s-3.029785,s-4.972481,s89.946608
157_146,s2.290197,s-4.516756,s118.839309
157_147,s-6.171316,s1.337173,s126.786833
157_148,s-1.842454,s-5.478482,s299.702489
157_149,s-2.556065,s-5.328277,s330.453449
157_150,s-2.560668,s5.014221,s1.484349
157_151,s-1.413857,s5.355219,s328.485054
157_152,s4.946996,s0.572387,s267.899154
157_153,s2.255748,s4.585161,s0.010397
157_154,s5.204696,s1.322135,s208.672741
157_155,s4.881769,s-0.756259,s237.090723
157_156,s0.694964,s5.264326,s89.991072
158_0,s0.047715,s-0.063348,s325.488795
158_1,s0.691979,s0.098802,s297.801969
158_2,s0.430698,s-0.827590,s185.375588
158_3,s-0.628505,s-0.618822,s285.524048
158_4,s-0.520427,s0.515830,s181.116956
158_5,s0.649848,s0.987045,s243.491063
158_6,s-1.132666,s0.053144,s279.170372
158_7,s1.963571,s0.409530,s38.131850
158_8,s-1.814772,s-1.054077,s82.553714
158_9,s-0.851243,s-1.051826,s35.126842
158_10,s0.297414,s1.522301,s281.376169
158_11,s-1.454790,s0.990071,s220.498035
158_12,s0.759626,s-0.447088,s299.240370
158_13,s1.732577,s1.607723,s186.029658
158_14,s-0.742077,s0.941996,s36.795039
158_15,s-0.325917,s-1.288797,s329.169073
158_16,s0.016252,s-1.878642,s210.301685
158_17,s1.824064,s-1.314022,s98.025101
158_18,s2.341603,s-1.595325,s270.877055
158_19,s2.250967,s1.325125,s228.220322
158_20,s1.387667,s-2.077791,s214.797895
158_21,s-0.212656,s1.223478,s245.002237
158_22,s-1.772133,s0.519561,s192.164436
158_23,s-1.152341,s-1.350987,s58.806933
158_24,s0.628476,s2.008600,s10.983534
158_25,s0.005072,s2.477480,s79.761870
158_26,s-2.308953,s-1.592235,s41.863271
158_27,s2.364668,s-0.261190,s211.010627
158_28,s2.764946,s2.045571,s69.863657
158_29,s-1.882343,s1.476611,s177.220846
158_30,s-0.983571,s2.451713,s91.681766
158_31,s1.345936,s-0.401194,s91.064410
158_32,s-0.723806,s-1.933655,s78.990522
158_33,s0.235292,s-3.322732,s4.241896
158_34,s2.391427,s-3.468715,s89.416097
158_35,s-1.429679,s-2.333482,s24.470511
158_36,s-1.877864,s-0.373984,s130.609678
158_37,s-2.520070,s0.368414,s239.464010
158_38,s-2.905390,s-0.760918,s323.957471
158_39,s-2.112292,s-1.994898,s149.330937
158_40,s2.291403,s0.136723,s177.960466
158_41,s-0.650212,s-2.454297,s241.726020
158_42,s1.448532,s-2.894158,s180.145898
158_43,s-2.605309,s0.942321,s103.706731
158_44,s-1.622875,s-2.845562,s208.717979
158_45,s-3.305020,s-0.087035,s55.654808
158_46,s2.267023,s-2.975655,s326.905333
158_47,s2.858037,s-0.253667,s3.188687
158_48,s-0.397401,s1.983043,s121.328983
158_49,s0.857568,s-3.072831,s180.171646
158_50,s1.486330,s2.037590,s271.200100
158_51,s-0.545648,s3.098279,s328.747695
158_52,s-0.509489,s-3.067591,s61.020688
158_53,s-1.724927,s1.899337,s325.437214
158_54,s-2.780998,s-2.506455,s120.108612
158_55,s-3.632104,s-0.654021,s214.057207
158_56,s-1.176400,s-3.197659,s234.635359
158_57,s-3.223737,s2.013261,s248.870282
158_58,s-3.546757,s1.343652,s298.452718
158_59,s3.013030,s1.237687,s-0.932523
158_60,s-3.819756,s0.729094,s65.032676
158_61,s-1.851606,s3.198590,s149.061645
158_62,s3.381697,s-1.962843,s301.981975
158_63,s-3.076338,s-1.912361,s-1.966847
158_64,s-2.170902,s2.370070,s179.970807
158_65,s2.836643,s2.487876,s210.049159
158_66,s-3.617704,s2.184236,s-4.449541
158_67,s-2.072257,s-3.266187,s270.910579
158_68,s1.801951,s3.048254,s211.200820
158_69,s0.642593,s3.106964,s89.910760
158_70,s3.040983,s-0.615162,s268.170516
158_71,s0.048721,s-3.969204,s301.206561
158_72,s-4.425373,s-0.249624,s178.299527
158_73,s1.417654,s3.242996,s30.733567
158_74,s0.381004,s3.791744,s234.266706
158_75,s-1.676138,s3.791295,s298.635403
158_76,s-3.853125,s-1.842604,s55.539441
158_77,s-2.842007,s2.555874,s203.626011
158_78,s-2.668266,s-3.054506,s119.302853
158_79,s-4.672540,s0.194284,s260.337699
158_80,s3.648742,s0.898829,s91.166254
158_81,s-1.478434,s-3.753418,s269.779547
158_82,s-0.797989,s3.651906,s149.399621
158_83,s-0.839022,s4.204783,s241.321909
158_84,s-2.554083,s3.214253,s317.410181
158_85,s-3.036202,s2.977871,s-1.113816
158_86,s1.742424,s-4.142365,s73.728363
158_87,s3.468161,s1.714113,s291.255669
158_88,s-4.872034,s0.602683,s18.771714
158_89,s-4.735803,s1.330497,s-12.026194
158_90,s0.242062,s4.315565,s91.710547
158_91,s3.626112,s-0.096879,s43.017059
158_92,s-3.988075,s-2.695735,s335.282175
158_93,s-0.486165,s-4.056522,s236.066894
158_94,s2.158527,s3.676514,s192.890785
158_95,s-2.343585,s-3.746257,s164.422196
158_96,s-4.593993,s-2.505498,s107.868303
158_97,s-2.664675,s4.512806,s180.791645
158_98,s0.548611,s-4.128634,s261.500947
158_99,s-3.622970,s3.255506,s-3.659968
158_100,s-3.547672,s-3.955785,s30.932301
158_101,s-4.159204,s3.101218,s0.720523
158_102,s0.716198,s4.552709,s337.433004
158_103,s-5.859802,s0.611191,s-1.732034
158_104,s-0.827791,s5.086060,s0.399663
158_105,s-4.877263,s-0.791120,s224.162897
158_106,s2.640382,s3.057617,s304.172517
158_107,s4.032672,s1.508406,s239.565855
158_108,s-4.224472,s2.567069,s178.282252
158_109,s3.338368,s-1.261332,s272.641678
158_110,s-1.937080,s4.829938,s-1.410665
158_111,s-2.004787,s-4.173582,s183.969454
158_112,s4.000883,s0.846988,s316.614568
158_113,s-5.406368,s1.462568,s181.422101
158_114,s-2.834368,s-4.276287,s106.100727
158_115,s-1.259834,s-4.624763,s209.948867
158_116,s4.422586,s-0.568850,s33.220984
158_117,s-0.505860,s-4.605272,s189.420930
158_118,s-4.326205,s3.452417,s-0.288010
158_119,s2.418006,s4.056644,s54.900485
158_120,s1.007560,s-5.114156,s269.853117
158_121,s-5.200837,s-1.353275,s85.401543
158_122,s-5.450153,s-0.412336,s266.682962
158_123,s-0.313564,s4.956130,s271.026636
158_124,s-3.365713,s4.613060,s209.672084
158_125,s3.326050,s-2.467865,s207.373713
158_126,s-4.683854,s-1.809557,s17.777580
158_127,s3.523460,s2.909533,s249.040241
158_128,s3.839435,s-2.170029,s240.926819
158_129,s3.512355,s-3.440308,s31.375654
158_130,s2.955873,s3.939319,s317.355733
158_131,s4.455122,s2.630483,s328.152740
158_132,s1.387739,s4.370842,s26.571418
158_133,s-4.773189,s3.315871,s180.586212
158_134,s-4.498500,s-3.280035,s114.914784
158_135,s-5.648421,s-2.091889,s26.768561
158_136,s4.445620,s0.118267,s339.542869
158_137,s3.803313,s3.372990,s39.638424
158_138,s4.168479,s-2.778905,s192.170386
158_139,s-5.889368,s-0.840775,s32.115092
158_140,s2.005828,s5.557304,s57.610798
158_141,s0.197004,s-4.747586,s166.567581
158_142,s-4.322710,s-4.068366,s240.720494
158_143,s4.503067,s-1.285985,s242.338366
158_144,s-3.996294,s4.506435,s13.021484
158_145,s-3.029785,s-4.972481,s89.946608
158_146,s2.290197,s-4.516756,s118.839309
158_147,s-6.171316,s1.337173,s126.786833
158_148,s-1.842454,s-5.478482,s299.702489
158_149,s-2.556065,s-5.328277,s330.453449
158_150,s-2.560668,s5.014221,s1.484349
158_151,s-1.413857,s5.355219,s328.485054
158_152,s4.946996,s0.572387,s267.899154
158_153,s2.255748,s4.585161,s0.010397
158_154,s5.204696,s1.322135,s208.672741
158_155,s4.881769,s-0.756259,s237.090723
158_156,s0.694964,s5.264326,s89.991072
158_157,s-4.852412,s2.253131,s117.922600
159_0,s0.047715,s-0.063348,s325.488795
159_1,s0.691979,s0.098802,s297.801969
159_2,s0.430698,s-0.827590,s185.375588
159_3,s-0.628505,s-0.618822,s285.524048
159_4,s-0.520427,s0.515830,s181.116956
159_5,s0.649848,s0.987045,s243.491063
159_6,s-1.132666,s0.053144,s279.170372
159_7,s1.963571,s0.409530,s38.131850
159_8,s-1.814772,s-1.054077,s82.553714
159_9,s-0.851243,s-1.051826,s35.126842
159_10,s0.297414,s1.522301,s281.376169
159_11,s-1.454790,s0.990071,s220.498035
159_12,s0.759626,s-0.447088,s299.240370
159_13,s1.732577,s1.607723,s186.029658
159_14,s-0.742077,s0.941996,s36.795039
159_15,s-0.325917,s-1.288797,s329.169073
159_16,s0.016252,s-1.878642,s210.301685
159_17,s1.824064,s-1.314022,s98.025101
159_18,s2.341603,s-1.595325,s270.877055
159_19,s2.250967,s1.325125,s228.220322
159_20,s1.387667,s-2.077791,s214.797895
159_21,s-0.212656,s1.223478,s245.002237
159_22,s-1.772133,s0.519561,s192.164436
159_23,s-1.152341,s-1.350987,s58.806933
159_24,s0.628476,s2.008600,s10.983534
159_25,s0.005072,s2.477480,s79.761870
159_26,s-2.308953,s-1.592235,s41.863271
159_27,s2.364668,s-0.261190,s211.010627
159_28,s2.764946,s2.045571,s69.863657
159_29,s-1.882343,s1.476611,s177.220846
159_30,s-0.983571,s2.451713,s91.681766
159_31,s1.345936,s-0.401194,s91.064410
159_32,s-0.723806,s-1.933655,s78.990522
159_33,s0.235292,s-3.322732,s4.241896
159_34,s2.391427,s-3.468715,s89.416097
159_35,s-1.429679,s-2.333482,s24.470511
159_36,s-1.877864,s-0.373984,s130.609678
159_37,s-2.520070,s0.368414,s239.464010
159_38,s-2.905390,s-0.760918,s323.957471
159_39,s-2.112292,s-1.994898,s149.330937
159_40,s2.291403,s0.136723,s177.960466
159_41,s-0.650212,s-2.454297,s241.726020
159_42,s1.448532,s-2.894158,s180.145898
159_43,s-2.605309,s0.942321,s103.706731
159_44,s-1.622875,s-2.845562,s208.717979
159_45,s-3.305020,s-0.087035,s55.654808
159_46,s2.267023,s-2.975655,s326.905333
159_47,s2.858037,s-0.253667,s3.188687
159_48,s-0.397401,s1.983043,s121.328983
159_49,s0.857568,s-3.072831,s180.171646
159_50,s1.486330,s2.037590,s271.200100
159_51,s-0.545648,s3.098279,s328.747695
159_52,s-0.509489,s-3.067591,s61.020688
159_53,s-1.724927,s1.899337,s325.437214
159_54,s-2.780998,s-2.506455,s120.108612
159_55,s-3.632104,s-0.654021,s214.057207
159_56,s-1.176400,s-3.197659,s234.635359
159_57,s-3.223737,s2.013261,s248.870282
159_58,s-3.546757,s1.343652,s298.452718
159_59,s3.013030,s1.237687,s-0.932523
159_60,s-3.819756,s0.729094,s65.032676
159_61,s-1.851606,s3.198590,s149.061645
159_62,s3.381697,s-1.962843,s301.981975
159_63,s-3.076338,s-1.912361,s-1.966847
159_64,s-2.170902,s2.370070,s179.970807
159_65,s2.836643,s2.487876,s210.049159
159_66,s-3.617704,s2.184236,s-4.449541
159_67,s-2.072257,s-3.266187,s270.910579
159_68,s1.801951,s3.048254,s211.200820
159_69,s0.642593,s3.106964,s89.910760
159_70,s3.040983,s-0.615162,s268.170516
159_71,s0.048721,s-3.969204,s301.206561
159_72,s-4.425373,s-0.249624,s178.299527
159_73,s1.417654,s3.242996,s30.733567
159_74,s0.381004,s3.791744,s234.266706
159_75,s-1.676138,s3.791295,s298.635403
159_76,s-3.853125,s-1.842604,s55.539441
159_77,s-2.842007,s2.555874,s203.626011
159_78,s-2.668266,s-3.054506,s119.302853
159_79,s-4.672540,s0.194284,s260.337699
159_80,s3.648742,s0.898829,s91.166254
159_81,s-1.478434,s-3.753418,s269.779547
159_82,s-0.797989,s3.651906,s149.399621
159_83,s-0.839022,s4.204783,s241.321909
159_84,s-2.554083,s3.214253,s317.410181
159_85,s-3.036202,s2.977871,s-1.113816
159_86,s1.742424,s-4.142365,s73.728363
159_87,s3.468161,s1.714113,s291.255669
159_88,s-4.872034,s0.602683,s18.771714
159_89,s-4.735803,s1.330497,s-12.026194
159_90,s0.242062,s4.315565,s91.710547
159_91,s3.626112,s-0.096879,s43.017059
159_92,s-3.988075,s-2.695735,s335.282175
159_93,s-0.486165,s-4.056522,s236.066894
159_94,s2.158527,s3.676514,s192.890785
159_95,s-2.343585,s-3.746257,s164.422196
159_96,s-4.593993,s-2.505498,s107.868303
159_97,s-2.664675,s4.512806,s180.791645
159_98,s0.548611,s-4.128634,s261.500947
159_99,s-3.622970,s3.255506,s-3.659968
159_100,s-3.547672,s-3.955785,s30.932301
159_101,s-4.159204,s3.101218,s0.720523
159_102,s0.716198,s4.552709,s337.433004
159_103,s-5.859802,s0.611191,s-1.732034
159_104,s-0.827791,s5.086060,s0.399663
159_105,s-4.877263,s-0.791120,s224.162897
159_106,s2.640382,s3.057617,s304.172517
159_107,s4.032672,s1.508406,s239.565855
159_108,s-4.224472,s2.567069,s178.282252
159_109,s3.338368,s-1.261332,s272.641678
159_110,s-1.937080,s4.829938,s-1.410665
159_111,s-2.004787,s-4.173582,s183.969454
159_112,s4.000883,s0.846988,s316.614568
159_113,s-5.406368,s1.462568,s181.422101
159_114,s-2.834368,s-4.276287,s106.100727
159_115,s-1.259834,s-4.624763,s209.948867
159_116,s4.422586,s-0.568850,s33.220984
159_117,s-0.505860,s-4.605272,s189.420930
159_118,s-4.326205,s3.452417,s-0.288010
159_119,s2.418006,s4.056644,s54.900485
159_120,s1.007560,s-5.114156,s269.853117
159_121,s-5.200837,s-1.353275,s85.401543
159_122,s-5.450153,s-0.412336,s266.682962
159_123,s-0.313564,s4.956130,s271.026636
159_124,s-3.365713,s4.613060,s209.672084
159_125,s3.326050,s-2.467865,s207.373713
159_126,s-4.683854,s-1.809557,s17.777580
159_127,s3.523460,s2.909533,s249.040241
159_128,s3.839435,s-2.170029,s240.926819
159_129,s3.512355,s-3.440308,s31.375654
159_130,s2.955873,s3.939319,s317.355733
159_131,s4.455122,s2.630483,s328.152740
159_132,s1.387739,s4.370842,s26.571418
159_133,s-4.773189,s3.315871,s180.586212
159_134,s-4.498500,s-3.280035,s114.914784
159_135,s-5.648421,s-2.091889,s26.768561
159_136,s4.445620,s0.118267,s339.542869
159_137,s3.803313,s3.372990,s39.638424
159_138,s4.168479,s-2.778905,s192.170386
159_139,s-5.889368,s-0.840775,s32.115092
159_140,s2.005828,s5.557304,s57.610798
159_141,s0.197004,s-4.747586,s166.567581
159_142,s-4.322710,s-4.068366,s240.720494
159_143,s4.503067,s-1.285985,s242.338366
159_144,s-3.996294,s4.506435,s13.021484
159_145,s-3.029785,s-4.972481,s89.946608
159_146,s2.290197,s-4.516756,s118.839309
159_147,s-6.171316,s1.337173,s126.786833
159_148,s-1.842454,s-5.478482,s299.702489
159_149,s-2.556065,s-5.328277,s330.453449
159_150,s-2.560668,s5.014221,s1.484349
159_151,s-1.413857,s5.355219,s328.485054
159_152,s4.946996,s0.572387,s267.899154
159_153,s2.255748,s4.585161,s0.010397
159_154,s5.204696,s1.322135,s208.672741
159_155,s4.881769,s-0.756259,s237.090723
159_156,s0.694964,s5.264326,s89.991072
159_157,s-4.852412,s2.253131,s117.922600
159_158,s4.645488,s1.954748,s334.013581
160_0,s0.047715,s-0.063348,s325.488795
160_1,s0.691979,s0.098802,s297.801969
160_2,s0.391220,s-0.854957,s187.902151
160_3,s-0.628505,s-0.618822,s285.524048
160_4,s-0.520427,s0.515830,s181.116956
160_5,s0.649848,s0.987045,s243.491063
160_6,s-1.132666,s0.053144,s279.170372
160_7,s1.963571,s0.409530,s38.131850
160_8,s-1.814772,s-1.054077,s82.553714
160_9,s-0.851243,s-1.051826,s35.126842
160_10,s0.297414,s1.522301,s281.376169
160_11,s-1.448852,s1.018808,s215.750780
160_12,s0.759626,s-0.447088,s299.240370
160_13,s1.732577,s1.607723,s186.029658
160_14,s-0.742077,s0.941996,s36.795039
160_15,s-0.325917,s-1.288797,s329.169073
160_16,s0.044382,s-1.911755,s177.697563
160_17,s1.824064,s-1.314022,s98.025101
160_18,s2.341603,s-1.595325,s270.877055
160_19,s2.250967,s1.325125,s228.220322
160_20,s1.387667,s-2.077791,s214.797895
160_21,s-0.212656,s1.223478,s245.002237
160_22,s-1.772133,s0.519561,s192.164436
160_23,s-1.152341,s-1.350987,s58.806933
160_24,s0.635455,s2.048513,s6.515424
160_25,s0.005072,s2.477480,s79.761870
160_26,s-2.308953,s-1.592235,s41.863271
160_27,s2.364668,s-0.261190,s211.010627
160_28,s2.764946,s2.045571,s69.863657
160_29,s-1.882343,s1.476611,s177.220846
160_30,s-0.983571,s2.451713,s91.681766
160_31,s1.345936,s-0.401194,s91.064410
160_32,s-0.723806,s-1.933655,s78.990522
160_33,s0.235292,s-3.322732,s4.241896
160_34,s2.391427,s-3.468715,s89.416097
160_35,s-1.425229,s-2.197296,s32.086042
160_36,s-1.877864,s-0.373984,s130.609678
160_37,s-2.520070,s0.368414,s239.464010
160_38,s-2.905390,s-0.760918,s323.957471
160_39,s-2.112292,s-1.994898,s149.330937
160_40,s2.291403,s0.136723,s177.960466
160_41,s-0.650212,s-2.454297,s241.726020
160_42,s1.448532,s-2.894158,s180.145898
160_43,s-2.605309,s0.942321,s103.706731
160_44,s-1.622875,s-2.845562,s208.717979
160_45,s-3.342179,s-0.080013,s61.390692
160_46,s2.255132,s-2.902639,s331.716638
160_47,s2.858037,s-0.253667,s3.188687
160_48,s-0.397401,s1.983043,s121.328983
160_49,s0.857568,s-3.072831,s180.171646
160_50,s1.486330,s2.037590,s271.200100
160_51,s-0.545648,s3.098279,s328.747695
160_52,s-0.509489,s-3.067591,s61.020688
160_53,s-1.724927,s1.899337,s325.437214
160_54,s-2.780998,s-2.506455,s120.108612
160_55,s-3.632104,s-0.654021,s214.057207
160_56,s-1.176400,s-3.197659,s234.635359
160_57,s-3.223737,s2.013261,s248.870282
160_58,s-3.546757,s1.343652,s298.452718
160_59,s3.013030,s1.237687,s-0.932523
160_60,s-3.819756,s0.729094,s65.032676
160_61,s-1.851606,s3.198590,s149.061645
160_62,s3.381697,s-1.962843,s301.981975
160_63,s-3.076338,s-1.912361,s-1.966847
160_64,s-2.170902,s2.370070,s179.970807
160_65,s2.836643,s2.487876,s210.049159
160_66,s-3.566487,s2.242887,s-1.252783
160_67,s-2.072257,s-3.266187,s270.910579
160_68,s1.801951,s3.048254,s211.200820
160_69,s0.642593,s3.106964,s89.910760
160_70,s3.040983,s-0.615162,s268.170516
160_71,s0.066066,s-3.960376,s304.411223
160_72,s-4.425373,s-0.249624,s178.299527
160_73,s1.417654,s3.242996,s30.733567
160_74,s0.381004,s3.791744,s234.266706
160_75,s-1.676138,s3.791295,s298.635403
160_76,s-3.853125,s-1.842604,s55.539441
160_77,s-2.842007,s2.555874,s203.626011
160_78,s-2.668266,s-3.054506,s119.302853
160_79,s-4.672540,s0.194284,s260.337699
160_80,s3.648742,s0.898829,s91.166254
160_81,s-1.478434,s-3.753418,s269.779547
160_82,s-0.797989,s3.651906,s149.399621
160_83,s-0.839022,s4.204783,s241.321909
160_84,s-2.554083,s3.214253,s317.410181
160_85,s-3.036202,s2.977871,s-1.113816
160_86,s1.742424,s-4.142365,s73.728363
160_87,s3.468161,s1.714113,s291.255669
160_88,s-4.872034,s0.602683,s18.771714
160_89,s-4.735803,s1.330497,s-12.026194
160_90,s0.242062,s4.315565,s91.710547
160_91,s3.626112,s-0.096879,s43.017059
160_92,s-4.097236,s-2.737102,s339.370050
160_93,s-0.486165,s-4.056522,s236.066894
160_94,s2.158527,s3.676514,s192.890785
160_95,s-2.343585,s-3.746257,s164.422196
160_96,s-4.593993,s-2.505498,s107.868303
160_97,s-2.664675,s4.512806,s180.791645
160_98,s0.548611,s-4.128634,s261.500947
160_99,s-3.622970,s3.255506,s-3.659968
160_100,s-3.502991,s-3.879046,s27.897892
160_101,s-4.159204,s3.101218,s0.720523
160_102,s0.741691,s4.513536,s339.885827
160_103,s-5.792032,s0.694357,s-0.019363
160_104,s-0.793030,s5.028823,s2.064518
160_105,s-4.877263,s-0.791120,s224.162897
160_106,s2.640382,s3.057617,s304.172517
160_107,s4.032672,s1.508406,s239.565855
160_108,s-4.224472,s2.567069,s178.282252
160_109,s3.338368,s-1.261332,s272.641678
160_110,s-1.937080,s4.829938,s-1.410665
160_111,s-2.004787,s-4.173582,s183.969454
160_112,s4.000883,s0.846988,s316.614568
160_113,s-5.406368,s1.462568,s181.422101
160_114,s-2.834368,s-4.276287,s106.100727
160_115,s-1.259834,s-4.624763,s209.948867
160_116,s4.483087,s-0.573051,s33.058943
160_117,s-0.505860,s-4.605272,s189.420930
160_118,s-4.326205,s3.452417,s-0.288010
160_119,s2.418006,s4.056644,s54.900485
160_120,s1.007560,s-5.114156,s269.853117
160_121,s-5.200837,s-1.353275,s85.401543
160_122,s-5.450153,s-0.412336,s266.682962
160_123,s-0.313564,s4.956130,s271.026636
160_124,s-3.365713,s4.613060,s209.672084
160_125,s3.326050,s-2.467865,s207.373713
160_126,s-4.595127,s-1.861423,s23.490889
160_127,s3.557366,s2.887175,s250.113374
160_128,s3.839435,s-2.170029,s240.926819
160_129,s3.512355,s-3.440308,s31.375654
160_130,s2.911076,s3.968312,s317.510020
160_131,s4.455122,s2.630483,s328.152740
160_132,s1.376654,s4.398109,s19.224731
160_133,s-4.773189,s3.315871,s180.586212
160_134,s-4.705057,s-3.401917,s112.541638
160_135,s-5.749968,s-2.093210,s29.075670
160_136,s4.445620,s0.118267,s339.542869
160_137,s3.803313,s3.372990,s39.638424
160_138,s4.168479,s-2.778905,s192.170386
160_139,s-5.889368,s-0.840775,s32.115092
160_140,s2.070250,s5.591955,s55.545115
160_141,s0.156177,s-4.820321,s163.392507
160_142,s-4.303092,s-4.020404,s178.793800
160_143,s4.475642,s-1.296895,s248.901421
160_144,s-3.996294,s4.506435,s13.021484
160_145,s-3.029785,s-4.972481,s89.946608
160_146,s2.290197,s-4.516756,s118.839309
160_147,s-6.175844,s1.337963,s128.860254
160_148,s-1.898883,s-5.471087,s300.067640
160_149,s-2.556065,s-5.328277,s330.453449
160_150,s-2.560668,s5.014221,s1.484349
160_151,s-1.402874,s5.369571,s332.795587
160_152,s4.946996,s0.572387,s267.899154
160_153,s2.255748,s4.585161,s0.010397
160_154,s5.204696,s1.322135,s208.672741
160_155,s4.987068,s-0.646959,s235.857453
160_156,s0.694964,s5.264326,s89.991072
160_157,s-4.852412,s2.253131,s117.922600
160_158,s4.645488,s1.954748,s334.013581
160_159,s3.336803,s-3.737090,s149.365545
161_0,s0.047715,s-0.063348,s325.488795
161_1,s0.691979,s0.098802,s297.801969
161_2,s0.391220,s-0.854957,s187.902151
161_3,s-0.628505,s-0.618822,s285.524048
161_4,s-0.520427,s0.515830,s181.116956
161_5,s0.649848,s0.987045,s243.491063
161_6,s-1.132666,s0.053144,s279.170372
161_7,s1.963571,s0.409530,s38.131850
161_8,s-1.814772,s-1.054077,s82.553714
161_9,s-0.851243,s-1.051826,s35.126842
161_10,s0.297414,s1.522301,s281.376169
161_11,s-1.448852,s1.018808,s215.750780
161_12,s0.759626,s-0.447088,s299.240370
161_13,s1.732577,s1.607723,s186.029658
161_14,s-0.742077,s0.941996,s36.795039
161_15,s-0.325917,s-1.288797,s329.169073
161_16,s0.044382,s-1.911755,s177.697563
161_17,s1.824064,s-1.314022,s98.025101
161_18,s2.341603,s-1.595325,s270.877055
161_19,s2.250967,s1.325125,s228.220322
161_20,s1.387667,s-2.077791,s214.797895
161_21,s-0.212656,s1.223478,s245.002237
161_22,s-1.772133,s0.519561,s192.164436
161_23,s-1.152341,s-1.350987,s58.806933
161_24,s0.635455,s2.048513,s6.515424
161_25,s0.005072,s2.477480,s79.761870
161_26,s-2.308953,s-1.592235,s41.863271
161_27,s2.364668,s-0.261190,s211.010627
161_28,s2.764946,s2.045571,s69.863657
161_29,s-1.882343,s1.476611,s177.220846
161_30,s-0.983571,s2.451713,s91.681766
161_31,s1.345936,s-0.401194,s91.064410
161_32,s-0.723806,s-1.933655,s78.990522
161_33,s0.235292,s-3.322732,s4.241896
161_34,s2.391427,s-3.468715,s89.416097
161_35,s-1.425229,s-2.197296,s32.086042
161_36,s-1.877864,s-0.373984,s130.609678
161_37,s-2.520070,s0.368414,s239.464010
161_38,s-2.905390,s-0.760918,s323.957471
161_39,s-2.112292,s-1.994898,s149.330937
161_40,s2.291403,s0.136723,s177.960466
161_41,s-0.650212,s-2.454297,s241.726020
161_42,s1.448532,s-2.894158,s180.145898
161_43,s-2.605309,s0.942321,s103.706731
161_44,s-1.622875,s-2.845562,s208.717979
161_45,s-3.342179,s-0.080013,s61.390692
161_46,s2.255132,s-2.902639,s331.716638
161_47,s2.858037,s-0.253667,s3.188687
161_48,s-0.397401,s1.983043,s121.328983
161_49,s0.857568,s-3.072831,s180.171646
161_50,s1.486330,s2.037590,s271.200100
161_51,s-0.545648,s3.098279,s328.747695
161_52,s-0.509489,s-3.067591,s61.020688
161_53,s-1.724927,s1.899337,s325.437214
161_54,s-2.780998,s-2.506455,s120.108612
161_55,s-3.632104,s-0.654021,s214.057207
161_56,s-1.176400,s-3.197659,s234.635359
161_57,s-3.223737,s2.013261,s248.870282
161_58,s-3.546757,s1.343652,s298.452718
161_59,s3.013030,s1.237687,s-0.932523
161_60,s-3.819756,s0.729094,s65.032676
161_61,s-1.851606,s3.198590,s149.061645
161_62,s3.381697,s-1.962843,s301.981975
161_63,s-3.076338,s-1.912361,s-1.966847
161_64,s-2.170902,s2.370070,s179.970807
161_65,s2.836643,s2.487876,s210.049159
161_66,s-3.566487,s2.242887,s-1.252783
161_67,s-2.072257,s-3.266187,s270.910579
161_68,s1.801951,s3.048254,s211.200820
161_69,s0.642593,s3.106964,s89.910760
161_70,s3.040983,s-0.615162,s268.170516
161_71,s0.066066,s-3.960376,s304.411223
161_72,s-4.425373,s-0.249624,s178.299527
161_73,s1.417654,s3.242996,s30.733567
161_74,s0.381004,s3.791744,s234.266706
161_75,s-1.676138,s3.791295,s298.635403
161_76,s-3.853125,s-1.842604,s55.539441
161_77,s-2.842007,s2.555874,s203.626011
161_78,s-2.668266,s-3.054506,s119.302853
161_79,s-4.672540,s0.194284,s260.337699
161_80,s3.648742,s0.898829,s91.166254
161_81,s-1.478434,s-3.753418,s269.779547
161_82,s-0.797989,s3.651906,s149.399621
161_83,s-0.839022,s4.204783,s241.321909
161_84,s-2.554083,s3.214253,s317.410181
161_85,s-3.036202,s2.977871,s-1.113816
161_86,s1.742424,s-4.142365,s73.728363
161_87,s3.468161,s1.714113,s291.255669
161_88,s-4.872034,s0.602683,s18.771714
161_89,s-4.735803,s1.330497,s-12.026194
161_90,s0.242062,s4.315565,s91.710547
161_91,s3.626112,s-0.096879,s43.017059
161_92,s-4.097236,s-2.737102,s339.370050
161_93,s-0.486165,s-4.056522,s236.066894
161_94,s2.158527,s3.676514,s192.890785
161_95,s-2.343585,s-3.746257,s164.422196
161_96,s-4.593993,s-2.505498,s107.868303
161_97,s-2.664675,s4.512806,s180.791645
161_98,s0.548611,s-4.128634,s261.500947
161_99,s-3.622970,s3.255506,s-3.659968
161_100,s-3.502991,s-3.879046,s27.897892
161_101,s-4.159204,s3.101218,s0.720523
161_102,s0.741691,s4.513536,s339.885827
161_103,s-5.792032,s0.694357,s-0.019363
161_104,s-0.793030,s5.028823,s2.064518
161_105,s-4.877263,s-0.791120,s224.162897
161_106,s2.640382,s3.057617,s304.172517
161_107,s4.032672,s1.508406,s239.565855
161_108,s-4.224472,s2.567069,s178.282252
161_109,s3.338368,s-1.261332,s272.641678
161_110,s-1.937080,s4.829938,s-1.410665
161_111,s-2.004787,s-4.173582,s183.969454
161_112,s4.000883,s0.846988,s316.614568
161_113,s-5.406368,s1.462568,s181.422101
161_114,s-2.834368,s-4.276287,s106.100727
161_115,s-1.259834,s-4.624763,s209.948867
161_116,s4.483087,s-0.573051,s33.058943
161_117,s-0.505860,s-4.605272,s189.420930
161_118,s-4.326205,s3.452417,s-0.288010
161_119,s2.418006,s4.056644,s54.900485
161_120,s1.007560,s-5.114156,s269.853117
161_121,s-5.200837,s-1.353275,s85.401543
161_122,s-5.450153,s-0.412336,s266.682962
161_123,s-0.313564,s4.956130,s271.026636
161_124,s-3.365713,s4.613060,s209.672084
161_125,s3.326050,s-2.467865,s207.373713
161_126,s-4.595127,s-1.861423,s23.490889
161_127,s3.557366,s2.887175,s250.113374
161_128,s3.839435,s-2.170029,s240.926819
161_129,s3.512355,s-3.440308,s31.375654
161_130,s2.911076,s3.968312,s317.510020
161_131,s4.455122,s2.630483,s328.152740
161_132,s1.376654,s4.398109,s19.224731
161_133,s-4.773189,s3.315871,s180.586212
161_134,s-4.705057,s-3.401917,s112.541638
161_135,s-5.749968,s-2.093210,s29.075670
161_136,s4.445620,s0.118267,s339.542869
161_137,s3.803313,s3.372990,s39.638424
161_138,s4.168479,s-2.778905,s192.170386
161_139,s-5.889368,s-0.840775,s32.115092
161_140,s2.070250,s5.591955,s55.545115
161_141,s0.156177,s-4.820321,s163.392507
161_142,s-4.303092,s-4.020404,s178.793800
161_143,s4.475642,s-1.296895,s248.901421
161_144,s-3.996294,s4.506435,s13.021484
161_145,s-3.029785,s-4.972481,s89.946608
161_146,s2.290197,s-4.516756,s118.839309
161_147,s-6.175844,s1.337963,s128.860254
161_148,s-1.898883,s-5.471087,s300.067640
161_149,s-2.556065,s-5.328277,s330.453449
161_150,s-2.560668,s5.014221,s1.484349
161_151,s-1.402874,s5.369571,s332.795587
161_152,s4.946996,s0.572387,s267.899154
161_153,s2.255748,s4.585161,s0.010397
161_154,s5.204696,s1.322135,s208.672741
161_155,s4.987068,s-0.646959,s235.857453
161_156,s0.694964,s5.264326,s89.991072
161_157,s-4.852412,s2.253131,s117.922600
161_158,s4.645488,s1.954748,s334.013581
161_159,s3.336803,s-3.737090,s149.365545
161_160,s-0.098400,s5.629140,s269.394301
162_0,s-0.041879,s-0.023039,s330.636945
162_1,s0.691979,s0.098802,s297.801969
162_2,s0.393193,s-0.900511,s186.442357
162_3,s-0.628505,s-0.618822,s285.524048
162_4,s-0.520427,s0.515830,s181.116956
162_5,s0.677194,s1.035529,s242.689492
162_6,s-1.132666,s0.053144,s279.170372
162_7,s1.963571,s0.409530,s38.131850
162_8,s-1.814772,s-1.054077,s82.553714
162_9,s-0.851243,s-1.051826,s35.126842
162_10,s0.255082,s1.536584,s277.579023
162_11,s-1.519642,s1.156115,s225.214678
162_12,s0.759626,s-0.447088,s299.240370
162_13,s1.768771,s1.626497,s185.406620
162_14,s-0.598773,s0.984182,s37.374538
162_15,s-0.325917,s-1.288797,s329.169073
162_16,s0.055647,s-1.904351,s178.907070
162_17,s1.824064,s-1.314022,s98.025101
162_18,s2.334190,s-1.649387,s271.947315
162_19,s2.250967,s1.325125,s228.220322
162_20,s1.394711,s-2.083183,s215.384914
162_21,s-0.159287,s1.194779,s240.958928
162_22,s-1.816257,s0.537130,s199.187339
162_23,s-1.152341,s-1.350987,s58.806933
162_24,s0.581850,s2.100605,s7.906298
162_25,s0.037673,s2.567265,s83.549823
162_26,s-2.324496,s-1.635601,s41.249300
162_27,s2.364668,s-0.261190,s211.010627
162_28,s2.764946,s2.045571,s69.863657
162_29,s-2.004333,s1.438333,s174.303061
162_30,s-0.983571,s2.451713,s91.681766
162_31,s1.345936,s-0.401194,s91.064410
162_32,s-0.723806,s-1.933655,s78.990522
162_33,s0.312530,s-3.310526,s0.336467
162_34,s2.377829,s-3.474322,s210.995463
162_35,s-1.425229,s-2.197296,s32.086042
162_36,s-1.867869,s-0.316127,s128.337028
162_37,s-2.500177,s0.390715,s239.285385
162_38,s-2.898591,s-0.764499,s328.449852
162_39,s-2.108643,s-1.991417,s177.533857
162_40,s2.291403,s0.136723,s177.960466
162_41,s-0.829150,s-2.387009,s244.798577
162_42,s1.448532,s-2.894158,s180.145898
162_43,s-2.555373,s1.010907,s90.544034
162_44,s-1.622875,s-2.845562,s208.717979
162_45,s-3.259817,s-0.052900,s63.723245
162_46,s2.210915,s-2.788003,s326.760498
162_47,s2.858037,s-0.253667,s3.188687
162_48,s-0.284199,s2.122938,s120.079262
162_49,s0.882478,s-3.030933,s177.611305
162_50,s1.525226,s2.029108,s270.840749
162_51,s-0.524886,s2.974785,s328.002550
162_52,s-0.509489,s-3.067591,s61.020688
162_53,s-1.724927,s1.899337,s325.437214
162_54,s-2.800762,s-2.475107,s122.298782
162_55,s-3.646357,s-0.572852,s211.561723
162_56,s-1.176400,s-3.197659,s234.635359
162_57,s-3.223737,s2.013261,s248.870282
162_58,s-3.586684,s1.371878,s296.445367
162_59,s3.013030,s1.237687,s-0.932523
162_60,s-3.996518,s0.766980,s64.988885
162_61,s-1.851606,s3.198590,s149.061645
162_62,s3.381697,s-1.962843,s301.981975
162_63,s-3.087488,s-1.915916,s-0.575280
162_64,s-2.170902,s2.370070,s179.970807
162_65,s2.836643,s2.487876,s210.049159
162_66,s-3.556513,s2.265869,s-4.262785
162_67,s-2.072257,s-3.266187,s270.910579
162_68,s1.801951,s3.048254,s211.200820
162_69,s0.642593,s3.106964,s89.910760
162_70,s3.067766,s-0.618848,s263.047003
162_71,s0.059794,s-4.000980,s303.808836
162_72,s-4.425373,s-0.249624,s178.299527
162_73,s1.459457,s3.268401,s26.379992
162_74,s0.366530,s3.833500,s237.281114
162_75,s-1.676138,s3.791295,s298.635403
162_76,s-3.872653,s-1.823203,s57.990299
162_77,s-2.842007,s2.555874,s203.626011
162_78,s-2.619521,s-3.042164,s119.235505
162_79,s-4.672540,s0.194284,s260.337699
162_80,s3.617755,s0.877980,s85.889789
162_81,s-1.659057,s-3.867939,s279.970166
162_82,s-0.786686,s3.690999,s148.022354
162_83,s-0.910279,s4.250029,s239.319969
162_84,s-2.628568,s3.224426,s314.940376
162_85,s-3.014386,s2.933427,s-0.594538
162_86,s1.736658,s-4.154617,s70.631972
162_87,s3.470272,s1.705369,s289.647269
162_88,s-4.872034,s0.602683,s18.771714
162_89,s-4.735803,s1.330497,s-12.026194
162_90,s0.172853,s4.278613,s76.913307
162_91,s3.729899,s-0.008252,s208.019127
162_92,s-4.097236,s-2.737102,s339.370050
162_93,s-0.486165,s-4.056522,s236.066894
162_94,s2.158527,s3.676514,s192.890785
162_95,s-2.337022,s-3.683822,s162.844381
162_96,s-4.607564,s-2.458071,s107.866126
162_97,s-2.663699,s4.515982,s211.700241
162_98,s0.623081,s-4.083846,s242.310199
162_99,s-3.598021,s3.238219,s-1.291579
162_100,s-3.482837,s-3.799980,s30.496889
162_101,s-4.159204,s3.101218,s0.720523
162_102,s0.741691,s4.513536,s339.885827
162_103,s-5.845380,s0.707892,s210.097755
162_104,s-0.837019,s5.078737,s1.813876
162_105,s-4.941379,s-0.785792,s219.844063
162_106,s2.619156,s2.981987,s302.785452
162_107,s4.032672,s1.508406,s239.565855
162_108,s-4.176701,s2.567707,s175.316055
162_109,s3.407278,s-1.261296,s272.971164
162_110,s-1.934705,s4.703188,s-8.480279
162_111,s-1.975059,s-4.098007,s182.553033
162_112,s4.000883,s0.846988,s316.614568
162_113,s-5.443987,s1.494429,s181.268667
162_114,s-2.838921,s-4.217266,s111.901480
162_115,s-1.259834,s-4.624763,s209.948867
162_116,s4.541945,s-0.592947,s34.889788
162_117,s-0.519209,s-4.653770,s190.516848
162_118,s-4.326205,s3.452417,s-0.288010
162_119,s2.418006,s4.056644,s54.900485
162_120,s1.023000,s-5.063073,s268.386158
162_121,s-5.240602,s-1.294940,s92.582962
162_122,s-5.382670,s-0.417503,s266.922168
162_123,s-0.346024,s4.905038,s270.997249
162_124,s-3.399225,s4.645782,s332.443119
162_125,s3.305633,s-2.439779,s206.751101
162_126,s-4.595127,s-1.861423,s23.490889
162_127,s3.568281,s2.885041,s252.265001
162_128,s3.819479,s-2.159199,s243.919054
162_129,s3.514360,s-3.413496,s30.983052
162_130,s2.892979,s3.912443,s316.309507
162_131,s4.439220,s2.632073,s329.723062
162_132,s1.442312,s4.474829,s19.997706
162_133,s-4.761900,s3.394896,s185.307229
162_134,s-4.508640,s-3.464388,s107.536088
162_135,s-5.848152,s-2.006357,s28.086839
162_136,s4.445620,s0.118267,s339.542869
162_137,s3.829173,s3.398036,s37.625784
162_138,s4.147452,s-2.725978,s193.910235
162_139,s-5.889368,s-0.840775,s32.115092
162_140,s2.085608,s5.591921,s57.553329
162_141,s0.079596,s-4.922485,s167.338099
162_142,s-4.302361,s-4.026514,s152.978269
162_143,s4.482102,s-1.272852,s241.932263
162_144,s-3.959018,s4.394529,s0.954012
162_145,s-3.053372,s-5.000281,s94.829843
162_146,s2.188252,s-4.554519,s117.201247
162_147,s-6.186132,s1.382708,s2.271591
162_148,s-1.879016,s-5.445119,s178.093442
162_149,s-2.575253,s-5.273786,s337.761133
162_150,s-2.548246,s4.960659,s11.638936
162_151,s-1.414326,s5.353766,s331.049498
162_152,s5.020423,s0.479753,s264.364789
162_153,s2.198731,s4.661341,s-4.404975
162_154,s5.201200,s1.317628,s206.931961
162_155,s4.962551,s-0.794343,s266.547942
162_156,s0.676109,s5.437167,s96.221593
162_157,s-4.838538,s2.276842,s111.901056
162_158,s4.660955,s1.964050,s333.833873
162_159,s3.352038,s-3.740622,s150.932133
162_160,s-0.196255,s5.671737,s275.019734
162_161,s-5.307005,s3.563393,s32.232037
163_0,s-0.041879,s-0.023039,s330.636945
163_1,s0.691979,s0.098802,s297.801969
163_2,s0.393193,s-0.900511,s186.442357
163_3,s-0.628505,s-0.618822,s285.524048
163_4,s-0.520427,s0.515830,s181.116956
163_5,s0.677194,s1.035529,s242.689492
163_6,s-1.132666,s0.053144,s279.170372
163_7,s1.963571,s0.409530,s38.131850
163_8,s-1.814772,s-1.054077,s82.553714
163_9,s-0.851243,s-1.051826,s35.126842
163_10,s0.255082,s1.536584,s277.579023
163_11,s-1.519642,s1.156115,s225.214678
163_12,s0.759626,s-0.447088,s299.240370
163_13,s1.768771,s1.626497,s185.406620
163_14,s-0.598773,s0.984182,s37.374538
163_15,s-0.325917,s-1.288797,s329.169073
163_16,s0.055647,s-1.904351,s178.907070
163_17,s1.824064,s-1.314022,s98.025101
163_18,s2.334190,s-1.649387,s271.947315
163_19,s2.250967,s1.325125,s228.220322
163_20,s1.394711,s-2.083183,s215.384914
163_21,s-0.159287,s1.194779,s240.958928
163_22,s-1.816257,s0.537130,s199.187339
163_23,s-1.152341,s-1.350987,s58.806933
163_24,s0.581850,s2.100605,s7.906298
163_25,s0.037673,s2.567265,s83.549823
163_26,s-2.324496,s-1.635601,s41.249300
163_27,s2.364668,s-0.261190,s211.010627
163_28,s2.764946,s2.045571,s69.863657
163_29,s-2.004333,s1.438333,s174.303061
163_30,s-0.983571,s2.451713,s91.681766
163_31,s1.345936,s-0.401194,s91.064410
163_32,s-0.723806,s-1.933655,s78.990522
163_33,s0.312530,s-3.310526,s0.336467
163_34,s2.377829,s-3.474322,s210.995463
163_35,s-1.425229,s-2.197296,s32.086042
163_36,s-1.867869,s-0.316127,s128.337028
163_37,s-2.500177,s0.390715,s239.285385
163_38,s-2.898591,s-0.764499,s328.449852
163_39,s-2.108643,s-1.991417,s177.533857
163_40,s2.291403,s0.136723,s177.960466
163_41,s-0.829150,s-2.387009,s244.798577
163_42,s1.448532,s-2.894158,s180.145898
163_43,s-2.555373,s1.010907,s90.544034
163_44,s-1.622875,s-2.845562,s208.717979
163_45,s-3.259817,s-0.052900,s63.723245
163_46,s2.210915,s-2.788003,s326.760498
163_47,s2.858037,s-0.253667,s3.188687
163_48,s-0.284199,s2.122938,s120.079262
163_49,s0.882478,s-3.030933,s177.611305
163_50,s1.525226,s2.029108,s270.840749
163_51,s-0.524886,s2.974785,s328.002550
163_52,s-0.509489,s-3.067591,s61.020688
163_53,s-1.724927,s1.899337,s325.437214
163_54,s-2.800762,s-2.475107,s122.298782
163_55,s-3.646357,s-0.572852,s211.561723
163_56,s-1.176400,s-3.197659,s234.635359
163_57,s-3.223737,s2.013261,s248.870282
163_58,s-3.586684,s1.371878,s296.445367
163_59,s3.013030,s1.237687,s-0.932523
163_60,s-3.996518,s0.766980,s64.988885
163_61,s-1.851606,s3.198590,s149.061645
163_62,s3.381697,s-1.962843,s301.981975
163_63,s-3.087488,s-1.915916,s-0.575280
163_64,s-2.170902,s2.370070,s179.970807
163_65,s2.836643,s2.487876,s210.049159
163_66,s-3.556513,s2.265869,s-4.262785
163_67,s-2.072257,s-3.266187,s270.910579
163_68,s1.801951,s3.048254,s211.200820
163_69,s0.642593,s3.106964,s89.910760
163_70,s3.067766,s-0.618848,s263.047003
163_71,s0.059794,s-4.000980,s303.808836
163_72,s-4.425373,s-0.249624,s178.299527
163_73,s1.459457,s3.268401,s26.379992
163_74,s0.366530,s3.833500,s237.281114
163_75,s-1.676138,s3.791295,s298.635403
163_76,s-3.872653,s-1.823203,s57.990299
163_77,s-2.842007,s2.555874,s203.626011
163_78,s-2.619521,s-3.042164,s119.235505
163_79,s-4.672540,s0.194284,s260.337699
163_80,s3.617755,s0.877980,s85.889789
163_81,s-1.659057,s-3.867939,s279.970166
163_82,s-0.786686,s3.690999,s148.022354
163_83,s-0.910279,s4.250029,s239.319969
163_84,s-2.628568,s3.224426,s314.940376
163_85,s-3.014386,s2.933427,s-0.594538
163_86,s1.736658,s-4.154617,s70.631972
163_87,s3.470272,s1.705369,s289.647269
163_88,s-4.872034,s0.602683,s18.771714
163_89,s-4.735803,s1.330497,s-12.026194
163_90,s0.172853,s4.278613,s76.913307
163_91,s3.729899,s-0.008252,s208.019127
163_92,s-4.097236,s-2.737102,s339.370050
163_93,s-0.486165,s-4.056522,s236.066894
163_94,s2.158527,s3.676514,s192.890785
163_95,s-2.337022,s-3.683822,s162.844381
163_96,s-4.607564,s-2.458071,s107.866126
163_97,s-2.663699,s4.515982,s211.700241
163_98,s0.623081,s-4.083846,s242.310199
163_99,s-3.598021,s3.238219,s-1.291579
163_100,s-3.482837,s-3.799980,s30.496889
163_101,s-4.159204,s3.101218,s0.720523
163_102,s0.741691,s4.513536,s339.885827
163_103,s-5.845380,s0.707892,s210.097755
163_104,s-0.837019,s5.078737,s1.813876
163_105,s-4.941379,s-0.785792,s219.844063
163_106,s2.619156,s2.981987,s302.785452
163_107,s4.032672,s1.508406,s239.565855
163_108,s-4.176701,s2.567707,s175.316055
163_109,s3.407278,s-1.261296,s272.971164
163_110,s-1.934705,s4.703188,s-8.480279
163_111,s-1.975059,s-4.098007,s182.553033
163_112,s4.000883,s0.846988,s316.614568
163_113,s-5.443987,s1.494429,s181.268667
163_114,s-2.838921,s-4.217266,s111.901480
163_115,s-1.259834,s-4.624763,s209.948867
163_116,s4.541945,s-0.592947,s34.889788
163_117,s-0.519209,s-4.653770,s190.516848
163_118,s-4.326205,s3.452417,s-0.288010
163_119,s2.418006,s4.056644,s54.900485
163_120,s1.023000,s-5.063073,s268.386158
163_121,s-5.240602,s-1.294940,s92.582962
163_122,s-5.382670,s-0.417503,s266.922168
163_123,s-0.346024,s4.905038,s270.997249
163_124,s-3.399225,s4.645782,s332.443119
163_125,s3.305633,s-2.439779,s206.751101
163_126,s-4.595127,s-1.861423,s23.490889
163_127,s3.568281,s2.885041,s252.265001
163_128,s3.819479,s-2.159199,s243.919054
163_129,s3.514360,s-3.413496,s30.983052
163_130,s2.892979,s3.912443,s316.309507
163_131,s4.439220,s2.632073,s329.723062
163_132,s1.442312,s4.474829,s19.997706
163_133,s-4.761900,s3.394896,s185.307229
163_134,s-4.508640,s-3.464388,s107.536088
163_135,s-5.848152,s-2.006357,s28.086839
163_136,s4.445620,s0.118267,s339.542869
163_137,s3.829173,s3.398036,s37.625784
163_138,s4.147452,s-2.725978,s193.910235
163_139,s-5.889368,s-0.840775,s32.115092
163_140,s2.085608,s5.591921,s57.553329
163_141,s0.079596,s-4.922485,s167.338099
163_142,s-4.302361,s-4.026514,s152.978269
163_143,s4.482102,s-1.272852,s241.932263
163_144,s-3.959018,s4.394529,s0.954012
163_145,s-3.053372,s-5.000281,s94.829843
163_146,s2.188252,s-4.554519,s117.201247
163_147,s-6.186132,s1.382708,s2.271591
163_148,s-1.879016,s-5.445119,s178.093442
163_149,s-2.575253,s-5.273786,s337.761133
163_150,s-2.548246,s4.960659,s11.638936
163_151,s-1.414326,s5.353766,s331.049498
163_152,s5.020423,s0.479753,s264.364789
163_153,s2.198731,s4.661341,s-4.404975
163_154,s5.201200,s1.317628,s206.931961
163_155,s4.962551,s-0.794343,s266.547942
163_156,s0.676109,s5.437167,s96.221593
163_157,s-4.838538,s2.276842,s111.901056
163_158,s4.660955,s1.964050,s333.833873
163_159,s3.352038,s-3.740622,s150.932133
163_160,s-0.196255,s5.671737,s275.019734
163_161,s-5.307005,s3.563393,s32.232037
163_162,s-1.337675,s-5.386383,s210.270484
164_0,s-0.041879,s-0.023039,s330.636945
164_1,s0.691979,s0.098802,s297.801969
164_2,s0.393193,s-0.900511,s186.442357
164_3,s-0.628505,s-0.618822,s285.524048
164_4,s-0.520427,s0.515830,s181.116956
164_5,s0.677194,s1.035529,s242.689492
164_6,s-1.132666,s0.053144,s279.170372
164_7,s1.963571,s0.409530,s38.131850
164_8,s-1.814772,s-1.054077,s82.553714
164_9,s-0.851243,s-1.051826,s35.126842
164_10,s0.255082,s1.536584,s277.579023
164_11,s-1.519642,s1.156115,s225.214678
164_12,s0.759626,s-0.447088,s299.240370
164_13,s1.768771,s1.626497,s185.406620
164_14,s-0.598773,s0.984182,s37.374538
164_15,s-0.325917,s-1.288797,s329.169073
164_16,s0.055647,s-1.904351,s178.907070
164_17,s1.824064,s-1.314022,s98.025101
164_18,s2.334190,s-1.649387,s271.947315
164_19,s2.250967,s1.325125,s228.220322
164_20,s1.394711,s-2.083183,s215.384914
164_21,s-0.159287,s1.194779,s240.958928
164_22,s-1.816257,s0.537130,s199.187339
164_23,s-1.152341,s-1.350987,s58.806933
164_24,s0.581850,s2.100605,s7.906298
164_25,s0.037673,s2.567265,s83.549823
164_26,s-2.324496,s-1.635601,s41.249300
164_27,s2.364668,s-0.261190,s211.010627
164_28,s2.764946,s2.045571,s69.863657
164_29,s-2.004333,s1.438333,s174.303061
164_30,s-0.983571,s2.451713,s91.681766
164_31,s1.345936,s-0.401194,s91.064410
164_32,s-0.723806,s-1.933655,s78.990522
164_33,s0.312530,s-3.310526,s0.336467
164_34,s2.377829,s-3.474322,s210.995463
164_35,s-1.425229,s-2.197296,s32.086042
164_36,s-1.867869,s-0.316127,s128.337028
164_37,s-2.500177,s0.390715,s239.285385
164_38,s-2.898591,s-0.764499,s328.449852
164_39,s-2.108643,s-1.991417,s177.533857
164_40,s2.291403,s0.136723,s177.960466
164_41,s-0.829150,s-2.387009,s244.798577
164_42,s1.448532,s-2.894158,s180.145898
164_43,s-2.555373,s1.010907,s90.544034
164_44,s-1.622875,s-2.845562,s208.717979
164_45,s-3.259817,s-0.052900,s63.723245
164_46,s2.210915,s-2.788003,s326.760498
164_47,s2.858037,s-0.253667,s3.188687
164_48,s-0.284199,s2.122938,s120.079262
164_49,s0.882478,s-3.030933,s177.611305
164_50,s1.525226,s2.029108,s270.840749
164_51,s-0.524886,s2.974785,s328.002550
164_52,s-0.509489,s-3.067591,s61.020688
164_53,s-1.724927,s1.899337,s325.437214
164_54,s-2.800762,s-2.475107,s122.298782
164_55,s-3.646357,s-0.572852,s211.561723
164_56,s-1.176400,s-3.197659,s234.635359
164_57,s-3.223737,s2.013261,s248.870282
164_58,s-3.586684,s1.371878,s296.445367
164_59,s3.013030,s1.237687,s-0.932523
164_60,s-3.996518,s0.766980,s64.988885
164_61,s-1.851606,s3.198590,s149.061645
164_62,s3.381697,s-1.962843,s301.981975
164_63,s-3.087488,s-1.915916,s-0.575280
164_64,s-2.170902,s2.370070,s179.970807
164_65,s2.836643,s2.487876,s210.049159
164_66,s-3.556513,s2.265869,s-4.262785
164_67,s-2.072257,s-3.266187,s270.910579
164_68,s1.801951,s3.048254,s211.200820
164_69,s0.642593,s3.106964,s89.910760
164_70,s3.067766,s-0.618848,s263.047003
164_71,s0.059794,s-4.000980,s303.808836
164_72,s-4.425373,s-0.249624,s178.299527
164_73,s1.459457,s3.268401,s26.379992
164_74,s0.366530,s3.833500,s237.281114
164_75,s-1.676138,s3.791295,s298.635403
164_76,s-3.872653,s-1.823203,s57.990299
164_77,s-2.842007,s2.555874,s203.626011
164_78,s-2.619521,s-3.042164,s119.235505
164_79,s-4.672540,s0.194284,s260.337699
164_80,s3.617755,s0.877980,s85.889789
164_81,s-1.659057,s-3.867939,s279.970166
164_82,s-0.786686,s3.690999,s148.022354
164_83,s-0.910279,s4.250029,s239.319969
164_84,s-2.628568,s3.224426,s314.940376
164_85,s-3.014386,s2.933427,s-0.594538
164_86,s1.736658,s-4.154617,s70.631972
164_87,s3.470272,s1.705369,s289.647269
164_88,s-4.872034,s0.602683,s18.771714
164_89,s-4.735803,s1.330497,s-12.026194
164_90,s0.172853,s4.278613,s76.913307
164_91,s3.729899,s-0.008252,s208.019127
164_92,s-4.097236,s-2.737102,s339.370050
164_93,s-0.486165,s-4.056522,s236.066894
164_94,s2.158527,s3.676514,s192.890785
164_95,s-2.337022,s-3.683822,s162.844381
164_96,s-4.607564,s-2.458071,s107.866126
164_97,s-2.663699,s4.515982,s211.700241
164_98,s0.623081,s-4.083846,s242.310199
164_99,s-3.598021,s3.238219,s-1.291579
164_100,s-3.482837,s-3.799980,s30.496889
164_101,s-4.159204,s3.101218,s0.720523
164_102,s0.741691,s4.513536,s339.885827
164_103,s-5.845380,s0.707892,s210.097755
164_104,s-0.837019,s5.078737,s1.813876
164_105,s-4.941379,s-0.785792,s219.844063
164_106,s2.619156,s2.981987,s302.785452
164_107,s4.032672,s1.508406,s239.565855
164_108,s-4.176701,s2.567707,s175.316055
164_109,s3.407278,s-1.261296,s272.971164
164_110,s-1.934705,s4.703188,s-8.480279
164_111,s-1.975059,s-4.098007,s182.553033
164_112,s4.000883,s0.846988,s316.614568
164_113,s-5.443987,s1.494429,s181.268667
164_114,s-2.838921,s-4.217266,s111.901480
164_115,s-1.259834,s-4.624763,s209.948867
164_116,s4.541945,s-0.592947,s34.889788
164_117,s-0.519209,s-4.653770,s190.516848
164_118,s-4.326205,s3.452417,s-0.288010
164_119,s2.418006,s4.056644,s54.900485
164_120,s1.023000,s-5.063073,s268.386158
164_121,s-5.240602,s-1.294940,s92.582962
164_122,s-5.382670,s-0.417503,s266.922168
164_123,s-0.346024,s4.905038,s270.997249
164_124,s-3.399225,s4.645782,s332.443119
164_125,s3.305633,s-2.439779,s206.751101
164_126,s-4.595127,s-1.861423,s23.490889
164_127,s3.568281,s2.885041,s252.265001
164_128,s3.819479,s-2.159199,s243.919054
164_129,s3.514360,s-3.413496,s30.983052
164_130,s2.892979,s3.912443,s316.309507
164_131,s4.439220,s2.632073,s329.723062
164_132,s1.442312,s4.474829,s19.997706
164_133,s-4.761900,s3.394896,s185.307229
164_134,s-4.508640,s-3.464388,s107.536088
164_135,s-5.848152,s-2.006357,s28.086839
164_136,s4.445620,s0.118267,s339.542869
164_137,s3.829173,s3.398036,s37.625784
164_138,s4.147452,s-2.725978,s193.910235
164_139,s-5.889368,s-0.840775,s32.115092
164_140,s2.085608,s5.591921,s57.553329
164_141,s0.079596,s-4.922485,s167.338099
164_142,s-4.302361,s-4.026514,s152.978269
164_143,s4.482102,s-1.272852,s241.932263
164_144,s-3.959018,s4.394529,s0.954012
164_145,s-3.053372,s-5.000281,s94.829843
164_146,s2.188252,s-4.554519,s117.201247
164_147,s-6.186132,s1.382708,s2.271591
164_148,s-1.879016,s-5.445119,s178.093442
164_149,s-2.575253,s-5.273786,s337.761133
164_150,s-2.548246,s4.960659,s11.638936
164_151,s-1.414326,s5.353766,s331.049498
164_152,s5.020423,s0.479753,s264.364789
164_153,s2.198731,s4.661341,s-4.404975
164_154,s5.201200,s1.317628,s206.931961
164_155,s4.962551,s-0.794343,s266.547942
164_156,s0.676109,s5.437167,s96.221593
164_157,s-4.838538,s2.276842,s111.901056
164_158,s4.660955,s1.964050,s333.833873
164_159,s3.352038,s-3.740622,s150.932133
164_160,s-0.196255,s5.671737,s275.019734
164_161,s-5.307005,s3.563393,s32.232037
164_162,s-1.337675,s-5.386383,s210.270484
164_163,s5.159413,s-0.077832,s212.140228
165_0,s-0.041879,s-0.023039,s330.636945
165_1,s0.691979,s0.098802,s297.801969
165_2,s0.393193,s-0.900511,s186.442357
165_3,s-0.628505,s-0.618822,s285.524048
165_4,s-0.520427,s0.515830,s181.116956
165_5,s0.677194,s1.035529,s268.336688
165_6,s-1.132666,s0.053144,s279.170372
165_7,s1.867454,s0.354490,s44.931173
165_8,s-1.814772,s-1.054077,s82.553714
165_9,s-0.851243,s-1.051826,s35.126842
165_10,s0.255082,s1.536584,s58.569977
165_11,s-1.519642,s1.156115,s225.214678
165_12,s0.759626,s-0.447088,s299.240370
165_13,s1.768771,s1.626497,s185.406620
165_14,s-0.598773,s0.984182,s37.374538
165_15,s-0.325917,s-1.288797,s329.169073
165_16,s-0.002696,s-1.912151,s177.963267
165_17,s1.824064,s-1.314022,s98.025101
165_18,s2.334190,s-1.649387,s271.947315
165_19,s2.250967,s1.325125,s228.220322
165_20,s1.394711,s-2.083183,s332.145574
165_21,s-0.159287,s1.194779,s62.343563
165_22,s-1.816257,s0.537130,s199.187339
165_23,s-1.152341,s-1.350987,s58.806933
165_24,s0.581850,s2.100605,s7.906298
165_25,s0.037673,s2.567265,s83.549823
165_26,s-2.324496,s-1.635601,s328.131732
165_27,s2.364668,s-0.261190,s211.010627
165_28,s2.764946,s2.045571,s69.863657
165_29,s-2.004333,s1.438333,s174.303061
165_30,s-0.983571,s2.451713,s91.681766
165_31,s1.345936,s-0.401194,s91.064410
165_32,s-0.723806,s-1.933655,s78.990522
165_33,s0.312530,s-3.310526,s0.336467
165_34,s2.377829,s-3.474322,s210.995463
165_35,s-1.425229,s-2.197296,s32.086042
165_36,s-1.867869,s-0.316127,s128.337028
165_37,s-2.500177,s0.390715,s239.285385
165_38,s-2.898591,s-0.764499,s328.449852
165_39,s-2.108643,s-1.991417,s177.533857
165_40,s2.291403,s0.136723,s177.960466
165_41,s-0.829150,s-2.387009,s244.798577
165_42,s1.448532,s-2.894158,s180.145898
165_43,s-2.555373,s1.010907,s180.602925
165_44,s-1.622875,s-2.845562,s208.717979
165_45,s-3.259817,s-0.052900,s63.723245
165_46,s2.210915,s-2.788003,s326.760498
165_47,s2.858037,s-0.253667,s3.188687
165_48,s-0.284199,s2.122938,s120.079262
165_49,s0.882478,s-3.030933,s177.611305
165_50,s1.525226,s2.029108,s270.840749
165_51,s-0.524886,s2.974785,s328.002550
165_52,s-0.509489,s-3.067591,s61.020688
165_53,s-1.724927,s1.899337,s88.376240
165_54,s-2.800762,s-2.475107,s122.298782
165_55,s-3.646357,s-0.572852,s211.561723
165_56,s-1.176400,s-3.197659,s234.635359
165_57,s-3.156154,s2.062712,s242.598475
165_58,s-3.586684,s1.371878,s296.445367
165_59,s3.013030,s1.237687,s-0.932523
165_60,s-3.996518,s0.766980,s64.988885
165_61,s-1.851606,s3.198590,s149.061645
165_62,s3.381697,s-1.962843,s301.981975
165_63,s-3.087488,s-1.915916,s-0.575280
165_64,s-2.170902,s2.370070,s179.970807
165_65,s2.836643,s2.487876,s210.049159
165_66,s-3.556513,s2.265869,s-4.262785
165_67,s-2.072257,s-3.266187,s270.910579
165_68,s1.801951,s3.048254,s211.200820
165_69,s0.642593,s3.106964,s89.910760
165_70,s3.067766,s-0.618848,s86.492700
165_71,s0.059794,s-4.000980,s303.808836
165_72,s-4.425373,s-0.249624,s178.299527
165_73,s1.459457,s3.268401,s333.042098
165_74,s0.366530,s3.833500,s121.425167
165_75,s-1.676138,s3.791295,s298.395236
165_76,s-3.872653,s-1.823203,s57.990299
165_77,s-2.842007,s2.555874,s299.946740
165_78,s-2.619521,s-3.042164,s119.235505
165_79,s-4.672540,s0.194284,s260.337699
165_80,s3.617755,s0.877980,s85.889789
165_81,s-1.659057,s-3.867939,s279.970166
165_82,s-0.786686,s3.690999,s120.568277
165_83,s-0.910279,s4.250029,s239.319969
165_84,s-2.628568,s3.224426,s209.472984
165_85,s-3.014386,s2.933427,s-0.594538
165_86,s1.736658,s-4.154617,s70.631972
165_87,s3.470272,s1.705369,s289.647269
165_88,s-4.872034,s0.602683,s18.771714
165_89,s-4.735803,s1.330497,s-12.026194
165_90,s0.172853,s4.278613,s76.913307
165_91,s3.729899,s-0.008252,s208.019127
165_92,s-4.097236,s-2.737102,s339.370050
165_93,s-0.486165,s-4.056522,s236.066894
165_94,s2.158527,s3.676514,s192.890785
165_95,s-2.337022,s-3.683822,s162.844381
165_96,s-4.607564,s-2.458071,s107.866126
165_97,s-2.722738,s4.433769,s214.845014
165_98,s0.623081,s-4.083846,s242.310199
165_99,s-3.598021,s3.238219,s-1.291579
165_100,s-3.482837,s-3.799980,s30.496889
165_101,s-4.159204,s3.101218,s0.720523
165_102,s0.741691,s4.513536,s300.904169
165_103,s-5.845380,s0.707892,s28.544437
165_104,s-0.837019,s5.078737,s1.813876
165_105,s-4.941379,s-0.785792,s219.844063
165_106,s2.619156,s2.981987,s302.785452
165_107,s4.032672,s1.508406,s239.565855
165_108,s-4.176701,s2.567707,s175.316055
165_109,s3.407278,s-1.261296,s272.971164
165_110,s-1.934705,s4.703188,s-8.480279
165_111,s-1.975059,s-4.098007,s182.553033
165_112,s4.000883,s0.846988,s316.614568
165_113,s-5.443987,s1.494429,s181.268667
165_114,s-2.838921,s-4.217266,s111.901480
165_115,s-1.259834,s-4.624763,s209.948867
165_116,s4.541945,s-0.592947,s34.889788
165_117,s-0.519209,s-4.653770,s85.113198
165_118,s-4.326205,s3.452417,s-0.288010
165_119,s2.418006,s4.056644,s54.900485
165_120,s1.023000,s-5.063073,s268.386158
165_121,s-5.240602,s-1.294940,s92.582962
165_122,s-5.382670,s-0.417503,s266.922168
165_123,s-0.346024,s4.905038,s240.796696
165_124,s-3.399225,s4.645782,s149.742994
165_125,s3.305633,s-2.439779,s206.751101
165_126,s-4.595127,s-1.861423,s23.490889
165_127,s3.568281,s2.885041,s252.265001
165_128,s3.819479,s-2.159199,s30.340223
165_129,s3.514360,s-3.413496,s30.776360
165_130,s2.892979,s3.912443,s316.309507
165_131,s4.439220,s2.632073,s329.723062
165_132,s1.442312,s4.474829,s19.997706
165_133,s-4.761900,s3.394896,s185.307229
165_134,s-4.577396,s-3.461695,s300.072315
165_135,s-5.848152,s-2.006357,s28.086839
165_136,s4.445620,s0.118267,s339.542869
165_137,s3.829173,s3.398036,s37.625784
165_138,s4.052647,s-2.811690,s185.147274
165_139,s-5.978557,s-0.807624,s26.836115
165_140,s2.085608,s5.591921,s240.154757
165_141,s0.079596,s-4.922485,s167.338099
165_142,s-4.302361,s-4.026514,s150.530938
165_143,s4.482102,s-1.272852,s241.932263
165_144,s-3.959018,s4.394529,s0.954012
165_145,s-3.124994,s-4.982072,s93.916857
165_146,s2.188252,s-4.554519,s117.201247
165_147,s-6.186132,s1.382708,s2.271591
165_148,s-1.879016,s-5.445119,s178.093442
165_149,s-2.575253,s-5.273786,s337.761133
165_150,s-2.548246,s4.960659,s11.638936
165_151,s-1.414326,s5.353766,s331.049498
165_152,s5.007393,s0.420257,s266.701869
165_153,s2.198731,s4.661341,s89.481936
165_154,s5.201200,s1.317628,s206.931961
165_155,s4.962551,s-0.794343,s-2.765999
165_156,s0.676109,s5.437167,s96.221593
165_157,s-4.838538,s2.276842,s335.019822
165_158,s4.660955,s1.964050,s28.882938
165_159,s3.352038,s-3.740622,s150.932133
165_160,s-0.196255,s5.671737,s275.019734
165_161,s-5.307005,s3.563393,s32.232037
165_162,s-1.337675,s-5.386383,s210.270484
165_163,s5.159413,s-0.077832,s212.140228
165_164,s3.367230,s-4.374032,s184.568494
166_0,s-0.041879,s-0.023039,s330.636945
166_1,s0.691979,s0.098802,s297.801969
166_2,s0.393193,s-0.900511,s186.442357
166_3,s-0.628505,s-0.618822,s285.524048
166_4,s-0.520427,s0.515830,s181.116956
166_5,s0.677194,s1.035529,s268.336688
166_6,s-1.132666,s0.053144,s279.170372
166_7,s1.867454,s0.354490,s44.931173
166_8,s-1.814772,s-1.054077,s82.553714
166_9,s-0.851243,s-1.051826,s35.126842
166_10,s0.255082,s1.536584,s58.569977
166_11,s-1.519642,s1.156115,s225.214678
166_12,s0.759626,s-0.447088,s299.240370
166_13,s1.768771,s1.626497,s185.406620
166_14,s-0.598773,s0.984182,s37.374538
166_15,s-0.325917,s-1.288797,s329.169073
166_16,s-0.002696,s-1.912151,s177.963267
166_17,s1.824064,s-1.314022,s98.025101
166_18,s2.334190,s-1.649387,s271.947315
166_19,s2.250967,s1.325125,s228.220322
166_20,s1.394711,s-2.083183,s332.145574
166_21,s-0.159287,s1.194779,s62.343563
166_22,s-1.816257,s0.537130,s199.187339
166_23,s-1.152341,s-1.350987,s58.806933
166_24,s0.581850,s2.100605,s7.906298
166_25,s0.037673,s2.567265,s83.549823
166_26,s-2.324496,s-1.635601,s328.131732
166_27,s2.364668,s-0.261190,s211.010627
166_28,s2.764946,s2.045571,s69.863657
166_29,s-2.004333,s1.438333,s174.303061
166_30,s-0.983571,s2.451713,s91.681766
166_31,s1.345936,s-0.401194,s91.064410
166_32,s-0.723806,s-1.933655,s78.990522
166_33,s0.312530,s-3.310526,s0.336467
166_34,s2.377829,s-3.474322,s210.995463
166_35,s-1.425229,s-2.197296,s32.086042
166_36,s-1.867869,s-0.316127,s128.337028
166_37,s-2.500177,s0.390715,s239.285385
166_38,s-2.898591,s-0.764499,s328.449852
166_39,s-2.108643,s-1.991417,s177.533857
166_40,s2.291403,s0.136723,s177.960466
166_41,s-0.829150,s-2.387009,s244.798577
166_42,s1.448532,s-2.894158,s180.145898
166_43,s-2.555373,s1.010907,s180.602925
166_44,s-1.622875,s-2.845562,s208.717979
166_45,s-3.259817,s-0.052900,s63.723245
166_46,s2.210915,s-2.788003,s326.760498
166_47,s2.858037,s-0.253667,s3.188687
166_48,s-0.284199,s2.122938,s120.079262
166_49,s0.882478,s-3.030933,s177.611305
166_50,s1.525226,s2.029108,s270.840749
166_51,s-0.524886,s2.974785,s328.002550
166_52,s-0.509489,s-3.067591,s61.020688
166_53,s-1.724927,s1.899337,s88.376240
166_54,s-2.800762,s-2.475107,s122.298782
166_55,s-3.646357,s-0.572852,s211.561723
166_56,s-1.176400,s-3.197659,s234.635359
166_57,s-3.156154,s2.062712,s242.598475
166_58,s-3.586684,s1.371878,s296.445367
166_59,s3.013030,s1.237687,s-0.932523
166_60,s-3.996518,s0.766980,s64.988885
166_61,s-1.851606,s3.198590,s149.061645
166_62,s3.381697,s-1.962843,s301.981975
166_63,s-3.087488,s-1.915916,s-0.575280
166_64,s-2.170902,s2.370070,s179.970807
166_65,s2.836643,s2.487876,s210.049159
166_66,s-3.556513,s2.265869,s-4.262785
166_67,s-2.072257,s-3.266187,s270.910579
166_68,s1.801951,s3.048254,s211.200820
166_69,s0.642593,s3.106964,s89.910760
166_70,s3.067766,s-0.618848,s86.492700
166_71,s0.059794,s-4.000980,s303.808836
166_72,s-4.425373,s-0.249624,s178.299527
166_73,s1.459457,s3.268401,s333.042098
166_74,s0.366530,s3.833500,s121.425167
166_75,s-1.676138,s3.791295,s298.395236
166_76,s-3.872653,s-1.823203,s57.990299
166_77,s-2.842007,s2.555874,s299.946740
166_78,s-2.619521,s-3.042164,s119.235505
166_79,s-4.672540,s0.194284,s260.337699
166_80,s3.617755,s0.877980,s85.889789
166_81,s-1.659057,s-3.867939,s279.970166
166_82,s-0.786686,s3.690999,s120.568277
166_83,s-0.910279,s4.250029,s239.319969
166_84,s-2.628568,s3.224426,s209.472984
166_85,s-3.014386,s2.933427,s-0.594538
166_86,s1.736658,s-4.154617,s70.631972
166_87,s3.470272,s1.705369,s289.647269
166_88,s-4.872034,s0.602683,s18.771714
166_89,s-4.735803,s1.330497,s-12.026194
166_90,s0.172853,s4.278613,s76.913307
166_91,s3.729899,s-0.008252,s208.019127
166_92,s-4.097236,s-2.737102,s339.370050
166_93,s-0.486165,s-4.056522,s236.066894
166_94,s2.158527,s3.676514,s192.890785
166_95,s-2.337022,s-3.683822,s162.844381
166_96,s-4.607564,s-2.458071,s107.866126
166_97,s-2.722738,s4.433769,s214.845014
166_98,s0.623081,s-4.083846,s242.310199
166_99,s-3.598021,s3.238219,s-1.291579
166_100,s-3.482837,s-3.799980,s30.496889
166_101,s-4.159204,s3.101218,s0.720523
166_102,s0.741691,s4.513536,s300.904169
166_103,s-5.845380,s0.707892,s28.544437
166_104,s-0.837019,s5.078737,s1.813876
166_105,s-4.941379,s-0.785792,s219.844063
166_106,s2.619156,s2.981987,s302.785452
166_107,s4.032672,s1.508406,s239.565855
166_108,s-4.176701,s2.567707,s175.316055
166_109,s3.407278,s-1.261296,s272.971164
166_110,s-1.934705,s4.703188,s-8.480279
166_111,s-1.975059,s-4.098007,s182.553033
166_112,s4.000883,s0.846988,s316.614568
166_113,s-5.443987,s1.494429,s181.268667
166_114,s-2.838921,s-4.217266,s111.901480
166_115,s-1.259834,s-4.624763,s209.948867
166_116,s4.541945,s-0.592947,s34.889788
166_117,s-0.519209,s-4.653770,s85.113198
166_118,s-4.326205,s3.452417,s-0.288010
166_119,s2.418006,s4.056644,s54.900485
166_120,s1.023000,s-5.063073,s268.386158
166_121,s-5.240602,s-1.294940,s92.582962
166_122,s-5.382670,s-0.417503,s266.922168
166_123,s-0.346024,s4.905038,s240.796696
166_124,s-3.399225,s4.645782,s149.742994
166_125,s3.305633,s-2.439779,s206.751101
166_126,s-4.595127,s-1.861423,s23.490889
166_127,s3.568281,s2.885041,s252.265001
166_128,s3.819479,s-2.159199,s30.340223
166_129,s3.514360,s-3.413496,s30.776360
166_130,s2.892979,s3.912443,s316.309507
166_131,s4.439220,s2.632073,s329.723062
166_132,s1.442312,s4.474829,s19.997706
166_133,s-4.761900,s3.394896,s185.307229
166_134,s-4.577396,s-3.461695,s300.072315
166_135,s-5.848152,s-2.006357,s28.086839
166_136,s4.445620,s0.118267,s339.542869
166_137,s3.829173,s3.398036,s37.625784
166_138,s4.052647,s-2.811690,s185.147274
166_139,s-5.978557,s-0.807624,s26.836115
166_140,s2.085608,s5.591921,s240.154757
166_141,s0.079596,s-4.922485,s167.338099
166_142,s-4.302361,s-4.026514,s150.530938
166_143,s4.482102,s-1.272852,s241.932263
166_144,s-3.959018,s4.394529,s0.954012
166_145,s-3.124994,s-4.982072,s93.916857
166_146,s2.188252,s-4.554519,s117.201247
166_147,s-6.186132,s1.382708,s2.271591
166_148,s-1.879016,s-5.445119,s178.093442
166_149,s-2.575253,s-5.273786,s337.761133
166_150,s-2.548246,s4.960659,s11.638936
166_151,s-1.414326,s5.353766,s331.049498
166_152,s5.007393,s0.420257,s266.701869
166_153,s2.198731,s4.661341,s89.481936
166_154,s5.201200,s1.317628,s206.931961
166_155,s4.962551,s-0.794343,s-2.765999
166_156,s0.676109,s5.437167,s96.221593
166_157,s-4.838538,s2.276842,s335.019822
166_158,s4.660955,s1.964050,s28.882938
166_159,s3.352038,s-3.740622,s150.932133
166_160,s-0.196255,s5.671737,s275.019734
166_161,s-5.307005,s3.563393,s32.232037
166_162,s-1.337675,s-5.386383,s210.270484
166_163,s5.159413,s-0.077832,s212.140228
166_164,s3.367230,s-4.374032,s184.568494
166_165,s3.694042,s4.047772,s2.050579
167_0,s-0.041879,s-0.023039,s330.636945
167_1,s0.691979,s0.098802,s297.801969
167_2,s0.393193,s-0.900511,s186.442357
167_3,s-0.628505,s-0.618822,s285.524048
167_4,s-0.520427,s0.515830,s181.116956
167_5,s0.677194,s1.035529,s268.336688
167_6,s-1.132666,s0.053144,s279.170372
167_7,s1.867454,s0.354490,s44.931173
167_8,s-1.814772,s-1.054077,s82.553714
167_9,s-0.851243,s-1.051826,s35.126842
167_10,s0.255082,s1.536584,s58.569977
167_11,s-1.519642,s1.156115,s225.214678
167_12,s0.759626,s-0.447088,s299.240370
167_13,s1.768771,s1.626497,s185.406620
167_14,s-0.598773,s0.984182,s37.374538
167_15,s-0.325917,s-1.288797,s329.169073
167_16,s-0.002696,s-1.912151,s177.963267
167_17,s1.824064,s-1.314022,s98.025101
167_18,s2.334190,s-1.649387,s271.947315
167_19,s2.250967,s1.325125,s228.220322
167_20,s1.394711,s-2.083183,s332.145574
167_21,s-0.159287,s1.194779,s62.343563
167_22,s-1.816257,s0.537130,s199.187339
167_23,s-1.152341,s-1.350987,s58.806933
167_24,s0.581850,s2.100605,s7.906298
167_25,s0.037673,s2.567265,s83.549823
167_26,s-2.324496,s-1.635601,s328.131732
167_27,s2.364668,s-0.261190,s211.010627
167_28,s2.764946,s2.045571,s69.863657
167_29,s-2.004333,s1.438333,s174.303061
167_30,s-0.983571,s2.451713,s91.681766
167_31,s1.345936,s-0.401194,s91.064410
167_32,s-0.723806,s-1.933655,s78.990522
167_33,s0.312530,s-3.310526,s0.336467
167_34,s2.377829,s-3.474322,s210.995463
167_35,s-1.425229,s-2.197296,s32.086042
167_36,s-1.867869,s-0.316127,s128.337028
167_37,s-2.500177,s0.390715,s239.285385
167_38,s-2.898591,s-0.764499,s328.449852
167_39,s-2.108643,s-1.991417,s177.533857
167_40,s2.291403,s0.136723,s177.960466
167_41,s-0.829150,s-2.387009,s244.798577
167_42,s1.448532,s-2.894158,s180.145898
167_43,s-2.555373,s1.010907,s180.602925
167_44,s-1.622875,s-2.845562,s208.717979
167_45,s-3.259817,s-0.052900,s63.723245
167_46,s2.210915,s-2.788003,s326.760498
167_47,s2.858037,s-0.253667,s3.188687
167_48,s-0.284199,s2.122938,s120.079262
167_49,s0.882478,s-3.030933,s177.611305
167_50,s1.525226,s2.029108,s270.840749
167_51,s-0.524886,s2.974785,s328.002550
167_52,s-0.509489,s-3.067591,s61.020688
167_53,s-1.724927,s1.899337,s88.376240
167_54,s-2.800762,s-2.475107,s122.298782
167_55,s-3.646357,s-0.572852,s211.561723
167_56,s-1.176400,s-3.197659,s234.635359
167_57,s-3.156154,s2.062712,s242.598475
167_58,s-3.586684,s1.371878,s296.445367
167_59,s3.013030,s1.237687,s-0.932523
167_60,s-3.996518,s0.766980,s64.988885
167_61,s-1.851606,s3.198590,s149.061645
167_62,s3.381697,s-1.962843,s301.981975
167_63,s-3.087488,s-1.915916,s-0.575280
167_64,s-2.170902,s2.370070,s179.970807
167_65,s2.836643,s2.487876,s210.049159
167_66,s-3.556513,s2.265869,s-4.262785
167_67,s-2.072257,s-3.266187,s270.910579
167_68,s1.801951,s3.048254,s211.200820
167_69,s0.642593,s3.106964,s89.910760
167_70,s3.067766,s-0.618848,s86.492700
167_71,s0.059794,s-4.000980,s303.808836
167_72,s-4.425373,s-0.249624,s178.299527
167_73,s1.459457,s3.268401,s333.042098
167_74,s0.366530,s3.833500,s121.425167
167_75,s-1.676138,s3.791295,s298.395236
167_76,s-3.872653,s-1.823203,s57.990299
167_77,s-2.842007,s2.555874,s299.946740
167_78,s-2.619521,s-3.042164,s119.235505
167_79,s-4.672540,s0.194284,s260.337699
167_80,s3.617755,s0.877980,s85.889789
167_81,s-1.659057,s-3.867939,s279.970166
167_82,s-0.786686,s3.690999,s120.568277
167_83,s-0.910279,s4.250029,s239.319969
167_84,s-2.628568,s3.224426,s209.472984
167_85,s-3.014386,s2.933427,s-0.594538
167_86,s1.736658,s-4.154617,s70.631972
167_87,s3.470272,s1.705369,s289.647269
167_88,s-4.872034,s0.602683,s18.771714
167_89,s-4.735803,s1.330497,s-12.026194
167_90,s0.172853,s4.278613,s76.913307
167_91,s3.729899,s-0.008252,s208.019127
167_92,s-4.097236,s-2.737102,s339.370050
167_93,s-0.486165,s-4.056522,s236.066894
167_94,s2.158527,s3.676514,s192.890785
167_95,s-2.337022,s-3.683822,s162.844381
167_96,s-4.607564,s-2.458071,s107.866126
167_97,s-2.722738,s4.433769,s214.845014
167_98,s0.623081,s-4.083846,s242.310199
167_99,s-3.598021,s3.238219,s-1.291579
167_100,s-3.482837,s-3.799980,s30.496889
167_101,s-4.159204,s3.101218,s0.720523
167_102,s0.741691,s4.513536,s300.904169
167_103,s-5.845380,s0.707892,s28.544437
167_104,s-0.837019,s5.078737,s1.813876
167_105,s-4.941379,s-0.785792,s219.844063
167_106,s2.619156,s2.981987,s302.785452
167_107,s4.032672,s1.508406,s239.565855
167_108,s-4.176701,s2.567707,s175.316055
167_109,s3.407278,s-1.261296,s272.971164
167_110,s-1.934705,s4.703188,s-8.480279
167_111,s-1.975059,s-4.098007,s182.553033
167_112,s4.000883,s0.846988,s316.614568
167_113,s-5.443987,s1.494429,s181.268667
167_114,s-2.838921,s-4.217266,s111.901480
167_115,s-1.259834,s-4.624763,s209.948867
167_116,s4.541945,s-0.592947,s34.889788
167_117,s-0.519209,s-4.653770,s85.113198
167_118,s-4.326205,s3.452417,s-0.288010
167_119,s2.418006,s4.056644,s54.900485
167_120,s1.023000,s-5.063073,s268.386158
167_121,s-5.240602,s-1.294940,s92.582962
167_122,s-5.382670,s-0.417503,s266.922168
167_123,s-0.346024,s4.905038,s240.796696
167_124,s-3.399225,s4.645782,s149.742994
167_125,s3.305633,s-2.439779,s206.751101
167_126,s-4.595127,s-1.861423,s23.490889
167_127,s3.568281,s2.885041,s252.265001
167_128,s3.819479,s-2.159199,s30.340223
167_129,s3.514360,s-3.413496,s30.776360
167_130,s2.892979,s3.912443,s316.309507
167_131,s4.439220,s2.632073,s329.723062
167_132,s1.442312,s4.474829,s19.997706
167_133,s-4.761900,s3.394896,s185.307229
167_134,s-4.577396,s-3.461695,s300.072315
167_135,s-5.848152,s-2.006357,s28.086839
167_136,s4.445620,s0.118267,s339.542869
167_137,s3.829173,s3.398036,s37.625784
167_138,s4.052647,s-2.811690,s185.147274
167_139,s-5.978557,s-0.807624,s26.836115
167_140,s2.085608,s5.591921,s240.154757
167_141,s0.079596,s-4.922485,s167.338099
167_142,s-4.302361,s-4.026514,s150.530938
167_143,s4.482102,s-1.272852,s241.932263
167_144,s-3.959018,s4.394529,s0.954012
167_145,s-3.124994,s-4.982072,s93.916857
167_146,s2.188252,s-4.554519,s117.201247
167_147,s-6.186132,s1.382708,s2.271591
167_148,s-1.879016,s-5.445119,s178.093442
167_149,s-2.575253,s-5.273786,s337.761133
167_150,s-2.548246,s4.960659,s11.638936
167_151,s-1.414326,s5.353766,s331.049498
167_152,s5.007393,s0.420257,s266.701869
167_153,s2.198731,s4.661341,s89.481936
167_154,s5.201200,s1.317628,s206.931961
167_155,s4.962551,s-0.794343,s-2.765999
167_156,s0.676109,s5.437167,s96.221593
167_157,s-4.838538,s2.276842,s335.019822
167_158,s4.660955,s1.964050,s28.882938
167_159,s3.352038,s-3.740622,s150.932133
167_160,s-0.196255,s5.671737,s275.019734
167_161,s-5.307005,s3.563393,s32.232037
167_162,s-1.337675,s-5.386383,s210.270484
167_163,s5.159413,s-0.077832,s212.140228
167_164,s3.367230,s-4.374032,s184.568494
167_165,s3.694042,s4.047772,s2.050579
167_166,s5.023822,s2.188975,s241.136716
168_0,s-0.041879,s-0.023039,s330.636945
168_1,s0.691979,s0.098802,s297.801969
168_2,s0.393193,s-0.900511,s186.442357
168_3,s-0.628505,s-0.618822,s285.524048
168_4,s-0.520427,s0.515830,s181.116956
168_5,s0.677194,s1.035529,s268.336688
168_6,s-1.132666,s0.053144,s279.170372
168_7,s1.867454,s0.354490,s44.931173
168_8,s-1.814772,s-1.054077,s82.553714
168_9,s-0.851243,s-1.051826,s35.126842
168_10,s0.255082,s1.536584,s58.569977
168_11,s-1.519642,s1.156115,s225.214678
168_12,s0.759626,s-0.447088,s299.240370
168_13,s1.768771,s1.626497,s185.406620
168_14,s-0.598773,s0.984182,s37.374538
168_15,s-0.325917,s-1.288797,s329.169073
168_16,s-0.002696,s-1.912151,s177.963267
168_17,s1.824064,s-1.314022,s98.025101
168_18,s2.334190,s-1.649387,s271.947315
168_19,s2.250967,s1.325125,s228.220322
168_20,s1.394711,s-2.083183,s332.145574
168_21,s-0.159287,s1.194779,s62.343563
168_22,s-1.816257,s0.537130,s199.187339
168_23,s-1.152341,s-1.350987,s58.806933
168_24,s0.581850,s2.100605,s7.906298
168_25,s0.037673,s2.567265,s83.549823
168_26,s-2.324496,s-1.635601,s328.131732
168_27,s2.364668,s-0.261190,s211.010627
168_28,s2.764946,s2.045571,s69.863657
168_29,s-2.004333,s1.438333,s174.303061
168_30,s-0.983571,s2.451713,s91.681766
168_31,s1.345936,s-0.401194,s91.064410
168_32,s-0.723806,s-1.933655,s78.990522
168_33,s0.312530,s-3.310526,s0.336467
168_34,s2.377829,s-3.474322,s210.995463
168_35,s-1.425229,s-2.197296,s32.086042
168_36,s-1.867869,s-0.316127,s128.337028
168_37,s-2.500177,s0.390715,s239.285385
168_38,s-2.898591,s-0.764499,s328.449852
168_39,s-2.108643,s-1.991417,s177.533857
168_40,s2.291403,s0.136723,s177.960466
168_41,s-0.829150,s-2.387009,s244.798577
168_42,s1.448532,s-2.894158,s180.145898
168_43,s-2.555373,s1.010907,s180.602925
168_44,s-1.622875,s-2.845562,s208.717979
168_45,s-3.259817,s-0.052900,s63.723245
168_46,s2.210915,s-2.788003,s326.760498
168_47,s2.858037,s-0.253667,s3.188687
168_48,s-0.284199,s2.122938,s120.079262
168_49,s0.882478,s-3.030933,s177.611305
168_50,s1.525226,s2.029108,s270.840749
168_51,s-0.524886,s2.974785,s328.002550
168_52,s-0.509489,s-3.067591,s61.020688
168_53,s-1.724927,s1.899337,s88.376240
168_54,s-2.800762,s-2.475107,s122.298782
168_55,s-3.646357,s-0.572852,s211.561723
168_56,s-1.176400,s-3.197659,s234.635359
168_57,s-3.156154,s2.062712,s242.598475
168_58,s-3.586684,s1.371878,s296.445367
168_59,s3.013030,s1.237687,s-0.932523
168_60,s-3.996518,s0.766980,s64.988885
168_61,s-1.851606,s3.198590,s149.061645
168_62,s3.381697,s-1.962843,s301.981975
168_63,s-3.087488,s-1.915916,s-0.575280
168_64,s-2.170902,s2.370070,s179.970807
168_65,s2.836643,s2.487876,s210.049159
168_66,s-3.556513,s2.265869,s-4.262785
168_67,s-2.072257,s-3.266187,s270.910579
168_68,s1.801951,s3.048254,s211.200820
168_69,s0.642593,s3.106964,s89.910760
168_70,s3.067766,s-0.618848,s86.492700
168_71,s0.059794,s-4.000980,s303.808836
168_72,s-4.425373,s-0.249624,s178.299527
168_73,s1.459457,s3.268401,s333.042098
168_74,s0.366530,s3.833500,s121.425167
168_75,s-1.676138,s3.791295,s298.395236
168_76,s-3.872653,s-1.823203,s57.990299
168_77,s-2.842007,s2.555874,s299.946740
168_78,s-2.619521,s-3.042164,s119.235505
168_79,s-4.672540,s0.194284,s260.337699
168_80,s3.617755,s0.877980,s85.889789
168_81,s-1.659057,s-3.867939,s279.970166
168_82,s-0.786686,s3.690999,s120.568277
168_83,s-0.910279,s4.250029,s239.319969
168_84,s-2.628568,s3.224426,s209.472984
168_85,s-3.014386,s2.933427,s-0.594538
168_86,s1.736658,s-4.154617,s70.631972
168_87,s3.470272,s1.705369,s289.647269
168_88,s-4.872034,s0.602683,s18.771714
168_89,s-4.735803,s1.330497,s-12.026194
168_90,s0.172853,s4.278613,s76.913307
168_91,s3.729899,s-0.008252,s208.019127
168_92,s-4.097236,s-2.737102,s339.370050
168_93,s-0.486165,s-4.056522,s236.066894
168_94,s2.158527,s3.676514,s192.890785
168_95,s-2.337022,s-3.683822,s162.844381
168_96,s-4.607564,s-2.458071,s107.866126
168_97,s-2.722738,s4.433769,s214.845014
168_98,s0.623081,s-4.083846,s242.310199
168_99,s-3.598021,s3.238219,s-1.291579
168_100,s-3.482837,s-3.799980,s30.496889
168_101,s-4.159204,s3.101218,s0.720523
168_102,s0.741691,s4.513536,s300.904169
168_103,s-5.845380,s0.707892,s28.544437
168_104,s-0.837019,s5.078737,s1.813876
168_105,s-4.941379,s-0.785792,s219.844063
168_106,s2.619156,s2.981987,s302.785452
168_107,s4.032672,s1.508406,s239.565855
168_108,s-4.176701,s2.567707,s175.316055
168_109,s3.407278,s-1.261296,s272.971164
168_110,s-1.934705,s4.703188,s-8.480279
168_111,s-1.975059,s-4.098007,s182.553033
168_112,s4.000883,s0.846988,s316.614568
168_113,s-5.443987,s1.494429,s181.268667
168_114,s-2.838921,s-4.217266,s111.901480
168_115,s-1.259834,s-4.624763,s209.948867
168_116,s4.541945,s-0.592947,s34.889788
168_117,s-0.519209,s-4.653770,s85.113198
168_118,s-4.326205,s3.452417,s-0.288010
168_119,s2.418006,s4.056644,s54.900485
168_120,s1.023000,s-5.063073,s268.386158
168_121,s-5.240602,s-1.294940,s92.582962
168_122,s-5.382670,s-0.417503,s266.922168
168_123,s-0.346024,s4.905038,s240.796696
168_124,s-3.399225,s4.645782,s149.742994
168_125,s3.305633,s-2.439779,s206.751101
168_126,s-4.595127,s-1.861423,s23.490889
168_127,s3.568281,s2.885041,s252.265001
168_128,s3.819479,s-2.159199,s30.340223
168_129,s3.514360,s-3.413496,s30.776360
168_130,s2.892979,s3.912443,s316.309507
168_131,s4.439220,s2.632073,s329.723062
168_132,s1.442312,s4.474829,s19.997706
168_133,s-4.761900,s3.394896,s185.307229
168_134,s-4.577396,s-3.461695,s300.072315
168_135,s-5.848152,s-2.006357,s28.086839
168_136,s4.445620,s0.118267,s339.542869
168_137,s3.829173,s3.398036,s37.625784
168_138,s4.052647,s-2.811690,s185.147274
168_139,s-5.978557,s-0.807624,s26.836115
168_140,s2.085608,s5.591921,s240.154757
168_141,s0.079596,s-4.922485,s167.338099
168_142,s-4.302361,s-4.026514,s150.530938
168_143,s4.482102,s-1.272852,s241.932263
168_144,s-3.959018,s4.394529,s0.954012
168_145,s-3.124994,s-4.982072,s93.916857
168_146,s2.188252,s-4.554519,s117.201247
168_147,s-6.186132,s1.382708,s2.271591
168_148,s-1.879016,s-5.445119,s178.093442
168_149,s-2.575253,s-5.273786,s337.761133
168_150,s-2.548246,s4.960659,s11.638936
168_151,s-1.414326,s5.353766,s331.049498
168_152,s5.007393,s0.420257,s266.701869
168_153,s2.198731,s4.661341,s89.481936
168_154,s5.201200,s1.317628,s206.931961
168_155,s4.962551,s-0.794343,s-2.765999
168_156,s0.676109,s5.437167,s96.221593
168_157,s-4.838538,s2.276842,s335.019822
168_158,s4.660955,s1.964050,s28.882938
168_159,s3.352038,s-3.740622,s150.932133
168_160,s-0.196255,s5.671737,s275.019734
168_161,s-5.307005,s3.563393,s32.232037
168_162,s-1.337675,s-5.386383,s210.270484
168_163,s5.159413,s-0.077832,s212.140228
168_164,s3.367230,s-4.374032,s184.568494
168_165,s3.694042,s4.047772,s2.050579
168_166,s5.023822,s2.188975,s241.136716
168_167,s-3.426126,s5.071101,s60.628508
169_0,s-0.041879,s-0.023039,s330.636945
169_1,s0.691979,s0.098802,s297.801969
169_2,s0.393193,s-0.900511,s186.442357
169_3,s-0.628505,s-0.618822,s285.524048
169_4,s-0.520427,s0.515830,s181.116956
169_5,s0.677194,s1.035529,s268.336688
169_6,s-1.132666,s0.053144,s279.170372
169_7,s1.867454,s0.354490,s44.931173
169_8,s-1.814772,s-1.054077,s82.553714
169_9,s-0.851243,s-1.051826,s35.126842
169_10,s0.255082,s1.536584,s58.569977
169_11,s-1.519642,s1.156115,s225.214678
169_12,s0.759626,s-0.447088,s299.240370
169_13,s1.768771,s1.626497,s185.406620
169_14,s-0.598773,s0.984182,s37.374538
169_15,s-0.325917,s-1.288797,s329.169073
169_16,s-0.002696,s-1.912151,s177.963267
169_17,s1.824064,s-1.314022,s98.025101
169_18,s2.334190,s-1.649387,s271.947315
169_19,s2.250967,s1.325125,s228.220322
169_20,s1.394711,s-2.083183,s332.145574
169_21,s-0.159287,s1.194779,s62.343563
169_22,s-1.816257,s0.537130,s199.187339
169_23,s-1.152341,s-1.350987,s58.806933
169_24,s0.581850,s2.100605,s7.906298
169_25,s0.037673,s2.567265,s83.549823
169_26,s-2.324496,s-1.635601,s328.131732
169_27,s2.364668,s-0.261190,s211.010627
169_28,s2.764946,s2.045571,s69.863657
169_29,s-2.004333,s1.438333,s174.303061
169_30,s-0.983571,s2.451713,s91.681766
169_31,s1.345936,s-0.401194,s91.064410
169_32,s-0.723806,s-1.933655,s78.990522
169_33,s0.312530,s-3.310526,s0.336467
169_34,s2.377829,s-3.474322,s210.995463
169_35,s-1.425229,s-2.197296,s32.086042
169_36,s-1.867869,s-0.316127,s128.337028
169_37,s-2.500177,s0.390715,s239.285385
169_38,s-2.898591,s-0.764499,s328.449852
169_39,s-2.108643,s-1.991417,s177.533857
169_40,s2.291403,s0.136723,s177.960466
169_41,s-0.829150,s-2.387009,s244.798577
169_42,s1.448532,s-2.894158,s180.145898
169_43,s-2.555373,s1.010907,s180.602925
169_44,s-1.622875,s-2.845562,s208.717979
169_45,s-3.259817,s-0.052900,s63.723245
169_46,s2.210915,s-2.788003,s326.760498
169_47,s2.858037,s-0.253667,s3.188687
169_48,s-0.284199,s2.122938,s120.079262
169_49,s0.882478,s-3.030933,s177.611305
169_50,s1.525226,s2.029108,s270.840749
169_51,s-0.524886,s2.974785,s328.002550
169_52,s-0.509489,s-3.067591,s61.020688
169_53,s-1.724927,s1.899337,s88.376240
169_54,s-2.800762,s-2.475107,s122.298782
169_55,s-3.646357,s-0.572852,s211.561723
169_56,s-1.176400,s-3.197659,s234.635359
169_57,s-3.156154,s2.062712,s242.598475
169_58,s-3.586684,s1.371878,s296.445367
169_59,s3.013030,s1.237687,s-0.932523
169_60,s-3.996518,s0.766980,s64.988885
169_61,s-1.851606,s3.198590,s149.061645
169_62,s3.381697,s-1.962843,s301.981975
169_63,s-3.087488,s-1.915916,s-0.575280
169_64,s-2.170902,s2.370070,s179.970807
169_65,s2.836643,s2.487876,s210.049159
169_66,s-3.556513,s2.265869,s-4.262785
169_67,s-2.072257,s-3.266187,s270.910579
169_68,s1.801951,s3.048254,s211.200820
169_69,s0.642593,s3.106964,s89.910760
169_70,s3.067766,s-0.618848,s86.492700
169_71,s0.059794,s-4.000980,s303.808836
169_72,s-4.425373,s-0.249624,s178.299527
169_73,s1.459457,s3.268401,s333.042098
169_74,s0.366530,s3.833500,s121.425167
169_75,s-1.676138,s3.791295,s298.395236
169_76,s-3.872653,s-1.823203,s57.990299
169_77,s-2.842007,s2.555874,s299.946740
169_78,s-2.619521,s-3.042164,s119.235505
169_79,s-4.672540,s0.194284,s260.337699
169_80,s3.617755,s0.877980,s85.889789
169_81,s-1.659057,s-3.867939,s279.970166
169_82,s-0.786686,s3.690999,s120.568277
169_83,s-0.910279,s4.250029,s239.319969
169_84,s-2.628568,s3.224426,s209.472984
169_85,s-3.014386,s2.933427,s-0.594538
169_86,s1.736658,s-4.154617,s70.631972
169_87,s3.470272,s1.705369,s289.647269
169_88,s-4.872034,s0.602683,s18.771714
169_89,s-4.735803,s1.330497,s-12.026194
169_90,s0.172853,s4.278613,s76.913307
169_91,s3.729899,s-0.008252,s208.019127
169_92,s-4.097236,s-2.737102,s339.370050
169_93,s-0.486165,s-4.056522,s236.066894
169_94,s2.158527,s3.676514,s192.890785
169_95,s-2.337022,s-3.683822,s162.844381
169_96,s-4.607564,s-2.458071,s107.866126
169_97,s-2.722738,s4.433769,s214.845014
169_98,s0.623081,s-4.083846,s242.310199
169_99,s-3.598021,s3.238219,s-1.291579
169_100,s-3.482837,s-3.799980,s30.496889
169_101,s-4.159204,s3.101218,s0.720523
169_102,s0.741691,s4.513536,s300.904169
169_103,s-5.845380,s0.707892,s28.544437
169_104,s-0.837019,s5.078737,s1.813876
169_105,s-4.941379,s-0.785792,s219.844063
169_106,s2.619156,s2.981987,s302.785452
169_107,s4.032672,s1.508406,s239.565855
169_108,s-4.176701,s2.567707,s175.316055
169_109,s3.407278,s-1.261296,s272.971164
169_110,s-1.934705,s4.703188,s-8.480279
169_111,s-1.975059,s-4.098007,s182.553033
169_112,s4.000883,s0.846988,s316.614568
169_113,s-5.443987,s1.494429,s181.268667
169_114,s-2.838921,s-4.217266,s111.901480
169_115,s-1.259834,s-4.624763,s209.948867
169_116,s4.541945,s-0.592947,s34.889788
169_117,s-0.519209,s-4.653770,s85.113198
169_118,s-4.326205,s3.452417,s-0.288010
169_119,s2.418006,s4.056644,s54.900485
169_120,s1.023000,s-5.063073,s268.386158
169_121,s-5.240602,s-1.294940,s92.582962
169_122,s-5.382670,s-0.417503,s266.922168
169_123,s-0.346024,s4.905038,s240.796696
169_124,s-3.399225,s4.645782,s149.742994
169_125,s3.305633,s-2.439779,s206.751101
169_126,s-4.595127,s-1.861423,s23.490889
169_127,s3.568281,s2.885041,s252.265001
169_128,s3.819479,s-2.159199,s30.340223
169_129,s3.514360,s-3.413496,s30.776360
169_130,s2.892979,s3.912443,s316.309507
169_131,s4.439220,s2.632073,s329.723062
169_132,s1.442312,s4.474829,s19.997706
169_133,s-4.761900,s3.394896,s185.307229
169_134,s-4.577396,s-3.461695,s300.072315
169_135,s-5.848152,s-2.006357,s28.086839
169_136,s4.445620,s0.118267,s339.542869
169_137,s3.829173,s3.398036,s37.625784
169_138,s4.052647,s-2.811690,s185.147274
169_139,s-5.978557,s-0.807624,s26.836115
169_140,s2.085608,s5.591921,s240.154757
169_141,s0.079596,s-4.922485,s167.338099
169_142,s-4.302361,s-4.026514,s150.530938
169_143,s4.482102,s-1.272852,s241.932263
169_144,s-3.959018,s4.394529,s0.954012
169_145,s-3.124994,s-4.982072,s93.916857
169_146,s2.188252,s-4.554519,s117.201247
169_147,s-6.186132,s1.382708,s2.271591
169_148,s-1.879016,s-5.445119,s178.093442
169_149,s-2.575253,s-5.273786,s337.761133
169_150,s-2.548246,s4.960659,s11.638936
169_151,s-1.414326,s5.353766,s331.049498
169_152,s5.007393,s0.420257,s266.701869
169_153,s2.198731,s4.661341,s89.481936
169_154,s5.201200,s1.317628,s206.931961
169_155,s4.962551,s-0.794343,s-2.765999
169_156,s0.676109,s5.437167,s96.221593
169_157,s-4.838538,s2.276842,s335.019822
169_158,s4.660955,s1.964050,s28.882938
169_159,s3.352038,s-3.740622,s150.932133
169_160,s-0.196255,s5.671737,s275.019734
169_161,s-5.307005,s3.563393,s32.232037
169_162,s-1.337675,s-5.386383,s210.270484
169_163,s5.159413,s-0.077832,s212.140228
169_164,s3.367230,s-4.374032,s184.568494
169_165,s3.694042,s4.047772,s2.050579
169_166,s5.023822,s2.188975,s241.136716
169_167,s-3.426126,s5.071101,s60.628508
169_168,s4.562115,s-3.160633,s184.700336
170_0,s-0.041879,s-0.023039,s330.636945
170_1,s0.691979,s0.098802,s297.801969
170_2,s0.393193,s-0.900511,s186.442357
170_3,s-0.628505,s-0.618822,s285.524048
170_4,s-0.520427,s0.515830,s181.116956
170_5,s0.677194,s1.035529,s268.336688
170_6,s-1.132666,s0.053144,s279.170372
170_7,s1.867454,s0.354490,s44.931173
170_8,s-1.814772,s-1.054077,s82.553714
170_9,s-0.851243,s-1.051826,s35.126842
170_10,s0.255082,s1.536584,s58.569977
170_11,s-1.519642,s1.156115,s225.214678
170_12,s0.759626,s-0.447088,s299.240370
170_13,s1.768771,s1.626497,s185.406620
170_14,s-0.598773,s0.984182,s37.374538
170_15,s-0.325917,s-1.288797,s329.169073
170_16,s-0.002696,s-1.912151,s177.963267
170_17,s1.824064,s-1.314022,s98.025101
170_18,s2.334190,s-1.649387,s271.947315
170_19,s2.250967,s1.325125,s228.220322
170_20,s1.394711,s-2.083183,s332.145574
170_21,s-0.159287,s1.194779,s62.343563
170_22,s-1.816257,s0.537130,s199.187339
170_23,s-1.152341,s-1.350987,s58.806933
170_24,s0.581850,s2.100605,s7.906298
170_25,s0.037673,s2.567265,s83.549823
170_26,s-2.324496,s-1.635601,s328.131732
170_27,s2.364668,s-0.261190,s211.010627
170_28,s2.764946,s2.045571,s69.863657
170_29,s-2.004333,s1.438333,s174.303061
170_30,s-0.983571,s2.451713,s91.681766
170_31,s1.345936,s-0.401194,s91.064410
170_32,s-0.723806,s-1.933655,s78.990522
170_33,s0.312530,s-3.310526,s0.336467
170_34,s2.377829,s-3.474322,s210.995463
170_35,s-1.425229,s-2.197296,s32.086042
170_36,s-1.867869,s-0.316127,s128.337028
170_37,s-2.500177,s0.390715,s239.285385
170_38,s-2.898591,s-0.764499,s328.449852
170_39,s-2.108643,s-1.991417,s177.533857
170_40,s2.291403,s0.136723,s177.960466
170_41,s-0.829150,s-2.387009,s244.798577
170_42,s1.448532,s-2.894158,s180.145898
170_43,s-2.555373,s1.010907,s180.602925
170_44,s-1.622875,s-2.845562,s208.717979
170_45,s-3.259817,s-0.052900,s63.723245
170_46,s2.210915,s-2.788003,s326.760498
170_47,s2.858037,s-0.253667,s3.188687
170_48,s-0.284199,s2.122938,s120.079262
170_49,s0.882478,s-3.030933,s177.611305
170_50,s1.525226,s2.029108,s270.840749
170_51,s-0.524886,s2.974785,s328.002550
170_52,s-0.509489,s-3.067591,s61.020688
170_53,s-1.724927,s1.899337,s88.376240
170_54,s-2.800762,s-2.475107,s122.298782
170_55,s-3.646357,s-0.572852,s211.561723
170_56,s-1.176400,s-3.197659,s234.635359
170_57,s-3.156154,s2.062712,s242.598475
170_58,s-3.586684,s1.371878,s296.445367
170_59,s3.013030,s1.237687,s-0.932523
170_60,s-3.996518,s0.766980,s64.988885
170_61,s-1.851606,s3.198590,s149.061645
170_62,s3.381697,s-1.962843,s301.981975
170_63,s-3.087488,s-1.915916,s-0.575280
170_64,s-2.170902,s2.370070,s179.970807
170_65,s2.836643,s2.487876,s210.049159
170_66,s-3.556513,s2.265869,s-4.262785
170_67,s-2.072257,s-3.266187,s270.910579
170_68,s1.801951,s3.048254,s211.200820
170_69,s0.642593,s3.106964,s89.910760
170_70,s3.067766,s-0.618848,s86.492700
170_71,s0.059794,s-4.000980,s303.808836
170_72,s-4.425373,s-0.249624,s178.299527
170_73,s1.459457,s3.268401,s333.042098
170_74,s0.366530,s3.833500,s121.425167
170_75,s-1.676138,s3.791295,s298.395236
170_76,s-3.872653,s-1.823203,s57.990299
170_77,s-2.842007,s2.555874,s299.946740
170_78,s-2.619521,s-3.042164,s119.235505
170_79,s-4.672540,s0.194284,s260.337699
170_80,s3.617755,s0.877980,s85.889789
170_81,s-1.659057,s-3.867939,s279.970166
170_82,s-0.786686,s3.690999,s120.568277
170_83,s-0.910279,s4.250029,s239.319969
170_84,s-2.628568,s3.224426,s209.472984
170_85,s-3.014386,s2.933427,s-0.594538
170_86,s1.736658,s-4.154617,s70.631972
170_87,s3.470272,s1.705369,s289.647269
170_88,s-4.872034,s0.602683,s18.771714
170_89,s-4.735803,s1.330497,s-12.026194
170_90,s0.172853,s4.278613,s76.913307
170_91,s3.729899,s-0.008252,s208.019127
170_92,s-4.097236,s-2.737102,s339.370050
170_93,s-0.486165,s-4.056522,s236.066894
170_94,s2.158527,s3.676514,s192.890785
170_95,s-2.337022,s-3.683822,s162.844381
170_96,s-4.607564,s-2.458071,s107.866126
170_97,s-2.722738,s4.433769,s214.845014
170_98,s0.623081,s-4.083846,s242.310199
170_99,s-3.598021,s3.238219,s-1.291579
170_100,s-3.482837,s-3.799980,s30.496889
170_101,s-4.159204,s3.101218,s0.720523
170_102,s0.741691,s4.513536,s300.904169
170_103,s-5.845380,s0.707892,s28.544437
170_104,s-0.837019,s5.078737,s1.813876
170_105,s-4.941379,s-0.785792,s219.844063
170_106,s2.619156,s2.981987,s302.785452
170_107,s4.032672,s1.508406,s239.565855
170_108,s-4.176701,s2.567707,s175.316055
170_109,s3.407278,s-1.261296,s272.971164
170_110,s-1.934705,s4.703188,s-8.480279
170_111,s-1.975059,s-4.098007,s182.553033
170_112,s4.000883,s0.846988,s316.614568
170_113,s-5.443987,s1.494429,s181.268667
170_114,s-2.838921,s-4.217266,s111.901480
170_115,s-1.259834,s-4.624763,s209.948867
170_116,s4.541945,s-0.592947,s34.889788
170_117,s-0.519209,s-4.653770,s85.113198
170_118,s-4.326205,s3.452417,s-0.288010
170_119,s2.418006,s4.056644,s54.900485
170_120,s1.023000,s-5.063073,s268.386158
170_121,s-5.240602,s-1.294940,s92.582962
170_122,s-5.382670,s-0.417503,s266.922168
170_123,s-0.346024,s4.905038,s240.796696
170_124,s-3.399225,s4.645782,s149.742994
170_125,s3.305633,s-2.439779,s206.751101
170_126,s-4.595127,s-1.861423,s23.490889
170_127,s3.568281,s2.885041,s252.265001
170_128,s3.819479,s-2.159199,s30.340223
170_129,s3.514360,s-3.413496,s30.776360
170_130,s2.892979,s3.912443,s316.309507
170_131,s4.439220,s2.632073,s329.723062
170_132,s1.442312,s4.474829,s19.997706
170_133,s-4.761900,s3.394896,s185.307229
170_134,s-4.577396,s-3.461695,s300.072315
170_135,s-5.848152,s-2.006357,s28.086839
170_136,s4.445620,s0.118267,s339.542869
170_137,s3.829173,s3.398036,s37.625784
170_138,s4.052647,s-2.811690,s185.147274
170_139,s-5.978557,s-0.807624,s26.836115
170_140,s2.085608,s5.591921,s240.154757
170_141,s0.079596,s-4.922485,s167.338099
170_142,s-4.302361,s-4.026514,s150.530938
170_143,s4.482102,s-1.272852,s241.932263
170_144,s-3.959018,s4.394529,s0.954012
170_145,s-3.124994,s-4.982072,s93.916857
170_146,s2.188252,s-4.554519,s117.201247
170_147,s-6.186132,s1.382708,s2.271591
170_148,s-1.879016,s-5.445119,s178.093442
170_149,s-2.575253,s-5.273786,s337.761133
170_150,s-2.548246,s4.960659,s11.638936
170_151,s-1.414326,s5.353766,s331.049498
170_152,s5.007393,s0.420257,s266.701869
170_153,s2.198731,s4.661341,s89.481936
170_154,s5.201200,s1.317628,s206.931961
170_155,s4.962551,s-0.794343,s-2.765999
170_156,s0.676109,s5.437167,s96.221593
170_157,s-4.838538,s2.276842,s335.019822
170_158,s4.660955,s1.964050,s28.882938
170_159,s3.352038,s-3.740622,s150.932133
170_160,s-0.196255,s5.671737,s275.019734
170_161,s-5.307005,s3.563393,s32.232037
170_162,s-1.337675,s-5.386383,s210.270484
170_163,s5.159413,s-0.077832,s212.140228
170_164,s3.367230,s-4.374032,s184.568494
170_165,s3.694042,s4.047772,s2.050579
170_166,s5.023822,s2.188975,s241.136716
170_167,s-3.426126,s5.071101,s60.628508
170_168,s4.562115,s-3.160633,s184.700336
170_169,s4.118954,s3.823431,s267.912593
171_0,s-0.041879,s-0.023039,s330.636945
171_1,s0.691979,s0.098802,s297.801969
171_2,s0.393193,s-0.900511,s186.442357
171_3,s-0.628505,s-0.618822,s285.524048
171_4,s-0.520427,s0.515830,s181.116956
171_5,s0.677194,s1.035529,s268.336688
171_6,s-1.132666,s0.053144,s279.170372
171_7,s1.867454,s0.354490,s44.931173
171_8,s-1.814772,s-1.054077,s82.553714
171_9,s-0.851243,s-1.051826,s35.126842
171_10,s0.255082,s1.536584,s58.569977
171_11,s-1.519642,s1.156115,s225.214678
171_12,s0.759626,s-0.447088,s299.240370
171_13,s1.768771,s1.626497,s185.406620
171_14,s-0.598773,s0.984182,s37.374538
171_15,s-0.325917,s-1.288797,s329.169073
171_16,s-0.002696,s-1.912151,s177.963267
171_17,s1.824064,s-1.314022,s98.025101
171_18,s2.334190,s-1.649387,s271.947315
171_19,s2.250967,s1.325125,s228.220322
171_20,s1.394711,s-2.083183,s332.145574
171_21,s-0.159287,s1.194779,s62.343563
171_22,s-1.816257,s0.537130,s199.187339
171_23,s-1.152341,s-1.350987,s58.806933
171_24,s0.581850,s2.100605,s7.906298
171_25,s0.037673,s2.567265,s83.549823
171_26,s-2.324496,s-1.635601,s328.131732
171_27,s2.364668,s-0.261190,s211.010627
171_28,s2.764946,s2.045571,s69.863657
171_29,s-2.004333,s1.438333,s174.303061
171_30,s-0.983571,s2.451713,s91.681766
171_31,s1.345936,s-0.401194,s91.064410
171_32,s-0.723806,s-1.933655,s78.990522
171_33,s0.312530,s-3.310526,s0.336467
171_34,s2.377829,s-3.474322,s210.995463
171_35,s-1.425229,s-2.197296,s32.086042
171_36,s-1.867869,s-0.316127,s128.337028
171_37,s-2.500177,s0.390715,s239.285385
171_38,s-2.898591,s-0.764499,s328.449852
171_39,s-2.108643,s-1.991417,s177.533857
171_40,s2.291403,s0.136723,s177.960466
171_41,s-0.829150,s-2.387009,s244.798577
171_42,s1.448532,s-2.894158,s180.145898
171_43,s-2.555373,s1.010907,s180.602925
171_44,s-1.622875,s-2.845562,s208.717979
171_45,s-3.259817,s-0.052900,s63.723245
171_46,s2.210915,s-2.788003,s326.760498
171_47,s2.858037,s-0.253667,s3.188687
171_48,s-0.284199,s2.122938,s120.079262
171_49,s0.882478,s-3.030933,s177.611305
171_50,s1.525226,s2.029108,s270.840749
171_51,s-0.524886,s2.974785,s328.002550
171_52,s-0.509489,s-3.067591,s61.020688
171_53,s-1.724927,s1.899337,s88.376240
171_54,s-2.800762,s-2.475107,s122.298782
171_55,s-3.646357,s-0.572852,s211.561723
171_56,s-1.176400,s-3.197659,s234.635359
171_57,s-3.156154,s2.062712,s242.598475
171_58,s-3.586684,s1.371878,s296.445367
171_59,s3.013030,s1.237687,s-0.932523
171_60,s-3.996518,s0.766980,s64.988885
171_61,s-1.851606,s3.198590,s149.061645
171_62,s3.381697,s-1.962843,s301.981975
171_63,s-3.087488,s-1.915916,s-0.575280
171_64,s-2.170902,s2.370070,s179.970807
171_65,s2.836643,s2.487876,s210.049159
171_66,s-3.556513,s2.265869,s-4.262785
171_67,s-2.072257,s-3.266187,s270.910579
171_68,s1.801951,s3.048254,s211.200820
171_69,s0.642593,s3.106964,s89.910760
171_70,s3.067766,s-0.618848,s86.492700
171_71,s0.059794,s-4.000980,s303.808836
171_72,s-4.425373,s-0.249624,s178.299527
171_73,s1.459457,s3.268401,s333.042098
171_74,s0.366530,s3.833500,s121.425167
171_75,s-1.676138,s3.791295,s298.395236
171_76,s-3.872653,s-1.823203,s57.990299
171_77,s-2.842007,s2.555874,s299.946740
171_78,s-2.619521,s-3.042164,s119.235505
171_79,s-4.672540,s0.194284,s260.337699
171_80,s3.617755,s0.877980,s85.889789
171_81,s-1.659057,s-3.867939,s279.970166
171_82,s-0.786686,s3.690999,s120.568277
171_83,s-0.910279,s4.250029,s239.319969
171_84,s-2.628568,s3.224426,s209.472984
171_85,s-3.014386,s2.933427,s-0.594538
171_86,s1.736658,s-4.154617,s70.631972
171_87,s3.470272,s1.705369,s289.647269
171_88,s-4.872034,s0.602683,s18.771714
171_89,s-4.735803,s1.330497,s-12.026194
171_90,s0.172853,s4.278613,s76.913307
171_91,s3.729899,s-0.008252,s208.019127
171_92,s-4.097236,s-2.737102,s339.370050
171_93,s-0.486165,s-4.056522,s236.066894
171_94,s2.158527,s3.676514,s192.890785
171_95,s-2.337022,s-3.683822,s162.844381
171_96,s-4.607564,s-2.458071,s107.866126
171_97,s-2.722738,s4.433769,s214.845014
171_98,s0.623081,s-4.083846,s242.310199
171_99,s-3.598021,s3.238219,s-1.291579
171_100,s-3.482837,s-3.799980,s30.496889
171_101,s-4.159204,s3.101218,s0.720523
171_102,s0.741691,s4.513536,s300.904169
171_103,s-5.845380,s0.707892,s28.544437
171_104,s-0.837019,s5.078737,s1.813876
171_105,s-4.941379,s-0.785792,s219.844063
171_106,s2.619156,s2.981987,s302.785452
171_107,s4.032672,s1.508406,s239.565855
171_108,s-4.176701,s2.567707,s175.316055
171_109,s3.407278,s-1.261296,s272.971164
171_110,s-1.934705,s4.703188,s-8.480279
171_111,s-1.975059,s-4.098007,s182.553033
171_112,s4.000883,s0.846988,s316.614568
171_113,s-5.443987,s1.494429,s181.268667
171_114,s-2.838921,s-4.217266,s111.901480
171_115,s-1.259834,s-4.624763,s209.948867
171_116,s4.541945,s-0.592947,s34.889788
171_117,s-0.519209,s-4.653770,s85.113198
171_118,s-4.326205,s3.452417,s-0.288010
171_119,s2.418006,s4.056644,s54.900485
171_120,s1.023000,s-5.063073,s268.386158
171_121,s-5.240602,s-1.294940,s92.582962
171_122,s-5.382670,s-0.417503,s266.922168
171_123,s-0.346024,s4.905038,s240.796696
171_124,s-3.399225,s4.645782,s149.742994
171_125,s3.305633,s-2.439779,s206.751101
171_126,s-4.595127,s-1.861423,s23.490889
171_127,s3.568281,s2.885041,s252.265001
171_128,s3.819479,s-2.159199,s30.340223
171_129,s3.514360,s-3.413496,s30.776360
171_130,s2.892979,s3.912443,s316.309507
171_131,s4.439220,s2.632073,s329.723062
171_132,s1.442312,s4.474829,s19.997706
171_133,s-4.761900,s3.394896,s185.307229
171_134,s-4.577396,s-3.461695,s300.072315
171_135,s-5.848152,s-2.006357,s28.086839
171_136,s4.445620,s0.118267,s339.542869
171_137,s3.829173,s3.398036,s37.625784
171_138,s4.052647,s-2.811690,s185.147274
171_139,s-5.978557,s-0.807624,s26.836115
171_140,s2.085608,s5.591921,s240.154757
171_141,s0.079596,s-4.922485,s167.338099
171_142,s-4.302361,s-4.026514,s150.530938
171_143,s4.482102,s-1.272852,s241.932263
171_144,s-3.959018,s4.394529,s0.954012
171_145,s-3.124994,s-4.982072,s93.916857
171_146,s2.188252,s-4.554519,s117.201247
171_147,s-6.186132,s1.382708,s2.271591
171_148,s-1.879016,s-5.445119,s178.093442
171_149,s-2.575253,s-5.273786,s337.761133
171_150,s-2.548246,s4.960659,s11.638936
171_151,s-1.414326,s5.353766,s331.049498
171_152,s5.007393,s0.420257,s266.701869
171_153,s2.198731,s4.661341,s89.481936
171_154,s5.201200,s1.317628,s206.931961
171_155,s4.962551,s-0.794343,s-2.765999
171_156,s0.676109,s5.437167,s96.221593
171_157,s-4.838538,s2.276842,s335.019822
171_158,s4.660955,s1.964050,s28.882938
171_159,s3.352038,s-3.740622,s150.932133
171_160,s-0.196255,s5.671737,s275.019734
171_161,s-5.307005,s3.563393,s32.232037
171_162,s-1.337675,s-5.386383,s210.270484
171_163,s5.159413,s-0.077832,s212.140228
171_164,s3.367230,s-4.374032,s184.568494
171_165,s3.694042,s4.047772,s2.050579
171_166,s5.023822,s2.188975,s241.136716
171_167,s-3.426126,s5.071101,s60.628508
171_168,s4.562115,s-3.160633,s184.700336
171_169,s4.118954,s3.823431,s267.912593
171_170,s-1.820449,s5.706669,s32.893967
172_0,s-0.041879,s-0.023039,s330.636945
172_1,s0.691979,s0.098802,s297.801969
172_2,s0.393193,s-0.900511,s186.442357
172_3,s-0.628505,s-0.618822,s285.524048
172_4,s-0.520427,s0.515830,s181.116956
172_5,s0.677194,s1.035529,s268.336688
172_6,s-1.132666,s0.053144,s279.170372
172_7,s1.867454,s0.354490,s44.931173
172_8,s-1.814772,s-1.054077,s82.553714
172_9,s-0.851243,s-1.051826,s35.126842
172_10,s0.255082,s1.536584,s58.569977
172_11,s-1.519642,s1.156115,s225.214678
172_12,s0.759626,s-0.447088,s299.240370
172_13,s1.768771,s1.626497,s185.406620
172_14,s-0.598773,s0.984182,s37.374538
172_15,s-0.325917,s-1.288797,s329.169073
172_16,s-0.002696,s-1.912151,s177.963267
172_17,s1.824064,s-1.314022,s98.025101
172_18,s2.334190,s-1.649387,s271.947315
172_19,s2.250967,s1.325125,s228.220322
172_20,s1.394711,s-2.083183,s332.145574
172_21,s-0.159287,s1.194779,s62.343563
172_22,s-1.816257,s0.537130,s199.187339
172_23,s-1.152341,s-1.350987,s58.806933
172_24,s0.581850,s2.100605,s7.906298
172_25,s0.037673,s2.567265,s83.549823
172_26,s-2.324496,s-1.635601,s328.131732
172_27,s2.364668,s-0.261190,s211.010627
172_28,s2.764946,s2.045571,s69.863657
172_29,s-2.004333,s1.438333,s174.303061
172_30,s-0.983571,s2.451713,s91.681766
172_31,s1.345936,s-0.401194,s91.064410
172_32,s-0.723806,s-1.933655,s78.990522
172_33,s0.312530,s-3.310526,s0.336467
172_34,s2.377829,s-3.474322,s210.995463
172_35,s-1.425229,s-2.197296,s32.086042
172_36,s-1.867869,s-0.316127,s128.337028
172_37,s-2.500177,s0.390715,s239.285385
172_38,s-2.898591,s-0.764499,s328.449852
172_39,s-2.108643,s-1.991417,s177.533857
172_40,s2.291403,s0.136723,s177.960466
172_41,s-0.829150,s-2.387009,s244.798577
172_42,s1.448532,s-2.894158,s180.145898
172_43,s-2.555373,s1.010907,s180.602925
172_44,s-1.622875,s-2.845562,s208.717979
172_45,s-3.259817,s-0.052900,s63.723245
172_46,s2.210915,s-2.788003,s326.760498
172_47,s2.858037,s-0.253667,s3.188687
172_48,s-0.284199,s2.122938,s120.079262
172_49,s0.882478,s-3.030933,s177.611305
172_50,s1.525226,s2.029108,s270.840749
172_51,s-0.524886,s2.974785,s328.002550
172_52,s-0.509489,s-3.067591,s61.020688
172_53,s-1.724927,s1.899337,s88.376240
172_54,s-2.800762,s-2.475107,s122.298782
172_55,s-3.646357,s-0.572852,s211.561723
172_56,s-1.176400,s-3.197659,s234.635359
172_57,s-3.156154,s2.062712,s242.598475
172_58,s-3.586684,s1.371878,s296.445367
172_59,s3.013030,s1.237687,s-0.932523
172_60,s-3.996518,s0.766980,s64.988885
172_61,s-1.851606,s3.198590,s149.061645
172_62,s3.381697,s-1.962843,s301.981975
172_63,s-3.087488,s-1.915916,s-0.575280
172_64,s-2.170902,s2.370070,s179.970807
172_65,s2.836643,s2.487876,s210.049159
172_66,s-3.556513,s2.265869,s-4.262785
172_67,s-2.072257,s-3.266187,s270.910579
172_68,s1.801951,s3.048254,s211.200820
172_69,s0.642593,s3.106964,s89.910760
172_70,s3.067766,s-0.618848,s86.492700
172_71,s0.059794,s-4.000980,s303.808836
172_72,s-4.425373,s-0.249624,s178.299527
172_73,s1.459457,s3.268401,s333.042098
172_74,s0.366530,s3.833500,s121.425167
172_75,s-1.676138,s3.791295,s298.395236
172_76,s-3.872653,s-1.823203,s57.990299
172_77,s-2.842007,s2.555874,s299.946740
172_78,s-2.619521,s-3.042164,s119.235505
172_79,s-4.672540,s0.194284,s260.337699
172_80,s3.617755,s0.877980,s85.889789
172_81,s-1.659057,s-3.867939,s279.970166
172_82,s-0.786686,s3.690999,s120.568277
172_83,s-0.910279,s4.250029,s239.319969
172_84,s-2.628568,s3.224426,s209.472984
172_85,s-3.014386,s2.933427,s-0.594538
172_86,s1.736658,s-4.154617,s70.631972
172_87,s3.470272,s1.705369,s289.647269
172_88,s-4.872034,s0.602683,s18.771714
172_89,s-4.735803,s1.330497,s-12.026194
172_90,s0.172853,s4.278613,s76.913307
172_91,s3.729899,s-0.008252,s208.019127
172_92,s-4.097236,s-2.737102,s339.370050
172_93,s-0.486165,s-4.056522,s236.066894
172_94,s2.158527,s3.676514,s192.890785
172_95,s-2.337022,s-3.683822,s162.844381
172_96,s-4.607564,s-2.458071,s107.866126
172_97,s-2.722738,s4.433769,s214.845014
172_98,s0.623081,s-4.083846,s242.310199
172_99,s-3.598021,s3.238219,s-1.291579
172_100,s-3.482837,s-3.799980,s30.496889
172_101,s-4.159204,s3.101218,s0.720523
172_102,s0.741691,s4.513536,s300.904169
172_103,s-5.845380,s0.707892,s28.544437
172_104,s-0.837019,s5.078737,s1.813876
172_105,s-4.941379,s-0.785792,s219.844063
172_106,s2.619156,s2.981987,s302.785452
172_107,s4.032672,s1.508406,s239.565855
172_108,s-4.176701,s2.567707,s175.316055
172_109,s3.407278,s-1.261296,s272.971164
172_110,s-1.934705,s4.703188,s-8.480279
172_111,s-1.975059,s-4.098007,s182.553033
172_112,s4.000883,s0.846988,s316.614568
172_113,s-5.443987,s1.494429,s181.268667
172_114,s-2.838921,s-4.217266,s111.901480
172_115,s-1.259834,s-4.624763,s209.948867
172_116,s4.541945,s-0.592947,s34.889788
172_117,s-0.519209,s-4.653770,s85.113198
172_118,s-4.326205,s3.452417,s-0.288010
172_119,s2.418006,s4.056644,s54.900485
172_120,s1.023000,s-5.063073,s268.386158
172_121,s-5.240602,s-1.294940,s92.582962
172_122,s-5.382670,s-0.417503,s266.922168
172_123,s-0.346024,s4.905038,s240.796696
172_124,s-3.399225,s4.645782,s149.742994
172_125,s3.305633,s-2.439779,s206.751101
172_126,s-4.595127,s-1.861423,s23.490889
172_127,s3.568281,s2.885041,s252.265001
172_128,s3.819479,s-2.159199,s30.340223
172_129,s3.514360,s-3.413496,s30.776360
172_130,s2.892979,s3.912443,s316.309507
172_131,s4.439220,s2.632073,s329.723062
172_132,s1.442312,s4.474829,s19.997706
172_133,s-4.761900,s3.394896,s185.307229
172_134,s-4.577396,s-3.461695,s300.072315
172_135,s-5.848152,s-2.006357,s28.086839
172_136,s4.445620,s0.118267,s339.542869
172_137,s3.829173,s3.398036,s37.625784
172_138,s4.052647,s-2.811690,s185.147274
172_139,s-5.978557,s-0.807624,s26.836115
172_140,s2.085608,s5.591921,s240.154757
172_141,s0.079596,s-4.922485,s167.338099
172_142,s-4.302361,s-4.026514,s150.530938
172_143,s4.482102,s-1.272852,s241.932263
172_144,s-3.959018,s4.394529,s0.954012
172_145,s-3.124994,s-4.982072,s93.916857
172_146,s2.188252,s-4.554519,s117.201247
172_147,s-6.186132,s1.382708,s2.271591
172_148,s-1.879016,s-5.445119,s178.093442
172_149,s-2.575253,s-5.273786,s337.761133
172_150,s-2.548246,s4.960659,s11.638936
172_151,s-1.414326,s5.353766,s331.049498
172_152,s5.007393,s0.420257,s266.701869
172_153,s2.198731,s4.661341,s89.481936
172_154,s5.201200,s1.317628,s206.931961
172_155,s4.962551,s-0.794343,s-2.765999
172_156,s0.676109,s5.437167,s96.221593
172_157,s-4.838538,s2.276842,s335.019822
172_158,s4.660955,s1.964050,s28.882938
172_159,s3.352038,s-3.740622,s150.932133
172_160,s-0.196255,s5.671737,s275.019734
172_161,s-5.307005,s3.563393,s32.232037
172_162,s-1.337675,s-5.386383,s210.270484
172_163,s5.159413,s-0.077832,s212.140228
172_164,s3.367230,s-4.374032,s184.568494
172_165,s3.694042,s4.047772,s2.050579
172_166,s5.023822,s2.188975,s241.136716
172_167,s-3.426126,s5.071101,s60.628508
172_168,s4.562115,s-3.160633,s184.700336
172_169,s4.118954,s3.823431,s267.912593
172_170,s-1.820449,s5.706669,s32.893967
172_171,s5.830301,s-0.336430,s182.988841
173_0,s0.019101,s0.062919,s329.986627
173_1,s0.691979,s0.098802,s297.801969
173_2,s0.393193,s-0.900511,s186.442357
173_3,s-0.628505,s-0.618822,s285.524048
173_4,s-0.520427,s0.515830,s181.116956
173_5,s0.753202,s1.140797,s272.416836
173_6,s-1.132666,s0.053144,s279.170372
173_7,s1.867454,s0.354490,s44.931173
173_8,s-1.814772,s-1.054077,s82.553714
173_9,s-0.851243,s-1.051826,s35.126842
173_10,s0.255082,s1.536584,s58.569977
173_11,s-1.553618,s1.093813,s232.759317
173_12,s0.759626,s-0.447088,s299.240370
173_13,s1.700399,s1.516046,s189.242553
173_14,s-0.598773,s0.984182,s37.374538
173_15,s-0.304016,s-1.279353,s329.270858
173_16,s0.105787,s-2.097476,s63.602978
173_17,s1.824064,s-1.314022,s98.025101
173_18,s2.283325,s-1.651595,s273.103484
173_19,s2.237352,s1.326601,s226.269658
173_20,s1.394711,s-2.083183,s332.145574
173_21,s-0.159287,s1.194779,s62.343563
173_22,s-1.816257,s0.537130,s199.187339
173_23,s-1.152341,s-1.350987,s58.806933
173_24,s0.657463,s2.112190,s92.145347
173_25,s0.037673,s2.567265,s83.549823
173_26,s-2.324496,s-1.635601,s328.131732
173_27,s2.364668,s-0.261190,s211.010627
173_28,s2.764946,s2.045571,s69.863657
173_29,s-2.004333,s1.438333,s174.303061
173_30,s-1.035417,s2.438770,s87.973600
173_31,s1.345936,s-0.401194,s91.064410
173_32,s-0.723806,s-1.933655,s78.990522
173_33,s0.312530,s-3.310526,s0.336467
173_34,s2.364986,s-3.512470,s212.235488
173_35,s-1.425229,s-2.197296,s32.086042
173_36,s-1.826133,s-0.287433,s129.021984
173_37,s-2.500177,s0.390715,s239.285385
173_38,s-2.929074,s-0.726838,s328.042883
173_39,s-2.163598,s-2.009517,s175.268743
173_40,s2.291403,s0.136723,s177.960466
173_41,s-0.829150,s-2.387009,s244.798577
173_42,s1.448532,s-2.894158,s180.145898
173_43,s-2.555373,s1.010907,s180.602925
173_44,s-1.622875,s-2.845562,s208.717979
173_45,s-3.259817,s-0.052900,s63.723245
173_46,s2.139081,s-2.784645,s323.020446
173_47,s2.858037,s-0.253667,s3.188687
173_48,s-0.284199,s2.122938,s120.079262
173_49,s0.882478,s-3.030933,s177.611305
173_50,s1.479922,s2.081460,s29.548833
173_51,s-0.524886,s2.974785,s328.002550
173_52,s-0.509489,s-3.067591,s61.020688
173_53,s-1.724927,s1.899337,s88.376240
173_54,s-2.823373,s-2.473769,s124.822318
173_55,s-3.689752,s-0.599111,s207.302159
173_56,s-1.176400,s-3.197659,s234.635359
173_57,s-3.075483,s2.049242,s239.330657
173_58,s-3.586684,s1.371878,s296.445367
173_59,s3.013030,s1.237687,s-0.932523
173_60,s-4.003178,s0.769251,s65.993274
173_61,s-1.851606,s3.198590,s149.061645
173_62,s3.381697,s-1.962843,s301.981975
173_63,s-3.114674,s-1.908156,s-1.842384
173_64,s-2.170902,s2.370070,s179.970807
173_65,s2.836643,s2.487876,s210.049159
173_66,s-3.556513,s2.265869,s-4.262785
173_67,s-2.072257,s-3.266187,s270.910579
173_68,s1.801951,s3.048254,s211.200820
173_69,s0.642593,s3.106964,s89.910760
173_70,s3.067766,s-0.618848,s86.492700
173_71,s0.029833,s-3.954664,s304.788987
173_72,s-4.307508,s-0.236656,s173.752491
173_73,s1.459457,s3.268401,s333.042098
173_74,s0.366530,s3.833500,s121.425167
173_75,s-1.676138,s3.791295,s298.395236
173_76,s-3.872653,s-1.823203,s57.990299
173_77,s-2.842007,s2.555874,s299.946740
173_78,s-2.619521,s-3.042164,s119.235505
173_79,s-4.729071,s0.177531,s266.872957
173_80,s3.617755,s0.877980,s85.889789
173_81,s-1.669905,s-3.851346,s282.110814
173_82,s-0.879726,s3.592017,s119.790620
173_83,s-0.910279,s4.250029,s239.319969
173_84,s-2.628568,s3.224426,s209.472984
173_85,s-3.014386,s2.933427,s-0.594538
173_86,s1.736658,s-4.154617,s70.631972
173_87,s3.427291,s1.669748,s284.452968
173_88,s-4.932606,s0.501243,s12.955482
173_89,s-4.523967,s1.315453,s-20.663720
173_90,s0.172853,s4.278613,s76.913307
173_91,s3.749207,s-0.022226,s207.098001
173_92,s-4.097236,s-2.737102,s339.370050
173_93,s-0.486165,s-4.056522,s236.066894
173_94,s2.158527,s3.676514,s192.890785
173_95,s-2.337022,s-3.683822,s162.844381
173_96,s-4.530677,s-2.447024,s104.841058
173_97,s-2.786994,s4.403709,s223.201841
173_98,s0.697420,s-4.205007,s239.854241
173_99,s-3.598021,s3.238219,s-1.291579
173_100,s-3.398939,s-3.757884,s28.237409
173_101,s-4.159204,s3.101218,s0.720523
173_102,s0.763149,s4.544549,s177.847256
173_103,s-5.845380,s0.707892,s28.544437
173_104,s-0.809141,s5.048521,s4.297805
173_105,s-4.941379,s-0.785792,s219.844063
173_106,s2.619156,s2.981987,s302.785452
173_107,s4.032672,s1.508406,s239.565855
173_108,s-4.116634,s2.696843,s179.522215
173_109,s3.407278,s-1.261296,s272.971164
173_110,s-1.978743,s4.764980,s-4.369910
173_111,s-1.975059,s-4.098007,s182.553033
173_112,s4.000883,s0.846988,s316.614568
173_113,s-5.443987,s1.494429,s181.268667
173_114,s-2.887473,s-4.213891,s111.970098
173_115,s-1.259834,s-4.624763,s209.948867
173_116,s4.541945,s-0.592947,s34.889788
173_117,s-0.519209,s-4.653770,s85.113198
173_118,s-4.326205,s3.452417,s-0.288010
173_119,s2.418006,s4.056644,s54.900485
173_120,s1.043686,s-5.152612,s200.850210
173_121,s-5.252759,s-1.319903,s90.422271
173_122,s-5.382670,s-0.417503,s266.922168
173_123,s-0.346024,s4.905038,s240.796696
173_124,s-3.399225,s4.645782,s149.742994
173_125,s3.329932,s-2.469179,s208.236296
173_126,s-4.624559,s-1.850331,s122.462207
173_127,s3.503388,s2.925598,s247.277753
173_128,s3.819479,s-2.159199,s30.340223
173_129,s3.514360,s-3.413496,s30.776360
173_130,s2.885507,s4.015745,s311.312658
173_131,s4.439220,s2.632073,s329.723062
173_132,s1.442312,s4.474829,s19.997706
173_133,s-4.761900,s3.394896,s185.307229
173_134,s-4.580284,s-3.529499,s147.591782
173_135,s-5.935712,s-1.973087,s29.627395
173_136,s4.529609,s-0.000514,s343.787281
173_137,s3.778713,s3.423116,s37.193367
173_138,s4.040693,s-2.871925,s176.855014
173_139,s-5.978557,s-0.807624,s26.836115
173_140,s2.085608,s5.591921,s240.154757
173_141,s0.037547,s-4.922878,s160.521618
173_142,s-4.274335,s-4.104027,s149.233004
173_143,s4.605184,s-1.228317,s253.542419
173_144,s-3.959018,s4.394529,s0.954012
173_145,s-3.074911,s-4.994499,s99.402041
173_146,s2.168105,s-4.544901,s152.592879
173_147,s-6.186132,s1.382708,s2.271591
173_148,s-1.928398,s-5.423133,s177.260006
173_149,s-2.681321,s-5.253810,s339.402412
173_150,s-2.518646,s5.098489,s2.751283
173_151,s-1.414326,s5.353766,s331.049498
173_152,s5.007393,s0.420257,s266.701869
173_153,s2.198731,s4.661341,s89.481936
173_154,s5.157024,s1.353951,s303.397068
173_155,s4.962551,s-0.794343,s-2.765999
173_156,s0.676109,s5.437167,s96.221593
173_157,s-4.852438,s2.227445,s174.658987
173_158,s4.660955,s1.964050,s28.882938
173_159,s3.347565,s-3.729732,s146.730432
173_160,s-0.164675,s5.724483,s283.021163
173_161,s-5.379725,s3.545582,s29.398264
173_162,s-1.337675,s-5.386383,s210.270484
173_163,s5.159413,s-0.077832,s212.140228
173_164,s3.444171,s-4.362789,s186.479827
173_165,s3.673556,s4.089829,s0.346683
173_166,s5.023822,s2.188975,s241.136716
173_167,s-3.448382,s5.128205,s57.937638
173_168,s4.562115,s-3.160633,s184.700336
173_169,s4.165007,s3.771961,s266.246010
173_170,s-1.820449,s5.706669,s32.893967
173_171,s5.823371,s-0.338012,s179.082138
173_172,s4.229841,s-2.331811,s333.401971
174_0,s0.019101,s0.062919,s329.986627
174_1,s0.691979,s0.098802,s297.801969
174_2,s0.393193,s-0.900511,s186.442357
174_3,s-0.628505,s-0.618822,s285.524048
174_4,s-0.520427,s0.515830,s181.116956
174_5,s0.753202,s1.140797,s272.416836
174_6,s-1.132666,s0.053144,s279.170372
174_7,s1.867454,s0.354490,s44.931173
174_8,s-1.814772,s-1.054077,s82.553714
174_9,s-0.851243,s-1.051826,s35.126842
174_10,s0.255082,s1.536584,s58.569977
174_11,s-1.553618,s1.093813,s232.759317
174_12,s0.759626,s-0.447088,s299.240370
174_13,s1.700399,s1.516046,s189.242553
174_14,s-0.598773,s0.984182,s37.374538
174_15,s-0.304016,s-1.279353,s329.270858
174_16,s0.105787,s-2.097476,s63.602978
174_17,s1.824064,s-1.314022,s98.025101
174_18,s2.283325,s-1.651595,s273.103484
174_19,s2.237352,s1.326601,s226.269658
174_20,s1.394711,s-2.083183,s332.145574
174_21,s-0.159287,s1.194779,s62.343563
174_22,s-1.816257,s0.537130,s199.187339
174_23,s-1.152341,s-1.350987,s58.806933
174_24,s0.657463,s2.112190,s92.145347
174_25,s0.037673,s2.567265,s83.549823
174_26,s-2.324496,s-1.635601,s328.131732
174_27,s2.364668,s-0.261190,s211.010627
174_28,s2.764946,s2.045571,s69.863657
174_29,s-2.004333,s1.438333,s174.303061
174_30,s-1.035417,s2.438770,s87.973600
174_31,s1.345936,s-0.401194,s91.064410
174_32,s-0.723806,s-1.933655,s78.990522
174_33,s0.312530,s-3.310526,s0.336467
174_34,s2.364986,s-3.512470,s212.235488
174_35,s-1.425229,s-2.197296,s32.086042
174_36,s-1.826133,s-0.287433,s129.021984
174_37,s-2.500177,s0.390715,s239.285385
174_38,s-2.929074,s-0.726838,s328.042883
174_39,s-2.163598,s-2.009517,s175.268743
174_40,s2.291403,s0.136723,s177.960466
174_41,s-0.829150,s-2.387009,s244.798577
174_42,s1.448532,s-2.894158,s180.145898
174_43,s-2.555373,s1.010907,s180.602925
174_44,s-1.622875,s-2.845562,s208.717979
174_45,s-3.259817,s-0.052900,s63.723245
174_46,s2.139081,s-2.784645,s323.020446
174_47,s2.858037,s-0.253667,s3.188687
174_48,s-0.284199,s2.122938,s120.079262
174_49,s0.882478,s-3.030933,s177.611305
174_50,s1.479922,s2.081460,s29.548833
174_51,s-0.524886,s2.974785,s328.002550
174_52,s-0.509489,s-3.067591,s61.020688
174_53,s-1.724927,s1.899337,s88.376240
174_54,s-2.823373,s-2.473769,s124.822318
174_55,s-3.689752,s-0.599111,s207.302159
174_56,s-1.176400,s-3.197659,s234.635359
174_57,s-3.075483,s2.049242,s239.330657
174_58,s-3.586684,s1.371878,s296.445367
174_59,s3.013030,s1.237687,s-0.932523
174_60,s-4.003178,s0.769251,s65.993274
174_61,s-1.851606,s3.198590,s149.061645
174_62,s3.381697,s-1.962843,s301.981975
174_63,s-3.114674,s-1.908156,s-1.842384
174_64,s-2.170902,s2.370070,s179.970807
174_65,s2.836643,s2.487876,s210.049159
174_66,s-3.556513,s2.265869,s-4.262785
174_67,s-2.072257,s-3.266187,s270.910579
174_68,s1.801951,s3.048254,s211.200820
174_69,s0.642593,s3.106964,s89.910760
174_70,s3.067766,s-0.618848,s86.492700
174_71,s0.029833,s-3.954664,s304.788987
174_72,s-4.307508,s-0.236656,s173.752491
174_73,s1.459457,s3.268401,s333.042098
174_74,s0.366530,s3.833500,s121.425167
174_75,s-1.676138,s3.791295,s298.395236
174_76,s-3.872653,s-1.823203,s57.990299
174_77,s-2.842007,s2.555874,s299.946740
174_78,s-2.619521,s-3.042164,s119.235505
174_79,s-4.729071,s0.177531,s266.872957
174_80,s3.617755,s0.877980,s85.889789
174_81,s-1.669905,s-3.851346,s282.110814
174_82,s-0.879726,s3.592017,s119.790620
174_83,s-0.910279,s4.250029,s239.319969
174_84,s-2.628568,s3.224426,s209.472984
174_85,s-3.014386,s2.933427,s-0.594538
174_86,s1.736658,s-4.154617,s70.631972
174_87,s3.427291,s1.669748,s284.452968
174_88,s-4.932606,s0.501243,s12.955482
174_89,s-4.523967,s1.315453,s-20.663720
174_90,s0.172853,s4.278613,s76.913307
174_91,s3.749207,s-0.022226,s207.098001
174_92,s-4.097236,s-2.737102,s339.370050
174_93,s-0.486165,s-4.056522,s236.066894
174_94,s2.158527,s3.676514,s192.890785
174_95,s-2.337022,s-3.683822,s162.844381
174_96,s-4.530677,s-2.447024,s104.841058
174_97,s-2.786994,s4.403709,s223.201841
174_98,s0.697420,s-4.205007,s239.854241
174_99,s-3.598021,s3.238219,s-1.291579
174_100,s-3.398939,s-3.757884,s28.237409
174_101,s-4.159204,s3.101218,s0.720523
174_102,s0.763149,s4.544549,s177.847256
174_103,s-5.845380,s0.707892,s28.544437
174_104,s-0.809141,s5.048521,s4.297805
174_105,s-4.941379,s-0.785792,s219.844063
174_106,s2.619156,s2.981987,s302.785452
174_107,s4.032672,s1.508406,s239.565855
174_108,s-4.116634,s2.696843,s179.522215
174_109,s3.407278,s-1.261296,s272.971164
174_110,s-1.978743,s4.764980,s-4.369910
174_111,s-1.975059,s-4.098007,s182.553033
174_112,s4.000883,s0.846988,s316.614568
174_113,s-5.443987,s1.494429,s181.268667
174_114,s-2.887473,s-4.213891,s111.970098
174_115,s-1.259834,s-4.624763,s209.948867
174_116,s4.541945,s-0.592947,s34.889788
174_117,s-0.519209,s-4.653770,s85.113198
174_118,s-4.326205,s3.452417,s-0.288010
174_119,s2.418006,s4.056644,s54.900485
174_120,s1.043686,s-5.152612,s200.850210
174_121,s-5.252759,s-1.319903,s90.422271
174_122,s-5.382670,s-0.417503,s266.922168
174_123,s-0.346024,s4.905038,s240.796696
174_124,s-3.399225,s4.645782,s149.742994
174_125,s3.329932,s-2.469179,s208.236296
174_126,s-4.624559,s-1.850331,s122.462207
174_127,s3.503388,s2.925598,s247.277753
174_128,s3.819479,s-2.159199,s30.340223
174_129,s3.514360,s-3.413496,s30.776360
174_130,s2.885507,s4.015745,s311.312658
174_131,s4.439220,s2.632073,s329.723062
174_132,s1.442312,s4.474829,s19.997706
174_133,s-4.761900,s3.394896,s185.307229
174_134,s-4.580284,s-3.529499,s147.591782
174_135,s-5.935712,s-1.973087,s29.627395
174_136,s4.529609,s-0.000514,s343.787281
174_137,s3.778713,s3.423116,s37.193367
174_138,s4.040693,s-2.871925,s176.855014
174_139,s-5.978557,s-0.807624,s26.836115
174_140,s2.085608,s5.591921,s240.154757
174_141,s0.037547,s-4.922878,s160.521618
174_142,s-4.274335,s-4.104027,s149.233004
174_143,s4.605184,s-1.228317,s253.542419
174_144,s-3.959018,s4.394529,s0.954012
174_145,s-3.074911,s-4.994499,s99.402041
174_146,s2.168105,s-4.544901,s152.592879
174_147,s-6.186132,s1.382708,s2.271591
174_148,s-1.928398,s-5.423133,s177.260006
174_149,s-2.681321,s-5.253810,s339.402412
174_150,s-2.518646,s5.098489,s2.751283
174_151,s-1.414326,s5.353766,s331.049498
174_152,s5.007393,s0.420257,s266.701869
174_153,s2.198731,s4.661341,s89.481936
174_154,s5.157024,s1.353951,s303.397068
174_155,s4.962551,s-0.794343,s-2.765999
174_156,s0.676109,s5.437167,s96.221593
174_157,s-4.852438,s2.227445,s174.658987
174_158,s4.660955,s1.964050,s28.882938
174_159,s3.347565,s-3.729732,s146.730432
174_160,s-0.164675,s5.724483,s283.021163
174_161,s-5.379725,s3.545582,s29.398264
174_162,s-1.337675,s-5.386383,s210.270484
174_163,s5.159413,s-0.077832,s212.140228
174_164,s3.444171,s-4.362789,s186.479827
174_165,s3.673556,s4.089829,s0.346683
174_166,s5.023822,s2.188975,s241.136716
174_167,s-3.448382,s5.128205,s57.937638
174_168,s4.562115,s-3.160633,s184.700336
174_169,s4.165007,s3.771961,s266.246010
174_170,s-1.820449,s5.706669,s32.893967
174_171,s5.823371,s-0.338012,s179.082138
174_172,s4.229841,s-2.331811,s333.401971
174_173,s-4.646634,s4.044056,s59.174094
175_0,s0.019101,s0.062919,s329.986627
175_1,s0.691979,s0.098802,s297.801969
175_2,s0.393193,s-0.900511,s186.442357
175_3,s-0.628505,s-0.618822,s285.524048
175_4,s-0.520427,s0.515830,s181.116956
175_5,s0.753202,s1.140797,s272.416836
175_6,s-1.132666,s0.053144,s279.170372
175_7,s1.867454,s0.354490,s44.931173
175_8,s-1.814772,s-1.054077,s82.553714
175_9,s-0.851243,s-1.051826,s35.126842
175_10,s0.255082,s1.536584,s58.569977
175_11,s-1.553618,s1.093813,s232.759317
175_12,s0.759626,s-0.447088,s299.240370
175_13,s1.700399,s1.516046,s189.242553
175_14,s-0.598773,s0.984182,s37.374538
175_15,s-0.304016,s-1.279353,s329.270858
175_16,s0.105787,s-2.097476,s63.602978
175_17,s1.824064,s-1.314022,s98.025101
175_18,s2.283325,s-1.651595,s273.103484
175_19,s2.237352,s1.326601,s226.269658
175_20,s1.394711,s-2.083183,s332.145574
175_21,s-0.159287,s1.194779,s62.343563
175_22,s-1.816257,s0.537130,s199.187339
175_23,s-1.152341,s-1.350987,s58.806933
175_24,s0.657463,s2.112190,s92.145347
175_25,s0.037673,s2.567265,s83.549823
175_26,s-2.324496,s-1.635601,s328.131732
175_27,s2.364668,s-0.261190,s211.010627
175_28,s2.764946,s2.045571,s69.863657
175_29,s-2.004333,s1.438333,s174.303061
175_30,s-1.035417,s2.438770,s87.973600
175_31,s1.345936,s-0.401194,s91.064410
175_32,s-0.723806,s-1.933655,s78.990522
175_33,s0.312530,s-3.310526,s0.336467
175_34,s2.364986,s-3.512470,s212.235488
175_35,s-1.425229,s-2.197296,s32.086042
175_36,s-1.826133,s-0.287433,s129.021984
175_37,s-2.500177,s0.390715,s239.285385
175_38,s-2.929074,s-0.726838,s328.042883
175_39,s-2.163598,s-2.009517,s175.268743
175_40,s2.291403,s0.136723,s177.960466
175_41,s-0.829150,s-2.387009,s244.798577
175_42,s1.448532,s-2.894158,s180.145898
175_43,s-2.555373,s1.010907,s180.602925
175_44,s-1.622875,s-2.845562,s208.717979
175_45,s-3.259817,s-0.052900,s63.723245
175_46,s2.139081,s-2.784645,s323.020446
175_47,s2.858037,s-0.253667,s3.188687
175_48,s-0.284199,s2.122938,s120.079262
175_49,s0.882478,s-3.030933,s177.611305
175_50,s1.479922,s2.081460,s29.548833
175_51,s-0.524886,s2.974785,s328.002550
175_52,s-0.509489,s-3.067591,s61.020688
175_53,s-1.724927,s1.899337,s88.376240
175_54,s-2.823373,s-2.473769,s124.822318
175_55,s-3.689752,s-0.599111,s207.302159
175_56,s-1.176400,s-3.197659,s234.635359
175_57,s-3.075483,s2.049242,s239.330657
175_58,s-3.586684,s1.371878,s296.445367
175_59,s3.013030,s1.237687,s-0.932523
175_60,s-4.003178,s0.769251,s65.993274
175_61,s-1.851606,s3.198590,s149.061645
175_62,s3.381697,s-1.962843,s301.981975
175_63,s-3.114674,s-1.908156,s-1.842384
175_64,s-2.170902,s2.370070,s179.970807
175_65,s2.836643,s2.487876,s210.049159
175_66,s-3.556513,s2.265869,s-4.262785
175_67,s-2.072257,s-3.266187,s270.910579
175_68,s1.801951,s3.048254,s211.200820
175_69,s0.642593,s3.106964,s89.910760
175_70,s3.067766,s-0.618848,s86.492700
175_71,s0.029833,s-3.954664,s304.788987
175_72,s-4.307508,s-0.236656,s173.752491
175_73,s1.459457,s3.268401,s333.042098
175_74,s0.366530,s3.833500,s121.425167
175_75,s-1.676138,s3.791295,s298.395236
175_76,s-3.872653,s-1.823203,s57.990299
175_77,s-2.842007,s2.555874,s299.946740
175_78,s-2.619521,s-3.042164,s119.235505
175_79,s-4.729071,s0.177531,s266.872957
175_80,s3.617755,s0.877980,s85.889789
175_81,s-1.669905,s-3.851346,s282.110814
175_82,s-0.879726,s3.592017,s119.790620
175_83,s-0.910279,s4.250029,s239.319969
175_84,s-2.628568,s3.224426,s209.472984
175_85,s-3.014386,s2.933427,s-0.594538
175_86,s1.736658,s-4.154617,s70.631972
175_87,s3.427291,s1.669748,s284.452968
175_88,s-4.932606,s0.501243,s12.955482
175_89,s-4.523967,s1.315453,s-20.663720
175_90,s0.172853,s4.278613,s76.913307
175_91,s3.749207,s-0.022226,s207.098001
175_92,s-4.097236,s-2.737102,s339.370050
175_93,s-0.486165,s-4.056522,s236.066894
175_94,s2.158527,s3.676514,s192.890785
175_95,s-2.337022,s-3.683822,s162.844381
175_96,s-4.530677,s-2.447024,s104.841058
175_97,s-2.786994,s4.403709,s223.201841
175_98,s0.697420,s-4.205007,s239.854241
175_99,s-3.598021,s3.238219,s-1.291579
175_100,s-3.398939,s-3.757884,s28.237409
175_101,s-4.159204,s3.101218,s0.720523
175_102,s0.763149,s4.544549,s177.847256
175_103,s-5.845380,s0.707892,s28.544437
175_104,s-0.809141,s5.048521,s4.297805
175_105,s-4.941379,s-0.785792,s219.844063
175_106,s2.619156,s2.981987,s302.785452
175_107,s4.032672,s1.508406,s239.565855
175_108,s-4.116634,s2.696843,s179.522215
175_109,s3.407278,s-1.261296,s272.971164
175_110,s-1.978743,s4.764980,s-4.369910
175_111,s-1.975059,s-4.098007,s182.553033
175_112,s4.000883,s0.846988,s316.614568
175_113,s-5.443987,s1.494429,s181.268667
175_114,s-2.887473,s-4.213891,s111.970098
175_115,s-1.259834,s-4.624763,s209.948867
175_116,s4.541945,s-0.592947,s34.889788
175_117,s-0.519209,s-4.653770,s85.113198
175_118,s-4.326205,s3.452417,s-0.288010
175_119,s2.418006,s4.056644,s54.900485
175_120,s1.043686,s-5.152612,s200.850210
175_121,s-5.252759,s-1.319903,s90.422271
175_122,s-5.382670,s-0.417503,s266.922168
175_123,s-0.346024,s4.905038,s240.796696
175_124,s-3.399225,s4.645782,s149.742994
175_125,s3.329932,s-2.469179,s208.236296
175_126,s-4.624559,s-1.850331,s122.462207
175_127,s3.503388,s2.925598,s247.277753
175_128,s3.819479,s-2.159199,s30.340223
175_129,s3.514360,s-3.413496,s30.776360
175_130,s2.885507,s4.015745,s311.312658
175_131,s4.439220,s2.632073,s329.723062
175_132,s1.442312,s4.474829,s19.997706
175_133,s-4.761900,s3.394896,s185.307229
175_134,s-4.580284,s-3.529499,s147.591782
175_135,s-5.935712,s-1.973087,s29.627395
175_136,s4.529609,s-0.000514,s343.787281
175_137,s3.778713,s3.423116,s37.193367
175_138,s4.040693,s-2.871925,s176.855014
175_139,s-5.978557,s-0.807624,s26.836115
175_140,s2.085608,s5.591921,s240.154757
175_141,s0.037547,s-4.922878,s160.521618
175_142,s-4.274335,s-4.104027,s149.233004
175_143,s4.605184,s-1.228317,s253.542419
175_144,s-3.959018,s4.394529,s0.954012
175_145,s-3.074911,s-4.994499,s99.402041
175_146,s2.168105,s-4.544901,s152.592879
175_147,s-6.186132,s1.382708,s2.271591
175_148,s-1.928398,s-5.423133,s177.260006
175_149,s-2.681321,s-5.253810,s339.402412
175_150,s-2.518646,s5.098489,s2.751283
175_151,s-1.414326,s5.353766,s331.049498
175_152,s5.007393,s0.420257,s266.701869
175_153,s2.198731,s4.661341,s89.481936
175_154,s5.157024,s1.353951,s303.397068
175_155,s4.962551,s-0.794343,s-2.765999
175_156,s0.676109,s5.437167,s96.221593
175_157,s-4.852438,s2.227445,s174.658987
175_158,s4.660955,s1.964050,s28.882938
175_159,s3.347565,s-3.729732,s146.730432
175_160,s-0.164675,s5.724483,s283.021163
175_161,s-5.379725,s3.545582,s29.398264
175_162,s-1.337675,s-5.386383,s210.270484
175_163,s5.159413,s-0.077832,s212.140228
175_164,s3.444171,s-4.362789,s186.479827
175_165,s3.673556,s4.089829,s0.346683
175_166,s5.023822,s2.188975,s241.136716
175_167,s-3.448382,s5.128205,s57.937638
175_168,s4.562115,s-3.160633,s184.700336
175_169,s4.165007,s3.771961,s266.246010
175_170,s-1.820449,s5.706669,s32.893967
175_171,s5.823371,s-0.338012,s179.082138
175_172,s4.229841,s-2.331811,s333.401971
175_173,s-4.646634,s4.044056,s59.174094
175_174,s-6.628486,s-0.905139,s179.570803
176_0,s0.019101,s0.062919,s329.986627
176_1,s0.691979,s0.098802,s297.801969
176_2,s0.393193,s-0.900511,s186.442357
176_3,s-0.628505,s-0.618822,s285.524048
176_4,s-0.520427,s0.515830,s181.116956
176_5,s0.753202,s1.140797,s272.416836
176_6,s-1.132666,s0.053144,s279.170372
176_7,s1.867454,s0.354490,s44.931173
176_8,s-1.814772,s-1.054077,s82.553714
176_9,s-0.851243,s-1.051826,s35.126842
176_10,s0.255082,s1.536584,s58.569977
176_11,s-1.553618,s1.093813,s232.759317
176_12,s0.759626,s-0.447088,s299.240370
176_13,s1.700399,s1.516046,s189.242553
176_14,s-0.598773,s0.984182,s37.374538
176_15,s-0.304016,s-1.279353,s329.270858
176_16,s0.105787,s-2.097476,s63.602978
176_17,s1.824064,s-1.314022,s98.025101
176_18,s2.283325,s-1.651595,s273.103484
176_19,s2.237352,s1.326601,s226.269658
176_20,s1.394711,s-2.083183,s332.145574
176_21,s-0.159287,s1.194779,s62.343563
176_22,s-1.816257,s0.537130,s199.187339
176_23,s-1.152341,s-1.350987,s58.806933
176_24,s0.657463,s2.112190,s92.145347
176_25,s0.037673,s2.567265,s83.549823
176_26,s-2.324496,s-1.635601,s328.131732
176_27,s2.364668,s-0.261190,s211.010627
176_28,s2.764946,s2.045571,s69.863657
176_29,s-2.004333,s1.438333,s174.303061
176_30,s-1.035417,s2.438770,s87.973600
176_31,s1.345936,s-0.401194,s91.064410
176_32,s-0.723806,s-1.933655,s78.990522
176_33,s0.312530,s-3.310526,s0.336467
176_34,s2.364986,s-3.512470,s212.235488
176_35,s-1.425229,s-2.197296,s32.086042
176_36,s-1.826133,s-0.287433,s129.021984
176_37,s-2.500177,s0.390715,s239.285385
176_38,s-2.929074,s-0.726838,s328.042883
176_39,s-2.163598,s-2.009517,s175.268743
176_40,s2.291403,s0.136723,s177.960466
176_41,s-0.829150,s-2.387009,s244.798577
176_42,s1.448532,s-2.894158,s180.145898
176_43,s-2.555373,s1.010907,s180.602925
176_44,s-1.622875,s-2.845562,s208.717979
176_45,s-3.259817,s-0.052900,s63.723245
176_46,s2.139081,s-2.784645,s323.020446
176_47,s2.858037,s-0.253667,s3.188687
176_48,s-0.284199,s2.122938,s120.079262
176_49,s0.882478,s-3.030933,s177.611305
176_50,s1.479922,s2.081460,s29.548833
176_51,s-0.524886,s2.974785,s328.002550
176_52,s-0.509489,s-3.067591,s61.020688
176_53,s-1.724927,s1.899337,s88.376240
176_54,s-2.823373,s-2.473769,s124.822318
176_55,s-3.689752,s-0.599111,s207.302159
176_56,s-1.176400,s-3.197659,s234.635359
176_57,s-3.075483,s2.049242,s239.330657
176_58,s-3.586684,s1.371878,s296.445367
176_59,s3.013030,s1.237687,s-0.932523
176_60,s-4.003178,s0.769251,s65.993274
176_61,s-1.851606,s3.198590,s149.061645
176_62,s3.381697,s-1.962843,s301.981975
176_63,s-3.114674,s-1.908156,s-1.842384
176_64,s-2.170902,s2.370070,s179.970807
176_65,s2.836643,s2.487876,s210.049159
176_66,s-3.556513,s2.265869,s-4.262785
176_67,s-2.072257,s-3.266187,s270.910579
176_68,s1.801951,s3.048254,s211.200820
176_69,s0.642593,s3.106964,s89.910760
176_70,s3.067766,s-0.618848,s86.492700
176_71,s0.029833,s-3.954664,s304.788987
176_72,s-4.307508,s-0.236656,s173.752491
176_73,s1.459457,s3.268401,s333.042098
176_74,s0.366530,s3.833500,s121.425167
176_75,s-1.676138,s3.791295,s298.395236
176_76,s-3.872653,s-1.823203,s57.990299
176_77,s-2.842007,s2.555874,s299.946740
176_78,s-2.619521,s-3.042164,s119.235505
176_79,s-4.729071,s0.177531,s266.872957
176_80,s3.617755,s0.877980,s85.889789
176_81,s-1.669905,s-3.851346,s282.110814
176_82,s-0.879726,s3.592017,s119.790620
176_83,s-0.910279,s4.250029,s239.319969
176_84,s-2.628568,s3.224426,s209.472984
176_85,s-3.014386,s2.933427,s-0.594538
176_86,s1.736658,s-4.154617,s70.631972
176_87,s3.427291,s1.669748,s284.452968
176_88,s-4.932606,s0.501243,s12.955482
176_89,s-4.523967,s1.315453,s-20.663720
176_90,s0.172853,s4.278613,s76.913307
176_91,s3.749207,s-0.022226,s207.098001
176_92,s-4.097236,s-2.737102,s339.370050
176_93,s-0.486165,s-4.056522,s236.066894
176_94,s2.158527,s3.676514,s192.890785
176_95,s-2.337022,s-3.683822,s162.844381
176_96,s-4.530677,s-2.447024,s104.841058
176_97,s-2.786994,s4.403709,s223.201841
176_98,s0.697420,s-4.205007,s239.854241
176_99,s-3.598021,s3.238219,s-1.291579
176_100,s-3.398939,s-3.757884,s28.237409
176_101,s-4.159204,s3.101218,s0.720523
176_102,s0.763149,s4.544549,s177.847256
176_103,s-5.845380,s0.707892,s28.544437
176_104,s-0.809141,s5.048521,s4.297805
176_105,s-4.941379,s-0.785792,s219.844063
176_106,s2.619156,s2.981987,s302.785452
176_107,s4.032672,s1.508406,s239.565855
176_108,s-4.116634,s2.696843,s179.522215
176_109,s3.407278,s-1.261296,s272.971164
176_110,s-1.978743,s4.764980,s-4.369910
176_111,s-1.975059,s-4.098007,s182.553033
176_112,s4.000883,s0.846988,s316.614568
176_113,s-5.443987,s1.494429,s181.268667
176_114,s-2.887473,s-4.213891,s111.970098
176_115,s-1.259834,s-4.624763,s209.948867
176_116,s4.541945,s-0.592947,s34.889788
176_117,s-0.519209,s-4.653770,s85.113198
176_118,s-4.326205,s3.452417,s-0.288010
176_119,s2.418006,s4.056644,s54.900485
176_120,s1.043686,s-5.152612,s200.850210
176_121,s-5.252759,s-1.319903,s90.422271
176_122,s-5.382670,s-0.417503,s266.922168
176_123,s-0.346024,s4.905038,s240.796696
176_124,s-3.399225,s4.645782,s149.742994
176_125,s3.329932,s-2.469179,s208.236296
176_126,s-4.624559,s-1.850331,s122.462207
176_127,s3.503388,s2.925598,s247.277753
176_128,s3.819479,s-2.159199,s30.340223
176_129,s3.514360,s-3.413496,s30.776360
176_130,s2.885507,s4.015745,s311.312658
176_131,s4.439220,s2.632073,s329.723062
176_132,s1.442312,s4.474829,s19.997706
176_133,s-4.761900,s3.394896,s185.307229
176_134,s-4.580284,s-3.529499,s147.591782
176_135,s-5.935712,s-1.973087,s29.627395
176_136,s4.529609,s-0.000514,s343.787281
176_137,s3.778713,s3.423116,s37.193367
176_138,s4.040693,s-2.871925,s176.855014
176_139,s-5.978557,s-0.807624,s26.836115
176_140,s2.085608,s5.591921,s240.154757
176_141,s0.037547,s-4.922878,s160.521618
176_142,s-4.274335,s-4.104027,s149.233004
176_143,s4.605184,s-1.228317,s253.542419
176_144,s-3.959018,s4.394529,s0.954012
176_145,s-3.074911,s-4.994499,s99.402041
176_146,s2.168105,s-4.544901,s152.592879
176_147,s-6.186132,s1.382708,s2.271591
176_148,s-1.928398,s-5.423133,s177.260006
176_149,s-2.681321,s-5.253810,s339.402412
176_150,s-2.518646,s5.098489,s2.751283
176_151,s-1.414326,s5.353766,s331.049498
176_152,s5.007393,s0.420257,s266.701869
176_153,s2.198731,s4.661341,s89.481936
176_154,s5.157024,s1.353951,s303.397068
176_155,s4.962551,s-0.794343,s-2.765999
176_156,s0.676109,s5.437167,s96.221593
176_157,s-4.852438,s2.227445,s174.658987
176_158,s4.660955,s1.964050,s28.882938
176_159,s3.347565,s-3.729732,s146.730432
176_160,s-0.164675,s5.724483,s283.021163
176_161,s-5.379725,s3.545582,s29.398264
176_162,s-1.337675,s-5.386383,s210.270484
176_163,s5.159413,s-0.077832,s212.140228
176_164,s3.444171,s-4.362789,s186.479827
176_165,s3.673556,s4.089829,s0.346683
176_166,s5.023822,s2.188975,s241.136716
176_167,s-3.448382,s5.128205,s57.937638
176_168,s4.562115,s-3.160633,s184.700336
176_169,s4.165007,s3.771961,s266.246010
176_170,s-1.820449,s5.706669,s32.893967
176_171,s5.823371,s-0.338012,s179.082138
176_172,s4.229841,s-2.331811,s333.401971
176_173,s-4.646634,s4.044056,s59.174094
176_174,s-6.628486,s-0.905139,s179.570803
176_175,s-4.997479,s-2.982885,s117.872598
177_0,s0.019101,s0.062919,s329.986627
177_1,s0.691979,s0.098802,s297.801969
177_2,s0.393193,s-0.900511,s186.442357
177_3,s-0.628505,s-0.618822,s285.524048
177_4,s-0.520427,s0.515830,s181.116956
177_5,s0.753202,s1.140797,s272.416836
177_6,s-1.132666,s0.053144,s279.170372
177_7,s1.867454,s0.354490,s44.931173
177_8,s-1.814772,s-1.054077,s82.553714
177_9,s-0.851243,s-1.051826,s35.126842
177_10,s0.255082,s1.536584,s58.569977
177_11,s-1.553618,s1.093813,s232.759317
177_12,s0.759626,s-0.447088,s299.240370
177_13,s1.700399,s1.516046,s189.242553
177_14,s-0.598773,s0.984182,s37.374538
177_15,s-0.304016,s-1.279353,s329.270858
177_16,s0.105787,s-2.097476,s63.602978
177_17,s1.824064,s-1.314022,s98.025101
177_18,s2.283325,s-1.651595,s273.103484
177_19,s2.237352,s1.326601,s226.269658
177_20,s1.394711,s-2.083183,s332.145574
177_21,s-0.159287,s1.194779,s62.343563
177_22,s-1.816257,s0.537130,s199.187339
177_23,s-1.152341,s-1.350987,s58.806933
177_24,s0.657463,s2.112190,s92.145347
177_25,s0.037673,s2.567265,s83.549823
177_26,s-2.324496,s-1.635601,s328.131732
177_27,s2.364668,s-0.261190,s211.010627
177_28,s2.764946,s2.045571,s69.863657
177_29,s-2.004333,s1.438333,s174.303061
177_30,s-1.035417,s2.438770,s87.973600
177_31,s1.345936,s-0.401194,s91.064410
177_32,s-0.723806,s-1.933655,s78.990522
177_33,s0.312530,s-3.310526,s0.336467
177_34,s2.364986,s-3.512470,s212.235488
177_35,s-1.425229,s-2.197296,s32.086042
177_36,s-1.826133,s-0.287433,s129.021984
177_37,s-2.500177,s0.390715,s239.285385
177_38,s-2.929074,s-0.726838,s328.042883
177_39,s-2.163598,s-2.009517,s175.268743
177_40,s2.291403,s0.136723,s177.960466
177_41,s-0.829150,s-2.387009,s244.798577
177_42,s1.448532,s-2.894158,s180.145898
177_43,s-2.555373,s1.010907,s180.602925
177_44,s-1.622875,s-2.845562,s208.717979
177_45,s-3.259817,s-0.052900,s63.723245
177_46,s2.139081,s-2.784645,s323.020446
177_47,s2.858037,s-0.253667,s3.188687
177_48,s-0.284199,s2.122938,s120.079262
177_49,s0.882478,s-3.030933,s177.611305
177_50,s1.479922,s2.081460,s29.548833
177_51,s-0.524886,s2.974785,s328.002550
177_52,s-0.509489,s-3.067591,s61.020688
177_53,s-1.724927,s1.899337,s88.376240
177_54,s-2.823373,s-2.473769,s124.822318
177_55,s-3.689752,s-0.599111,s207.302159
177_56,s-1.176400,s-3.197659,s234.635359
177_57,s-3.075483,s2.049242,s239.330657
177_58,s-3.586684,s1.371878,s296.445367
177_59,s3.013030,s1.237687,s-0.932523
177_60,s-4.003178,s0.769251,s65.993274
177_61,s-1.851606,s3.198590,s149.061645
177_62,s3.381697,s-1.962843,s301.981975
177_63,s-3.114674,s-1.908156,s-1.842384
177_64,s-2.170902,s2.370070,s179.970807
177_65,s2.836643,s2.487876,s210.049159
177_66,s-3.556513,s2.265869,s-4.262785
177_67,s-2.072257,s-3.266187,s270.910579
177_68,s1.801951,s3.048254,s211.200820
177_69,s0.642593,s3.106964,s89.910760
177_70,s3.067766,s-0.618848,s86.492700
177_71,s0.029833,s-3.954664,s304.788987
177_72,s-4.307508,s-0.236656,s173.752491
177_73,s1.459457,s3.268401,s333.042098
177_74,s0.366530,s3.833500,s121.425167
177_75,s-1.676138,s3.791295,s298.395236
177_76,s-3.872653,s-1.823203,s57.990299
177_77,s-2.842007,s2.555874,s299.946740
177_78,s-2.619521,s-3.042164,s119.235505
177_79,s-4.729071,s0.177531,s266.872957
177_80,s3.617755,s0.877980,s85.889789
177_81,s-1.669905,s-3.851346,s282.110814
177_82,s-0.879726,s3.592017,s119.790620
177_83,s-0.910279,s4.250029,s239.319969
177_84,s-2.628568,s3.224426,s209.472984
177_85,s-3.014386,s2.933427,s-0.594538
177_86,s1.736658,s-4.154617,s70.631972
177_87,s3.427291,s1.669748,s284.452968
177_88,s-4.932606,s0.501243,s12.955482
177_89,s-4.523967,s1.315453,s-20.663720
177_90,s0.172853,s4.278613,s76.913307
177_91,s3.749207,s-0.022226,s207.098001
177_92,s-4.097236,s-2.737102,s339.370050
177_93,s-0.486165,s-4.056522,s236.066894
177_94,s2.158527,s3.676514,s192.890785
177_95,s-2.337022,s-3.683822,s162.844381
177_96,s-4.530677,s-2.447024,s104.841058
177_97,s-2.786994,s4.403709,s223.201841
177_98,s0.697420,s-4.205007,s239.854241
177_99,s-3.598021,s3.238219,s-1.291579
177_100,s-3.398939,s-3.757884,s28.237409
177_101,s-4.159204,s3.101218,s0.720523
177_102,s0.763149,s4.544549,s177.847256
177_103,s-5.845380,s0.707892,s28.544437
177_104,s-0.809141,s5.048521,s4.297805
177_105,s-4.941379,s-0.785792,s219.844063
177_106,s2.619156,s2.981987,s302.785452
177_107,s4.032672,s1.508406,s239.565855
177_108,s-4.116634,s2.696843,s179.522215
177_109,s3.407278,s-1.261296,s272.971164
177_110,s-1.978743,s4.764980,s-4.369910
177_111,s-1.975059,s-4.098007,s182.553033
177_112,s4.000883,s0.846988,s316.614568
177_113,s-5.443987,s1.494429,s181.268667
177_114,s-2.887473,s-4.213891,s111.970098
177_115,s-1.259834,s-4.624763,s209.948867
177_116,s4.541945,s-0.592947,s34.889788
177_117,s-0.519209,s-4.653770,s85.113198
177_118,s-4.326205,s3.452417,s-0.288010
177_119,s2.418006,s4.056644,s54.900485
177_120,s1.043686,s-5.152612,s200.850210
177_121,s-5.252759,s-1.319903,s90.422271
177_122,s-5.382670,s-0.417503,s266.922168
177_123,s-0.346024,s4.905038,s240.796696
177_124,s-3.399225,s4.645782,s149.742994
177_125,s3.329932,s-2.469179,s208.236296
177_126,s-4.624559,s-1.850331,s122.462207
177_127,s3.503388,s2.925598,s247.277753
177_128,s3.819479,s-2.159199,s30.340223
177_129,s3.514360,s-3.413496,s30.776360
177_130,s2.885507,s4.015745,s311.312658
177_131,s4.439220,s2.632073,s329.723062
177_132,s1.442312,s4.474829,s19.997706
177_133,s-4.761900,s3.394896,s185.307229
177_134,s-4.580284,s-3.529499,s147.591782
177_135,s-5.935712,s-1.973087,s29.627395
177_136,s4.529609,s-0.000514,s343.787281
177_137,s3.778713,s3.423116,s37.193367
177_138,s4.040693,s-2.871925,s176.855014
177_139,s-5.978557,s-0.807624,s26.836115
177_140,s2.085608,s5.591921,s240.154757
177_141,s0.037547,s-4.922878,s160.521618
177_142,s-4.274335,s-4.104027,s149.233004
177_143,s4.605184,s-1.228317,s253.542419
177_144,s-3.959018,s4.394529,s0.954012
177_145,s-3.074911,s-4.994499,s99.402041
177_146,s2.168105,s-4.544901,s152.592879
177_147,s-6.186132,s1.382708,s2.271591
177_148,s-1.928398,s-5.423133,s177.260006
177_149,s-2.681321,s-5.253810,s339.402412
177_150,s-2.518646,s5.098489,s2.751283
177_151,s-1.414326,s5.353766,s331.049498
177_152,s5.007393,s0.420257,s266.701869
177_153,s2.198731,s4.661341,s89.481936
177_154,s5.157024,s1.353951,s303.397068
177_155,s4.962551,s-0.794343,s-2.765999
177_156,s0.676109,s5.437167,s96.221593
177_157,s-4.852438,s2.227445,s174.658987
177_158,s4.660955,s1.964050,s28.882938
177_159,s3.347565,s-3.729732,s146.730432
177_160,s-0.164675,s5.724483,s283.021163
177_161,s-5.379725,s3.545582,s29.398264
177_162,s-1.337675,s-5.386383,s210.270484
177_163,s5.159413,s-0.077832,s212.140228
177_164,s3.444171,s-4.362789,s186.479827
177_165,s3.673556,s4.089829,s0.346683
177_166,s5.023822,s2.188975,s241.136716
177_167,s-3.448382,s5.128205,s57.937638
177_168,s4.562115,s-3.160633,s184.700336
177_169,s4.165007,s3.771961,s266.246010
177_170,s-1.820449,s5.706669,s32.893967
177_171,s5.823371,s-0.338012,s179.082138
177_172,s4.229841,s-2.331811,s333.401971
177_173,s-4.646634,s4.044056,s59.174094
177_174,s-6.628486,s-0.905139,s179.570803
177_175,s-4.997479,s-2.982885,s117.872598
177_176,s1.339365,s5.879371,s266.167809
178_0,s0.019101,s0.062919,s329.986627
178_1,s0.691979,s0.098802,s297.801969
178_2,s0.393193,s-0.900511,s186.442357
178_3,s-0.628505,s-0.618822,s285.524048
178_4,s-0.520427,s0.515830,s181.116956
178_5,s0.753202,s1.140797,s272.416836
178_6,s-1.132666,s0.053144,s279.170372
178_7,s1.867454,s0.354490,s44.931173
178_8,s-1.814772,s-1.054077,s82.553714
178_9,s-0.851243,s-1.051826,s35.126842
178_10,s0.255082,s1.536584,s58.569977
178_11,s-1.553618,s1.093813,s232.759317
178_12,s0.759626,s-0.447088,s299.240370
178_13,s1.700399,s1.516046,s189.242553
178_14,s-0.598773,s0.984182,s37.374538
178_15,s-0.304016,s-1.279353,s329.270858
178_16,s0.105787,s-2.097476,s63.602978
178_17,s1.824064,s-1.314022,s98.025101
178_18,s2.283325,s-1.651595,s273.103484
178_19,s2.237352,s1.326601,s226.269658
178_20,s1.394711,s-2.083183,s332.145574
178_21,s-0.159287,s1.194779,s62.343563
178_22,s-1.816257,s0.537130,s199.187339
178_23,s-1.152341,s-1.350987,s58.806933
178_24,s0.657463,s2.112190,s92.145347
178_25,s0.037673,s2.567265,s83.549823
178_26,s-2.324496,s-1.635601,s328.131732
178_27,s2.364668,s-0.261190,s211.010627
178_28,s2.764946,s2.045571,s69.863657
178_29,s-2.004333,s1.438333,s174.303061
178_30,s-1.035417,s2.438770,s87.973600
178_31,s1.345936,s-0.401194,s91.064410
178_32,s-0.723806,s-1.933655,s78.990522
178_33,s0.312530,s-3.310526,s0.336467
178_34,s2.364986,s-3.512470,s212.235488
178_35,s-1.425229,s-2.197296,s32.086042
178_36,s-1.826133,s-0.287433,s129.021984
178_37,s-2.500177,s0.390715,s239.285385
178_38,s-2.929074,s-0.726838,s328.042883
178_39,s-2.163598,s-2.009517,s175.268743
178_40,s2.291403,s0.136723,s177.960466
178_41,s-0.829150,s-2.387009,s244.798577
178_42,s1.448532,s-2.894158,s180.145898
178_43,s-2.555373,s1.010907,s180.602925
178_44,s-1.622875,s-2.845562,s208.717979
178_45,s-3.259817,s-0.052900,s63.723245
178_46,s2.139081,s-2.784645,s323.020446
178_47,s2.858037,s-0.253667,s3.188687
178_48,s-0.284199,s2.122938,s120.079262
178_49,s0.882478,s-3.030933,s177.611305
178_50,s1.479922,s2.081460,s29.548833
178_51,s-0.524886,s2.974785,s328.002550
178_52,s-0.509489,s-3.067591,s61.020688
178_53,s-1.724927,s1.899337,s88.376240
178_54,s-2.823373,s-2.473769,s124.822318
178_55,s-3.689752,s-0.599111,s207.302159
178_56,s-1.176400,s-3.197659,s234.635359
178_57,s-3.075483,s2.049242,s239.330657
178_58,s-3.586684,s1.371878,s296.445367
178_59,s3.013030,s1.237687,s-0.932523
178_60,s-4.003178,s0.769251,s65.993274
178_61,s-1.851606,s3.198590,s149.061645
178_62,s3.381697,s-1.962843,s301.981975
178_63,s-3.114674,s-1.908156,s-1.842384
178_64,s-2.170902,s2.370070,s179.970807
178_65,s2.836643,s2.487876,s210.049159
178_66,s-3.556513,s2.265869,s-4.262785
178_67,s-2.072257,s-3.266187,s270.910579
178_68,s1.801951,s3.048254,s211.200820
178_69,s0.642593,s3.106964,s89.910760
178_70,s3.067766,s-0.618848,s86.492700
178_71,s0.029833,s-3.954664,s304.788987
178_72,s-4.307508,s-0.236656,s173.752491
178_73,s1.459457,s3.268401,s333.042098
178_74,s0.366530,s3.833500,s121.425167
178_75,s-1.676138,s3.791295,s298.395236
178_76,s-3.872653,s-1.823203,s57.990299
178_77,s-2.842007,s2.555874,s299.946740
178_78,s-2.619521,s-3.042164,s119.235505
178_79,s-4.729071,s0.177531,s266.872957
178_80,s3.617755,s0.877980,s85.889789
178_81,s-1.669905,s-3.851346,s282.110814
178_82,s-0.879726,s3.592017,s119.790620
178_83,s-0.910279,s4.250029,s239.319969
178_84,s-2.628568,s3.224426,s209.472984
178_85,s-3.014386,s2.933427,s-0.594538
178_86,s1.736658,s-4.154617,s70.631972
178_87,s3.427291,s1.669748,s284.452968
178_88,s-4.932606,s0.501243,s12.955482
178_89,s-4.523967,s1.315453,s-20.663720
178_90,s0.172853,s4.278613,s76.913307
178_91,s3.749207,s-0.022226,s207.098001
178_92,s-4.097236,s-2.737102,s339.370050
178_93,s-0.486165,s-4.056522,s236.066894
178_94,s2.158527,s3.676514,s192.890785
178_95,s-2.337022,s-3.683822,s162.844381
178_96,s-4.530677,s-2.447024,s104.841058
178_97,s-2.786994,s4.403709,s223.201841
178_98,s0.697420,s-4.205007,s239.854241
178_99,s-3.598021,s3.238219,s-1.291579
178_100,s-3.398939,s-3.757884,s28.237409
178_101,s-4.159204,s3.101218,s0.720523
178_102,s0.763149,s4.544549,s177.847256
178_103,s-5.845380,s0.707892,s28.544437
178_104,s-0.809141,s5.048521,s4.297805
178_105,s-4.941379,s-0.785792,s219.844063
178_106,s2.619156,s2.981987,s302.785452
178_107,s4.032672,s1.508406,s239.565855
178_108,s-4.116634,s2.696843,s179.522215
178_109,s3.407278,s-1.261296,s272.971164
178_110,s-1.978743,s4.764980,s-4.369910
178_111,s-1.975059,s-4.098007,s182.553033
178_112,s4.000883,s0.846988,s316.614568
178_113,s-5.443987,s1.494429,s181.268667
178_114,s-2.887473,s-4.213891,s111.970098
178_115,s-1.259834,s-4.624763,s209.948867
178_116,s4.541945,s-0.592947,s34.889788
178_117,s-0.519209,s-4.653770,s85.113198
178_118,s-4.326205,s3.452417,s-0.288010
178_119,s2.418006,s4.056644,s54.900485
178_120,s1.043686,s-5.152612,s200.850210
178_121,s-5.252759,s-1.319903,s90.422271
178_122,s-5.382670,s-0.417503,s266.922168
178_123,s-0.346024,s4.905038,s240.796696
178_124,s-3.399225,s4.645782,s149.742994
178_125,s3.329932,s-2.469179,s208.236296
178_126,s-4.624559,s-1.850331,s122.462207
178_127,s3.503388,s2.925598,s247.277753
178_128,s3.819479,s-2.159199,s30.340223
178_129,s3.514360,s-3.413496,s30.776360
178_130,s2.885507,s4.015745,s311.312658
178_131,s4.439220,s2.632073,s329.723062
178_132,s1.442312,s4.474829,s19.997706
178_133,s-4.761900,s3.394896,s185.307229
178_134,s-4.580284,s-3.529499,s147.591782
178_135,s-5.935712,s-1.973087,s29.627395
178_136,s4.529609,s-0.000514,s343.787281
178_137,s3.778713,s3.423116,s37.193367
178_138,s4.040693,s-2.871925,s176.855014
178_139,s-5.978557,s-0.807624,s26.836115
178_140,s2.085608,s5.591921,s240.154757
178_141,s0.037547,s-4.922878,s160.521618
178_142,s-4.274335,s-4.104027,s149.233004
178_143,s4.605184,s-1.228317,s253.542419
178_144,s-3.959018,s4.394529,s0.954012
178_145,s-3.074911,s-4.994499,s99.402041
178_146,s2.168105,s-4.544901,s152.592879
178_147,s-6.186132,s1.382708,s2.271591
178_148,s-1.928398,s-5.423133,s177.260006
178_149,s-2.681321,s-5.253810,s339.402412
178_150,s-2.518646,s5.098489,s2.751283
178_151,s-1.414326,s5.353766,s331.049498
178_152,s5.007393,s0.420257,s266.701869
178_153,s2.198731,s4.661341,s89.481936
178_154,s5.157024,s1.353951,s303.397068
178_155,s4.962551,s-0.794343,s-2.765999
178_156,s0.676109,s5.437167,s96.221593
178_157,s-4.852438,s2.227445,s174.658987
178_158,s4.660955,s1.964050,s28.882938
178_159,s3.347565,s-3.729732,s146.730432
178_160,s-0.164675,s5.724483,s283.021163
178_161,s-5.379725,s3.545582,s29.398264
178_162,s-1.337675,s-5.386383,s210.270484
178_163,s5.159413,s-0.077832,s212.140228
178_164,s3.444171,s-4.362789,s186.479827
178_165,s3.673556,s4.089829,s0.346683
178_166,s5.023822,s2.188975,s241.136716
178_167,s-3.448382,s5.128205,s57.937638
178_168,s4.562115,s-3.160633,s184.700336
178_169,s4.165007,s3.771961,s266.246010
178_170,s-1.820449,s5.706669,s32.893967
178_171,s5.823371,s-0.338012,s179.082138
178_172,s4.229841,s-2.331811,s333.401971
178_173,s-4.646634,s4.044056,s59.174094
178_174,s-6.628486,s-0.905139,s179.570803
178_175,s-4.997479,s-2.982885,s117.872598
178_176,s1.339365,s5.879371,s266.167809
178_177,s2.828769,s4.646684,s301.792953
179_0,s0.019101,s0.062919,s329.986627
179_1,s0.578395,s0.157158,s301.869446
179_2,s0.396658,s-0.925848,s187.553200
179_3,s-0.540509,s-0.546155,s300.535808
179_4,s-0.520427,s0.515830,s181.116956
179_5,s0.732599,s1.163351,s329.880648
179_6,s-1.132666,s0.053144,s279.170372
179_7,s1.809550,s0.424734,s36.356377
179_8,s-1.814772,s-1.054077,s82.553714
179_9,s-0.851243,s-1.051826,s35.126842
179_10,s0.255082,s1.536584,s58.569977
179_11,s-1.537714,s1.155653,s231.205928
179_12,s0.759626,s-0.447088,s299.240370
179_13,s1.742638,s1.456877,s192.958401
179_14,s-0.598773,s0.984182,s37.374538
179_15,s-0.312107,s-1.281927,s330.353793
179_16,s0.152437,s-1.989372,s55.113194
179_17,s1.824064,s-1.314022,s98.025101
179_18,s2.349506,s-1.678053,s301.534416
179_19,s2.237352,s1.326601,s226.269658
179_20,s1.394711,s-2.083183,s332.145574
179_21,s-0.159287,s1.194779,s62.343563
179_22,s-1.647754,s0.501848,s198.973294
179_23,s-1.152341,s-1.350987,s58.806933
179_24,s0.600897,s2.122527,s96.718564
179_25,s0.166301,s2.542373,s75.624543
179_26,s-2.274679,s-1.549158,s55.133486
179_27,s2.364668,s-0.261190,s211.010627
179_28,s2.764946,s2.045571,s69.863657
179_29,s-2.004333,s1.438333,s174.303061
179_30,s-1.035417,s2.438770,s87.973600
179_31,s1.345936,s-0.401194,s91.064410
179_32,s-0.762730,s-1.868893,s81.462071
179_33,s0.311479,s-3.316436,s-1.881823
179_34,s2.500659,s-3.557430,s150.082097
179_35,s-1.425229,s-2.197296,s32.086042
179_36,s-1.833303,s-0.300997,s133.594700
179_37,s-2.500177,s0.390715,s239.285385
179_38,s-2.929074,s-0.726838,s328.042883
179_39,s-2.176368,s-1.981723,s175.787411
179_40,s2.291403,s0.136723,s177.960466
179_41,s-0.829150,s-2.387009,s244.798577
179_42,s1.448532,s-2.894158,s180.145898
179_43,s-2.555373,s1.010907,s180.602925
179_44,s-1.622875,s-2.845562,s208.717979
179_45,s-3.273329,s-0.080375,s61.193745
179_46,s2.127976,s-2.793132,s149.574738
179_47,s2.858037,s-0.253667,s3.188687
179_48,s-0.284199,s2.122938,s120.079262
179_49,s0.881561,s-3.130366,s1.964358
179_50,s1.473144,s1.996323,s25.794669
179_51,s-0.524886,s2.974785,s328.002550
179_52,s-0.509489,s-3.067591,s61.020688
179_53,s-1.724927,s1.899337,s88.376240
179_54,s-2.823373,s-2.473769,s124.822318
179_55,s-3.711535,s-0.611295,s181.025349
179_56,s-1.176400,s-3.197659,s234.635359
179_57,s-3.075483,s2.049242,s239.330657
179_58,s-3.578304,s1.346717,s299.046335
179_59,s3.013030,s1.237687,s-0.932523
179_60,s-3.930257,s0.641976,s63.456917
179_61,s-1.851606,s3.198590,s149.061645
179_62,s3.381697,s-1.962843,s301.981975
179_63,s-3.098745,s-1.856123,s-6.348065
179_64,s-2.170902,s2.370070,s179.970807
179_65,s2.836643,s2.487876,s210.049159
179_66,s-3.556513,s2.265869,s-4.262785
179_67,s-2.072257,s-3.266187,s270.910579
179_68,s1.801362,s3.064310,s208.590671
179_69,s0.590255,s3.210400,s92.091306
179_70,s3.067766,s-0.618848,s86.492700
179_71,s0.029833,s-3.954664,s304.788987
179_72,s-4.327685,s-0.262879,s177.783827
179_73,s1.448638,s3.287933,s30.238128
179_74,s0.366530,s3.833500,s121.425167
179_75,s-1.680275,s3.725867,s299.309299
179_76,s-3.872653,s-1.823203,s57.990299
179_77,s-2.842007,s2.555874,s299.946740
179_78,s-2.619521,s-3.042164,s119.235505
179_79,s-4.729071,s0.177531,s266.872957
179_80,s3.617755,s0.877980,s85.889789
179_81,s-1.669905,s-3.851346,s282.110814
179_82,s-0.879726,s3.592017,s119.790620
179_83,s-0.869390,s4.258281,s247.886731
179_84,s-2.628568,s3.224426,s209.472984
179_85,s-3.014386,s2.933427,s-0.594538
179_86,s1.736658,s-4.154617,s70.631972
179_87,s3.427291,s1.669748,s284.452968
179_88,s-4.925005,s0.491445,s17.351160
179_89,s-4.523967,s1.315453,s-20.663720
179_90,s0.172853,s4.278613,s76.913307
179_91,s3.749207,s-0.022226,s207.098001
179_92,s-4.097236,s-2.737102,s339.370050
179_93,s-0.486165,s-4.056522,s236.066894
179_94,s2.158527,s3.676514,s192.890785
179_95,s-2.387293,s-3.543400,s164.533613
179_96,s-4.530677,s-2.447024,s104.841058
179_97,s-2.786994,s4.403709,s223.201841
179_98,s0.878226,s-4.374833,s242.933199
179_99,s-3.598021,s3.238219,s-1.291579
179_100,s-3.398939,s-3.757884,s28.237409
179_101,s-4.159204,s3.101218,s0.720523
179_102,s0.798625,s4.573599,s181.461478
179_103,s-5.845380,s0.707892,s28.544437
179_104,s-0.844188,s5.016508,s7.990119
179_105,s-4.856500,s-0.811667,s221.266715
179_106,s2.619156,s2.981987,s302.785452
179_107,s4.032672,s1.508406,s239.565855
179_108,s-4.116634,s2.696843,s179.522215
179_109,s3.407278,s-1.261296,s272.971164
179_110,s-1.978743,s4.764980,s-4.369910
179_111,s-1.952729,s-4.239252,s180.922571
179_112,s4.000883,s0.846988,s316.614568
179_113,s-5.460478,s1.499906,s181.666982
179_114,s-2.898563,s-4.144478,s114.760823
179_115,s-1.259834,s-4.624763,s209.948867
179_116,s4.541945,s-0.592947,s34.889788
179_117,s-0.519209,s-4.653770,s85.113198
179_118,s-4.326205,s3.452417,s-0.288010
179_119,s2.418006,s4.056644,s54.900485
179_120,s1.043686,s-5.152612,s200.850210
179_121,s-5.271288,s-1.325854,s94.075504
179_122,s-5.382670,s-0.417503,s266.922168
179_123,s-0.346024,s4.905038,s240.796696
179_124,s-3.380245,s4.696906,s154.615298
179_125,s3.329932,s-2.469179,s208.236296
179_126,s-4.624559,s-1.850331,s122.462207
179_127,s3.503388,s2.925598,s247.277753
179_128,s3.819479,s-2.159199,s30.340223
179_129,s3.514360,s-3.413496,s30.776360
179_130,s2.843014,s3.999567,s302.486354
179_131,s4.439220,s2.632073,s329.723062
179_132,s1.442312,s4.474829,s19.997706
179_133,s-4.786848,s3.424575,s183.772625
179_134,s-4.575611,s-3.500379,s240.945861
179_135,s-5.785013,s-1.902541,s122.402502
179_136,s4.523110,s0.153687,s347.039777
179_137,s3.778713,s3.423116,s37.193367
179_138,s4.096773,s-2.872382,s178.272654
179_139,s-5.978557,s-0.807624,s26.836115
179_140,s2.051167,s5.555224,s234.283239
179_141,s0.005445,s-4.891198,s162.986385
179_142,s-4.262659,s-4.082061,s147.820152
179_143,s4.546322,s-1.271103,s258.384536
179_144,s-4.031246,s4.538019,s3.633203
179_145,s-3.074911,s-4.994499,s99.402041
179_146,s2.183725,s-4.587919,s155.771394
179_147,s-6.186132,s1.382708,s2.271591
179_148,s-1.928398,s-5.423133,s177.260006
179_149,s-2.679573,s-5.280760,s338.442132
179_150,s-2.568331,s5.041171,s99.060341
179_151,s-1.414326,s5.353766,s331.049498
179_152,s4.990735,s0.396122,s261.930908
179_153,s2.198731,s4.661341,s89.481936
179_154,s5.157024,s1.353951,s303.397068
179_155,s4.962551,s-0.794343,s-2.765999
179_156,s0.698050,s5.409955,s331.313783
179_157,s-4.826634,s2.204263,s87.838629
179_158,s4.660955,s1.964050,s28.882938
179_159,s3.347565,s-3.729732,s146.730432
179_160,s-0.240219,s5.740043,s272.948875
179_161,s-5.363489,s3.393433,s27.335972
179_162,s-1.350304,s-5.456005,s207.002170
179_163,s5.159413,s-0.077832,s212.140228
179_164,s3.444171,s-4.362789,s186.479827
179_165,s3.748753,s4.196749,s-1.810436
179_166,s5.071354,s2.224053,s237.397073
179_167,s-3.448382,s5.128205,s57.937638
179_168,s4.620278,s-3.048731,s195.838892
179_169,s4.153427,s3.788321,s269.674213
179_170,s-1.713178,s5.772421,s23.835476
179_171,s5.823371,s-0.338012,s179.082138
179_172,s4.260203,s-2.320553,s323.024186
179_173,s-4.646634,s4.044056,s59.174094
179_174,s-6.628486,s-0.905139,s179.570803
179_175,s-4.890413,s-3.048679,s58.778120
179_176,s1.339365,s5.879371,s266.167809
179_177,s2.828769,s4.646684,s301.792953
179_178,s5.921718,s0.315456,s333.317359
180_0,s0.019101,s0.062919,s329.986627
180_1,s0.578395,s0.157158,s301.869446
180_2,s0.396658,s-0.925848,s187.553200
180_3,s-0.540509,s-0.546155,s300.535808
180_4,s-0.520427,s0.515830,s268.428491
180_5,s0.732599,s1.163351,s329.880648
180_6,s-1.132666,s0.053144,s279.170372
180_7,s1.809550,s0.424734,s117.312131
180_8,s-1.814772,s-1.054077,s82.553714
180_9,s-0.851243,s-1.051826,s35.126842
180_10,s0.255082,s1.536584,s58.569977
180_11,s-1.537714,s1.155653,s231.205928
180_12,s0.759626,s-0.447088,s152.121789
180_13,s1.742638,s1.456877,s192.958401
180_14,s-0.598773,s0.984182,s37.374538
180_15,s-0.312107,s-1.281927,s330.353793
180_16,s0.152437,s-1.989372,s55.113194
180_17,s1.824064,s-1.314022,s98.025101
180_18,s2.349506,s-1.678053,s301.534416
180_19,s2.237352,s1.326601,s300.392164
180_20,s1.394711,s-2.083183,s332.145574
180_21,s-0.159287,s1.194779,s62.343563
180_22,s-1.647754,s0.501848,s198.973294
180_23,s-1.152341,s-1.350987,s58.806933
180_24,s0.600897,s2.122527,s96.718564
180_25,s0.166301,s2.542373,s75.624543
180_26,s-2.274679,s-1.549158,s55.133486
180_27,s2.364668,s-0.261190,s150.016863
180_28,s2.764946,s2.045571,s69.863657
180_29,s-2.004333,s1.438333,s174.303061
180_30,s-1.035417,s2.438770,s87.973600
180_31,s1.345936,s-0.401194,s91.064410
180_32,s-0.762730,s-1.868893,s299.690368
180_33,s0.311479,s-3.316436,s-1.881823
180_34,s2.500659,s-3.557430,s150.082097
180_35,s-1.425229,s-2.197296,s32.086042
180_36,s-1.833303,s-0.300997,s133.594700
180_37,s-2.500177,s0.390715,s239.285385
180_38,s-2.929074,s-0.726838,s328.042883
180_39,s-2.176368,s-1.981723,s153.719632
180_40,s2.291403,s0.136723,s326.226569
180_41,s-0.829150,s-2.387009,s244.798577
180_42,s1.448532,s-2.894158,s180.145898
180_43,s-2.555373,s1.010907,s180.602925
180_44,s-1.622875,s-2.845562,s208.717979
180_45,s-3.273329,s-0.080375,s26.265318
180_46,s2.127976,s-2.793132,s149.574738
180_47,s2.858037,s-0.253667,s3.188687
180_48,s-0.284199,s2.122938,s120.079262
180_49,s0.881561,s-3.130366,s1.964358
180_50,s1.473144,s1.996323,s25.794669
180_51,s-0.524886,s2.974785,s328.002550
180_52,s-0.509489,s-3.067591,s241.746828
180_53,s-1.724927,s1.899337,s88.376240
180_54,s-2.823373,s-2.473769,s124.822318
180_55,s-3.711535,s-0.611295,s181.025349
180_56,s-1.176400,s-3.197659,s234.635359
180_57,s-3.075483,s2.049242,s239.330657
180_58,s-3.578304,s1.346717,s299.046335
180_59,s3.013030,s1.237687,s-0.932523
180_60,s-3.930257,s0.641976,s63.456917
180_61,s-1.851606,s3.198590,s149.061645
180_62,s3.381697,s-1.962843,s301.981975
180_63,s-3.098745,s-1.856123,s-6.348065
180_64,s-2.170902,s2.370070,s179.970807
180_65,s2.836643,s2.487876,s210.049159
180_66,s-3.556513,s2.265869,s-4.262785
180_67,s-2.072257,s-3.266187,s240.860629
180_68,s1.801362,s3.064310,s208.590671
180_69,s0.590255,s3.210400,s298.750905
180_70,s3.067766,s-0.618848,s86.492700
180_71,s0.029833,s-3.954664,s304.788987
180_72,s-4.327685,s-0.262879,s119.480537
180_73,s1.448638,s3.287933,s30.238128
180_74,s0.366530,s3.833500,s121.425167
180_75,s-1.680275,s3.725867,s299.309299
180_76,s-3.872653,s-1.823203,s57.990299
180_77,s-2.842007,s2.555874,s299.946740
180_78,s-2.619521,s-3.042164,s210.592356
180_79,s-4.729071,s0.177531,s325.817454
180_80,s3.617755,s0.877980,s85.889789
180_81,s-1.669905,s-3.851346,s282.110814
180_82,s-0.879726,s3.592017,s119.790620
180_83,s-0.869390,s4.258281,s247.886731
180_84,s-2.628568,s3.224426,s209.472984
180_85,s-3.014386,s2.933427,s-0.594538
180_86,s1.736658,s-4.154617,s70.631972
180_87,s3.427291,s1.669748,s298.494899
180_88,s-4.925005,s0.491445,s17.351160
180_89,s-4.523967,s1.315453,s-20.663720
180_90,s0.172853,s4.278613,s76.913307
180_91,s3.749207,s-0.022226,s207.098001
180_92,s-4.097236,s-2.737102,s240.276130
180_93,s-0.486165,s-4.056522,s236.066894
180_94,s2.158527,s3.676514,s56.858195
180_95,s-2.387293,s-3.543400,s164.533613
180_96,s-4.530677,s-2.447024,s104.841058
180_97,s-2.786994,s4.403709,s223.201841
180_98,s0.878226,s-4.374833,s242.933199
180_99,s-3.598021,s3.238219,s-1.291579
180_100,s-3.398939,s-3.757884,s28.237409
180_101,s-4.159204,s3.101218,s0.720523
180_102,s0.798625,s4.573599,s181.461478
180_103,s-5.845380,s0.707892,s28.544437
180_104,s-0.844188,s5.016508,s7.990119
180_105,s-4.856500,s-0.811667,s221.266715
180_106,s2.619156,s2.981987,s302.785452
180_107,s4.032672,s1.508406,s330.937456
180_108,s-4.116634,s2.696843,s179.522215
180_109,s3.407278,s-1.261296,s272.971164
180_110,s-1.978743,s4.764980,s-4.369910
180_111,s-1.952729,s-4.239252,s148.025494
180_112,s4.000883,s0.846988,s268.776903
180_113,s-5.460478,s1.499906,s181.666982
180_114,s-2.898563,s-4.144478,s114.760823
180_115,s-1.259834,s-4.624763,s209.948867
180_116,s4.541945,s-0.592947,s34.889788
180_117,s-0.519209,s-4.653770,s85.113198
180_118,s-4.326205,s3.452417,s-0.288010
180_119,s2.418006,s4.056644,s54.900485
180_120,s1.043686,s-5.152612,s200.850210
180_121,s-5.271288,s-1.325854,s94.075504
180_122,s-5.382670,s-0.417503,s266.922168
180_123,s-0.346024,s4.905038,s240.796696
180_124,s-3.380245,s4.696906,s154.615298
180_125,s3.329932,s-2.469179,s208.236296
180_126,s-4.624559,s-1.850331,s29.811396
180_127,s3.503388,s2.925598,s209.282128
180_128,s3.819479,s-2.159199,s30.340223
180_129,s3.514360,s-3.413496,s30.776360
180_130,s2.843014,s3.999567,s302.486354
180_131,s4.439220,s2.632073,s240.253765
180_132,s1.442312,s4.474829,s301.427100
180_133,s-4.786848,s3.424575,s183.772625
180_134,s-4.575611,s-3.500379,s180.467144
180_135,s-5.785013,s-1.902541,s122.402502
180_136,s4.523110,s0.153687,s347.039777
180_137,s3.778713,s3.423116,s37.193367
180_138,s4.096773,s-2.872382,s178.272654
180_139,s-5.978557,s-0.807624,s26.836115
180_140,s2.051167,s5.555224,s234.283239
180_141,s0.005445,s-4.891198,s162.986385
180_142,s-4.262659,s-4.082061,s147.820152
180_143,s4.546322,s-1.271103,s258.384536
180_144,s-4.031246,s4.538019,s-2.281626
180_145,s-3.074911,s-4.994499,s99.402041
180_146,s2.183725,s-4.587919,s155.771394
180_147,s-6.186132,s1.382708,s2.271591
180_148,s-1.928398,s-5.423133,s177.260006
180_149,s-2.679573,s-5.280760,s338.442132
180_150,s-2.568331,s5.041171,s99.060341
180_151,s-1.414326,s5.353766,s331.049498
180_152,s4.990735,s0.396122,s301.182178
180_153,s2.198731,s4.661341,s89.481936
180_154,s5.157024,s1.353951,s303.397068
180_155,s4.962551,s-0.794343,s-2.765999
180_156,s0.698050,s5.409955,s331.313783
180_157,s-4.826634,s2.204263,s87.838629
180_158,s4.660955,s1.964050,s28.882938
180_159,s3.347565,s-3.729732,s146.730432
180_160,s-0.240219,s5.740043,s272.948875
180_161,s-5.363489,s3.393433,s269.902724
180_162,s-1.350304,s-5.456005,s207.002170
180_163,s5.159413,s-0.077832,s212.140228
180_164,s3.444171,s-4.362789,s186.479827
180_165,s3.748753,s4.196749,s-1.810436
180_166,s5.071354,s2.224053,s237.397073
180_167,s-3.448382,s5.128205,s57.937638
180_168,s4.620278,s-3.048731,s195.838892
180_169,s4.153427,s3.788321,s269.674213
180_170,s-1.713178,s5.772421,s23.835476
180_171,s5.823371,s-0.338012,s179.082138
180_172,s4.260203,s-2.320553,s323.024186
180_173,s-4.646634,s4.044056,s59.174094
180_174,s-6.628486,s-0.905139,s269.009841
180_175,s-4.890413,s-3.048679,s58.778120
180_176,s1.339365,s5.879371,s266.167809
180_177,s2.828769,s4.646684,s301.792953
180_178,s5.921718,s0.315456,s333.317359
180_179,s-4.870137,s-3.788227,s153.822560
181_0,s0.019101,s0.062919,s329.986627
181_1,s0.676144,s0.185657,s306.748776
181_2,s0.396658,s-0.925848,s187.553200
181_3,s-0.515130,s-0.556849,s297.845018
181_4,s-0.520427,s0.515830,s268.428491
181_5,s0.795072,s0.906275,s325.045792
181_6,s-1.132666,s0.053144,s279.170372
181_7,s1.766340,s0.327424,s111.118016
181_8,s-1.814772,s-1.054077,s82.553714
181_9,s-0.851243,s-1.051826,s35.126842
181_10,s0.255082,s1.536584,s58.569977
181_11,s-1.537714,s1.155653,s231.205928
181_12,s0.759626,s-0.447088,s152.121789
181_13,s1.742638,s1.456877,s192.958401
181_14,s-0.598773,s0.984182,s37.374538
181_15,s-0.337206,s-1.269674,s335.088950
181_16,s0.136805,s-2.149465,s180.095615
181_17,s1.824064,s-1.314022,s98.025101
181_18,s2.334827,s-1.721544,s303.715962
181_19,s2.250868,s1.305157,s301.428058
181_20,s1.394711,s-2.083183,s332.145574
181_21,s-0.159287,s1.194779,s62.343563
181_22,s-1.652645,s0.538558,s199.431415
181_23,s-1.152341,s-1.350987,s58.806933
181_24,s0.557292,s2.000863,s3.463179
181_25,s0.166301,s2.542373,s75.624543
181_26,s-2.365527,s-1.454061,s59.214149
181_27,s2.358741,s-0.264608,s146.716114
181_28,s2.764946,s2.045571,s69.863657
181_29,s-2.027275,s1.492366,s175.649384
181_30,s-1.047796,s2.423595,s88.772727
181_31,s1.345936,s-0.401194,s91.064410
181_32,s-0.762730,s-1.868893,s299.690368
181_33,s0.311479,s-3.316436,s-1.881823
181_34,s2.536422,s-3.591129,s334.852668
181_35,s-1.430670,s-2.165278,s28.699665
181_36,s-1.797813,s-0.305752,s60.859070
181_37,s-2.500177,s0.390715,s239.285385
181_38,s-2.923260,s-0.747973,s324.523771
181_39,s-2.090381,s-2.051981,s151.681687
181_40,s2.273443,s0.183473,s328.282216
181_41,s-0.849612,s-2.441375,s249.415942
181_42,s1.483134,s-2.865540,s175.788918
181_43,s-2.555373,s1.010907,s180.602925
181_44,s-1.622875,s-2.845562,s208.717979
181_45,s-3.310046,s-0.087863,s23.350649
181_46,s2.234888,s-2.814026,s143.594722
181_47,s2.823522,s-0.268672,s1.626940
181_48,s-0.284199,s2.122938,s120.079262
181_49,s0.864162,s-3.054460,s-2.954730
181_50,s1.499515,s2.038869,s27.603694
181_51,s-0.524886,s2.974785,s328.002550
181_52,s-0.509489,s-3.067591,s241.746828
181_53,s-1.731093,s1.887969,s268.808736
181_54,s-2.824896,s-2.366533,s129.001673
181_55,s-3.711535,s-0.611295,s181.025349
181_56,s-1.176400,s-3.197659,s234.635359
181_57,s-3.075483,s2.049242,s239.330657
181_58,s-3.606838,s1.344364,s293.993323
181_59,s3.013030,s1.237687,s-0.932523
181_60,s-3.930257,s0.641976,s63.456917
181_61,s-1.851606,s3.198590,s149.061645
181_62,s3.381697,s-1.962843,s301.981975
181_63,s-3.146899,s-1.939383,s-5.424442
181_64,s-2.170902,s2.370070,s179.970807
181_65,s2.836643,s2.487876,s210.049159
181_66,s-3.516682,s2.227493,s-1.742285
181_67,s-2.072257,s-3.266187,s240.860629
181_68,s1.822247,s3.044315,s239.987111
181_69,s0.590255,s3.210400,s298.750905
181_70,s3.170452,s-0.774425,s81.436687
181_71,s0.141485,s-4.079436,s308.004774
181_72,s-4.327685,s-0.262879,s119.480537
181_73,s1.448638,s3.287933,s30.238128
181_74,s0.366530,s3.833500,s121.425167
181_75,s-1.672343,s3.667579,s13.859066
181_76,s-3.872653,s-1.823203,s57.990299
181_77,s-2.842007,s2.555874,s299.946740
181_78,s-2.619521,s-3.042164,s210.592356
181_79,s-4.729071,s0.177531,s325.817454
181_80,s3.617755,s0.877980,s85.889789
181_81,s-1.669905,s-3.851346,s282.110814
181_82,s-0.900495,s3.738272,s121.493801
181_83,s-0.848569,s4.279495,s240.548247
181_84,s-2.628568,s3.224426,s209.472984
181_85,s-3.014386,s2.933427,s-0.594538
181_86,s1.587539,s-3.998455,s79.511762
181_87,s3.467660,s1.634787,s299.261757
181_88,s-4.925005,s0.491445,s17.351160
181_89,s-4.465482,s1.375804,s240.962137
181_90,s0.172853,s4.278613,s76.913307
181_91,s3.720802,s-0.032932,s208.506312
181_92,s-4.073057,s-2.702831,s241.870256
181_93,s-0.486165,s-4.056522,s236.066894
181_94,s2.158527,s3.676514,s56.858195
181_95,s-2.387293,s-3.543400,s164.533613
181_96,s-4.613786,s-2.372463,s103.376239
181_97,s-2.780985,s4.353105,s220.099068
181_98,s0.878226,s-4.374833,s242.933199
181_99,s-3.626352,s3.251227,s-4.662880
181_100,s-3.398939,s-3.757884,s28.237409
181_101,s-4.159204,s3.101218,s0.720523
181_102,s0.844473,s4.643811,s186.990302
181_103,s-5.845380,s0.707892,s28.544437
181_104,s-0.844188,s5.016508,s7.990119
181_105,s-4.856500,s-0.811667,s221.266715
181_106,s2.669080,s2.934349,s303.725542
181_107,s4.019595,s1.475415,s235.874068
181_108,s-4.116634,s2.696843,s179.522215
181_109,s3.407278,s-1.261296,s272.971164
181_110,s-1.947094,s4.758159,s-0.110456
181_111,s-1.921508,s-4.310021,s153.257383
181_112,s4.000883,s0.846988,s268.776903
181_113,s-5.473759,s1.423766,s187.415523
181_114,s-2.985585,s-4.288249,s113.974500
181_115,s-1.259834,s-4.624763,s209.948867
181_116,s4.541945,s-0.592947,s34.889788
181_117,s-0.519209,s-4.653770,s85.113198
181_118,s-4.326205,s3.452417,s-0.288010
181_119,s2.418006,s4.056644,s54.900485
181_120,s1.003798,s-5.180685,s303.435340
181_121,s-5.259763,s-1.352601,s153.219756
181_122,s-5.363877,s-0.365061,s29.457753
181_123,s-0.346024,s4.905038,s240.796696
181_124,s-3.380245,s4.696906,s154.615298
181_125,s3.329932,s-2.469179,s208.236296
181_126,s-4.624559,s-1.850331,s29.811396
181_127,s3.473627,s3.054659,s206.760167
181_128,s3.819479,s-2.159199,s30.340223
181_129,s3.514360,s-3.413496,s30.776360
181_130,s2.843014,s3.999567,s302.486354
181_131,s4.439220,s2.632073,s240.253765
181_132,s1.442312,s4.474829,s301.427100
181_133,s-4.767568,s3.417375,s183.658605
181_134,s-4.575611,s-3.500379,s180.467144
181_135,s-5.903025,s-1.843761,s121.185517
181_136,s4.523110,s0.153687,s347.039777
181_137,s3.810715,s3.408904,s32.959128
181_138,s4.135613,s-2.744767,s174.007572
181_139,s-5.978557,s-0.807624,s26.836115
181_140,s2.142344,s5.490120,s230.506987
181_141,s0.005445,s-4.891198,s162.986385
181_142,s-4.262659,s-4.082061,s147.820152
181_143,s4.489733,s-1.263550,s257.525751
181_144,s-4.031246,s4.538019,s-2.281626
181_145,s-3.074911,s-4.994499,s99.402041
181_146,s2.159268,s-4.659766,s167.553608
181_147,s-6.186132,s1.382708,s2.271591
181_148,s-1.928398,s-5.423133,s177.260006
181_149,s-2.679573,s-5.280760,s338.442132
181_150,s-2.568331,s5.041171,s99.060341
181_151,s-1.414326,s5.353766,s331.049498
181_152,s4.990735,s0.396122,s301.182178
181_153,s2.198731,s4.661341,s89.481936
181_154,s5.181907,s1.304436,s304.472626
181_155,s4.962551,s-0.794343,s-2.765999
181_156,s0.718235,s5.363881,s241.269454
181_157,s-4.857343,s2.254067,s88.490078
181_158,s4.660955,s1.964050,s28.882938
181_159,s3.347565,s-3.729732,s146.730432
181_160,s-0.307917,s5.723738,s272.088174
181_161,s-5.288750,s3.359762,s24.359259
181_162,s-1.317562,s-5.417889,s199.248780
181_163,s5.159413,s-0.077832,s212.140228
181_164,s3.338959,s-4.331596,s182.991264
181_165,s3.748753,s4.196749,s-1.810436
181_166,s5.071354,s2.224053,s237.397073
181_167,s-3.448382,s5.128205,s57.937638
181_168,s4.808781,s-3.174987,s155.917710
181_169,s4.153063,s3.781860,s269.936619
181_170,s-1.778952,s5.738134,s24.828866
181_171,s5.823371,s-0.338012,s179.082138
181_172,s4.260203,s-2.320553,s323.024186
181_173,s-4.686132,s3.998947,s68.611407
181_174,s-6.628486,s-0.905139,s269.009841
181_175,s-5.027552,s-2.994625,s54.403947
181_176,s1.387170,s5.932176,s265.730515
181_177,s2.941202,s4.759721,s300.826267
181_178,s5.865989,s0.306876,s333.660739
181_179,s-4.870137,s-3.788227,s153.822560
181_180,s4.780411,s-2.311660,s299.301809
182_0,s0.019101,s0.062919,s329.986627
182_1,s0.654687,s0.216441,s309.847855
182_2,s0.396658,s-0.925848,s187.553200
182_3,s-0.515130,s-0.556849,s297.845018
182_4,s-0.520427,s0.515830,s268.428491
182_5,s0.650563,s1.001227,s323.419743
182_6,s-1.071561,s-0.108479,s282.790572
182_7,s1.766340,s0.327424,s111.118016
182_8,s-1.814772,s-1.054077,s82.553714
182_9,s-0.851243,s-1.051826,s35.126842
182_10,s0.255082,s1.536584,s58.569977
182_11,s-1.537714,s1.155653,s231.205928
182_12,s0.759626,s-0.447088,s152.121789
182_13,s1.742638,s1.456877,s192.958401
182_14,s-0.598773,s0.984182,s37.374538
182_15,s-0.337206,s-1.269674,s335.088950
182_16,s0.136805,s-2.149465,s180.095615
182_17,s1.824064,s-1.314022,s98.025101
182_18,s2.334827,s-1.721544,s303.715962
182_19,s2.250868,s1.305157,s301.428058
182_20,s1.394711,s-2.083183,s332.145574
182_21,s-0.159287,s1.194779,s62.343563
182_22,s-1.652645,s0.538558,s199.431415
182_23,s-1.152341,s-1.350987,s58.806933
182_24,s0.587388,s2.047972,s3.418867
182_25,s0.166301,s2.542373,s75.624543
182_26,s-2.365527,s-1.454061,s59.214149
182_27,s2.321145,s-0.213769,s146.043544
182_28,s2.764946,s2.045571,s69.863657
182_29,s-2.027275,s1.492366,s175.649384
182_30,s-0.987173,s2.501776,s85.744227
182_31,s1.345936,s-0.401194,s91.064410
182_32,s-0.762730,s-1.868893,s299.690368
182_33,s0.311479,s-3.316436,s-1.881823
182_34,s2.535126,s-3.517969,s332.934622
182_35,s-1.430670,s-2.165278,s28.699665
182_36,s-1.797813,s-0.305752,s60.859070
182_37,s-2.500177,s0.390715,s239.285385
182_38,s-2.923260,s-0.747973,s324.523771
182_39,s-2.106176,s-2.160958,s155.986845
182_40,s2.273443,s0.183473,s328.282216
182_41,s-0.849612,s-2.441375,s249.415942
182_42,s1.410063,s-2.769915,s179.207781
182_43,s-2.555373,s1.010907,s180.602925
182_44,s-1.622875,s-2.845562,s208.717979
182_45,s-3.272772,s-0.191493,s21.364631
182_46,s2.253225,s-2.761667,s147.502832
182_47,s2.823522,s-0.268672,s1.626940
182_48,s-0.284199,s2.122938,s120.079262
182_49,s0.864162,s-3.054460,s-2.954730
182_50,s1.499515,s2.038869,s27.603694
182_51,s-0.524886,s2.974785,s328.002550
182_52,s-0.509489,s-3.067591,s241.746828
182_53,s-1.656409,s1.879400,s279.263436
182_54,s-2.824896,s-2.366533,s129.001673
182_55,s-3.788359,s-0.765415,s213.488697
182_56,s-1.176400,s-3.197659,s234.635359
182_57,s-3.075483,s2.049242,s239.330657
182_58,s-3.606838,s1.344364,s293.993323
182_59,s3.013030,s1.237687,s-0.932523
182_60,s-3.930257,s0.641976,s63.456917
182_61,s-1.851606,s3.198590,s149.061645
182_62,s3.381697,s-1.962843,s301.981975
182_63,s-3.146899,s-1.939383,s-5.424442
182_64,s-2.170902,s2.370070,s179.970807
182_65,s2.836643,s2.487876,s210.049159
182_66,s-3.516682,s2.227493,s-1.742285
182_67,s-2.072257,s-3.266187,s240.860629
182_68,s1.822247,s3.044315,s239.987111
182_69,s0.590255,s3.210400,s298.750905
182_70,s3.170452,s-0.774425,s81.436687
182_71,s0.287978,s-4.025231,s306.303601
182_72,s-4.327685,s-0.262879,s119.480537
182_73,s1.484866,s3.366422,s2.588083
182_74,s0.366530,s3.833500,s121.425167
182_75,s-1.672343,s3.667579,s13.859066
182_76,s-3.724955,s-1.906245,s54.869116
182_77,s-2.842007,s2.555874,s299.946740
182_78,s-2.619521,s-3.042164,s210.592356
182_79,s-4.729071,s0.177531,s325.817454
182_80,s3.617755,s0.877980,s85.889789
182_81,s-1.669905,s-3.851346,s282.110814
182_82,s-0.900495,s3.738272,s121.493801
182_83,s-0.857862,s4.253881,s244.120254
182_84,s-2.628568,s3.224426,s209.472984
182_85,s-3.014386,s2.933427,s-0.594538
182_86,s1.587539,s-3.998455,s79.511762
182_87,s3.467660,s1.634787,s299.261757
182_88,s-4.925005,s0.491445,s17.351160
182_89,s-4.492200,s1.380613,s237.953834
182_90,s0.172853,s4.278613,s76.913307
182_91,s3.590982,s0.005771,s209.223918
182_92,s-4.020951,s-2.746303,s119.020917
182_93,s-0.489683,s-4.047417,s236.830229
182_94,s2.158527,s3.676514,s56.858195
182_95,s-2.387293,s-3.543400,s164.533613
182_96,s-4.549526,s-2.395372,s102.119570
182_97,s-2.841531,s4.543253,s227.079948
182_98,s0.878226,s-4.374833,s242.933199
182_99,s-3.626352,s3.251227,s-4.662880
182_100,s-3.410552,s-3.704228,s122.813583
182_101,s-4.159204,s3.101218,s0.720523
182_102,s0.938666,s4.607004,s180.823865
182_103,s-5.814059,s0.732390,s120.667784
182_104,s-0.842109,s4.974097,s9.013941
182_105,s-4.856500,s-0.811667,s221.266715
182_106,s2.669080,s2.934349,s303.725542
182_107,s4.019595,s1.475415,s235.874068
182_108,s-4.116634,s2.696843,s179.522215
182_109,s3.407278,s-1.261296,s272.971164
182_110,s-1.953397,s4.729872,s3.932773
182_111,s-1.823898,s-4.320702,s153.671771
182_112,s4.000883,s0.846988,s268.776903
182_113,s-5.473759,s1.423766,s187.415523
182_114,s-2.985585,s-4.288249,s113.974500
182_115,s-1.259834,s-4.624763,s209.948867
182_116,s4.541945,s-0.592947,s34.889788
182_117,s-0.519209,s-4.653770,s85.113198
182_118,s-4.326205,s3.452417,s-0.288010
182_119,s2.418006,s4.056644,s54.900485
182_120,s1.050636,s-5.360366,s267.880315
182_121,s-5.259763,s-1.352601,s153.219756
182_122,s-5.350111,s-0.412659,s34.846733
182_123,s-0.288775,s5.032564,s237.913062
182_124,s-3.380245,s4.696906,s154.615298
182_125,s3.329932,s-2.469179,s208.236296
182_126,s-4.624559,s-1.850331,s29.811396
182_127,s3.649129,s3.042719,s207.604143
182_128,s3.819479,s-2.159199,s30.340223
182_129,s3.514360,s-3.413496,s30.776360
182_130,s2.843014,s3.999567,s302.486354
182_131,s4.439220,s2.632073,s240.253765
182_132,s1.442312,s4.474829,s301.427100
182_133,s-4.767568,s3.417375,s183.658605
182_134,s-4.575611,s-3.500379,s180.467144
182_135,s-5.903025,s-1.843761,s121.185517
182_136,s4.523110,s0.153687,s347.039777
182_137,s3.810715,s3.408904,s32.959128
182_138,s4.284930,s-2.728084,s182.021541
182_139,s-5.978557,s-0.807624,s26.836115
182_140,s2.142344,s5.490120,s230.506987
182_141,s-0.160316,s-5.005821,s178.535183
182_142,s-4.262659,s-4.082061,s147.820152
182_143,s4.489733,s-1.263550,s257.525751
182_144,s-4.031246,s4.538019,s-2.281626
182_145,s-3.046526,s-5.037234,s103.551619
182_146,s2.114057,s-4.705701,s169.397724
182_147,s-6.186132,s1.382708,s2.271591
182_148,s-1.928398,s-5.423133,s177.260006
182_149,s-2.663600,s-5.294619,s339.797419
182_150,s-2.496550,s5.076963,s330.955138
182_151,s-1.414326,s5.353766,s331.049498
182_152,s5.020218,s0.530279,s304.928385
182_153,s2.198731,s4.661341,s89.481936
182_154,s5.181907,s1.304436,s304.472626
182_155,s4.962551,s-0.794343,s-2.765999
182_156,s0.718235,s5.363881,s241.269454
182_157,s-4.906975,s2.260932,s212.556349
182_158,s4.660955,s1.964050,s28.882938
182_159,s3.347565,s-3.729732,s146.730432
182_160,s-0.307917,s5.723738,s272.088174
182_161,s-5.350356,s3.406125,s149.571806
182_162,s-1.202018,s-5.452335,s195.701141
182_163,s5.159413,s-0.077832,s212.140228
182_164,s3.338959,s-4.331596,s182.991264
182_165,s3.748753,s4.196749,s-1.810436
182_166,s5.071354,s2.224053,s237.397073
182_167,s-3.447736,s5.120276,s50.425542
182_168,s4.893638,s-3.191474,s158.570756
182_169,s4.153063,s3.781860,s269.936619
182_170,s-1.778952,s5.738134,s24.828866
182_171,s5.823371,s-0.338012,s179.082138
182_172,s4.260203,s-2.320553,s323.024186
182_173,s-4.734663,s3.965611,s71.511321
182_174,s-6.628486,s-0.905139,s269.009841
182_175,s-5.027552,s-2.994625,s54.403947
182_176,s1.410922,s5.928809,s261.817360
182_177,s2.969176,s4.797968,s297.234910
182_178,s5.867022,s0.364987,s335.671328
182_179,s-4.870137,s-3.788227,s153.822560
182_180,s4.801844,s-2.578564,s296.815267
182_181,s-4.738697,s4.608345,s92.249379
183_0,s0.019101,s0.062919,s329.986627
183_1,s0.745651,s0.392909,s304.960199
183_2,s0.396658,s-0.925848,s187.553200
183_3,s-0.515130,s-0.556849,s297.845018
183_4,s-0.520427,s0.515830,s268.428491
183_5,s0.754199,s1.115668,s309.560723
183_6,s-1.093895,s-0.141779,s282.146435
183_7,s1.766340,s0.327424,s111.118016
183_8,s-1.814772,s-1.054077,s82.553714
183_9,s-0.851243,s-1.051826,s35.126842
183_10,s0.255082,s1.536584,s58.569977
183_11,s-1.537714,s1.155653,s231.205928
183_12,s0.759626,s-0.447088,s152.121789
183_13,s1.742638,s1.456877,s192.958401
183_14,s-0.598773,s0.984182,s37.374538
183_15,s-0.308540,s-1.259801,s335.750130
183_16,s0.136805,s-2.149465,s180.095615
183_17,s1.824064,s-1.314022,s98.025101
183_18,s2.270389,s-1.832057,s306.787129
183_19,s2.250868,s1.305157,s301.428058
183_20,s1.394711,s-2.083183,s332.145574
183_21,s-0.159287,s1.194779,s62.343563
183_22,s-1.652645,s0.538558,s199.431415
183_23,s-1.152341,s-1.350987,s58.806933
183_24,s0.627562,s2.057031,s7.689856
183_25,s0.166301,s2.542373,s75.624543
183_26,s-2.365527,s-1.454061,s59.214149
183_27,s2.327945,s-0.161270,s149.249244
183_28,s2.764946,s2.045571,s69.863657
183_29,s-2.027275,s1.492366,s175.649384
183_30,s-0.948012,s2.505011,s84.006113
183_31,s1.345936,s-0.401194,s91.064410
183_32,s-0.762730,s-1.868893,s299.690368
183_33,s0.311479,s-3.316436,s-1.881823
183_34,s2.545847,s-3.488454,s331.831459
183_35,s-1.478453,s-2.124292,s31.165565
183_36,s-1.836312,s-0.340274,s65.468383
183_37,s-2.500177,s0.390715,s239.285385
183_38,s-2.944604,s-0.760760,s57.664126
183_39,s-2.091585,s-2.158571,s149.602991
183_40,s2.273443,s0.183473,s328.282216
183_41,s-0.849612,s-2.441375,s249.415942
183_42,s1.363994,s-2.603272,s189.218230
183_43,s-2.555373,s1.010907,s180.602925
183_44,s-1.622875,s-2.845562,s208.717979
183_45,s-3.215922,s-0.040786,s7.908284
183_46,s2.253225,s-2.761667,s147.502832
183_47,s2.860870,s-0.259345,s-0.781673
183_48,s-0.284199,s2.122938,s120.079262
183_49,s0.864162,s-3.054460,s-2.954730
183_50,s1.498208,s1.867157,s30.182275
183_51,s-0.522775,s2.968845,s59.019294
183_52,s-0.509489,s-3.067591,s241.746828
183_53,s-1.693156,s1.910826,s269.634039
183_54,s-2.923589,s-2.483068,s124.792566
183_55,s-3.845440,s-0.784336,s208.582168
183_56,s-1.176400,s-3.197659,s234.635359
183_57,s-3.075483,s2.049242,s239.330657
183_58,s-3.606838,s1.344364,s293.993323
183_59,s3.013030,s1.237687,s-0.932523
183_60,s-3.930257,s0.641976,s63.456917
183_61,s-1.851606,s3.198590,s149.061645
183_62,s3.381697,s-1.962843,s301.981975
183_63,s-3.146899,s-1.939383,s-5.424442
183_64,s-2.170902,s2.370070,s179.970807
183_65,s2.836643,s2.487876,s210.049159
183_66,s-3.516682,s2.227493,s-1.742285
183_67,s-2.072257,s-3.266187,s240.860629
183_68,s1.868262,s3.052784,s238.411477
183_69,s0.590255,s3.210400,s298.750905
183_70,s3.154054,s-0.756912,s81.270646
183_71,s0.287978,s-4.025231,s306.303601
183_72,s-4.327685,s-0.262879,s119.480537
183_73,s1.484866,s3.366422,s2.588083
183_74,s0.446656,s3.842754,s117.026127
183_75,s-1.791034,s3.782775,s10.049998
183_76,s-3.724955,s-1.906245,s54.869116
183_77,s-2.842007,s2.555874,s299.946740
183_78,s-2.619521,s-3.042164,s210.592356
183_79,s-4.729071,s0.177531,s325.817454
183_80,s3.617755,s0.877980,s85.889789
183_81,s-1.669905,s-3.851346,s282.110814
183_82,s-0.900495,s3.738272,s121.493801
183_83,s-0.857862,s4.253881,s244.120254
183_84,s-2.628568,s3.224426,s209.472984
183_85,s-3.014386,s2.933427,s-0.594538
183_86,s1.595512,s-4.049732,s306.244338
183_87,s3.455014,s1.582019,s299.781385
183_88,s-4.925005,s0.491445,s17.351160
183_89,s-4.410977,s1.400496,s241.643639
183_90,s0.172853,s4.278613,s76.913307
183_91,s3.510595,s-0.054521,s332.738478
183_92,s-4.020951,s-2.746303,s119.020917
183_93,s-0.555785,s-3.965128,s241.241480
183_94,s2.158527,s3.676514,s56.858195
183_95,s-2.387293,s-3.543400,s164.533613
183_96,s-4.519930,s-2.364912,s101.676010
183_97,s-2.774869,s4.653029,s229.034154
183_98,s0.832733,s-4.434484,s330.522677
183_99,s-3.626352,s3.251227,s-4.662880
183_100,s-3.455451,s-3.685823,s29.104975
183_101,s-4.159204,s3.101218,s0.720523
183_102,s0.961301,s4.595608,s182.562014
183_103,s-5.846521,s0.595514,s119.592251
183_104,s-0.869970,s4.890184,s3.899880
183_105,s-4.856500,s-0.811667,s221.266715
183_106,s2.700108,s2.892555,s312.363524
183_107,s3.984994,s1.466820,s234.056990
183_108,s-4.116634,s2.696843,s179.522215
183_109,s3.407278,s-1.261296,s272.971164
183_110,s-1.833391,s4.731803,s4.946964
183_111,s-1.797533,s-4.360314,s147.908098
183_112,s4.000883,s0.846988,s268.776903
183_113,s-5.447237,s1.350758,s191.419982
183_114,s-2.852966,s-4.376699,s112.186923
183_115,s-1.259834,s-4.624763,s209.948867
183_116,s4.541945,s-0.592947,s34.889788
183_117,s-0.519209,s-4.653770,s85.113198
183_118,s-4.326205,s3.452417,s-0.288010
183_119,s2.418006,s4.056644,s54.900485
183_120,s1.059354,s-5.356334,s267.944366
183_121,s-5.259763,s-1.352601,s153.219756
183_122,s-5.364220,s-0.416820,s31.321401
183_123,s-0.299591,s5.100265,s232.156038
183_124,s-3.380245,s4.696906,s154.615298
183_125,s3.355201,s-2.447294,s211.587616
183_126,s-4.616782,s-1.796508,s31.919282
183_127,s3.649129,s3.042719,s207.604143
183_128,s3.819479,s-2.159199,s30.340223
183_129,s3.514360,s-3.413496,s30.776360
183_130,s2.796060,s3.925073,s304.901773
183_131,s4.439220,s2.632073,s240.253765
183_132,s1.442312,s4.474829,s301.427100
183_133,s-4.767568,s3.417375,s183.658605
183_134,s-4.575611,s-3.500379,s180.467144
183_135,s-5.847324,s-1.825524,s122.849964
183_136,s4.523110,s0.153687,s347.039777
183_137,s3.810715,s3.408904,s32.959128
183_138,s4.317045,s-2.722697,s183.536466
183_139,s-5.978557,s-0.807624,s26.836115
183_140,s2.124429,s5.538704,s232.769655
183_141,s-0.290202,s-5.037648,s188.368709
183_142,s-4.262659,s-4.082061,s147.820152
183_143,s4.608238,s-1.257437,s259.371797
183_144,s-4.021269,s4.419557,s-7.891675
183_145,s-3.046526,s-5.037234,s103.551619
183_146,s2.149484,s-4.677858,s2.584356
183_147,s-6.147591,s1.373614,s-7.968854
183_148,s-2.003587,s-5.513862,s238.770865
183_149,s-2.663600,s-5.294619,s339.797419
183_150,s-2.583140,s5.146756,s324.665874
183_151,s-1.414326,s5.353766,s331.049498
183_152,s5.045762,s0.612269,s304.186071
183_153,s2.198731,s4.661341,s89.481936
183_154,s5.181907,s1.304436,s304.472626
183_155,s4.962551,s-0.794343,s-2.765999
183_156,s0.784707,s5.323097,s240.653561
183_157,s-4.831110,s2.275704,s60.284388
183_158,s4.660955,s1.964050,s28.882938
183_159,s3.347565,s-3.729732,s146.730432
183_160,s-0.307917,s5.723738,s272.088174
183_161,s-5.356790,s3.467455,s153.334811
183_162,s-1.202018,s-5.452335,s195.701141
183_163,s5.159413,s-0.077832,s212.140228
183_164,s3.351164,s-4.333769,s182.349487
183_165,s3.700628,s4.191099,s-1.005053
183_166,s5.071354,s2.224053,s237.397073
183_167,s-3.476212,s5.286665,s47.936217
183_168,s4.893638,s-3.191474,s158.570756
183_169,s4.153063,s3.781860,s269.936619
183_170,s-1.778952,s5.738134,s24.828866
183_171,s5.823371,s-0.338012,s179.082138
183_172,s4.260203,s-2.320553,s323.024186
183_173,s-4.734663,s3.965611,s71.511321
183_174,s-6.628486,s-0.905139,s269.009841
183_175,s-4.924042,s-2.987056,s62.150981
183_176,s1.410922,s5.928809,s261.817360
183_177,s2.919111,s4.788476,s295.861844
183_178,s5.851600,s0.344413,s337.314411
183_179,s-4.870137,s-3.788227,s153.822560
183_180,s4.820607,s-2.537969,s296.065930
183_181,s-4.889322,s4.483489,s2.355789
183_182,s0.162072,s-6.230461,s60.300886
184_0,s0.019101,s0.062919,s329.986627
184_1,s0.745651,s0.392909,s304.960199
184_2,s0.396658,s-0.925848,s187.553200
184_3,s-0.515130,s-0.556849,s297.845018
184_4,s-0.520427,s0.515830,s268.428491
184_5,s0.754199,s1.115668,s309.560723
184_6,s-1.093895,s-0.141779,s282.146435
184_7,s1.766340,s0.327424,s111.118016
184_8,s-1.814772,s-1.054077,s82.553714
184_9,s-0.851243,s-1.051826,s35.126842
184_10,s0.255082,s1.536584,s58.569977
184_11,s-1.537714,s1.155653,s231.205928
184_12,s0.759626,s-0.447088,s152.121789
184_13,s1.742638,s1.456877,s192.958401
184_14,s-0.598773,s0.984182,s37.374538
184_15,s-0.308540,s-1.259801,s335.750130
184_16,s0.136805,s-2.149465,s180.095615
184_17,s1.824064,s-1.314022,s98.025101
184_18,s2.270389,s-1.832057,s306.787129
184_19,s2.250868,s1.305157,s301.428058
184_20,s1.394711,s-2.083183,s332.145574
184_21,s-0.159287,s1.194779,s62.343563
184_22,s-1.652645,s0.538558,s199.431415
184_23,s-1.152341,s-1.350987,s58.806933
184_24,s0.627562,s2.057031,s7.689856
184_25,s0.166301,s2.542373,s75.624543
184_26,s-2.365527,s-1.454061,s59.214149
184_27,s2.327945,s-0.161270,s149.249244
184_28,s2.764946,s2.045571,s69.863657
184_29,s-2.027275,s1.492366,s175.649384
184_30,s-0.948012,s2.505011,s84.006113
184_31,s1.345936,s-0.401194,s91.064410
184_32,s-0.762730,s-1.868893,s299.690368
184_33,s0.311479,s-3.316436,s-1.881823
184_34,s2.545847,s-3.488454,s331.831459
184_35,s-1.478453,s-2.124292,s31.165565
184_36,s-1.836312,s-0.340274,s65.468383
184_37,s-2.500177,s0.390715,s239.285385
184_38,s-2.944604,s-0.760760,s57.664126
184_39,s-2.091585,s-2.158571,s149.602991
184_40,s2.273443,s0.183473,s328.282216
184_41,s-0.849612,s-2.441375,s249.415942
184_42,s1.363994,s-2.603272,s189.218230
184_43,s-2.555373,s1.010907,s180.602925
184_44,s-1.622875,s-2.845562,s208.717979
184_45,s-3.215922,s-0.040786,s7.908284
184_46,s2.253225,s-2.761667,s147.502832
184_47,s2.860870,s-0.259345,s-0.781673
184_48,s-0.284199,s2.122938,s120.079262
184_49,s0.864162,s-3.054460,s-2.954730
184_50,s1.498208,s1.867157,s30.182275
184_51,s-0.522775,s2.968845,s59.019294
184_52,s-0.509489,s-3.067591,s241.746828
184_53,s-1.693156,s1.910826,s269.634039
184_54,s-2.923589,s-2.483068,s124.792566
184_55,s-3.845440,s-0.784336,s208.582168
184_56,s-1.176400,s-3.197659,s234.635359
184_57,s-3.075483,s2.049242,s239.330657
184_58,s-3.606838,s1.344364,s293.993323
184_59,s3.013030,s1.237687,s-0.932523
184_60,s-3.930257,s0.641976,s63.456917
184_61,s-1.851606,s3.198590,s149.061645
184_62,s3.381697,s-1.962843,s301.981975
184_63,s-3.146899,s-1.939383,s-5.424442
184_64,s-2.170902,s2.370070,s179.970807
184_65,s2.836643,s2.487876,s210.049159
184_66,s-3.516682,s2.227493,s-1.742285
184_67,s-2.072257,s-3.266187,s240.860629
184_68,s1.868262,s3.052784,s238.411477
184_69,s0.590255,s3.210400,s298.750905
184_70,s3.154054,s-0.756912,s81.270646
184_71,s0.287978,s-4.025231,s306.303601
184_72,s-4.327685,s-0.262879,s119.480537
184_73,s1.484866,s3.366422,s2.588083
184_74,s0.446656,s3.842754,s117.026127
184_75,s-1.791034,s3.782775,s10.049998
184_76,s-3.724955,s-1.906245,s54.869116
184_77,s-2.842007,s2.555874,s299.946740
184_78,s-2.619521,s-3.042164,s210.592356
184_79,s-4.729071,s0.177531,s325.817454
184_80,s3.617755,s0.877980,s85.889789
184_81,s-1.669905,s-3.851346,s282.110814
184_82,s-0.900495,s3.738272,s121.493801
184_83,s-0.857862,s4.253881,s244.120254
184_84,s-2.628568,s3.224426,s209.472984
184_85,s-3.014386,s2.933427,s-0.594538
184_86,s1.595512,s-4.049732,s306.244338
184_87,s3.455014,s1.582019,s299.781385
184_88,s-4.925005,s0.491445,s17.351160
184_89,s-4.410977,s1.400496,s241.643639
184_90,s0.172853,s4.278613,s76.913307
184_91,s3.510595,s-0.054521,s332.738478
184_92,s-4.020951,s-2.746303,s119.020917
184_93,s-0.555785,s-3.965128,s241.241480
184_94,s2.158527,s3.676514,s56.858195
184_95,s-2.387293,s-3.543400,s164.533613
184_96,s-4.519930,s-2.364912,s101.676010
184_97,s-2.774869,s4.653029,s229.034154
184_98,s0.832733,s-4.434484,s330.522677
184_99,s-3.626352,s3.251227,s-4.662880
184_100,s-3.455451,s-3.685823,s29.104975
184_101,s-4.159204,s3.101218,s0.720523
184_102,s0.961301,s4.595608,s182.562014
184_103,s-5.846521,s0.595514,s119.592251
184_104,s-0.869970,s4.890184,s3.899880
184_105,s-4.856500,s-0.811667,s221.266715
184_106,s2.700108,s2.892555,s312.363524
184_107,s3.984994,s1.466820,s234.056990
184_108,s-4.116634,s2.696843,s179.522215
184_109,s3.407278,s-1.261296,s272.971164
184_110,s-1.833391,s4.731803,s4.946964
184_111,s-1.797533,s-4.360314,s147.908098
184_112,s4.000883,s0.846988,s268.776903
184_113,s-5.447237,s1.350758,s191.419982
184_114,s-2.852966,s-4.376699,s112.186923
184_115,s-1.259834,s-4.624763,s209.948867
184_116,s4.541945,s-0.592947,s34.889788
184_117,s-0.519209,s-4.653770,s85.113198
184_118,s-4.326205,s3.452417,s-0.288010
184_119,s2.418006,s4.056644,s54.900485
184_120,s1.059354,s-5.356334,s267.944366
184_121,s-5.259763,s-1.352601,s153.219756
184_122,s-5.364220,s-0.416820,s31.321401
184_123,s-0.299591,s5.100265,s232.156038
184_124,s-3.380245,s4.696906,s154.615298
184_125,s3.355201,s-2.447294,s211.587616
184_126,s-4.616782,s-1.796508,s31.919282
184_127,s3.649129,s3.042719,s207.604143
184_128,s3.819479,s-2.159199,s30.340223
184_129,s3.514360,s-3.413496,s30.776360
184_130,s2.796060,s3.925073,s304.901773
184_131,s4.439220,s2.632073,s240.253765
184_132,s1.442312,s4.474829,s301.427100
184_133,s-4.767568,s3.417375,s183.658605
184_134,s-4.575611,s-3.500379,s180.467144
184_135,s-5.847324,s-1.825524,s122.849964
184_136,s4.523110,s0.153687,s347.039777
184_137,s3.810715,s3.408904,s32.959128
184_138,s4.317045,s-2.722697,s183.536466
184_139,s-5.978557,s-0.807624,s26.836115
184_140,s2.124429,s5.538704,s232.769655
184_141,s-0.290202,s-5.037648,s188.368709
184_142,s-4.262659,s-4.082061,s147.820152
184_143,s4.608238,s-1.257437,s259.371797
184_144,s-4.021269,s4.419557,s-7.891675
184_145,s-3.046526,s-5.037234,s103.551619
184_146,s2.149484,s-4.677858,s2.584356
184_147,s-6.147591,s1.373614,s-7.968854
184_148,s-2.003587,s-5.513862,s238.770865
184_149,s-2.663600,s-5.294619,s339.797419
184_150,s-2.583140,s5.146756,s324.665874
184_151,s-1.414326,s5.353766,s331.049498
184_152,s5.045762,s0.612269,s304.186071
184_153,s2.198731,s4.661341,s89.481936
184_154,s5.181907,s1.304436,s304.472626
184_155,s4.962551,s-0.794343,s-2.765999
184_156,s0.784707,s5.323097,s240.653561
184_157,s-4.831110,s2.275704,s60.284388
184_158,s4.660955,s1.964050,s28.882938
184_159,s3.347565,s-3.729732,s146.730432
184_160,s-0.307917,s5.723738,s272.088174
184_161,s-5.356790,s3.467455,s153.334811
184_162,s-1.202018,s-5.452335,s195.701141
184_163,s5.159413,s-0.077832,s212.140228
184_164,s3.351164,s-4.333769,s182.349487
184_165,s3.700628,s4.191099,s-1.005053
184_166,s5.071354,s2.224053,s237.397073
184_167,s-3.476212,s5.286665,s47.936217
184_168,s4.893638,s-3.191474,s158.570756
184_169,s4.153063,s3.781860,s269.936619
184_170,s-1.778952,s5.738134,s24.828866
184_171,s5.823371,s-0.338012,s179.082138
184_172,s4.260203,s-2.320553,s323.024186
184_173,s-4.734663,s3.965611,s71.511321
184_174,s-6.628486,s-0.905139,s269.009841
184_175,s-4.924042,s-2.987056,s62.150981
184_176,s1.410922,s5.928809,s261.817360
184_177,s2.919111,s4.788476,s295.861844
184_178,s5.851600,s0.344413,s337.314411
184_179,s-4.870137,s-3.788227,s153.822560
184_180,s4.820607,s-2.537969,s296.065930
184_181,s-4.889322,s4.483489,s2.355789
184_182,s0.162072,s-6.230461,s60.300886
184_183,s5.743730,s-1.835882,s27.680677
185_0,s0.019101,s0.062919,s329.986627
185_1,s0.745651,s0.392909,s304.960199
185_2,s0.396658,s-0.925848,s187.553200
185_3,s-0.515130,s-0.556849,s297.845018
185_4,s-0.520427,s0.515830,s268.428491
185_5,s0.754199,s1.115668,s309.560723
185_6,s-1.093895,s-0.141779,s282.146435
185_7,s1.766340,s0.327424,s111.118016
185_8,s-1.814772,s-1.054077,s82.553714
185_9,s-0.851243,s-1.051826,s35.126842
185_10,s0.255082,s1.536584,s58.569977
185_11,s-1.537714,s1.155653,s231.205928
185_12,s0.759626,s-0.447088,s152.121789
185_13,s1.742638,s1.456877,s192.958401
185_14,s-0.598773,s0.984182,s37.374538
185_15,s-0.308540,s-1.259801,s335.750130
185_16,s0.136805,s-2.149465,s180.095615
185_17,s1.824064,s-1.314022,s98.025101
185_18,s2.270389,s-1.832057,s306.787129
185_19,s2.250868,s1.305157,s301.428058
185_20,s1.394711,s-2.083183,s332.145574
185_21,s-0.159287,s1.194779,s62.343563
185_22,s-1.652645,s0.538558,s199.431415
185_23,s-1.152341,s-1.350987,s58.806933
185_24,s0.627562,s2.057031,s7.689856
185_25,s0.166301,s2.542373,s75.624543
185_26,s-2.365527,s-1.454061,s59.214149
185_27,s2.327945,s-0.161270,s149.249244
185_28,s2.764946,s2.045571,s69.863657
185_29,s-2.027275,s1.492366,s175.649384
185_30,s-0.948012,s2.505011,s84.006113
185_31,s1.345936,s-0.401194,s91.064410
185_32,s-0.762730,s-1.868893,s299.690368
185_33,s0.311479,s-3.316436,s-1.881823
185_34,s2.545847,s-3.488454,s331.831459
185_35,s-1.478453,s-2.124292,s31.165565
185_36,s-1.836312,s-0.340274,s65.468383
185_37,s-2.500177,s0.390715,s239.285385
185_38,s-2.944604,s-0.760760,s57.664126
185_39,s-2.091585,s-2.158571,s149.602991
185_40,s2.273443,s0.183473,s328.282216
185_41,s-0.849612,s-2.441375,s249.415942
185_42,s1.363994,s-2.603272,s189.218230
185_43,s-2.555373,s1.010907,s180.602925
185_44,s-1.622875,s-2.845562,s208.717979
185_45,s-3.215922,s-0.040786,s7.908284
185_46,s2.253225,s-2.761667,s147.502832
185_47,s2.860870,s-0.259345,s-0.781673
185_48,s-0.284199,s2.122938,s120.079262
185_49,s0.864162,s-3.054460,s-2.954730
185_50,s1.498208,s1.867157,s30.182275
185_51,s-0.522775,s2.968845,s59.019294
185_52,s-0.509489,s-3.067591,s241.746828
185_53,s-1.693156,s1.910826,s269.634039
185_54,s-2.923589,s-2.483068,s124.792566
185_55,s-3.845440,s-0.784336,s208.582168
185_56,s-1.176400,s-3.197659,s234.635359
185_57,s-3.075483,s2.049242,s239.330657
185_58,s-3.606838,s1.344364,s293.993323
185_59,s3.013030,s1.237687,s-0.932523
185_60,s-3.930257,s0.641976,s63.456917
185_61,s-1.851606,s3.198590,s149.061645
185_62,s3.381697,s-1.962843,s301.981975
185_63,s-3.146899,s-1.939383,s-5.424442
185_64,s-2.170902,s2.370070,s179.970807
185_65,s2.836643,s2.487876,s210.049159
185_66,s-3.516682,s2.227493,s-1.742285
185_67,s-2.072257,s-3.266187,s240.860629
185_68,s1.868262,s3.052784,s238.411477
185_69,s0.590255,s3.210400,s298.750905
185_70,s3.154054,s-0.756912,s81.270646
185_71,s0.287978,s-4.025231,s306.303601
185_72,s-4.327685,s-0.262879,s119.480537
185_73,s1.484866,s3.366422,s2.588083
185_74,s0.446656,s3.842754,s117.026127
185_75,s-1.791034,s3.782775,s10.049998
185_76,s-3.724955,s-1.906245,s54.869116
185_77,s-2.842007,s2.555874,s299.946740
185_78,s-2.619521,s-3.042164,s210.592356
185_79,s-4.729071,s0.177531,s325.817454
185_80,s3.617755,s0.877980,s85.889789
185_81,s-1.669905,s-3.851346,s282.110814
185_82,s-0.900495,s3.738272,s121.493801
185_83,s-0.857862,s4.253881,s244.120254
185_84,s-2.628568,s3.224426,s209.472984
185_85,s-3.014386,s2.933427,s-0.594538
185_86,s1.595512,s-4.049732,s306.244338
185_87,s3.455014,s1.582019,s299.781385
185_88,s-4.925005,s0.491445,s17.351160
185_89,s-4.410977,s1.400496,s241.643639
185_90,s0.172853,s4.278613,s76.913307
185_91,s3.510595,s-0.054521,s332.738478
185_92,s-4.020951,s-2.746303,s119.020917
185_93,s-0.555785,s-3.965128,s241.241480
185_94,s2.158527,s3.676514,s56.858195
185_95,s-2.387293,s-3.543400,s164.533613
185_96,s-4.519930,s-2.364912,s101.676010
185_97,s-2.774869,s4.653029,s229.034154
185_98,s0.832733,s-4.434484,s330.522677
185_99,s-3.626352,s3.251227,s-4.662880
185_100,s-3.455451,s-3.685823,s29.104975
185_101,s-4.159204,s3.101218,s0.720523
185_102,s0.961301,s4.595608,s182.562014
185_103,s-5.846521,s0.595514,s119.592251
185_104,s-0.869970,s4.890184,s3.899880
185_105,s-4.856500,s-0.811667,s221.266715
185_106,s2.700108,s2.892555,s312.363524
185_107,s3.984994,s1.466820,s234.056990
185_108,s-4.116634,s2.696843,s179.522215
185_109,s3.407278,s-1.261296,s272.971164
185_110,s-1.833391,s4.731803,s4.946964
185_111,s-1.797533,s-4.360314,s147.908098
185_112,s4.000883,s0.846988,s268.776903
185_113,s-5.447237,s1.350758,s191.419982
185_114,s-2.852966,s-4.376699,s112.186923
185_115,s-1.259834,s-4.624763,s209.948867
185_116,s4.541945,s-0.592947,s34.889788
185_117,s-0.519209,s-4.653770,s85.113198
185_118,s-4.326205,s3.452417,s-0.288010
185_119,s2.418006,s4.056644,s54.900485
185_120,s1.059354,s-5.356334,s267.944366
185_121,s-5.259763,s-1.352601,s153.219756
185_122,s-5.364220,s-0.416820,s31.321401
185_123,s-0.299591,s5.100265,s232.156038
185_124,s-3.380245,s4.696906,s154.615298
185_125,s3.355201,s-2.447294,s211.587616
185_126,s-4.616782,s-1.796508,s31.919282
185_127,s3.649129,s3.042719,s207.604143
185_128,s3.819479,s-2.159199,s30.340223
185_129,s3.514360,s-3.413496,s30.776360
185_130,s2.796060,s3.925073,s304.901773
185_131,s4.439220,s2.632073,s240.253765
185_132,s1.442312,s4.474829,s301.427100
185_133,s-4.767568,s3.417375,s183.658605
185_134,s-4.575611,s-3.500379,s180.467144
185_135,s-5.847324,s-1.825524,s122.849964
185_136,s4.523110,s0.153687,s347.039777
185_137,s3.810715,s3.408904,s32.959128
185_138,s4.317045,s-2.722697,s183.536466
185_139,s-5.978557,s-0.807624,s26.836115
185_140,s2.124429,s5.538704,s232.769655
185_141,s-0.290202,s-5.037648,s188.368709
185_142,s-4.262659,s-4.082061,s147.820152
185_143,s4.608238,s-1.257437,s259.371797
185_144,s-4.021269,s4.419557,s-7.891675
185_145,s-3.046526,s-5.037234,s103.551619
185_146,s2.149484,s-4.677858,s2.584356
185_147,s-6.147591,s1.373614,s-7.968854
185_148,s-2.003587,s-5.513862,s238.770865
185_149,s-2.663600,s-5.294619,s339.797419
185_150,s-2.583140,s5.146756,s324.665874
185_151,s-1.414326,s5.353766,s331.049498
185_152,s5.045762,s0.612269,s304.186071
185_153,s2.198731,s4.661341,s89.481936
185_154,s5.181907,s1.304436,s304.472626
185_155,s4.962551,s-0.794343,s-2.765999
185_156,s0.784707,s5.323097,s240.653561
185_157,s-4.831110,s2.275704,s60.284388
185_158,s4.660955,s1.964050,s28.882938
185_159,s3.347565,s-3.729732,s146.730432
185_160,s-0.307917,s5.723738,s272.088174
185_161,s-5.356790,s3.467455,s153.334811
185_162,s-1.202018,s-5.452335,s195.701141
185_163,s5.159413,s-0.077832,s212.140228
185_164,s3.351164,s-4.333769,s182.349487
185_165,s3.700628,s4.191099,s-1.005053
185_166,s5.071354,s2.224053,s237.397073
185_167,s-3.476212,s5.286665,s47.936217
185_168,s4.893638,s-3.191474,s158.570756
185_169,s4.153063,s3.781860,s269.936619
185_170,s-1.778952,s5.738134,s24.828866
185_171,s5.823371,s-0.338012,s179.082138
185_172,s4.260203,s-2.320553,s323.024186
185_173,s-4.734663,s3.965611,s71.511321
185_174,s-6.628486,s-0.905139,s269.009841
185_175,s-4.924042,s-2.987056,s62.150981
185_176,s1.410922,s5.928809,s261.817360
185_177,s2.919111,s4.788476,s295.861844
185_178,s5.851600,s0.344413,s337.314411
185_179,s-4.870137,s-3.788227,s153.822560
185_180,s4.820607,s-2.537969,s296.065930
185_181,s-4.889322,s4.483489,s2.355789
185_182,s0.162072,s-6.230461,s60.300886
185_183,s5.743730,s-1.835882,s27.680677
185_184,s0.643940,s6.548415,s151.226021
186_0,s0.019101,s0.062919,s329.986627
186_1,s0.745651,s0.392909,s304.960199
186_2,s0.396658,s-0.925848,s187.553200
186_3,s-0.515130,s-0.556849,s297.845018
186_4,s-0.520427,s0.515830,s268.428491
186_5,s0.754199,s1.115668,s309.560723
186_6,s-1.093895,s-0.141779,s282.146435
186_7,s1.766340,s0.327424,s111.118016
186_8,s-1.814772,s-1.054077,s82.553714
186_9,s-0.851243,s-1.051826,s35.126842
186_10,s0.255082,s1.536584,s58.569977
186_11,s-1.537714,s1.155653,s231.205928
186_12,s0.759626,s-0.447088,s152.121789
186_13,s1.742638,s1.456877,s192.958401
186_14,s-0.598773,s0.984182,s37.374538
186_15,s-0.308540,s-1.259801,s335.750130
186_16,s0.136805,s-2.149465,s180.095615
186_17,s1.824064,s-1.314022,s98.025101
186_18,s2.270389,s-1.832057,s306.787129
186_19,s2.250868,s1.305157,s301.428058
186_20,s1.394711,s-2.083183,s332.145574
186_21,s-0.159287,s1.194779,s62.343563
186_22,s-1.652645,s0.538558,s199.431415
186_23,s-1.152341,s-1.350987,s58.806933
186_24,s0.627562,s2.057031,s7.689856
186_25,s0.166301,s2.542373,s75.624543
186_26,s-2.365527,s-1.454061,s59.214149
186_27,s2.327945,s-0.161270,s149.249244
186_28,s2.764946,s2.045571,s69.863657
186_29,s-2.027275,s1.492366,s175.649384
186_30,s-0.948012,s2.505011,s84.006113
186_31,s1.345936,s-0.401194,s91.064410
186_32,s-0.762730,s-1.868893,s299.690368
186_33,s0.311479,s-3.316436,s-1.881823
186_34,s2.545847,s-3.488454,s331.831459
186_35,s-1.478453,s-2.124292,s31.165565
186_36,s-1.836312,s-0.340274,s65.468383
186_37,s-2.500177,s0.390715,s239.285385
186_38,s-2.944604,s-0.760760,s57.664126
186_39,s-2.091585,s-2.158571,s149.602991
186_40,s2.273443,s0.183473,s328.282216
186_41,s-0.849612,s-2.441375,s249.415942
186_42,s1.363994,s-2.603272,s189.218230
186_43,s-2.555373,s1.010907,s180.602925
186_44,s-1.622875,s-2.845562,s208.717979
186_45,s-3.215922,s-0.040786,s7.908284
186_46,s2.253225,s-2.761667,s147.502832
186_47,s2.860870,s-0.259345,s-0.781673
186_48,s-0.284199,s2.122938,s120.079262
186_49,s0.864162,s-3.054460,s-2.954730
186_50,s1.498208,s1.867157,s30.182275
186_51,s-0.522775,s2.968845,s59.019294
186_52,s-0.509489,s-3.067591,s241.746828
186_53,s-1.693156,s1.910826,s269.634039
186_54,s-2.923589,s-2.483068,s124.792566
186_55,s-3.845440,s-0.784336,s208.582168
186_56,s-1.176400,s-3.197659,s234.635359
186_57,s-3.075483,s2.049242,s239.330657
186_58,s-3.606838,s1.344364,s293.993323
186_59,s3.013030,s1.237687,s-0.932523
186_60,s-3.930257,s0.641976,s63.456917
186_61,s-1.851606,s3.198590,s149.061645
186_62,s3.381697,s-1.962843,s301.981975
186_63,s-3.146899,s-1.939383,s-5.424442
186_64,s-2.170902,s2.370070,s179.970807
186_65,s2.836643,s2.487876,s210.049159
186_66,s-3.516682,s2.227493,s-1.742285
186_67,s-2.072257,s-3.266187,s240.860629
186_68,s1.868262,s3.052784,s238.411477
186_69,s0.590255,s3.210400,s298.750905
186_70,s3.154054,s-0.756912,s81.270646
186_71,s0.287978,s-4.025231,s306.303601
186_72,s-4.327685,s-0.262879,s119.480537
186_73,s1.484866,s3.366422,s2.588083
186_74,s0.446656,s3.842754,s117.026127
186_75,s-1.791034,s3.782775,s10.049998
186_76,s-3.724955,s-1.906245,s54.869116
186_77,s-2.842007,s2.555874,s299.946740
186_78,s-2.619521,s-3.042164,s210.592356
186_79,s-4.729071,s0.177531,s325.817454
186_80,s3.617755,s0.877980,s85.889789
186_81,s-1.669905,s-3.851346,s282.110814
186_82,s-0.900495,s3.738272,s121.493801
186_83,s-0.857862,s4.253881,s244.120254
186_84,s-2.628568,s3.224426,s209.472984
186_85,s-3.014386,s2.933427,s-0.594538
186_86,s1.595512,s-4.049732,s306.244338
186_87,s3.455014,s1.582019,s299.781385
186_88,s-4.925005,s0.491445,s17.351160
186_89,s-4.410977,s1.400496,s241.643639
186_90,s0.172853,s4.278613,s76.913307
186_91,s3.510595,s-0.054521,s332.738478
186_92,s-4.020951,s-2.746303,s119.020917
186_93,s-0.555785,s-3.965128,s241.241480
186_94,s2.158527,s3.676514,s56.858195
186_95,s-2.387293,s-3.543400,s164.533613
186_96,s-4.519930,s-2.364912,s101.676010
186_97,s-2.774869,s4.653029,s229.034154
186_98,s0.832733,s-4.434484,s330.522677
186_99,s-3.626352,s3.251227,s-4.662880
186_100,s-3.455451,s-3.685823,s29.104975
186_101,s-4.159204,s3.101218,s0.720523
186_102,s0.961301,s4.595608,s182.562014
186_103,s-5.846521,s0.595514,s119.592251
186_104,s-0.869970,s4.890184,s3.899880
186_105,s-4.856500,s-0.811667,s221.266715
186_106,s2.700108,s2.892555,s312.363524
186_107,s3.984994,s1.466820,s234.056990
186_108,s-4.116634,s2.696843,s179.522215
186_109,s3.407278,s-1.261296,s272.971164
186_110,s-1.833391,s4.731803,s4.946964
186_111,s-1.797533,s-4.360314,s147.908098
186_112,s4.000883,s0.846988,s268.776903
186_113,s-5.447237,s1.350758,s191.419982
186_114,s-2.852966,s-4.376699,s112.186923
186_115,s-1.259834,s-4.624763,s209.948867
186_116,s4.541945,s-0.592947,s34.889788
186_117,s-0.519209,s-4.653770,s85.113198
186_118,s-4.326205,s3.452417,s-0.288010
186_119,s2.418006,s4.056644,s54.900485
186_120,s1.059354,s-5.356334,s267.944366
186_121,s-5.259763,s-1.352601,s153.219756
186_122,s-5.364220,s-0.416820,s31.321401
186_123,s-0.299591,s5.100265,s232.156038
186_124,s-3.380245,s4.696906,s154.615298
186_125,s3.355201,s-2.447294,s211.587616
186_126,s-4.616782,s-1.796508,s31.919282
186_127,s3.649129,s3.042719,s207.604143
186_128,s3.819479,s-2.159199,s30.340223
186_129,s3.514360,s-3.413496,s30.776360
186_130,s2.796060,s3.925073,s304.901773
186_131,s4.439220,s2.632073,s240.253765
186_132,s1.442312,s4.474829,s301.427100
186_133,s-4.767568,s3.417375,s183.658605
186_134,s-4.575611,s-3.500379,s180.467144
186_135,s-5.847324,s-1.825524,s122.849964
186_136,s4.523110,s0.153687,s347.039777
186_137,s3.810715,s3.408904,s32.959128
186_138,s4.317045,s-2.722697,s183.536466
186_139,s-5.978557,s-0.807624,s26.836115
186_140,s2.124429,s5.538704,s232.769655
186_141,s-0.290202,s-5.037648,s188.368709
186_142,s-4.262659,s-4.082061,s147.820152
186_143,s4.608238,s-1.257437,s259.371797
186_144,s-4.021269,s4.419557,s-7.891675
186_145,s-3.046526,s-5.037234,s103.551619
186_146,s2.149484,s-4.677858,s2.584356
186_147,s-6.147591,s1.373614,s-7.968854
186_148,s-2.003587,s-5.513862,s238.770865
186_149,s-2.663600,s-5.294619,s339.797419
186_150,s-2.583140,s5.146756,s324.665874
186_151,s-1.414326,s5.353766,s331.049498
186_152,s5.045762,s0.612269,s304.186071
186_153,s2.198731,s4.661341,s89.481936
186_154,s5.181907,s1.304436,s304.472626
186_155,s4.962551,s-0.794343,s-2.765999
186_156,s0.784707,s5.323097,s240.653561
186_157,s-4.831110,s2.275704,s60.284388
186_158,s4.660955,s1.964050,s28.882938
186_159,s3.347565,s-3.729732,s146.730432
186_160,s-0.307917,s5.723738,s272.088174
186_161,s-5.356790,s3.467455,s153.334811
186_162,s-1.202018,s-5.452335,s195.701141
186_163,s5.159413,s-0.077832,s212.140228
186_164,s3.351164,s-4.333769,s182.349487
186_165,s3.700628,s4.191099,s-1.005053
186_166,s5.071354,s2.224053,s237.397073
186_167,s-3.476212,s5.286665,s47.936217
186_168,s4.893638,s-3.191474,s158.570756
186_169,s4.153063,s3.781860,s269.936619
186_170,s-1.778952,s5.738134,s24.828866
186_171,s5.823371,s-0.338012,s179.082138
186_172,s4.260203,s-2.320553,s323.024186
186_173,s-4.734663,s3.965611,s71.511321
186_174,s-6.628486,s-0.905139,s269.009841
186_175,s-4.924042,s-2.987056,s62.150981
186_176,s1.410922,s5.928809,s261.817360
186_177,s2.919111,s4.788476,s295.861844
186_178,s5.851600,s0.344413,s337.314411
186_179,s-4.870137,s-3.788227,s153.822560
186_180,s4.820607,s-2.537969,s296.065930
186_181,s-4.889322,s4.483489,s2.355789
186_182,s0.162072,s-6.230461,s60.300886
186_183,s5.743730,s-1.835882,s27.680677
186_184,s0.643940,s6.548415,s151.226021
186_185,s2.322564,s-5.062667,s205.926180
187_0,s0.019101,s0.062919,s329.986627
187_1,s0.745651,s0.392909,s304.960199
187_2,s0.396658,s-0.925848,s187.553200
187_3,s-0.515130,s-0.556849,s297.845018
187_4,s-0.520427,s0.515830,s268.428491
187_5,s0.754199,s1.115668,s309.560723
187_6,s-1.093895,s-0.141779,s282.146435
187_7,s1.766340,s0.327424,s111.118016
187_8,s-1.814772,s-1.054077,s82.553714
187_9,s-0.851243,s-1.051826,s35.126842
187_10,s0.255082,s1.536584,s58.569977
187_11,s-1.537714,s1.155653,s231.205928
187_12,s0.759626,s-0.447088,s152.121789
187_13,s1.742638,s1.456877,s192.958401
187_14,s-0.598773,s0.984182,s37.374538
187_15,s-0.308540,s-1.259801,s335.750130
187_16,s0.136805,s-2.149465,s180.095615
187_17,s1.824064,s-1.314022,s98.025101
187_18,s2.270389,s-1.832057,s306.787129
187_19,s2.250868,s1.305157,s301.428058
187_20,s1.394711,s-2.083183,s332.145574
187_21,s-0.159287,s1.194779,s62.343563
187_22,s-1.652645,s0.538558,s199.431415
187_23,s-1.152341,s-1.350987,s58.806933
187_24,s0.627562,s2.057031,s7.689856
187_25,s0.166301,s2.542373,s75.624543
187_26,s-2.365527,s-1.454061,s59.214149
187_27,s2.327945,s-0.161270,s149.249244
187_28,s2.764946,s2.045571,s69.863657
187_29,s-2.027275,s1.492366,s175.649384
187_30,s-0.948012,s2.505011,s84.006113
187_31,s1.345936,s-0.401194,s91.064410
187_32,s-0.762730,s-1.868893,s299.690368
187_33,s0.311479,s-3.316436,s-1.881823
187_34,s2.545847,s-3.488454,s331.831459
187_35,s-1.478453,s-2.124292,s31.165565
187_36,s-1.836312,s-0.340274,s65.468383
187_37,s-2.500177,s0.390715,s239.285385
187_38,s-2.944604,s-0.760760,s57.664126
187_39,s-2.091585,s-2.158571,s149.602991
187_40,s2.273443,s0.183473,s328.282216
187_41,s-0.849612,s-2.441375,s249.415942
187_42,s1.363994,s-2.603272,s189.218230
187_43,s-2.555373,s1.010907,s180.602925
187_44,s-1.622875,s-2.845562,s208.717979
187_45,s-3.215922,s-0.040786,s7.908284
187_46,s2.253225,s-2.761667,s147.502832
187_47,s2.860870,s-0.259345,s-0.781673
187_48,s-0.284199,s2.122938,s120.079262
187_49,s0.864162,s-3.054460,s-2.954730
187_50,s1.498208,s1.867157,s30.182275
187_51,s-0.522775,s2.968845,s59.019294
187_52,s-0.509489,s-3.067591,s241.746828
187_53,s-1.740897,s1.890085,s264.694635
187_54,s-2.923589,s-2.483068,s124.792566
187_55,s-3.845440,s-0.784336,s208.582168
187_56,s-1.176400,s-3.197659,s234.635359
187_57,s-3.075483,s2.049242,s239.330657
187_58,s-3.556016,s1.337239,s296.173528
187_59,s3.013030,s1.237687,s-0.932523
187_60,s-3.930257,s0.641976,s63.456917
187_61,s-1.851606,s3.198590,s149.061645
187_62,s3.381697,s-1.962843,s301.981975
187_63,s-3.146899,s-1.939383,s-5.424442
187_64,s-2.170902,s2.370070,s179.970807
187_65,s2.836643,s2.487876,s210.049159
187_66,s-3.516682,s2.227493,s-1.742285
187_67,s-2.072257,s-3.266187,s240.860629
187_68,s1.868262,s3.052784,s238.411477
187_69,s0.590255,s3.210400,s298.750905
187_70,s3.154054,s-0.756912,s81.270646
187_71,s0.287978,s-4.025231,s306.303601
187_72,s-4.327685,s-0.262879,s119.480537
187_73,s1.484866,s3.366422,s2.588083
187_74,s0.446656,s3.842754,s117.026127
187_75,s-1.791034,s3.782775,s10.049998
187_76,s-3.724955,s-1.906245,s54.869116
187_77,s-2.842007,s2.555874,s299.946740
187_78,s-2.619521,s-3.042164,s210.592356
187_79,s-4.729071,s0.177531,s325.817454
187_80,s3.460320,s0.812475,s82.640364
187_81,s-1.669905,s-3.851346,s282.110814
187_82,s-0.900495,s3.738272,s121.493801
187_83,s-0.857862,s4.253881,s244.120254
187_84,s-2.628568,s3.224426,s209.472984
187_85,s-3.014386,s2.933427,s-0.594538
187_86,s1.595512,s-4.049732,s306.244338
187_87,s3.455014,s1.582019,s299.781385
187_88,s-4.925005,s0.491445,s17.351160
187_89,s-4.410977,s1.400496,s241.643639
187_90,s0.172853,s4.278613,s76.913307
187_91,s3.510595,s-0.054521,s332.738478
187_92,s-4.020951,s-2.746303,s119.020917
187_93,s-0.555785,s-3.965128,s241.241480
187_94,s2.158527,s3.676514,s56.858195
187_95,s-2.387293,s-3.543400,s164.533613
187_96,s-4.519930,s-2.364912,s101.676010
187_97,s-2.774869,s4.653029,s229.034154
187_98,s0.832733,s-4.434484,s330.522677
187_99,s-3.626352,s3.251227,s-4.662880
187_100,s-3.455451,s-3.685823,s29.104975
187_101,s-4.159204,s3.101218,s0.720523
187_102,s0.961301,s4.595608,s182.562014
187_103,s-5.846521,s0.595514,s119.592251
187_104,s-0.869970,s4.890184,s3.899880
187_105,s-4.856500,s-0.811667,s221.266715
187_106,s2.700108,s2.892555,s312.363524
187_107,s3.984994,s1.466820,s234.056990
187_108,s-4.116634,s2.696843,s179.522215
187_109,s3.407278,s-1.261296,s272.971164
187_110,s-1.833391,s4.731803,s4.946964
187_111,s-1.797533,s-4.360314,s147.908098
187_112,s4.000883,s0.846988,s268.776903
187_113,s-5.447237,s1.350758,s191.419982
187_114,s-2.852966,s-4.376699,s112.186923
187_115,s-1.259834,s-4.624763,s209.948867
187_116,s4.541945,s-0.592947,s34.889788
187_117,s-0.519209,s-4.653770,s85.113198
187_118,s-4.326205,s3.452417,s-0.288010
187_119,s2.418006,s4.056644,s54.900485
187_120,s1.059354,s-5.356334,s267.944366
187_121,s-5.259763,s-1.352601,s153.219756
187_122,s-5.364220,s-0.416820,s31.321401
187_123,s-0.299591,s5.100265,s232.156038
187_124,s-3.380245,s4.696906,s154.615298
187_125,s3.355201,s-2.447294,s211.587616
187_126,s-4.616782,s-1.796508,s31.919282
187_127,s3.649129,s3.042719,s207.604143
187_128,s3.819479,s-2.159199,s30.340223
187_129,s3.518212,s-3.395612,s35.307818
187_130,s2.796060,s3.925073,s304.901773
187_131,s4.439220,s2.632073,s240.253765
187_132,s1.442312,s4.474829,s301.427100
187_133,s-4.767568,s3.417375,s183.658605
187_134,s-4.575611,s-3.500379,s180.467144
187_135,s-5.847324,s-1.825524,s122.849964
187_136,s4.523110,s0.153687,s347.039777
187_137,s3.810715,s3.408904,s32.959128
187_138,s4.317045,s-2.722697,s183.536466
187_139,s-5.978557,s-0.807624,s26.836115
187_140,s2.124429,s5.538704,s232.769655
187_141,s-0.290202,s-5.037648,s188.368709
187_142,s-4.262659,s-4.082061,s147.820152
187_143,s4.608238,s-1.257437,s259.371797
187_144,s-4.021269,s4.419557,s-7.891675
187_145,s-3.046526,s-5.037234,s103.551619
187_146,s2.149484,s-4.677858,s2.584356
187_147,s-6.129860,s1.379390,s-11.571599
187_148,s-2.003587,s-5.513862,s238.770865
187_149,s-2.663600,s-5.294619,s339.797419
187_150,s-2.583140,s5.146756,s324.665874
187_151,s-1.414326,s5.353766,s331.049498
187_152,s5.045762,s0.612269,s304.186071
187_153,s2.198731,s4.661341,s89.481936
187_154,s5.181907,s1.304436,s304.472626
187_155,s4.962551,s-0.794343,s-2.765999
187_156,s0.777402,s5.284165,s332.528818
187_157,s-4.831110,s2.275704,s60.284388
187_158,s4.660955,s1.964050,s28.882938
187_159,s3.347565,s-3.729732,s146.730432
187_160,s-0.307917,s5.723738,s272.088174
187_161,s-5.356790,s3.467455,s153.334811
187_162,s-1.202018,s-5.452335,s195.701141
187_163,s5.159413,s-0.077832,s212.140228
187_164,s3.351164,s-4.333769,s182.349487
187_165,s3.700628,s4.191099,s-1.005053
187_166,s5.071354,s2.224053,s237.397073
187_167,s-3.468673,s5.259859,s40.809534
187_168,s4.893638,s-3.191474,s158.570756
187_169,s4.153063,s3.781860,s269.936619
187_170,s-1.790646,s5.879083,s22.443471
187_171,s5.823371,s-0.338012,s179.082138
187_172,s4.260203,s-2.320553,s323.024186
187_173,s-4.734663,s3.965611,s71.511321
187_174,s-6.628486,s-0.905139,s269.009841
187_175,s-4.924042,s-2.987056,s62.150981
187_176,s1.410922,s5.928809,s261.817360
187_177,s2.919111,s4.788476,s295.861844
187_178,s5.886633,s0.305992,s340.564672
187_179,s-4.870137,s-3.788227,s153.822560
187_180,s4.820607,s-2.537969,s296.065930
187_181,s-4.889322,s4.483489,s2.355789
187_182,s0.205055,s-6.191826,s61.700220
187_183,s5.743730,s-1.835882,s27.680677
187_184,s0.643940,s6.548415,s151.226021
187_185,s2.322564,s-5.062667,s205.926180
187_186,s-5.884687,s-2.876275,s-1.157290
188_0,s0.019101,s0.062919,s329.986627
188_1,s0.745651,s0.392909,s304.960199
188_2,s0.396658,s-0.925848,s187.553200
188_3,s-0.515130,s-0.556849,s297.845018
188_4,s-0.520427,s0.515830,s268.428491
188_5,s0.754199,s1.115668,s309.560723
188_6,s-1.093895,s-0.141779,s282.146435
188_7,s1.766340,s0.327424,s111.118016
188_8,s-1.814772,s-1.054077,s82.553714
188_9,s-0.851243,s-1.051826,s35.126842
188_10,s0.255082,s1.536584,s58.569977
188_11,s-1.537714,s1.155653,s231.205928
188_12,s0.759626,s-0.447088,s152.121789
188_13,s1.742638,s1.456877,s192.958401
188_14,s-0.598773,s0.984182,s37.374538
188_15,s-0.308540,s-1.259801,s335.750130
188_16,s0.136805,s-2.149465,s180.095615
188_17,s1.824064,s-1.314022,s98.025101
188_18,s2.270389,s-1.832057,s306.787129
188_19,s2.250868,s1.305157,s301.428058
188_20,s1.394711,s-2.083183,s332.145574
188_21,s-0.159287,s1.194779,s62.343563
188_22,s-1.652645,s0.538558,s199.431415
188_23,s-1.152341,s-1.350987,s58.806933
188_24,s0.627562,s2.057031,s7.689856
188_25,s0.166301,s2.542373,s75.624543
188_26,s-2.365527,s-1.454061,s59.214149
188_27,s2.327945,s-0.161270,s149.249244
188_28,s2.764946,s2.045571,s69.863657
188_29,s-2.027275,s1.492366,s175.649384
188_30,s-0.948012,s2.505011,s84.006113
188_31,s1.345936,s-0.401194,s91.064410
188_32,s-0.762730,s-1.868893,s299.690368
188_33,s0.311479,s-3.316436,s-1.881823
188_34,s2.545847,s-3.488454,s331.831459
188_35,s-1.478453,s-2.124292,s31.165565
188_36,s-1.836312,s-0.340274,s65.468383
188_37,s-2.500177,s0.390715,s239.285385
188_38,s-2.944604,s-0.760760,s57.664126
188_39,s-2.091585,s-2.158571,s149.602991
188_40,s2.273443,s0.183473,s328.282216
188_41,s-0.849612,s-2.441375,s249.415942
188_42,s1.363994,s-2.603272,s189.218230
188_43,s-2.555373,s1.010907,s180.602925
188_44,s-1.622875,s-2.845562,s208.717979
188_45,s-3.215922,s-0.040786,s7.908284
188_46,s2.253225,s-2.761667,s147.502832
188_47,s2.860870,s-0.259345,s-0.781673
188_48,s-0.284199,s2.122938,s120.079262
188_49,s0.864162,s-3.054460,s-2.954730
188_50,s1.498208,s1.867157,s30.182275
188_51,s-0.522775,s2.968845,s59.019294
188_52,s-0.509489,s-3.067591,s241.746828
188_53,s-1.740897,s1.890085,s264.694635
188_54,s-2.923589,s-2.483068,s124.792566
188_55,s-3.845440,s-0.784336,s208.582168
188_56,s-1.176400,s-3.197659,s234.635359
188_57,s-3.075483,s2.049242,s239.330657
188_58,s-3.556016,s1.337239,s296.173528
188_59,s3.013030,s1.237687,s-0.932523
188_60,s-3.930257,s0.641976,s63.456917
188_61,s-1.851606,s3.198590,s149.061645
188_62,s3.381697,s-1.962843,s301.981975
188_63,s-3.146899,s-1.939383,s-5.424442
188_64,s-2.170902,s2.370070,s179.970807
188_65,s2.836643,s2.487876,s210.049159
188_66,s-3.516682,s2.227493,s-1.742285
188_67,s-2.072257,s-3.266187,s240.860629
188_68,s1.868262,s3.052784,s238.411477
188_69,s0.590255,s3.210400,s298.750905
188_70,s3.154054,s-0.756912,s81.270646
188_71,s0.287978,s-4.025231,s306.303601
188_72,s-4.327685,s-0.262879,s119.480537
188_73,s1.484866,s3.366422,s2.588083
188_74,s0.446656,s3.842754,s117.026127
188_75,s-1.791034,s3.782775,s10.049998
188_76,s-3.724955,s-1.906245,s54.869116
188_77,s-2.842007,s2.555874,s299.946740
188_78,s-2.619521,s-3.042164,s210.592356
188_79,s-4.729071,s0.177531,s325.817454
188_80,s3.460320,s0.812475,s82.640364
188_81,s-1.669905,s-3.851346,s282.110814
188_82,s-0.900495,s3.738272,s121.493801
188_83,s-0.857862,s4.253881,s244.120254
188_84,s-2.628568,s3.224426,s209.472984
188_85,s-3.014386,s2.933427,s-0.594538
188_86,s1.595512,s-4.049732,s306.244338
188_87,s3.455014,s1.582019,s299.781385
188_88,s-4.925005,s0.491445,s17.351160
188_89,s-4.410977,s1.400496,s241.643639
188_90,s0.172853,s4.278613,s76.913307
188_91,s3.510595,s-0.054521,s332.738478
188_92,s-4.020951,s-2.746303,s119.020917
188_93,s-0.555785,s-3.965128,s241.241480
188_94,s2.158527,s3.676514,s56.858195
188_95,s-2.387293,s-3.543400,s164.533613
188_96,s-4.519930,s-2.364912,s101.676010
188_97,s-2.774869,s4.653029,s229.034154
188_98,s0.832733,s-4.434484,s330.522677
188_99,s-3.626352,s3.251227,s-4.662880
188_100,s-3.455451,s-3.685823,s29.104975
188_101,s-4.159204,s3.101218,s0.720523
188_102,s0.961301,s4.595608,s182.562014
188_103,s-5.846521,s0.595514,s119.592251
188_104,s-0.869970,s4.890184,s3.899880
188_105,s-4.856500,s-0.811667,s221.266715
188_106,s2.700108,s2.892555,s312.363524
188_107,s3.984994,s1.466820,s234.056990
188_108,s-4.116634,s2.696843,s179.522215
188_109,s3.407278,s-1.261296,s272.971164
188_110,s-1.833391,s4.731803,s4.946964
188_111,s-1.797533,s-4.360314,s147.908098
188_112,s4.000883,s0.846988,s268.776903
188_113,s-5.447237,s1.350758,s191.419982
188_114,s-2.852966,s-4.376699,s112.186923
188_115,s-1.259834,s-4.624763,s209.948867
188_116,s4.541945,s-0.592947,s34.889788
188_117,s-0.519209,s-4.653770,s85.113198
188_118,s-4.326205,s3.452417,s-0.288010
188_119,s2.418006,s4.056644,s54.900485
188_120,s1.059354,s-5.356334,s267.944366
188_121,s-5.259763,s-1.352601,s153.219756
188_122,s-5.364220,s-0.416820,s31.321401
188_123,s-0.299591,s5.100265,s232.156038
188_124,s-3.380245,s4.696906,s154.615298
188_125,s3.355201,s-2.447294,s211.587616
188_126,s-4.616782,s-1.796508,s31.919282
188_127,s3.649129,s3.042719,s207.604143
188_128,s3.819479,s-2.159199,s30.340223
188_129,s3.518212,s-3.395612,s35.307818
188_130,s2.796060,s3.925073,s304.901773
188_131,s4.439220,s2.632073,s240.253765
188_132,s1.442312,s4.474829,s301.427100
188_133,s-4.767568,s3.417375,s183.658605
188_134,s-4.575611,s-3.500379,s180.467144
188_135,s-5.847324,s-1.825524,s122.849964
188_136,s4.523110,s0.153687,s347.039777
188_137,s3.810715,s3.408904,s32.959128
188_138,s4.317045,s-2.722697,s183.536466
188_139,s-5.978557,s-0.807624,s26.836115
188_140,s2.124429,s5.538704,s232.769655
188_141,s-0.290202,s-5.037648,s188.368709
188_142,s-4.262659,s-4.082061,s147.820152
188_143,s4.608238,s-1.257437,s259.371797
188_144,s-4.021269,s4.419557,s-7.891675
188_145,s-3.046526,s-5.037234,s103.551619
188_146,s2.149484,s-4.677858,s2.584356
188_147,s-6.129860,s1.379390,s-11.571599
188_148,s-2.003587,s-5.513862,s238.770865
188_149,s-2.663600,s-5.294619,s339.797419
188_150,s-2.583140,s5.146756,s324.665874
188_151,s-1.414326,s5.353766,s331.049498
188_152,s5.045762,s0.612269,s304.186071
188_153,s2.198731,s4.661341,s89.481936
188_154,s5.181907,s1.304436,s304.472626
188_155,s4.962551,s-0.794343,s-2.765999
188_156,s0.777402,s5.284165,s332.528818
188_157,s-4.831110,s2.275704,s60.284388
188_158,s4.660955,s1.964050,s28.882938
188_159,s3.347565,s-3.729732,s146.730432
188_160,s-0.307917,s5.723738,s272.088174
188_161,s-5.356790,s3.467455,s153.334811
188_162,s-1.202018,s-5.452335,s195.701141
188_163,s5.159413,s-0.077832,s212.140228
188_164,s3.351164,s-4.333769,s182.349487
188_165,s3.700628,s4.191099,s-1.005053
188_166,s5.071354,s2.224053,s237.397073
188_167,s-3.468673,s5.259859,s40.809534
188_168,s4.893638,s-3.191474,s158.570756
188_169,s4.153063,s3.781860,s269.936619
188_170,s-1.790646,s5.879083,s22.443471
188_171,s5.823371,s-0.338012,s179.082138
188_172,s4.260203,s-2.320553,s323.024186
188_173,s-4.734663,s3.965611,s71.511321
188_174,s-6.628486,s-0.905139,s269.009841
188_175,s-4.924042,s-2.987056,s62.150981
188_176,s1.410922,s5.928809,s261.817360
188_177,s2.919111,s4.788476,s295.861844
188_178,s5.886633,s0.305992,s340.564672
188_179,s-4.870137,s-3.788227,s153.822560
188_180,s4.820607,s-2.537969,s296.065930
188_181,s-4.889322,s4.483489,s2.355789
188_182,s0.205055,s-6.191826,s61.700220
188_183,s5.743730,s-1.835882,s27.680677
188_184,s0.643940,s6.548415,s151.226021
188_185,s2.322564,s-5.062667,s205.926180
188_186,s-5.884687,s-2.876275,s-1.157290
188_187,s4.626336,s4.261586,s59.792332
189_0,s0.019101,s0.062919,s329.986627
189_1,s0.796405,s0.331715,s312.655892
189_2,s0.396658,s-0.925848,s187.553200
189_3,s-0.515130,s-0.556849,s297.845018
189_4,s-0.520427,s0.515830,s268.428491
189_5,s0.735854,s1.064709,s299.451813
189_6,s-1.093895,s-0.141779,s282.146435
189_7,s1.766340,s0.327424,s111.118016
189_8,s-1.814772,s-1.054077,s82.553714
189_9,s-0.851243,s-1.051826,s35.126842
189_10,s0.255082,s1.536584,s58.569977
189_11,s-1.562308,s1.118962,s230.537096
189_12,s0.759626,s-0.447088,s152.121789
189_13,s1.774685,s1.424265,s191.332805
189_14,s-0.598773,s0.984182,s37.374538
189_15,s-0.308540,s-1.259801,s335.750130
189_16,s0.192757,s-2.161751,s297.494913
189_17,s1.824064,s-1.314022,s98.025101
189_18,s2.413365,s-1.815172,s304.274596
189_19,s2.250868,s1.305157,s301.428058
189_20,s1.394711,s-2.083183,s332.145574
189_21,s-0.159287,s1.194779,s62.343563
189_22,s-1.622454,s0.528707,s196.263422
189_23,s-1.152341,s-1.350987,s58.806933
189_24,s0.697892,s1.978345,s17.180039
189_25,s0.129960,s2.501475,s69.650392
189_26,s-2.308547,s-1.543133,s60.980164
189_27,s2.337321,s-0.209028,s146.686407
189_28,s2.764946,s2.045571,s69.863657
189_29,s-2.004592,s1.550063,s174.338974
189_30,s-0.880825,s2.432797,s82.795485
189_31,s1.345936,s-0.401194,s91.064410
189_32,s-0.762730,s-1.868893,s299.690368
189_33,s0.311479,s-3.316436,s-1.881823
189_34,s2.499912,s-3.547833,s335.699258
189_35,s-1.490539,s-2.164612,s270.830988
189_36,s-1.898944,s-0.342122,s70.894729
189_37,s-2.500177,s0.390715,s239.285385
189_38,s-2.851405,s-0.711143,s45.323719
189_39,s-2.091585,s-2.158571,s149.602991
189_40,s2.367920,s0.135979,s327.957845
189_41,s-0.765823,s-2.473103,s251.578170
189_42,s1.363994,s-2.603272,s189.218230
189_43,s-2.531572,s1.015150,s90.662956
189_44,s-1.622875,s-2.845562,s208.717979
189_45,s-3.236900,s-0.019657,s27.255453
189_46,s2.264086,s-2.766546,s31.400006
189_47,s2.860870,s-0.259345,s-0.781673
189_48,s-0.284199,s2.122938,s120.079262
189_49,s0.864162,s-3.054460,s-2.954730
189_50,s1.498208,s1.867157,s30.182275
189_51,s-0.522775,s2.968845,s59.019294
189_52,s-0.509489,s-3.067591,s241.746828
189_53,s-1.828274,s1.897758,s262.325989
189_54,s-2.923589,s-2.483068,s124.792566
189_55,s-3.877620,s-0.796378,s212.138079
189_56,s-1.176400,s-3.197659,s234.635359
189_57,s-3.075483,s2.049242,s239.330657
189_58,s-3.582812,s1.226694,s291.327261
189_59,s3.013030,s1.237687,s-0.932523
189_60,s-3.930257,s0.641976,s63.456917
189_61,s-1.851606,s3.198590,s149.061645
189_62,s3.381697,s-1.962843,s301.981975
189_63,s-3.136989,s-1.848071,s-4.759672
189_64,s-2.170902,s2.370070,s179.970807
189_65,s2.836643,s2.487876,s210.049159
189_66,s-3.516682,s2.227493,s-1.742285
189_67,s-2.072257,s-3.266187,s240.860629
189_68,s1.955060,s3.001622,s237.298774
189_69,s0.608495,s3.216724,s238.466663
189_70,s3.175185,s-0.739024,s84.164681
189_71,s0.148655,s-3.870709,s301.557476
189_72,s-4.327685,s-0.262879,s119.480537
189_73,s1.484866,s3.366422,s2.588083
189_74,s0.368698,s3.826718,s126.819797
189_75,s-1.791034,s3.782775,s10.049998
189_76,s-3.679735,s-1.872231,s49.002807
189_77,s-2.842007,s2.555874,s299.946740
189_78,s-2.581322,s-3.036069,s90.793479
189_79,s-4.729071,s0.177531,s325.817454
189_80,s3.412453,s0.822683,s81.110147
189_81,s-1.669905,s-3.851346,s282.110814
189_82,s-0.900495,s3.738272,s121.493801
189_83,s-0.817181,s4.281617,s244.503212
189_84,s-2.628568,s3.224426,s209.472984
189_85,s-3.014386,s2.933427,s-0.594538
189_86,s1.587441,s-4.013175,s308.364720
189_87,s3.455014,s1.582019,s299.781385
189_88,s-4.925005,s0.491445,s17.351160
189_89,s-4.410977,s1.400496,s241.643639
189_90,s0.172853,s4.278613,s76.913307
189_91,s3.435722,s-0.077115,s329.759658
189_92,s-4.023829,s-2.804702,s176.758898
189_93,s-0.555785,s-3.965128,s241.241480
189_94,s2.158527,s3.676514,s56.858195
189_95,s-2.387293,s-3.543400,s164.533613
189_96,s-4.433368,s-2.301822,s95.350130
189_97,s-2.874858,s4.597370,s229.338916
189_98,s0.920642,s-4.412341,s332.456364
189_99,s-3.626352,s3.251227,s-4.662880
189_100,s-3.455790,s-3.680311,s25.737731
189_101,s-4.159204,s3.101218,s0.720523
189_102,s0.961301,s4.595608,s182.562014
189_103,s-5.965621,s0.557013,s129.399047
189_104,s-0.869970,s4.890184,s3.899880
189_105,s-4.957623,s-0.856920,s221.222475
189_106,s2.642715,s2.958074,s310.665303
189_107,s3.984994,s1.466820,s234.056990
189_108,s-4.116634,s2.696843,s179.522215
189_109,s3.407278,s-1.261296,s272.971164
189_110,s-1.833391,s4.731803,s4.946964
189_111,s-1.884128,s-4.356117,s155.284481
189_112,s4.000883,s0.846988,s268.776903
189_113,s-5.447237,s1.350758,s191.419982
189_114,s-2.884538,s-4.388112,s116.365622
189_115,s-1.259834,s-4.624763,s209.948867
189_116,s4.541945,s-0.592947,s34.889788
189_117,s-0.519209,s-4.653770,s85.113198
189_118,s-4.326205,s3.452417,s-0.288010
189_119,s2.418006,s4.056644,s54.900485
189_120,s1.007966,s-5.382780,s243.546285
189_121,s-5.227617,s-1.312188,s148.389242
189_122,s-5.364220,s-0.416820,s31.321401
189_123,s-0.299591,s5.100265,s232.156038
189_124,s-3.380245,s4.696906,s154.615298
189_125,s3.373379,s-2.494872,s213.017205
189_126,s-4.616782,s-1.796508,s31.919282
189_127,s3.649129,s3.042719,s207.604143
189_128,s3.819479,s-2.159199,s30.340223
189_129,s3.518212,s-3.395612,s35.307818
189_130,s2.796060,s3.925073,s304.901773
189_131,s4.439220,s2.632073,s240.253765
189_132,s1.442312,s4.474829,s301.427100
189_133,s-4.767568,s3.417375,s183.658605
189_134,s-4.575611,s-3.500379,s180.467144
189_135,s-5.847324,s-1.825524,s122.849964
189_136,s4.523110,s0.153687,s347.039777
189_137,s3.722221,s3.375918,s32.280605
189_138,s4.303549,s-2.668921,s148.155489
189_139,s-5.978557,s-0.807624,s26.836115
189_140,s2.198014,s5.595628,s239.086401
189_141,s-0.174337,s-5.079135,s180.563215
189_142,s-4.262659,s-4.082061,s147.820152
189_143,s4.583103,s-1.144947,s260.673384
189_144,s-4.021269,s4.419557,s-7.891675
189_145,s-3.046526,s-5.037234,s103.551619
189_146,s2.149484,s-4.677858,s2.584356
189_147,s-6.098352,s1.386481,s-9.772973
189_148,s-1.926993,s-5.580650,s240.586124
189_149,s-2.610996,s-5.266215,s331.079025
189_150,s-2.505114,s5.118666,s326.433655
189_151,s-1.361441,s5.394447,s332.370293
189_152,s5.007207,s0.559392,s303.018329
189_153,s2.198731,s4.661341,s89.481936
189_154,s5.181907,s1.304436,s304.472626
189_155,s4.962551,s-0.794343,s-2.765999
189_156,s0.777402,s5.284165,s332.528818
189_157,s-4.799940,s2.289216,s27.643433
189_158,s4.660955,s1.964050,s28.882938
189_159,s3.310407,s-3.730103,s145.460920
189_160,s-0.236804,s5.779814,s-0.361174
189_161,s-5.346033,s3.518318,s30.568566
189_162,s-1.134745,s-5.494699,s196.072019
189_163,s5.159413,s-0.077832,s212.140228
189_164,s3.385407,s-4.362135,s188.615840
189_165,s3.774790,s4.198380,s3.094055
189_166,s5.071354,s2.224053,s237.397073
189_167,s-3.468673,s5.259859,s40.809534
189_168,s4.994423,s-3.188145,s157.149761
189_169,s4.197611,s3.738768,s272.610622
189_170,s-1.799050,s5.956874,s19.496741
189_171,s5.805653,s-0.270200,s27.416974
189_172,s4.260203,s-2.320553,s323.024186
189_173,s-4.734663,s3.965611,s71.511321
189_174,s-6.628486,s-0.905139,s269.009841
189_175,s-4.977173,s-3.034508,s63.297843
189_176,s1.449573,s5.950455,s299.004203
189_177,s2.934876,s4.784157,s300.176483
189_178,s5.886633,s0.305992,s340.564672
189_179,s-4.870137,s-3.788227,s153.822560
189_180,s4.820607,s-2.537969,s296.065930
189_181,s-4.837366,s4.462202,s30.461901
189_182,s0.153812,s-6.109908,s0.696115
189_183,s5.812803,s-1.825033,s24.391237
189_184,s0.701817,s6.561330,s144.850939
189_185,s2.322564,s-5.062667,s205.926180
189_186,s-5.920051,s-2.982896,s147.110721
189_187,s4.618502,s4.272530,s61.369699
189_188,s-6.635724,s1.561465,s0.129049
190_0,s0.019101,s0.062919,s329.986627
190_1,s0.796405,s0.331715,s312.655892
190_2,s0.396658,s-0.925848,s187.553200
190_3,s-0.515130,s-0.556849,s297.845018
190_4,s-0.520427,s0.515830,s268.428491
190_5,s0.735854,s1.064709,s299.451813
190_6,s-1.093895,s-0.141779,s282.146435
190_7,s1.766340,s0.327424,s111.118016
190_8,s-1.814772,s-1.054077,s82.553714
190_9,s-0.851243,s-1.051826,s35.126842
190_10,s0.255082,s1.536584,s58.569977
190_11,s-1.562308,s1.118962,s230.537096
190_12,s0.759626,s-0.447088,s152.121789
190_13,s1.774685,s1.424265,s191.332805
190_14,s-0.598773,s0.984182,s37.374538
190_15,s-0.308540,s-1.259801,s335.750130
190_16,s0.192757,s-2.161751,s297.494913
190_17,s1.824064,s-1.314022,s98.025101
190_18,s2.413365,s-1.815172,s304.274596
190_19,s2.250868,s1.305157,s301.428058
190_20,s1.394711,s-2.083183,s332.145574
190_21,s-0.159287,s1.194779,s62.343563
190_22,s-1.622454,s0.528707,s196.263422
190_23,s-1.152341,s-1.350987,s58.806933
190_24,s0.697892,s1.978345,s17.180039
190_25,s0.129960,s2.501475,s69.650392
190_26,s-2.308547,s-1.543133,s60.980164
190_27,s2.337321,s-0.209028,s146.686407
190_28,s2.764946,s2.045571,s69.863657
190_29,s-2.004592,s1.550063,s174.338974
190_30,s-0.880825,s2.432797,s82.795485
190_31,s1.345936,s-0.401194,s91.064410
190_32,s-0.762730,s-1.868893,s299.690368
190_33,s0.311479,s-3.316436,s-1.881823
190_34,s2.499912,s-3.547833,s335.699258
190_35,s-1.490539,s-2.164612,s270.830988
190_36,s-1.898944,s-0.342122,s70.894729
190_37,s-2.500177,s0.390715,s239.285385
190_38,s-2.851405,s-0.711143,s45.323719
190_39,s-2.091585,s-2.158571,s149.602991
190_40,s2.367920,s0.135979,s327.957845
190_41,s-0.765823,s-2.473103,s251.578170
190_42,s1.363994,s-2.603272,s189.218230
190_43,s-2.531572,s1.015150,s90.662956
190_44,s-1.622875,s-2.845562,s208.717979
190_45,s-3.236900,s-0.019657,s27.255453
190_46,s2.264086,s-2.766546,s31.400006
190_47,s2.860870,s-0.259345,s-0.781673
190_48,s-0.284199,s2.122938,s120.079262
190_49,s0.864162,s-3.054460,s-2.954730
190_50,s1.498208,s1.867157,s30.182275
190_51,s-0.522775,s2.968845,s59.019294
190_52,s-0.509489,s-3.067591,s241.746828
190_53,s-1.828274,s1.897758,s262.325989
190_54,s-2.923589,s-2.483068,s124.792566
190_55,s-3.877620,s-0.796378,s212.138079
190_56,s-1.176400,s-3.197659,s234.635359
190_57,s-3.075483,s2.049242,s239.330657
190_58,s-3.582812,s1.226694,s291.327261
190_59,s3.013030,s1.237687,s-0.932523
190_60,s-3.930257,s0.641976,s63.456917
190_61,s-1.851606,s3.198590,s149.061645
190_62,s3.381697,s-1.962843,s301.981975
190_63,s-3.136989,s-1.848071,s-4.759672
190_64,s-2.170902,s2.370070,s179.970807
190_65,s2.836643,s2.487876,s210.049159
190_66,s-3.516682,s2.227493,s-1.742285
190_67,s-2.072257,s-3.266187,s240.860629
190_68,s1.955060,s3.001622,s237.298774
190_69,s0.608495,s3.216724,s238.466663
190_70,s3.175185,s-0.739024,s84.164681
190_71,s0.148655,s-3.870709,s301.557476
190_72,s-4.327685,s-0.262879,s119.480537
190_73,s1.484866,s3.366422,s2.588083
190_74,s0.368698,s3.826718,s126.819797
190_75,s-1.791034,s3.782775,s10.049998
190_76,s-3.679735,s-1.872231,s49.002807
190_77,s-2.842007,s2.555874,s299.946740
190_78,s-2.581322,s-3.036069,s90.793479
190_79,s-4.729071,s0.177531,s325.817454
190_80,s3.412453,s0.822683,s81.110147
190_81,s-1.669905,s-3.851346,s282.110814
190_82,s-0.900495,s3.738272,s121.493801
190_83,s-0.817181,s4.281617,s244.503212
190_84,s-2.628568,s3.224426,s209.472984
190_85,s-3.014386,s2.933427,s-0.594538
190_86,s1.587441,s-4.013175,s308.364720
190_87,s3.455014,s1.582019,s299.781385
190_88,s-4.925005,s0.491445,s17.351160
190_89,s-4.410977,s1.400496,s241.643639
190_90,s0.172853,s4.278613,s76.913307
190_91,s3.435722,s-0.077115,s329.759658
190_92,s-4.023829,s-2.804702,s176.758898
190_93,s-0.555785,s-3.965128,s241.241480
190_94,s2.158527,s3.676514,s56.858195
190_95,s-2.387293,s-3.543400,s164.533613
190_96,s-4.433368,s-2.301822,s95.350130
190_97,s-2.874858,s4.597370,s229.338916
190_98,s0.920642,s-4.412341,s332.456364
190_99,s-3.626352,s3.251227,s-4.662880
190_100,s-3.455790,s-3.680311,s25.737731
190_101,s-4.159204,s3.101218,s0.720523
190_102,s0.961301,s4.595608,s182.562014
190_103,s-5.965621,s0.557013,s129.399047
190_104,s-0.869970,s4.890184,s3.899880
190_105,s-4.957623,s-0.856920,s221.222475
190_106,s2.642715,s2.958074,s310.665303
190_107,s3.984994,s1.466820,s234.056990
190_108,s-4.116634,s2.696843,s179.522215
190_109,s3.407278,s-1.261296,s272.971164
190_110,s-1.833391,s4.731803,s4.946964
190_111,s-1.884128,s-4.356117,s155.284481
190_112,s4.000883,s0.846988,s268.776903
190_113,s-5.447237,s1.350758,s191.419982
190_114,s-2.884538,s-4.388112,s116.365622
190_115,s-1.259834,s-4.624763,s209.948867
190_116,s4.541945,s-0.592947,s34.889788
190_117,s-0.519209,s-4.653770,s85.113198
190_118,s-4.326205,s3.452417,s-0.288010
190_119,s2.418006,s4.056644,s54.900485
190_120,s1.007966,s-5.382780,s243.546285
190_121,s-5.227617,s-1.312188,s148.389242
190_122,s-5.364220,s-0.416820,s31.321401
190_123,s-0.299591,s5.100265,s232.156038
190_124,s-3.380245,s4.696906,s154.615298
190_125,s3.373379,s-2.494872,s213.017205
190_126,s-4.616782,s-1.796508,s31.919282
190_127,s3.649129,s3.042719,s207.604143
190_128,s3.819479,s-2.159199,s30.340223
190_129,s3.518212,s-3.395612,s35.307818
190_130,s2.796060,s3.925073,s304.901773
190_131,s4.439220,s2.632073,s240.253765
190_132,s1.442312,s4.474829,s301.427100
190_133,s-4.767568,s3.417375,s183.658605
190_134,s-4.575611,s-3.500379,s180.467144
190_135,s-5.847324,s-1.825524,s122.849964
190_136,s4.523110,s0.153687,s347.039777
190_137,s3.722221,s3.375918,s32.280605
190_138,s4.303549,s-2.668921,s148.155489
190_139,s-5.978557,s-0.807624,s26.836115
190_140,s2.198014,s5.595628,s239.086401
190_141,s-0.174337,s-5.079135,s180.563215
190_142,s-4.262659,s-4.082061,s147.820152
190_143,s4.583103,s-1.144947,s260.673384
190_144,s-4.021269,s4.419557,s-7.891675
190_145,s-3.046526,s-5.037234,s103.551619
190_146,s2.149484,s-4.677858,s2.584356
190_147,s-6.098352,s1.386481,s-9.772973
190_148,s-1.926993,s-5.580650,s240.586124
190_149,s-2.610996,s-5.266215,s331.079025
190_150,s-2.505114,s5.118666,s326.433655
190_151,s-1.361441,s5.394447,s332.370293
190_152,s5.007207,s0.559392,s303.018329
190_153,s2.198731,s4.661341,s89.481936
190_154,s5.181907,s1.304436,s304.472626
190_155,s4.962551,s-0.794343,s-2.765999
190_156,s0.777402,s5.284165,s332.528818
190_157,s-4.799940,s2.289216,s27.643433
190_158,s4.660955,s1.964050,s28.882938
190_159,s3.310407,s-3.730103,s145.460920
190_160,s-0.236804,s5.779814,s-0.361174
190_161,s-5.346033,s3.518318,s30.568566
190_162,s-1.134745,s-5.494699,s196.072019
190_163,s5.159413,s-0.077832,s212.140228
190_164,s3.385407,s-4.362135,s188.615840
190_165,s3.774790,s4.198380,s3.094055
190_166,s5.071354,s2.224053,s237.397073
190_167,s-3.468673,s5.259859,s40.809534
190_168,s4.994423,s-3.188145,s157.149761
190_169,s4.197611,s3.738768,s272.610622
190_170,s-1.799050,s5.956874,s19.496741
190_171,s5.805653,s-0.270200,s27.416974
190_172,s4.260203,s-2.320553,s323.024186
190_173,s-4.734663,s3.965611,s71.511321
190_174,s-6.628486,s-0.905139,s269.009841
190_175,s-4.977173,s-3.034508,s63.297843
190_176,s1.449573,s5.950455,s299.004203
190_177,s2.934876,s4.784157,s300.176483
190_178,s5.886633,s0.305992,s340.564672
190_179,s-4.870137,s-3.788227,s153.822560
190_180,s4.820607,s-2.537969,s296.065930
190_181,s-4.837366,s4.462202,s30.461901
190_182,s0.153812,s-6.109908,s0.696115
190_183,s5.812803,s-1.825033,s24.391237
190_184,s0.701817,s6.561330,s144.850939
190_185,s2.322564,s-5.062667,s205.926180
190_186,s-5.920051,s-2.982896,s147.110721
190_187,s4.618502,s4.272530,s61.369699
190_188,s-6.635724,s1.561465,s0.129049
190_189,s-5.737768,s2.857642,s3.475720
191_0,s0.019101,s0.062919,s329.986627
191_1,s0.796405,s0.331715,s312.655892
191_2,s0.396658,s-0.925848,s187.553200
191_3,s-0.515130,s-0.556849,s297.845018
191_4,s-0.520427,s0.515830,s268.428491
191_5,s0.735854,s1.064709,s299.451813
191_6,s-1.093895,s-0.141779,s282.146435
191_7,s1.766340,s0.327424,s111.118016
191_8,s-1.814772,s-1.054077,s82.553714
191_9,s-0.851243,s-1.051826,s35.126842
191_10,s0.255082,s1.536584,s58.569977
191_11,s-1.562308,s1.118962,s230.537096
191_12,s0.759626,s-0.447088,s152.121789
191_13,s1.774685,s1.424265,s191.332805
191_14,s-0.598773,s0.984182,s37.374538
191_15,s-0.308540,s-1.259801,s335.750130
191_16,s0.192757,s-2.161751,s297.494913
191_17,s1.824064,s-1.314022,s98.025101
191_18,s2.413365,s-1.815172,s304.274596
191_19,s2.250868,s1.305157,s301.428058
191_20,s1.394711,s-2.083183,s332.145574
191_21,s-0.159287,s1.194779,s62.343563
191_22,s-1.622454,s0.528707,s196.263422
191_23,s-1.152341,s-1.350987,s58.806933
191_24,s0.697892,s1.978345,s17.180039
191_25,s0.129960,s2.501475,s69.650392
191_26,s-2.308547,s-1.543133,s60.980164
191_27,s2.337321,s-0.209028,s146.686407
191_28,s2.764946,s2.045571,s69.863657
191_29,s-2.004592,s1.550063,s174.338974
191_30,s-0.880825,s2.432797,s82.795485
191_31,s1.345936,s-0.401194,s91.064410
191_32,s-0.762730,s-1.868893,s299.690368
191_33,s0.311479,s-3.316436,s-1.881823
191_34,s2.499912,s-3.547833,s335.699258
191_35,s-1.490539,s-2.164612,s270.830988
191_36,s-1.898944,s-0.342122,s70.894729
191_37,s-2.500177,s0.390715,s239.285385
191_38,s-2.851405,s-0.711143,s45.323719
191_39,s-2.091585,s-2.158571,s149.602991
191_40,s2.367920,s0.135979,s327.957845
191_41,s-0.765823,s-2.473103,s251.578170
191_42,s1.363994,s-2.603272,s189.218230
191_43,s-2.531572,s1.015150,s90.662956
191_44,s-1.622875,s-2.845562,s208.717979
191_45,s-3.236900,s-0.019657,s27.255453
191_46,s2.264086,s-2.766546,s31.400006
191_47,s2.860870,s-0.259345,s-0.781673
191_48,s-0.284199,s2.122938,s120.079262
191_49,s0.864162,s-3.054460,s-2.954730
191_50,s1.498208,s1.867157,s30.182275
191_51,s-0.522775,s2.968845,s59.019294
191_52,s-0.509489,s-3.067591,s241.746828
191_53,s-1.828274,s1.897758,s262.325989
191_54,s-2.923589,s-2.483068,s124.792566
191_55,s-3.877620,s-0.796378,s212.138079
191_56,s-1.176400,s-3.197659,s234.635359
191_57,s-3.075483,s2.049242,s239.330657
191_58,s-3.582812,s1.226694,s291.327261
191_59,s3.013030,s1.237687,s-0.932523
191_60,s-3.930257,s0.641976,s63.456917
191_61,s-1.851606,s3.198590,s149.061645
191_62,s3.381697,s-1.962843,s301.981975
191_63,s-3.136989,s-1.848071,s-4.759672
191_64,s-2.170902,s2.370070,s179.970807
191_65,s2.836643,s2.487876,s210.049159
191_66,s-3.516682,s2.227493,s-1.742285
191_67,s-2.072257,s-3.266187,s240.860629
191_68,s1.955060,s3.001622,s237.298774
191_69,s0.608495,s3.216724,s238.466663
191_70,s3.175185,s-0.739024,s84.164681
191_71,s0.148655,s-3.870709,s301.557476
191_72,s-4.327685,s-0.262879,s119.480537
191_73,s1.484866,s3.366422,s2.588083
191_74,s0.368698,s3.826718,s126.819797
191_75,s-1.791034,s3.782775,s10.049998
191_76,s-3.679735,s-1.872231,s49.002807
191_77,s-2.842007,s2.555874,s299.946740
191_78,s-2.581322,s-3.036069,s90.793479
191_79,s-4.729071,s0.177531,s325.817454
191_80,s3.412453,s0.822683,s81.110147
191_81,s-1.669905,s-3.851346,s282.110814
191_82,s-0.900495,s3.738272,s121.493801
191_83,s-0.817181,s4.281617,s244.503212
191_84,s-2.628568,s3.224426,s209.472984
191_85,s-3.014386,s2.933427,s-0.594538
191_86,s1.587441,s-4.013175,s308.364720
191_87,s3.455014,s1.582019,s299.781385
191_88,s-4.925005,s0.491445,s17.351160
191_89,s-4.410977,s1.400496,s241.643639
191_90,s0.172853,s4.278613,s76.913307
191_91,s3.435722,s-0.077115,s329.759658
191_92,s-4.023829,s-2.804702,s176.758898
191_93,s-0.555785,s-3.965128,s241.241480
191_94,s2.158527,s3.676514,s56.858195
191_95,s-2.387293,s-3.543400,s164.533613
191_96,s-4.433368,s-2.301822,s95.350130
191_97,s-2.874858,s4.597370,s229.338916
191_98,s0.920642,s-4.412341,s332.456364
191_99,s-3.626352,s3.251227,s-4.662880
191_100,s-3.455790,s-3.680311,s25.737731
191_101,s-4.159204,s3.101218,s0.720523
191_102,s0.961301,s4.595608,s182.562014
191_103,s-5.965621,s0.557013,s129.399047
191_104,s-0.869970,s4.890184,s3.899880
191_105,s-4.957623,s-0.856920,s221.222475
191_106,s2.642715,s2.958074,s310.665303
191_107,s3.984994,s1.466820,s234.056990
191_108,s-4.116634,s2.696843,s179.522215
191_109,s3.407278,s-1.261296,s272.971164
191_110,s-1.833391,s4.731803,s4.946964
191_111,s-1.884128,s-4.356117,s155.284481
191_112,s4.000883,s0.846988,s268.776903
191_113,s-5.447237,s1.350758,s191.419982
191_114,s-2.884538,s-4.388112,s116.365622
191_115,s-1.259834,s-4.624763,s209.948867
191_116,s4.541945,s-0.592947,s34.889788
191_117,s-0.519209,s-4.653770,s85.113198
191_118,s-4.326205,s3.452417,s-0.288010
191_119,s2.418006,s4.056644,s54.900485
191_120,s1.007966,s-5.382780,s243.546285
191_121,s-5.227617,s-1.312188,s148.389242
191_122,s-5.364220,s-0.416820,s31.321401
191_123,s-0.299591,s5.100265,s232.156038
191_124,s-3.380245,s4.696906,s154.615298
191_125,s3.373379,s-2.494872,s213.017205
191_126,s-4.616782,s-1.796508,s31.919282
191_127,s3.649129,s3.042719,s207.604143
191_128,s3.819479,s-2.159199,s30.340223
191_129,s3.518212,s-3.395612,s35.307818
191_130,s2.796060,s3.925073,s304.901773
191_131,s4.439220,s2.632073,s240.253765
191_132,s1.442312,s4.474829,s301.427100
191_133,s-4.767568,s3.417375,s183.658605
191_134,s-4.575611,s-3.500379,s180.467144
191_135,s-5.847324,s-1.825524,s122.849964
191_136,s4.523110,s0.153687,s347.039777
191_137,s3.722221,s3.375918,s32.280605
191_138,s4.303549,s-2.668921,s148.155489
191_139,s-5.978557,s-0.807624,s26.836115
191_140,s2.198014,s5.595628,s239.086401
191_141,s-0.174337,s-5.079135,s180.563215
191_142,s-4.262659,s-4.082061,s147.820152
191_143,s4.583103,s-1.144947,s260.673384
191_144,s-4.021269,s4.419557,s-7.891675
191_145,s-3.046526,s-5.037234,s103.551619
191_146,s2.149484,s-4.677858,s2.584356
191_147,s-6.098352,s1.386481,s-9.772973
191_148,s-1.926993,s-5.580650,s240.586124
191_149,s-2.610996,s-5.266215,s331.079025
191_150,s-2.505114,s5.118666,s326.433655
191_151,s-1.361441,s5.394447,s332.370293
191_152,s5.007207,s0.559392,s303.018329
191_153,s2.198731,s4.661341,s89.481936
191_154,s5.181907,s1.304436,s304.472626
191_155,s4.962551,s-0.794343,s-2.765999
191_156,s0.777402,s5.284165,s332.528818
191_157,s-4.799940,s2.289216,s27.643433
191_158,s4.660955,s1.964050,s28.882938
191_159,s3.310407,s-3.730103,s145.460920
191_160,s-0.236804,s5.779814,s-0.361174
191_161,s-5.346033,s3.518318,s30.568566
191_162,s-1.134745,s-5.494699,s196.072019
191_163,s5.159413,s-0.077832,s212.140228
191_164,s3.385407,s-4.362135,s188.615840
191_165,s3.774790,s4.198380,s3.094055
191_166,s5.071354,s2.224053,s237.397073
191_167,s-3.468673,s5.259859,s40.809534
191_168,s4.994423,s-3.188145,s157.149761
191_169,s4.197611,s3.738768,s272.610622
191_170,s-1.799050,s5.956874,s19.496741
191_171,s5.805653,s-0.270200,s27.416974
191_172,s4.260203,s-2.320553,s323.024186
191_173,s-4.734663,s3.965611,s71.511321
191_174,s-6.628486,s-0.905139,s269.009841
191_175,s-4.977173,s-3.034508,s63.297843
191_176,s1.449573,s5.950455,s299.004203
191_177,s2.934876,s4.784157,s300.176483
191_178,s5.886633,s0.305992,s340.564672
191_179,s-4.870137,s-3.788227,s153.822560
191_180,s4.820607,s-2.537969,s296.065930
191_181,s-4.837366,s4.462202,s30.461901
191_182,s0.153812,s-6.109908,s0.696115
191_183,s5.812803,s-1.825033,s24.391237
191_184,s0.701817,s6.561330,s144.850939
191_185,s2.322564,s-5.062667,s205.926180
191_186,s-5.920051,s-2.982896,s147.110721
191_187,s4.618502,s4.272530,s61.369699
191_188,s-6.635724,s1.561465,s0.129049
191_189,s-5.737768,s2.857642,s3.475720
191_190,s-3.317211,s5.705796,s2.582843
192_0,s0.019101,s0.062919,s329.986627
192_1,s0.796405,s0.331715,s312.655892
192_2,s0.396658,s-0.925848,s187.553200
192_3,s-0.515130,s-0.556849,s297.845018
192_4,s-0.520427,s0.515830,s268.428491
192_5,s0.735854,s1.064709,s299.451813
192_6,s-1.093895,s-0.141779,s282.146435
192_7,s1.766340,s0.327424,s111.118016
192_8,s-1.814772,s-1.054077,s82.553714
192_9,s-0.851243,s-1.051826,s35.126842
192_10,s0.255082,s1.536584,s58.569977
192_11,s-1.562308,s1.118962,s230.537096
192_12,s0.759626,s-0.447088,s152.121789
192_13,s1.774685,s1.424265,s191.332805
192_14,s-0.598773,s0.984182,s37.374538
192_15,s-0.308540,s-1.259801,s335.750130
192_16,s0.192757,s-2.161751,s297.494913
192_17,s1.824064,s-1.314022,s98.025101
192_18,s2.413365,s-1.815172,s304.274596
192_19,s2.250868,s1.305157,s301.428058
192_20,s1.394711,s-2.083183,s332.145574
192_21,s-0.159287,s1.194779,s62.343563
192_22,s-1.622454,s0.528707,s196.263422
192_23,s-1.152341,s-1.350987,s58.806933
192_24,s0.697892,s1.978345,s17.180039
192_25,s0.129960,s2.501475,s69.650392
192_26,s-2.308547,s-1.543133,s60.980164
192_27,s2.337321,s-0.209028,s146.686407
192_28,s2.764946,s2.045571,s69.863657
192_29,s-2.004592,s1.550063,s174.338974
192_30,s-0.880825,s2.432797,s82.795485
192_31,s1.345936,s-0.401194,s91.064410
192_32,s-0.762730,s-1.868893,s299.690368
192_33,s0.311479,s-3.316436,s-1.881823
192_34,s2.499912,s-3.547833,s335.699258
192_35,s-1.490539,s-2.164612,s270.830988
192_36,s-1.898944,s-0.342122,s70.894729
192_37,s-2.500177,s0.390715,s239.285385
192_38,s-2.851405,s-0.711143,s45.323719
192_39,s-2.091585,s-2.158571,s149.602991
192_40,s2.367920,s0.135979,s327.957845
192_41,s-0.765823,s-2.473103,s251.578170
192_42,s1.363994,s-2.603272,s189.218230
192_43,s-2.531572,s1.015150,s90.662956
192_44,s-1.622875,s-2.845562,s208.717979
192_45,s-3.236900,s-0.019657,s27.255453
192_46,s2.264086,s-2.766546,s31.400006
192_47,s2.860870,s-0.259345,s-0.781673
192_48,s-0.284199,s2.122938,s120.079262
192_49,s0.864162,s-3.054460,s-2.954730
192_50,s1.498208,s1.867157,s30.182275
192_51,s-0.522775,s2.968845,s59.019294
192_52,s-0.509489,s-3.067591,s241.746828
192_53,s-1.828274,s1.897758,s262.325989
192_54,s-2.923589,s-2.483068,s124.792566
192_55,s-3.877620,s-0.796378,s212.138079
192_56,s-1.176400,s-3.197659,s234.635359
192_57,s-3.075483,s2.049242,s239.330657
192_58,s-3.582812,s1.226694,s291.327261
192_59,s3.013030,s1.237687,s-0.932523
192_60,s-3.930257,s0.641976,s63.456917
192_61,s-1.851606,s3.198590,s149.061645
192_62,s3.381697,s-1.962843,s301.981975
192_63,s-3.136989,s-1.848071,s-4.759672
192_64,s-2.170902,s2.370070,s179.970807
192_65,s2.836643,s2.487876,s210.049159
192_66,s-3.516682,s2.227493,s-1.742285
192_67,s-2.072257,s-3.266187,s240.860629
192_68,s1.955060,s3.001622,s237.298774
192_69,s0.608495,s3.216724,s238.466663
192_70,s3.175185,s-0.739024,s84.164681
192_71,s0.148655,s-3.870709,s301.557476
192_72,s-4.327685,s-0.262879,s119.480537
192_73,s1.484866,s3.366422,s2.588083
192_74,s0.368698,s3.826718,s126.819797
192_75,s-1.791034,s3.782775,s10.049998
192_76,s-3.679735,s-1.872231,s49.002807
192_77,s-2.842007,s2.555874,s299.946740
192_78,s-2.581322,s-3.036069,s90.793479
192_79,s-4.729071,s0.177531,s325.817454
192_80,s3.412453,s0.822683,s81.110147
192_81,s-1.669905,s-3.851346,s282.110814
192_82,s-0.900495,s3.738272,s121.493801
192_83,s-0.817181,s4.281617,s244.503212
192_84,s-2.628568,s3.224426,s209.472984
192_85,s-3.014386,s2.933427,s-0.594538
192_86,s1.587441,s-4.013175,s308.364720
192_87,s3.455014,s1.582019,s299.781385
192_88,s-4.925005,s0.491445,s17.351160
192_89,s-4.410977,s1.400496,s241.643639
192_90,s0.172853,s4.278613,s76.913307
192_91,s3.435722,s-0.077115,s329.759658
192_92,s-4.023829,s-2.804702,s176.758898
192_93,s-0.555785,s-3.965128,s241.241480
192_94,s2.158527,s3.676514,s56.858195
192_95,s-2.387293,s-3.543400,s164.533613
192_96,s-4.433368,s-2.301822,s95.350130
192_97,s-2.874858,s4.597370,s229.338916
192_98,s0.920642,s-4.412341,s332.456364
192_99,s-3.626352,s3.251227,s-4.662880
192_100,s-3.455790,s-3.680311,s25.737731
192_101,s-4.159204,s3.101218,s0.720523
192_102,s0.961301,s4.595608,s182.562014
192_103,s-5.965621,s0.557013,s129.399047
192_104,s-0.869970,s4.890184,s3.899880
192_105,s-4.957623,s-0.856920,s221.222475
192_106,s2.642715,s2.958074,s310.665303
192_107,s3.984994,s1.466820,s234.056990
192_108,s-4.116634,s2.696843,s179.522215
192_109,s3.407278,s-1.261296,s272.971164
192_110,s-1.833391,s4.731803,s4.946964
192_111,s-1.884128,s-4.356117,s155.284481
192_112,s4.000883,s0.846988,s268.776903
192_113,s-5.447237,s1.350758,s191.419982
192_114,s-2.884538,s-4.388112,s116.365622
192_115,s-1.259834,s-4.624763,s209.948867
192_116,s4.541945,s-0.592947,s34.889788
192_117,s-0.519209,s-4.653770,s85.113198
192_118,s-4.326205,s3.452417,s-0.288010
192_119,s2.418006,s4.056644,s54.900485
192_120,s1.007966,s-5.382780,s243.546285
192_121,s-5.227617,s-1.312188,s148.389242
192_122,s-5.364220,s-0.416820,s31.321401
192_123,s-0.299591,s5.100265,s232.156038
192_124,s-3.380245,s4.696906,s154.615298
192_125,s3.373379,s-2.494872,s213.017205
192_126,s-4.616782,s-1.796508,s31.919282
192_127,s3.649129,s3.042719,s207.604143
192_128,s3.819479,s-2.159199,s30.340223
192_129,s3.518212,s-3.395612,s35.307818
192_130,s2.796060,s3.925073,s304.901773
192_131,s4.439220,s2.632073,s240.253765
192_132,s1.442312,s4.474829,s301.427100
192_133,s-4.767568,s3.417375,s183.658605
192_134,s-4.575611,s-3.500379,s180.467144
192_135,s-5.847324,s-1.825524,s122.849964
192_136,s4.523110,s0.153687,s347.039777
192_137,s3.722221,s3.375918,s32.280605
192_138,s4.303549,s-2.668921,s148.155489
192_139,s-5.978557,s-0.807624,s26.836115
192_140,s2.198014,s5.595628,s239.086401
192_141,s-0.174337,s-5.079135,s180.563215
192_142,s-4.262659,s-4.082061,s147.820152
192_143,s4.583103,s-1.144947,s260.673384
192_144,s-4.021269,s4.419557,s-7.891675
192_145,s-3.046526,s-5.037234,s103.551619
192_146,s2.149484,s-4.677858,s2.584356
192_147,s-6.098352,s1.386481,s-9.772973
192_148,s-1.926993,s-5.580650,s240.586124
192_149,s-2.610996,s-5.266215,s331.079025
192_150,s-2.505114,s5.118666,s326.433655
192_151,s-1.361441,s5.394447,s332.370293
192_152,s5.007207,s0.559392,s303.018329
192_153,s2.198731,s4.661341,s89.481936
192_154,s5.181907,s1.304436,s304.472626
192_155,s4.962551,s-0.794343,s-2.765999
192_156,s0.777402,s5.284165,s332.528818
192_157,s-4.799940,s2.289216,s27.643433
192_158,s4.660955,s1.964050,s28.882938
192_159,s3.310407,s-3.730103,s145.460920
192_160,s-0.236804,s5.779814,s-0.361174
192_161,s-5.346033,s3.518318,s30.568566
192_162,s-1.134745,s-5.494699,s196.072019
192_163,s5.159413,s-0.077832,s212.140228
192_164,s3.385407,s-4.362135,s188.615840
192_165,s3.774790,s4.198380,s3.094055
192_166,s5.071354,s2.224053,s237.397073
192_167,s-3.468673,s5.259859,s40.809534
192_168,s4.994423,s-3.188145,s157.149761
192_169,s4.197611,s3.738768,s272.610622
192_170,s-1.799050,s5.956874,s19.496741
192_171,s5.805653,s-0.270200,s27.416974
192_172,s4.260203,s-2.320553,s323.024186
192_173,s-4.734663,s3.965611,s71.511321
192_174,s-6.628486,s-0.905139,s269.009841
192_175,s-4.977173,s-3.034508,s63.297843
192_176,s1.449573,s5.950455,s299.004203
192_177,s2.934876,s4.784157,s300.176483
192_178,s5.886633,s0.305992,s340.564672
192_179,s-4.870137,s-3.788227,s153.822560
192_180,s4.820607,s-2.537969,s296.065930
192_181,s-4.837366,s4.462202,s30.461901
192_182,s0.153812,s-6.109908,s0.696115
192_183,s5.812803,s-1.825033,s24.391237
192_184,s0.701817,s6.561330,s144.850939
192_185,s2.322564,s-5.062667,s205.926180
192_186,s-5.920051,s-2.982896,s147.110721
192_187,s4.618502,s4.272530,s61.369699
192_188,s-6.635724,s1.561465,s0.129049
192_189,s-5.737768,s2.857642,s3.475720
192_190,s-3.317211,s5.705796,s2.582843
192_191,s-5.365211,s-3.774668,s122.065824
193_0,s0.019101,s0.062919,s329.986627
193_1,s0.796405,s0.331715,s312.655892
193_2,s0.396658,s-0.925848,s187.553200
193_3,s-0.515130,s-0.556849,s297.845018
193_4,s-0.520427,s0.515830,s268.428491
193_5,s0.735854,s1.064709,s299.451813
193_6,s-1.093895,s-0.141779,s282.146435
193_7,s1.766340,s0.327424,s111.118016
193_8,s-1.814772,s-1.054077,s82.553714
193_9,s-0.851243,s-1.051826,s35.126842
193_10,s0.255082,s1.536584,s58.569977
193_11,s-1.562308,s1.118962,s230.537096
193_12,s0.759626,s-0.447088,s152.121789
193_13,s1.774685,s1.424265,s191.332805
193_14,s-0.598773,s0.984182,s37.374538
193_15,s-0.308540,s-1.259801,s335.750130
193_16,s0.192757,s-2.161751,s297.494913
193_17,s1.824064,s-1.314022,s98.025101
193_18,s2.413365,s-1.815172,s304.274596
193_19,s2.250868,s1.305157,s301.428058
193_20,s1.394711,s-2.083183,s332.145574
193_21,s-0.159287,s1.194779,s62.343563
193_22,s-1.622454,s0.528707,s196.263422
193_23,s-1.152341,s-1.350987,s58.806933
193_24,s0.697892,s1.978345,s17.180039
193_25,s0.129960,s2.501475,s69.650392
193_26,s-2.308547,s-1.543133,s60.980164
193_27,s2.337321,s-0.209028,s146.686407
193_28,s2.764946,s2.045571,s69.863657
193_29,s-2.004592,s1.550063,s174.338974
193_30,s-0.880825,s2.432797,s82.795485
193_31,s1.345936,s-0.401194,s91.064410
193_32,s-0.762730,s-1.868893,s299.690368
193_33,s0.311479,s-3.316436,s-1.881823
193_34,s2.499912,s-3.547833,s335.699258
193_35,s-1.490539,s-2.164612,s270.830988
193_36,s-1.898944,s-0.342122,s70.894729
193_37,s-2.500177,s0.390715,s239.285385
193_38,s-2.851405,s-0.711143,s45.323719
193_39,s-2.091585,s-2.158571,s149.602991
193_40,s2.367920,s0.135979,s327.957845
193_41,s-0.765823,s-2.473103,s251.578170
193_42,s1.363994,s-2.603272,s189.218230
193_43,s-2.531572,s1.015150,s90.662956
193_44,s-1.622875,s-2.845562,s208.717979
193_45,s-3.236900,s-0.019657,s27.255453
193_46,s2.264086,s-2.766546,s31.400006
193_47,s2.860870,s-0.259345,s-0.781673
193_48,s-0.284199,s2.122938,s120.079262
193_49,s0.864162,s-3.054460,s-2.954730
193_50,s1.498208,s1.867157,s30.182275
193_51,s-0.522775,s2.968845,s59.019294
193_52,s-0.509489,s-3.067591,s241.746828
193_53,s-1.828274,s1.897758,s262.325989
193_54,s-2.923589,s-2.483068,s124.792566
193_55,s-3.877620,s-0.796378,s212.138079
193_56,s-1.176400,s-3.197659,s234.635359
193_57,s-3.075483,s2.049242,s239.330657
193_58,s-3.582812,s1.226694,s291.327261
193_59,s3.013030,s1.237687,s-0.932523
193_60,s-3.930257,s0.641976,s63.456917
193_61,s-1.851606,s3.198590,s149.061645
193_62,s3.381697,s-1.962843,s301.981975
193_63,s-3.136989,s-1.848071,s-4.759672
193_64,s-2.170902,s2.370070,s179.970807
193_65,s2.836643,s2.487876,s210.049159
193_66,s-3.516682,s2.227493,s-1.742285
193_67,s-2.072257,s-3.266187,s240.860629
193_68,s1.955060,s3.001622,s237.298774
193_69,s0.608495,s3.216724,s238.466663
193_70,s3.175185,s-0.739024,s84.164681
193_71,s0.148655,s-3.870709,s301.557476
193_72,s-4.327685,s-0.262879,s119.480537
193_73,s1.484866,s3.366422,s2.588083
193_74,s0.368698,s3.826718,s126.819797
193_75,s-1.791034,s3.782775,s10.049998
193_76,s-3.679735,s-1.872231,s49.002807
193_77,s-2.842007,s2.555874,s299.946740
193_78,s-2.581322,s-3.036069,s90.793479
193_79,s-4.729071,s0.177531,s325.817454
193_80,s3.412453,s0.822683,s81.110147
193_81,s-1.669905,s-3.851346,s282.110814
193_82,s-0.900495,s3.738272,s121.493801
193_83,s-0.817181,s4.281617,s244.503212
193_84,s-2.628568,s3.224426,s209.472984
193_85,s-3.014386,s2.933427,s-0.594538
193_86,s1.587441,s-4.013175,s308.364720
193_87,s3.455014,s1.582019,s299.781385
193_88,s-4.925005,s0.491445,s17.351160
193_89,s-4.410977,s1.400496,s241.643639
193_90,s0.172853,s4.278613,s76.913307
193_91,s3.435722,s-0.077115,s329.759658
193_92,s-4.023829,s-2.804702,s176.758898
193_93,s-0.555785,s-3.965128,s241.241480
193_94,s2.158527,s3.676514,s56.858195
193_95,s-2.387293,s-3.543400,s164.533613
193_96,s-4.433368,s-2.301822,s95.350130
193_97,s-2.874858,s4.597370,s229.338916
193_98,s0.920642,s-4.412341,s332.456364
193_99,s-3.626352,s3.251227,s-4.662880
193_100,s-3.455790,s-3.680311,s25.737731
193_101,s-4.159204,s3.101218,s0.720523
193_102,s0.961301,s4.595608,s182.562014
193_103,s-5.965621,s0.557013,s129.399047
193_104,s-0.869970,s4.890184,s3.899880
193_105,s-4.957623,s-0.856920,s221.222475
193_106,s2.642715,s2.958074,s310.665303
193_107,s3.984994,s1.466820,s234.056990
193_108,s-4.116634,s2.696843,s179.522215
193_109,s3.407278,s-1.261296,s272.971164
193_110,s-1.833391,s4.731803,s4.946964
193_111,s-1.884128,s-4.356117,s155.284481
193_112,s4.000883,s0.846988,s268.776903
193_113,s-5.447237,s1.350758,s191.419982
193_114,s-2.884538,s-4.388112,s116.365622
193_115,s-1.259834,s-4.624763,s209.948867
193_116,s4.541945,s-0.592947,s34.889788
193_117,s-0.519209,s-4.653770,s85.113198
193_118,s-4.326205,s3.452417,s-0.288010
193_119,s2.418006,s4.056644,s54.900485
193_120,s1.007966,s-5.382780,s243.546285
193_121,s-5.227617,s-1.312188,s148.389242
193_122,s-5.364220,s-0.416820,s31.321401
193_123,s-0.299591,s5.100265,s232.156038
193_124,s-3.380245,s4.696906,s154.615298
193_125,s3.373379,s-2.494872,s213.017205
193_126,s-4.616782,s-1.796508,s31.919282
193_127,s3.649129,s3.042719,s207.604143
193_128,s3.819479,s-2.159199,s30.340223
193_129,s3.518212,s-3.395612,s35.307818
193_130,s2.796060,s3.925073,s304.901773
193_131,s4.439220,s2.632073,s240.253765
193_132,s1.442312,s4.474829,s301.427100
193_133,s-4.767568,s3.417375,s183.658605
193_134,s-4.575611,s-3.500379,s180.467144
193_135,s-5.847324,s-1.825524,s122.849964
193_136,s4.523110,s0.153687,s347.039777
193_137,s3.722221,s3.375918,s32.280605
193_138,s4.303549,s-2.668921,s148.155489
193_139,s-5.978557,s-0.807624,s26.836115
193_140,s2.198014,s5.595628,s239.086401
193_141,s-0.174337,s-5.079135,s180.563215
193_142,s-4.262659,s-4.082061,s147.820152
193_143,s4.583103,s-1.144947,s260.673384
193_144,s-4.021269,s4.419557,s-7.891675
193_145,s-3.046526,s-5.037234,s103.551619
193_146,s2.149484,s-4.677858,s2.584356
193_147,s-6.098352,s1.386481,s-9.772973
193_148,s-1.926993,s-5.580650,s240.586124
193_149,s-2.610996,s-5.266215,s331.079025
193_150,s-2.505114,s5.118666,s326.433655
193_151,s-1.361441,s5.394447,s332.370293
193_152,s5.007207,s0.559392,s303.018329
193_153,s2.198731,s4.661341,s89.481936
193_154,s5.181907,s1.304436,s304.472626
193_155,s4.962551,s-0.794343,s-2.765999
193_156,s0.777402,s5.284165,s332.528818
193_157,s-4.799940,s2.289216,s27.643433
193_158,s4.660955,s1.964050,s28.882938
193_159,s3.310407,s-3.730103,s145.460920
193_160,s-0.236804,s5.779814,s-0.361174
193_161,s-5.346033,s3.518318,s30.568566
193_162,s-1.134745,s-5.494699,s196.072019
193_163,s5.159413,s-0.077832,s212.140228
193_164,s3.385407,s-4.362135,s188.615840
193_165,s3.774790,s4.198380,s3.094055
193_166,s5.071354,s2.224053,s237.397073
193_167,s-3.468673,s5.259859,s40.809534
193_168,s4.994423,s-3.188145,s157.149761
193_169,s4.197611,s3.738768,s272.610622
193_170,s-1.799050,s5.956874,s19.496741
193_171,s5.805653,s-0.270200,s27.416974
193_172,s4.260203,s-2.320553,s323.024186
193_173,s-4.734663,s3.965611,s71.511321
193_174,s-6.628486,s-0.905139,s269.009841
193_175,s-4.977173,s-3.034508,s63.297843
193_176,s1.449573,s5.950455,s299.004203
193_177,s2.934876,s4.784157,s300.176483
193_178,s5.886633,s0.305992,s340.564672
193_179,s-4.870137,s-3.788227,s153.822560
193_180,s4.820607,s-2.537969,s296.065930
193_181,s-4.837366,s4.462202,s30.461901
193_182,s0.153812,s-6.109908,s0.696115
193_183,s5.812803,s-1.825033,s24.391237
193_184,s0.701817,s6.561330,s144.850939
193_185,s2.322564,s-5.062667,s205.926180
193_186,s-5.920051,s-2.982896,s147.110721
193_187,s4.618502,s4.272530,s61.369699
193_188,s-6.635724,s1.561465,s0.129049
193_189,s-5.737768,s2.857642,s3.475720
193_190,s-3.317211,s5.705796,s2.582843
193_191,s-5.365211,s-3.774668,s122.065824
193_192,s-4.077521,s5.429358,s150.852118
194_0,s0.019101,s0.062919,s329.986627
194_1,s0.796405,s0.331715,s312.655892
194_2,s0.396658,s-0.925848,s187.553200
194_3,s-0.515130,s-0.556849,s297.845018
194_4,s-0.520427,s0.515830,s268.428491
194_5,s0.735854,s1.064709,s299.451813
194_6,s-1.093895,s-0.141779,s282.146435
194_7,s1.766340,s0.327424,s111.118016
194_8,s-1.814772,s-1.054077,s82.553714
194_9,s-0.851243,s-1.051826,s35.126842
194_10,s0.255082,s1.536584,s58.569977
194_11,s-1.562308,s1.118962,s230.537096
194_12,s0.759626,s-0.447088,s152.121789
194_13,s1.774685,s1.424265,s191.332805
194_14,s-0.598773,s0.984182,s37.374538
194_15,s-0.308540,s-1.259801,s335.750130
194_16,s0.192757,s-2.161751,s297.494913
194_17,s1.824064,s-1.314022,s98.025101
194_18,s2.413365,s-1.815172,s304.274596
194_19,s2.250868,s1.305157,s301.428058
194_20,s1.394711,s-2.083183,s332.145574
194_21,s-0.159287,s1.194779,s62.343563
194_22,s-1.622454,s0.528707,s196.263422
194_23,s-1.152341,s-1.350987,s58.806933
194_24,s0.697892,s1.978345,s17.180039
194_25,s0.129960,s2.501475,s69.650392
194_26,s-2.308547,s-1.543133,s60.980164
194_27,s2.337321,s-0.209028,s146.686407
194_28,s2.764946,s2.045571,s69.863657
194_29,s-2.004592,s1.550063,s174.338974
194_30,s-0.880825,s2.432797,s82.795485
194_31,s1.345936,s-0.401194,s91.064410
194_32,s-0.762730,s-1.868893,s299.690368
194_33,s0.311479,s-3.316436,s-1.881823
194_34,s2.499912,s-3.547833,s335.699258
194_35,s-1.490539,s-2.164612,s270.830988
194_36,s-1.898944,s-0.342122,s70.894729
194_37,s-2.500177,s0.390715,s239.285385
194_38,s-2.851405,s-0.711143,s45.323719
194_39,s-2.091585,s-2.158571,s149.602991
194_40,s2.367920,s0.135979,s327.957845
194_41,s-0.765823,s-2.473103,s251.578170
194_42,s1.363994,s-2.603272,s189.218230
194_43,s-2.531572,s1.015150,s90.662956
194_44,s-1.622875,s-2.845562,s208.717979
194_45,s-3.236900,s-0.019657,s27.255453
194_46,s2.264086,s-2.766546,s31.400006
194_47,s2.860870,s-0.259345,s-0.781673
194_48,s-0.284199,s2.122938,s120.079262
194_49,s0.864162,s-3.054460,s-2.954730
194_50,s1.498208,s1.867157,s30.182275
194_51,s-0.522775,s2.968845,s59.019294
194_52,s-0.509489,s-3.067591,s241.746828
194_53,s-1.828274,s1.897758,s262.325989
194_54,s-2.923589,s-2.483068,s124.792566
194_55,s-3.877620,s-0.796378,s212.138079
194_56,s-1.176400,s-3.197659,s234.635359
194_57,s-3.075483,s2.049242,s239.330657
194_58,s-3.582812,s1.226694,s291.327261
194_59,s3.013030,s1.237687,s-0.932523
194_60,s-3.930257,s0.641976,s63.456917
194_61,s-1.851606,s3.198590,s149.061645
194_62,s3.381697,s-1.962843,s301.981975
194_63,s-3.136989,s-1.848071,s-4.759672
194_64,s-2.170902,s2.370070,s179.970807
194_65,s2.836643,s2.487876,s210.049159
194_66,s-3.516682,s2.227493,s-1.742285
194_67,s-2.072257,s-3.266187,s240.860629
194_68,s1.955060,s3.001622,s237.298774
194_69,s0.608495,s3.216724,s238.466663
194_70,s3.175185,s-0.739024,s84.164681
194_71,s0.148655,s-3.870709,s301.557476
194_72,s-4.327685,s-0.262879,s119.480537
194_73,s1.484866,s3.366422,s2.588083
194_74,s0.368698,s3.826718,s126.819797
194_75,s-1.791034,s3.782775,s10.049998
194_76,s-3.679735,s-1.872231,s49.002807
194_77,s-2.842007,s2.555874,s299.946740
194_78,s-2.581322,s-3.036069,s90.793479
194_79,s-4.729071,s0.177531,s325.817454
194_80,s3.412453,s0.822683,s81.110147
194_81,s-1.669905,s-3.851346,s282.110814
194_82,s-0.900495,s3.738272,s121.493801
194_83,s-0.817181,s4.281617,s244.503212
194_84,s-2.628568,s3.224426,s209.472984
194_85,s-3.014386,s2.933427,s-0.594538
194_86,s1.587441,s-4.013175,s308.364720
194_87,s3.455014,s1.582019,s299.781385
194_88,s-4.925005,s0.491445,s17.351160
194_89,s-4.410977,s1.400496,s241.643639
194_90,s0.172853,s4.278613,s76.913307
194_91,s3.435722,s-0.077115,s329.759658
194_92,s-4.023829,s-2.804702,s176.758898
194_93,s-0.555785,s-3.965128,s241.241480
194_94,s2.158527,s3.676514,s56.858195
194_95,s-2.387293,s-3.543400,s164.533613
194_96,s-4.433368,s-2.301822,s95.350130
194_97,s-2.874858,s4.597370,s229.338916
194_98,s0.920642,s-4.412341,s332.456364
194_99,s-3.626352,s3.251227,s-4.662880
194_100,s-3.455790,s-3.680311,s25.737731
194_101,s-4.159204,s3.101218,s0.720523
194_102,s0.961301,s4.595608,s182.562014
194_103,s-5.965621,s0.557013,s129.399047
194_104,s-0.869970,s4.890184,s3.899880
194_105,s-4.957623,s-0.856920,s221.222475
194_106,s2.642715,s2.958074,s310.665303
194_107,s3.984994,s1.466820,s234.056990
194_108,s-4.116634,s2.696843,s179.522215
194_109,s3.407278,s-1.261296,s272.971164
194_110,s-1.833391,s4.731803,s4.946964
194_111,s-1.884128,s-4.356117,s155.284481
194_112,s4.000883,s0.846988,s268.776903
194_113,s-5.447237,s1.350758,s191.419982
194_114,s-2.884538,s-4.388112,s116.365622
194_115,s-1.259834,s-4.624763,s209.948867
194_116,s4.541945,s-0.592947,s34.889788
194_117,s-0.519209,s-4.653770,s85.113198
194_118,s-4.326205,s3.452417,s-0.288010
194_119,s2.418006,s4.056644,s54.900485
194_120,s1.007966,s-5.382780,s243.546285
194_121,s-5.227617,s-1.312188,s148.389242
194_122,s-5.364220,s-0.416820,s31.321401
194_123,s-0.299591,s5.100265,s232.156038
194_124,s-3.380245,s4.696906,s154.615298
194_125,s3.373379,s-2.494872,s213.017205
194_126,s-4.616782,s-1.796508,s31.919282
194_127,s3.649129,s3.042719,s207.604143
194_128,s3.819479,s-2.159199,s30.340223
194_129,s3.518212,s-3.395612,s35.307818
194_130,s2.796060,s3.925073,s304.901773
194_131,s4.439220,s2.632073,s240.253765
194_132,s1.442312,s4.474829,s301.427100
194_133,s-4.767568,s3.417375,s183.658605
194_134,s-4.575611,s-3.500379,s180.467144
194_135,s-5.847324,s-1.825524,s122.849964
194_136,s4.523110,s0.153687,s347.039777
194_137,s3.722221,s3.375918,s32.280605
194_138,s4.303549,s-2.668921,s148.155489
194_139,s-5.978557,s-0.807624,s26.836115
194_140,s2.198014,s5.595628,s239.086401
194_141,s-0.174337,s-5.079135,s180.563215
194_142,s-4.262659,s-4.082061,s147.820152
194_143,s4.583103,s-1.144947,s260.673384
194_144,s-4.021269,s4.419557,s-7.891675
194_145,s-3.046526,s-5.037234,s103.551619
194_146,s2.149484,s-4.677858,s2.584356
194_147,s-6.098352,s1.386481,s-9.772973
194_148,s-1.926993,s-5.580650,s240.586124
194_149,s-2.610996,s-5.266215,s331.079025
194_150,s-2.505114,s5.118666,s326.433655
194_151,s-1.361441,s5.394447,s332.370293
194_152,s5.007207,s0.559392,s303.018329
194_153,s2.198731,s4.661341,s89.481936
194_154,s5.181907,s1.304436,s304.472626
194_155,s4.962551,s-0.794343,s-2.765999
194_156,s0.777402,s5.284165,s332.528818
194_157,s-4.799940,s2.289216,s27.643433
194_158,s4.660955,s1.964050,s28.882938
194_159,s3.310407,s-3.730103,s145.460920
194_160,s-0.236804,s5.779814,s-0.361174
194_161,s-5.346033,s3.518318,s30.568566
194_162,s-1.134745,s-5.494699,s196.072019
194_163,s5.159413,s-0.077832,s212.140228
194_164,s3.385407,s-4.362135,s188.615840
194_165,s3.774790,s4.198380,s3.094055
194_166,s5.071354,s2.224053,s237.397073
194_167,s-3.468673,s5.259859,s40.809534
194_168,s4.994423,s-3.188145,s157.149761
194_169,s4.197611,s3.738768,s272.610622
194_170,s-1.799050,s5.956874,s19.496741
194_171,s5.805653,s-0.270200,s27.416974
194_172,s4.260203,s-2.320553,s323.024186
194_173,s-4.734663,s3.965611,s71.511321
194_174,s-6.628486,s-0.905139,s269.009841
194_175,s-4.977173,s-3.034508,s63.297843
194_176,s1.449573,s5.950455,s299.004203
194_177,s2.934876,s4.784157,s300.176483
194_178,s5.886633,s0.305992,s340.564672
194_179,s-4.870137,s-3.788227,s153.822560
194_180,s4.820607,s-2.537969,s296.065930
194_181,s-4.837366,s4.462202,s30.461901
194_182,s0.153812,s-6.109908,s0.696115
194_183,s5.812803,s-1.825033,s24.391237
194_184,s0.701817,s6.561330,s144.850939
194_185,s2.322564,s-5.062667,s205.926180
194_186,s-5.920051,s-2.982896,s147.110721
194_187,s4.618502,s4.272530,s61.369699
194_188,s-6.635724,s1.561465,s0.129049
194_189,s-5.737768,s2.857642,s3.475720
194_190,s-3.317211,s5.705796,s2.582843
194_191,s-5.365211,s-3.774668,s122.065824
194_192,s-4.077521,s5.429358,s150.852118
194_193,s5.709997,s2.590142,s87.175853
195_0,s0.019101,s0.062919,s240.547283
195_1,s0.796405,s0.331715,s312.655892
195_2,s0.396658,s-0.925848,s187.553200
195_3,s-0.489530,s-0.514428,s2.287213
195_4,s-0.520427,s0.515830,s268.428491
195_5,s0.814274,s1.221408,s265.649074
195_6,s-1.093895,s-0.141779,s282.146435
195_7,s1.766340,s0.327424,s111.118016
195_8,s-1.814772,s-1.054077,s212.248477
195_9,s-0.851243,s-1.051826,s35.126842
195_10,s0.255082,s1.536584,s32.630135
195_11,s-1.562308,s1.118962,s230.537096
195_12,s0.759626,s-0.447088,s152.121789
195_13,s1.774685,s1.424265,s191.332805
195_14,s-0.598773,s0.984182,s37.374538
195_15,s-0.308540,s-1.259801,s335.750130
195_16,s0.192757,s-2.161751,s208.245474
195_17,s1.824064,s-1.314022,s98.025101
195_18,s2.316678,s-1.819500,s298.253603
195_19,s2.250868,s1.305157,s301.428058
195_20,s1.394711,s-2.083183,s332.145574
195_21,s-0.159287,s1.194779,s62.343563
195_22,s-1.557430,s0.426029,s193.049148
195_23,s-1.152341,s-1.350987,s58.806933
195_24,s0.697892,s1.978345,s17.180039
195_25,s0.129960,s2.501475,s69.650392
195_26,s-2.308547,s-1.543133,s60.980164
195_27,s2.366279,s-0.187422,s147.416354
195_28,s2.764946,s2.045571,s69.863657
195_29,s-2.004592,s1.550063,s174.338974
195_30,s-0.880825,s2.432797,s31.889223
195_31,s1.389937,s-0.363319,s59.225636
195_32,s-0.762730,s-1.868893,s299.690368
195_33,s0.311479,s-3.316436,s-1.881823
195_34,s2.621173,s-3.527004,s332.395575
195_35,s-1.490539,s-2.164612,s236.232083
195_36,s-1.898944,s-0.342122,s70.894729
195_37,s-2.540250,s0.487701,s239.909885
195_38,s-2.851405,s-0.711143,s45.323719
195_39,s-1.896835,s-2.189571,s147.994989
195_40,s2.367920,s0.135979,s327.957845
195_41,s-0.765823,s-2.473103,s179.835287
195_42,s1.363994,s-2.603272,s189.218230
195_43,s-2.531572,s1.015150,s58.421808
195_44,s-1.622875,s-2.845562,s208.717979
195_45,s-3.236900,s-0.019657,s27.255453
195_46,s2.264086,s-2.766546,s267.329136
195_47,s2.860870,s-0.259345,s302.295631
195_48,s-0.284199,s2.122938,s120.079262
195_49,s0.864162,s-3.054460,s-2.954730
195_50,s1.498208,s1.867157,s30.182275
195_51,s-0.522775,s2.968845,s59.019294
195_52,s-0.509489,s-3.067591,s241.746828
195_53,s-1.828274,s1.897758,s262.325989
195_54,s-2.923589,s-2.483068,s124.792566
195_55,s-3.877620,s-0.796378,s212.138079
195_56,s-1.176400,s-3.197659,s234.635359
195_57,s-3.075483,s2.049242,s239.330657
195_58,s-3.582812,s1.226694,s241.615738
195_59,s3.013030,s1.237687,s-0.932523
195_60,s-3.930257,s0.641976,s63.456917
195_61,s-1.851606,s3.198590,s149.061645
195_62,s3.381697,s-1.962843,s241.810452
195_63,s-3.136989,s-1.848071,s268.937847
195_64,s-2.170902,s2.370070,s179.970807
195_65,s2.836643,s2.487876,s210.049159
195_66,s-3.422403,s2.277652,s4.176647
195_67,s-2.072257,s-3.266187,s240.860629
195_68,s1.955060,s3.001622,s237.298774
195_69,s0.608495,s3.216724,s238.466663
195_70,s3.175185,s-0.739024,s84.164681
195_71,s0.148655,s-3.870709,s301.557476
195_72,s-4.327685,s-0.262879,s301.018168
195_73,s1.484866,s3.366422,s2.588083
195_74,s0.368698,s3.826718,s126.819797
195_75,s-1.791034,s3.782775,s10.049998
195_76,s-3.679735,s-1.872231,s116.546889
195_77,s-2.842007,s2.555874,s179.807324
195_78,s-2.581322,s-3.036069,s90.793479
195_79,s-4.729071,s0.177531,s325.817454
195_80,s3.412453,s0.822683,s81.110147
195_81,s-1.669905,s-3.851346,s282.110814
195_82,s-0.900495,s3.738272,s121.493801
195_83,s-0.817181,s4.281617,s208.290224
195_84,s-2.628568,s3.224426,s-0.677812
195_85,s-3.014386,s2.933427,s-0.594538
195_86,s1.587441,s-4.013175,s308.364720
195_87,s3.456544,s1.655287,s296.557658
195_88,s-4.925005,s0.491445,s17.351160
195_89,s-4.410977,s1.400496,s0.586213
195_90,s0.172853,s4.278613,s76.913307
195_91,s3.435722,s-0.077115,s329.759658
195_92,s-4.023829,s-2.804702,s176.758898
195_93,s-0.555785,s-3.965128,s241.241480
195_94,s2.158527,s3.676514,s56.858195
195_95,s-2.387293,s-3.543400,s164.533613
195_96,s-4.458496,s-2.409600,s96.756666
195_97,s-2.850372,s4.618508,s206.897507
195_98,s0.920642,s-4.412341,s331.556735
195_99,s-3.626352,s3.251227,s331.067179
195_100,s-3.468673,s-3.653442,s234.594219
195_101,s-4.159204,s3.101218,s239.653667
195_102,s0.961301,s4.595608,s182.562014
195_103,s-5.965621,s0.557013,s129.399047
195_104,s-0.869970,s4.890184,s3.899880
195_105,s-4.957623,s-0.856920,s221.222475
195_106,s2.642715,s2.958074,s-0.286971
195_107,s3.984994,s1.466820,s234.056990
195_108,s-4.116634,s2.696843,s179.522215
195_109,s3.407278,s-1.261296,s151.114754
195_110,s-1.833391,s4.731803,s4.946964
195_111,s-1.884128,s-4.356117,s155.284481
195_112,s4.000883,s0.846988,s268.776903
195_113,s-5.447237,s1.350758,s191.419982
195_114,s-2.874867,s-4.569545,s107.816173
195_115,s-1.259834,s-4.624763,s209.948867
195_116,s4.541945,s-0.592947,s88.238050
195_117,s-0.519209,s-4.653770,s91.139299
195_118,s-4.326205,s3.452417,s-0.288010
195_119,s2.418006,s4.056644,s-1.464960
195_120,s1.007966,s-5.382780,s243.546285
195_121,s-5.227617,s-1.312188,s211.817111
195_122,s-5.364220,s-0.416820,s31.321401
195_123,s-0.155063,s5.105450,s230.009444
195_124,s-3.380245,s4.696906,s154.615298
195_125,s3.373379,s-2.494872,s238.757754
195_126,s-4.616782,s-1.796508,s31.919282
195_127,s3.649129,s3.042719,s207.604143
195_128,s3.819479,s-2.159199,s330.988696
195_129,s3.518212,s-3.395612,s299.022962
195_130,s2.796060,s3.925073,s304.901773
195_131,s4.439220,s2.632073,s268.320605
195_132,s1.442312,s4.474829,s302.865029
195_133,s-4.767568,s3.417375,s183.658605
195_134,s-4.575611,s-3.500379,s148.460014
195_135,s-5.847324,s-1.825524,s122.849964
195_136,s4.523110,s0.153687,s347.039777
195_137,s3.722221,s3.375918,s32.280605
195_138,s4.302194,s-2.812813,s144.636872
195_139,s-5.978557,s-0.807624,s27.153241
195_140,s2.198014,s5.595628,s239.086401
195_141,s-0.174337,s-5.079135,s180.563215
195_142,s-4.262659,s-4.082061,s329.407219
195_143,s4.583103,s-1.144947,s260.673384
195_144,s-4.021269,s4.419557,s-7.891675
195_145,s-3.046526,s-5.037234,s147.468797
195_146,s2.149484,s-4.677858,s2.584356
195_147,s-6.098352,s1.386481,s-9.772973
195_148,s-1.912667,s-5.650515,s144.760158
195_149,s-2.610996,s-5.266215,s331.079025
195_150,s-2.505114,s5.118666,s326.433655
195_151,s-1.361441,s5.394447,s115.039882
195_152,s5.014527,s0.505944,s297.560524
195_153,s2.198731,s4.661341,s89.791269
195_154,s5.181907,s1.304436,s304.472626
195_155,s4.962551,s-0.794343,s123.337388
195_156,s0.777402,s5.284165,s332.528818
195_157,s-4.799940,s2.289216,s27.643433
195_158,s4.660955,s1.964050,s28.882938
195_159,s3.310407,s-3.730103,s300.474399
195_160,s-0.326884,s5.673394,s-1.274408
195_161,s-5.346033,s3.518318,s30.568566
195_162,s-1.134745,s-5.494699,s196.072019
195_163,s5.159413,s-0.077832,s212.140228
195_164,s3.385407,s-4.362135,s188.615840
195_165,s3.774790,s4.198380,s237.887391
195_166,s5.071354,s2.224053,s237.397073
195_167,s-3.468673,s5.259859,s59.680794
195_168,s4.994423,s-3.188145,s157.149761
195_169,s4.197611,s3.738768,s208.964952
195_170,s-1.847684,s6.066228,s14.883377
195_171,s5.805653,s-0.270200,s27.416974
195_172,s4.260203,s-2.320553,s152.413259
195_173,s-4.734663,s3.965611,s71.511321
195_174,s-6.628486,s-0.905139,s245.262826
195_175,s-4.977799,s-2.935921,s64.858070
195_176,s1.519772,s5.914360,s30.065809
195_177,s2.934876,s4.784157,s89.089617
195_178,s5.886633,s0.305992,s340.564672
195_179,s-4.870137,s-3.788227,s299.603545
195_180,s4.811566,s-2.620589,s327.842679
195_181,s-4.837366,s4.462202,s30.461901
195_182,s0.153812,s-6.109908,s0.696115
195_183,s5.812803,s-1.825033,s24.391237
195_184,s0.701817,s6.561330,s144.850939
195_185,s2.379628,s-5.015391,s199.385239
195_186,s-5.950735,s-3.196425,s211.087770
195_187,s4.618502,s4.272530,s61.369699
195_188,s-6.617031,s1.598766,s7.999300
195_189,s-5.737768,s2.857642,s61.135554
195_190,s-3.317211,s5.705796,s2.582843
195_191,s-5.365211,s-3.774668,s122.065824
195_192,s-4.150833,s5.532439,s149.892659
195_193,s5.651842,s2.664978,s30.105655
195_194,s6.017562,s1.762061,s330.275357
196_0,s0.019101,s0.062919,s240.547283
196_1,s0.737647,s0.370599,s304.127046
196_2,s0.396658,s-0.925848,s187.553200
196_3,s-0.489530,s-0.514428,s2.287213
196_4,s-0.442045,s0.457547,s270.734854
196_5,s0.814274,s1.221408,s265.649074
196_6,s-1.093895,s-0.141779,s282.146435
196_7,s1.766340,s0.327424,s111.118016
196_8,s-1.814772,s-1.054077,s212.248477
196_9,s-0.851243,s-1.051826,s35.126842
196_10,s0.255082,s1.536584,s32.630135
196_11,s-1.562308,s1.118962,s230.537096
196_12,s0.759626,s-0.447088,s152.121789
196_13,s1.774685,s1.424265,s191.332805
196_14,s-0.598773,s0.984182,s37.374538
196_15,s-0.308540,s-1.259801,s335.750130
196_16,s0.153602,s-2.261159,s155.177229
196_17,s1.824064,s-1.314022,s98.025101
196_18,s2.342083,s-1.933996,s210.859333
196_19,s2.250868,s1.305157,s301.428058
196_20,s1.394711,s-2.083183,s332.145574
196_21,s-0.159287,s1.194779,s62.343563
196_22,s-1.557430,s0.426029,s193.049148
196_23,s-1.152341,s-1.350987,s58.806933
196_24,s0.697892,s1.978345,s17.180039
196_25,s0.129960,s2.501475,s69.650392
196_26,s-2.308547,s-1.543133,s60.980164
196_27,s2.366279,s-0.187422,s147.416354
196_28,s2.764946,s2.045571,s69.863657
196_29,s-2.004592,s1.550063,s174.338974
196_30,s-0.880825,s2.432797,s31.889223
196_31,s1.389937,s-0.363319,s59.225636
196_32,s-0.762730,s-1.868893,s299.690368
196_33,s0.311479,s-3.316436,s-1.881823
196_34,s2.688619,s-3.537804,s330.168589
196_35,s-1.490539,s-2.164612,s236.232083
196_36,s-1.898944,s-0.342122,s70.894729
196_37,s-2.540250,s0.487701,s239.909885
196_38,s-2.851405,s-0.711143,s45.323719
196_39,s-1.896835,s-2.189571,s147.994989
196_40,s2.367920,s0.135979,s327.957845
196_41,s-0.765823,s-2.473103,s179.835287
196_42,s1.363994,s-2.603272,s189.218230
196_43,s-2.426746,s1.067807,s64.371136
196_44,s-1.622875,s-2.845562,s208.717979
196_45,s-3.236900,s-0.019657,s27.255453
196_46,s2.264086,s-2.766546,s267.329136
196_47,s2.860870,s-0.259345,s302.295631
196_48,s-0.284199,s2.122938,s120.079262
196_49,s0.864162,s-3.054460,s-2.954730
196_50,s1.498208,s1.867157,s30.182275
196_51,s-0.522775,s2.968845,s59.019294
196_52,s-0.509489,s-3.067591,s241.746828
196_53,s-1.828274,s1.897758,s262.325989
196_54,s-2.936078,s-2.482740,s126.197370
196_55,s-3.877620,s-0.796378,s212.138079
196_56,s-1.176400,s-3.197659,s234.635359
196_57,s-3.075483,s2.049242,s239.330657
196_58,s-3.525438,s1.270405,s246.372661
196_59,s3.013030,s1.237687,s-0.932523
196_60,s-3.930257,s0.641976,s63.456917
196_61,s-1.929063,s3.242805,s179.913426
196_62,s3.381697,s-1.962843,s241.810452
196_63,s-3.136989,s-1.848071,s268.937847
196_64,s-2.170902,s2.370070,s179.970807
196_65,s2.836643,s2.487876,s210.049159
196_66,s-3.422403,s2.277652,s4.176647
196_67,s-2.072257,s-3.266187,s240.860629
196_68,s1.880312,s3.043099,s234.811826
196_69,s0.608495,s3.216724,s238.466663
196_70,s3.175185,s-0.739024,s84.164681
196_71,s0.148655,s-3.870709,s301.557476
196_72,s-4.327685,s-0.262879,s301.018168
196_73,s1.484866,s3.366422,s2.588083
196_74,s0.368698,s3.826718,s126.819797
196_75,s-1.791034,s3.782775,s10.049998
196_76,s-3.679735,s-1.872231,s116.546889
196_77,s-2.842007,s2.555874,s179.807324
196_78,s-2.562713,s-2.971259,s90.141683
196_79,s-4.729071,s0.177531,s325.817454
196_80,s3.421166,s0.880662,s120.993529
196_81,s-1.669905,s-3.851346,s282.110814
196_82,s-0.900495,s3.738272,s121.493801
196_83,s-0.817181,s4.281617,s208.290224
196_84,s-2.628568,s3.224426,s-0.677812
196_85,s-3.014386,s2.933427,s-0.594538
196_86,s1.587441,s-4.013175,s308.364720
196_87,s3.456544,s1.655287,s296.557658
196_88,s-4.925005,s0.491445,s17.351160
196_89,s-4.348874,s1.491973,s2.643875
196_90,s0.172853,s4.278613,s76.913307
196_91,s3.435722,s-0.077115,s329.759658
196_92,s-4.023829,s-2.804702,s176.758898
196_93,s-0.555785,s-3.965128,s241.241480
196_94,s2.158527,s3.676514,s56.858195
196_95,s-2.387293,s-3.543400,s164.533613
196_96,s-4.458496,s-2.409600,s96.756666
196_97,s-2.850372,s4.618508,s206.897507
196_98,s0.944686,s-4.432631,s328.936428
196_99,s-3.626352,s3.251227,s331.067179
196_100,s-3.504403,s-3.693253,s269.386651
196_101,s-4.159204,s3.101218,s239.653667
196_102,s0.874392,s4.597481,s185.159790
196_103,s-5.965621,s0.557013,s129.399047
196_104,s-0.804436,s4.873166,s-0.520275
196_105,s-4.957623,s-0.856920,s221.222475
196_106,s2.642715,s2.958074,s-0.286971
196_107,s3.984994,s1.466820,s234.056990
196_108,s-4.116634,s2.696843,s179.522215
196_109,s3.407278,s-1.261296,s151.114754
196_110,s-1.833391,s4.731803,s4.946964
196_111,s-1.884128,s-4.356117,s155.284481
196_112,s4.000883,s0.846988,s268.776903
196_113,s-5.447237,s1.350758,s191.419982
196_114,s-2.874867,s-4.569545,s107.816173
196_115,s-1.259834,s-4.624763,s209.948867
196_116,s4.541945,s-0.592947,s88.238050
196_117,s-0.519209,s-4.653770,s91.139299
196_118,s-4.326205,s3.452417,s-0.288010
196_119,s2.418006,s4.056644,s-1.464960
196_120,s1.037827,s-5.393783,s237.957451
196_121,s-5.227617,s-1.312188,s211.817111
196_122,s-5.364220,s-0.416820,s31.321401
196_123,s-0.155063,s5.105450,s230.009444
196_124,s-3.380245,s4.696906,s154.615298
196_125,s3.373379,s-2.494872,s238.757754
196_126,s-4.616782,s-1.796508,s31.919282
196_127,s3.660469,s2.944000,s212.021250
196_128,s3.819479,s-2.159199,s330.988696
196_129,s3.518212,s-3.395612,s299.022962
196_130,s2.796060,s3.925073,s304.901773
196_131,s4.439220,s2.632073,s268.320605
196_132,s1.442312,s4.474829,s302.865029
196_133,s-4.767568,s3.417375,s183.658605
196_134,s-4.575611,s-3.500379,s148.460014
196_135,s-5.847324,s-1.825524,s122.849964
196_136,s4.523110,s0.153687,s347.039777
196_137,s3.722221,s3.375918,s32.280605
196_138,s4.302194,s-2.812813,s144.636872
196_139,s-5.978557,s-0.807624,s27.153241
196_140,s2.181939,s5.717490,s238.247486
196_141,s-0.244856,s-5.067467,s177.048274
196_142,s-4.262659,s-4.082061,s329.407219
196_143,s4.583103,s-1.144947,s260.673384
196_144,s-4.021269,s4.419557,s-7.891675
196_145,s-3.046526,s-5.037234,s147.468797
196_146,s2.149484,s-4.677858,s2.584356
196_147,s-6.098352,s1.386481,s-9.772973
196_148,s-1.912667,s-5.650515,s144.760158
196_149,s-2.610996,s-5.266215,s331.079025
196_150,s-2.505114,s5.118666,s326.433655
196_151,s-1.361441,s5.394447,s115.039882
196_152,s5.014527,s0.505944,s297.560524
196_153,s2.198731,s4.661341,s89.791269
196_154,s5.181907,s1.304436,s304.472626
196_155,s4.962551,s-0.794343,s123.337388
196_156,s0.891272,s5.231412,s335.805615
196_157,s-4.799940,s2.289216,s27.643433
196_158,s4.660955,s1.964050,s28.882938
196_159,s3.310407,s-3.730103,s300.474399
196_160,s-0.326884,s5.673394,s-1.274408
196_161,s-5.346033,s3.518318,s30.568566
196_162,s-1.134745,s-5.494699,s196.072019
196_163,s5.159413,s-0.077832,s212.140228
196_164,s3.385407,s-4.362135,s188.615840
196_165,s3.774790,s4.198380,s237.887391
196_166,s5.071354,s2.224053,s237.397073
196_167,s-3.468673,s5.259859,s59.680794
196_168,s4.994423,s-3.188145,s157.149761
196_169,s4.197611,s3.738768,s208.964952
196_170,s-1.780606,s5.912569,s18.932525
196_171,s5.805653,s-0.270200,s27.416974
196_172,s4.260203,s-2.320553,s152.413259
196_173,s-4.779158,s3.967700,s66.965980
196_174,s-6.628486,s-0.905139,s245.262826
196_175,s-4.992498,s-2.887709,s58.504881
196_176,s1.519772,s5.914360,s30.065809
196_177,s2.934876,s4.784157,s89.089617
196_178,s5.850778,s0.367716,s337.016599
196_179,s-4.870137,s-3.788227,s299.603545
196_180,s4.811566,s-2.620589,s327.842679
196_181,s-4.837366,s4.462202,s30.461901
196_182,s0.091366,s-6.085205,s93.129710
196_183,s5.905159,s-1.888470,s29.979002
196_184,s0.730274,s6.617601,s141.972764
196_185,s2.443326,s-5.111815,s205.691013
196_186,s-5.950735,s-3.196425,s211.087770
196_187,s4.618502,s4.272530,s61.369699
196_188,s-6.612566,s1.824035,s10.667486
196_189,s-5.737768,s2.857642,s61.135554
196_190,s-3.317211,s5.705796,s2.582843
196_191,s-5.365211,s-3.774668,s122.065824
196_192,s-4.150833,s5.532439,s149.892659
196_193,s5.707724,s2.615541,s31.396528
196_194,s6.017562,s1.762061,s330.275357
196_195,s-4.353872,s-4.488175,s118.743069
197_0,s0.019101,s0.062919,s240.547283
197_1,s0.737647,s0.370599,s304.127046
197_2,s0.396658,s-0.925848,s187.553200
197_3,s-0.489530,s-0.514428,s2.287213
197_4,s-0.442045,s0.457547,s270.734854
197_5,s0.814274,s1.221408,s265.649074
197_6,s-1.093895,s-0.141779,s282.146435
197_7,s1.816314,s0.408386,s105.598829
197_8,s-1.814772,s-1.054077,s212.248477
197_9,s-0.851243,s-1.051826,s35.126842
197_10,s0.255082,s1.536584,s32.630135
197_11,s-1.530602,s1.117609,s228.883670
197_12,s0.759626,s-0.447088,s152.121789
197_13,s1.774685,s1.424265,s191.332805
197_14,s-0.598773,s0.984182,s37.374538
197_15,s-0.351386,s-1.348647,s336.056866
197_16,s0.135792,s-2.247632,s155.197536
197_17,s1.824064,s-1.314022,s98.025101
197_18,s2.464140,s-1.869859,s210.192306
197_19,s2.250868,s1.305157,s301.428058
197_20,s1.394711,s-2.083183,s332.145574
197_21,s-0.159287,s1.194779,s62.343563
197_22,s-1.557430,s0.426029,s193.049148
197_23,s-1.152341,s-1.350987,s58.806933
197_24,s0.747130,s2.059334,s20.075668
197_25,s0.152412,s2.516035,s71.251733
197_26,s-2.308547,s-1.543133,s60.980164
197_27,s2.349505,s-0.198641,s145.950604
197_28,s2.764946,s2.045571,s69.863657
197_29,s-2.029828,s1.538875,s176.027219
197_30,s-0.958212,s2.319783,s35.529309
197_31,s1.403140,s-0.343538,s299.480912
197_32,s-0.611656,s-1.959797,s296.504423
197_33,s0.311479,s-3.316436,s-1.881823
197_34,s2.688619,s-3.537804,s330.168589
197_35,s-1.490539,s-2.164612,s236.232083
197_36,s-1.898944,s-0.342122,s70.894729
197_37,s-2.623614,s0.550335,s236.933959
197_38,s-2.851405,s-0.711143,s45.323719
197_39,s-1.896835,s-2.189571,s147.994989
197_40,s2.367920,s0.135979,s327.957845
197_41,s-0.765823,s-2.473103,s179.835287
197_42,s1.363994,s-2.603272,s189.218230
197_43,s-2.443660,s1.089852,s68.445748
197_44,s-1.622875,s-2.845562,s208.717979
197_45,s-3.236900,s-0.019657,s27.255453
197_46,s2.305361,s-2.839795,s276.434787
197_47,s2.860870,s-0.259345,s302.295631
197_48,s-0.284199,s2.122938,s120.079262
197_49,s0.864162,s-3.054460,s-2.954730
197_50,s1.498208,s1.867157,s30.182275
197_51,s-0.522775,s2.968845,s59.019294
197_52,s-0.509489,s-3.067591,s241.746828
197_53,s-1.828274,s1.897758,s262.325989
197_54,s-2.936078,s-2.482740,s126.197370
197_55,s-3.877620,s-0.796378,s212.138079
197_56,s-1.176400,s-3.197659,s234.635359
197_57,s-3.075483,s2.049242,s239.330657
197_58,s-3.525438,s1.270405,s246.372661
197_59,s3.013030,s1.237687,s-0.932523
197_60,s-3.930257,s0.641976,s63.456917
197_61,s-1.911355,s3.196663,s179.081738
197_62,s3.381697,s-1.962843,s241.810452
197_63,s-3.136989,s-1.848071,s268.937847
197_64,s-2.170902,s2.370070,s179.970807
197_65,s2.836643,s2.487876,s210.049159
197_66,s-3.422403,s2.277652,s4.176647
197_67,s-2.072257,s-3.266187,s240.860629
197_68,s1.868120,s3.042279,s238.204747
197_69,s0.608495,s3.216724,s238.466663
197_70,s3.175185,s-0.739024,s84.164681
197_71,s0.125816,s-3.871131,s299.028506
197_72,s-4.327685,s-0.262879,s301.018168
197_73,s1.453690,s3.371245,s61.045912
197_74,s0.357503,s3.774958,s149.948532
197_75,s-1.791034,s3.782775,s10.049998
197_76,s-3.679735,s-1.872231,s116.546889
197_77,s-2.842007,s2.555874,s179.807324
197_78,s-2.562713,s-2.971259,s90.141683
197_79,s-4.729071,s0.177531,s325.817454
197_80,s3.421166,s0.880662,s120.993529
197_81,s-1.669905,s-3.851346,s282.110814
197_82,s-0.900495,s3.738272,s121.493801
197_83,s-0.817181,s4.281617,s208.290224
197_84,s-2.628568,s3.224426,s-0.677812
197_85,s-3.014386,s2.933427,s-0.594538
197_86,s1.587441,s-4.013175,s308.364720
197_87,s3.458982,s1.617457,s296.208535
197_88,s-4.925005,s0.491445,s17.351160
197_89,s-4.379763,s1.474765,s3.770400
197_90,s0.172853,s4.278613,s76.913307
197_91,s3.435722,s-0.077115,s329.759658
197_92,s-4.000056,s-2.708107,s172.092329
197_93,s-0.513391,s-3.997969,s243.627971
197_94,s2.158527,s3.676514,s56.858195
197_95,s-2.387293,s-3.543400,s164.533613
197_96,s-4.458496,s-2.409600,s96.756666
197_97,s-2.880473,s4.636435,s209.336744
197_98,s0.836955,s-4.622734,s329.752372
197_99,s-3.626352,s3.251227,s331.067179
197_100,s-3.466777,s-3.852909,s269.358964
197_101,s-4.159204,s3.101218,s239.653667
197_102,s0.888479,s4.559597,s186.400190
197_103,s-5.986392,s0.557477,s88.707570
197_104,s-0.804436,s4.873166,s-0.520275
197_105,s-4.957623,s-0.856920,s221.222475
197_106,s2.642715,s2.958074,s-0.286971
197_107,s3.984994,s1.466820,s234.056990
197_108,s-4.116634,s2.696843,s179.522215
197_109,s3.332714,s-1.260626,s150.240827
197_110,s-1.833391,s4.731803,s4.946964
197_111,s-1.852436,s-4.525683,s147.754209
197_112,s4.000883,s0.846988,s268.776903
197_113,s-5.433627,s1.297994,s300.524457
197_114,s-2.893434,s-4.586856,s103.642576
197_115,s-1.259834,s-4.624763,s209.948867
197_116,s4.554965,s-0.469116,s79.852101
197_117,s-0.519209,s-4.653770,s91.139299
197_118,s-4.326205,s3.452417,s-0.288010
197_119,s2.418006,s4.056644,s-1.464960
197_120,s0.962137,s-5.428108,s241.903296
197_121,s-5.227617,s-1.312188,s211.817111
197_122,s-5.364220,s-0.416820,s31.321401
197_123,s-0.113916,s5.158870,s232.854430
197_124,s-3.361195,s4.719219,s159.864011
197_125,s3.373379,s-2.494872,s238.757754
197_126,s-4.616782,s-1.796508,s31.919282
197_127,s3.660469,s2.944000,s212.021250
197_128,s3.819479,s-2.159199,s330.988696
197_129,s3.518212,s-3.395612,s299.022962
197_130,s2.796060,s3.925073,s304.901773
197_131,s4.439220,s2.632073,s268.320605
197_132,s1.442312,s4.474829,s302.865029
197_133,s-4.767568,s3.417375,s183.658605
197_134,s-4.575611,s-3.500379,s148.460014
197_135,s-5.761649,s-1.868618,s130.064059
197_136,s4.523110,s0.153687,s347.039777
197_137,s3.733411,s3.407240,s86.545093
197_138,s4.302194,s-2.812813,s144.636872
197_139,s-5.978557,s-0.807624,s27.153241
197_140,s2.224331,s5.557806,s265.640742
197_141,s-0.244856,s-5.067467,s177.048274
197_142,s-4.262659,s-4.082061,s329.407219
197_143,s4.583103,s-1.144947,s260.673384
197_144,s-4.052208,s4.458924,s-6.696725
197_145,s-3.046526,s-5.037234,s147.468797
197_146,s2.192775,s-4.590590,s266.543123
197_147,s-6.098352,s1.386481,s-9.772973
197_148,s-1.955276,s-5.666417,s137.108437
197_149,s-2.610996,s-5.266215,s331.079025
197_150,s-2.505114,s5.118666,s326.433655
197_151,s-1.361441,s5.394447,s115.039882
197_152,s5.014527,s0.505944,s297.560524
197_153,s2.198731,s4.661341,s89.791269
197_154,s5.181907,s1.304436,s304.472626
197_155,s4.962551,s-0.794343,s123.337388
197_156,s0.816361,s5.233283,s337.019742
197_157,s-4.825474,s2.237257,s27.028563
197_158,s4.660955,s1.964050,s28.882938
197_159,s3.310407,s-3.730103,s300.474399
197_160,s-0.357963,s5.725449,s0.266373
197_161,s-5.346033,s3.518318,s30.568566
197_162,s-1.189962,s-5.518260,s58.497779
197_163,s5.100503,s-0.099866,s213.005184
197_164,s3.371733,s-4.497132,s293.585916
197_165,s3.752741,s4.180536,s2.714849
197_166,s5.071354,s2.224053,s237.397073
197_167,s-3.468673,s5.259859,s59.680794
197_168,s4.935801,s-3.196225,s155.389297
197_169,s4.197611,s3.738768,s208.964952
197_170,s-1.780606,s5.912569,s18.932525
197_171,s5.805653,s-0.270200,s27.416974
197_172,s4.260203,s-2.320553,s152.413259
197_173,s-4.735763,s3.967892,s65.858339
197_174,s-6.628486,s-0.905139,s245.262826
197_175,s-4.992498,s-2.887709,s58.504881
197_176,s1.559876,s5.890936,s305.524232
197_177,s2.934876,s4.784157,s89.089617
197_178,s5.867045,s0.314196,s339.796711
197_179,s-4.870137,s-3.788227,s299.603545
197_180,s4.817169,s-2.594360,s270.645257
197_181,s-5.030755,s4.591976,s29.615311
197_182,s0.064899,s-6.052386,s97.273081
197_183,s5.896171,s-1.908111,s29.680097
197_184,s0.726829,s6.495057,s301.104054
197_185,s2.443326,s-5.111815,s205.691013
197_186,s-5.950735,s-3.196425,s211.087770
197_187,s4.695320,s4.273468,s1.495572
197_188,s-6.612566,s1.824035,s10.667486
197_189,s-5.950196,s2.976949,s6.202888
197_190,s-3.317211,s5.705796,s2.582843
197_191,s-5.365211,s-3.774668,s122.065824
197_192,s-4.150833,s5.532439,s149.892659
197_193,s5.698520,s2.547538,s35.693643
197_194,s5.955444,s1.793109,s332.152509
197_195,s-4.375481,s-4.530566,s119.011204
197_196,s-2.641979,s-5.619968,s147.872761
198_0,s0.019101,s0.062919,s240.547283
198_1,s0.678339,s0.393641,s308.727191
198_2,s0.396658,s-0.925848,s187.553200
198_3,s-0.489530,s-0.514428,s2.287213
198_4,s-0.442045,s0.457547,s270.734854
198_5,s0.732975,s1.126842,s0.038295
198_6,s-1.093895,s-0.141779,s282.146435
198_7,s1.816314,s0.408386,s105.598829
198_8,s-1.814772,s-1.054077,s212.248477
198_9,s-0.851243,s-1.051826,s35.126842
198_10,s0.255082,s1.536584,s32.630135
198_11,s-1.530602,s1.117609,s228.883670
198_12,s0.759626,s-0.447088,s152.121789
198_13,s1.774685,s1.424265,s191.332805
198_14,s-0.598773,s0.984182,s37.374538
198_15,s-0.351386,s-1.348647,s336.056866
198_16,s0.135792,s-2.247632,s155.197536
198_17,s1.824064,s-1.314022,s98.025101
198_18,s2.464140,s-1.869859,s210.192306
198_19,s2.250868,s1.305157,s301.428058
198_20,s1.394711,s-2.083183,s332.145574
198_21,s-0.159287,s1.194779,s62.343563
198_22,s-1.557430,s0.426029,s193.049148
198_23,s-1.152341,s-1.350987,s58.806933
198_24,s0.833558,s2.021776,s24.033688
198_25,s0.152412,s2.516035,s71.251733
198_26,s-2.308547,s-1.543133,s60.980164
198_27,s2.349505,s-0.198641,s145.950604
198_28,s2.764946,s2.045571,s69.863657
198_29,s-2.029828,s1.538875,s176.027219
198_30,s-0.958212,s2.319783,s35.529309
198_31,s1.403140,s-0.343538,s299.480912
198_32,s-0.611656,s-1.959797,s296.504423
198_33,s0.311479,s-3.316436,s-1.881823
198_34,s2.688619,s-3.537804,s330.168589
198_35,s-1.490539,s-2.164612,s236.232083
198_36,s-1.898944,s-0.342122,s70.894729
198_37,s-2.623614,s0.550335,s236.933959
198_38,s-2.851405,s-0.711143,s45.323719
198_39,s-1.896835,s-2.189571,s147.994989
198_40,s2.367920,s0.135979,s327.957845
198_41,s-0.765823,s-2.473103,s179.835287
198_42,s1.363994,s-2.603272,s189.218230
198_43,s-2.443660,s1.089852,s68.445748
198_44,s-1.622875,s-2.845562,s208.717979
198_45,s-3.236900,s-0.019657,s27.255453
198_46,s2.305361,s-2.839795,s276.434787
198_47,s2.860870,s-0.259345,s302.295631
198_48,s-0.284199,s2.122938,s120.079262
198_49,s0.864162,s-3.054460,s-2.954730
198_50,s1.520780,s1.878343,s329.467299
198_51,s-0.522775,s2.968845,s59.019294
198_52,s-0.509489,s-3.067591,s241.746828
198_53,s-1.828274,s1.897758,s262.325989
198_54,s-2.936078,s-2.482740,s126.197370
198_55,s-3.877620,s-0.796378,s212.138079
198_56,s-1.176400,s-3.197659,s234.635359
198_57,s-3.075483,s2.049242,s239.330657
198_58,s-3.525438,s1.270405,s246.372661
198_59,s3.013030,s1.237687,s-0.932523
198_60,s-3.930257,s0.641976,s63.456917
198_61,s-1.911355,s3.196663,s179.081738
198_62,s3.381697,s-1.962843,s241.810452
198_63,s-3.136989,s-1.848071,s268.937847
198_64,s-2.170902,s2.370070,s179.970807
198_65,s2.836643,s2.487876,s210.049159
198_66,s-3.422403,s2.277652,s4.176647
198_67,s-2.072257,s-3.266187,s240.860629
198_68,s1.868120,s3.042279,s238.204747
198_69,s0.608495,s3.216724,s238.466663
198_70,s3.175185,s-0.739024,s84.164681
198_71,s0.251996,s-3.901241,s296.434163
198_72,s-4.327685,s-0.262879,s301.018168
198_73,s1.453690,s3.371245,s61.045912
198_74,s0.357503,s3.774958,s149.948532
198_75,s-1.791034,s3.782775,s10.049998
198_76,s-3.679735,s-1.872231,s116.546889
198_77,s-2.842007,s2.555874,s179.807324
198_78,s-2.562713,s-2.971259,s90.141683
198_79,s-4.729071,s0.177531,s325.817454
198_80,s3.421166,s0.880662,s120.993529
198_81,s-1.669905,s-3.851346,s282.110814
198_82,s-0.900495,s3.738272,s121.493801
198_83,s-0.817181,s4.281617,s208.290224
198_84,s-2.628568,s3.224426,s-0.677812
198_85,s-3.014386,s2.933427,s-0.594538
198_86,s1.587441,s-4.013175,s308.364720
198_87,s3.458982,s1.617457,s296.208535
198_88,s-4.925005,s0.491445,s17.351160
198_89,s-4.470127,s1.494434,s5.117194
198_90,s0.172853,s4.278613,s76.913307
198_91,s3.435722,s-0.077115,s329.759658
198_92,s-4.000056,s-2.708107,s172.092329
198_93,s-0.513391,s-3.997969,s243.627971
198_94,s2.158527,s3.676514,s56.858195
198_95,s-2.387293,s-3.543400,s164.533613
198_96,s-4.458496,s-2.409600,s96.756666
198_97,s-2.880473,s4.636435,s209.336744
198_98,s0.864750,s-4.539525,s211.667703
198_99,s-3.626352,s3.251227,s331.067179
198_100,s-3.466777,s-3.852909,s269.358964
198_101,s-4.159204,s3.101218,s239.653667
198_102,s0.888479,s4.559597,s186.400190
198_103,s-5.992805,s0.559498,s88.449267
198_104,s-0.804436,s4.873166,s-0.520275
198_105,s-4.850433,s-0.786638,s223.960288
198_106,s2.642715,s2.958074,s-0.286971
198_107,s3.984994,s1.466820,s234.056990
198_108,s-4.116634,s2.696843,s179.522215
198_109,s3.332714,s-1.260626,s150.240827
198_110,s-1.833391,s4.731803,s4.946964
198_111,s-1.852436,s-4.525683,s147.754209
198_112,s4.000883,s0.846988,s268.776903
198_113,s-5.433627,s1.297994,s300.524457
198_114,s-2.820456,s-4.628575,s99.623216
198_115,s-1.259834,s-4.624763,s209.948867
198_116,s4.554965,s-0.469116,s79.852101
198_117,s-0.519209,s-4.653770,s91.139299
198_118,s-4.326205,s3.452417,s-0.288010
198_119,s2.418006,s4.056644,s-1.464960
198_120,s0.962137,s-5.428108,s241.903296
198_121,s-5.227617,s-1.312188,s211.817111
198_122,s-5.364220,s-0.416820,s31.321401
198_123,s-0.028438,s5.130734,s229.427304
198_124,s-3.361195,s4.719219,s159.864011
198_125,s3.373379,s-2.494872,s238.757754
198_126,s-4.616782,s-1.796508,s31.919282
198_127,s3.660469,s2.944000,s212.021250
198_128,s3.819479,s-2.159199,s330.988696
198_129,s3.518212,s-3.395612,s299.022962
198_130,s2.796060,s3.925073,s304.901773
198_131,s4.439220,s2.632073,s268.320605
198_132,s1.442312,s4.474829,s302.865029
198_133,s-4.767568,s3.417375,s183.658605
198_134,s-4.575611,s-3.500379,s148.460014
198_135,s-5.761649,s-1.868618,s130.064059
198_136,s4.523110,s0.153687,s347.039777
198_137,s3.733411,s3.407240,s86.545093
198_138,s4.302194,s-2.812813,s144.636872
198_139,s-5.978557,s-0.807624,s27.153241
198_140,s2.224331,s5.557806,s265.640742
198_141,s-0.244856,s-5.067467,s177.048274
198_142,s-4.262659,s-4.082061,s329.407219
198_143,s4.583103,s-1.144947,s260.673384
198_144,s-4.052208,s4.458924,s-6.696725
198_145,s-3.046526,s-5.037234,s147.468797
198_146,s2.192775,s-4.590590,s266.543123
198_147,s-6.098352,s1.386481,s-9.772973
198_148,s-1.955276,s-5.666417,s137.108437
198_149,s-2.610996,s-5.266215,s331.079025
198_150,s-2.505114,s5.118666,s326.433655
198_151,s-1.361441,s5.394447,s115.039882
198_152,s5.060435,s0.427203,s300.841395
198_153,s2.198731,s4.661341,s89.791269
198_154,s5.181907,s1.304436,s304.472626
198_155,s4.962551,s-0.794343,s123.337388
198_156,s0.816361,s5.233283,s337.019742
198_157,s-4.825474,s2.237257,s27.028563
198_158,s4.660955,s1.964050,s28.882938
198_159,s3.310407,s-3.730103,s300.474399
198_160,s-0.357963,s5.725449,s0.266373
198_161,s-5.346033,s3.518318,s30.568566
198_162,s-1.189962,s-5.518260,s58.497779
198_163,s5.100503,s-0.099866,s213.005184
198_164,s3.371733,s-4.497132,s293.585916
198_165,s3.756472,s4.212763,s9.921425
198_166,s5.071354,s2.224053,s237.397073
198_167,s-3.468673,s5.259859,s59.680794
198_168,s4.935801,s-3.196225,s155.389297
198_169,s4.197611,s3.738768,s208.964952
198_170,s-1.780606,s5.912569,s18.932525
198_171,s5.805653,s-0.270200,s27.416974
198_172,s4.260203,s-2.320553,s152.413259
198_173,s-4.735763,s3.967892,s65.858339
198_174,s-6.628486,s-0.905139,s245.262826
198_175,s-4.992498,s-2.887709,s58.504881
198_176,s1.559876,s5.890936,s305.524232
198_177,s2.934876,s4.784157,s89.089617
198_178,s5.867045,s0.314196,s339.796711
198_179,s-4.870137,s-3.788227,s299.603545
198_180,s4.817169,s-2.594360,s270.645257
198_181,s-5.058506,s4.615161,s24.904829
198_182,s0.109977,s-5.996755,s92.712597
198_183,s5.896171,s-1.908111,s29.680097
198_184,s0.815391,s6.342155,s298.728115
198_185,s2.443326,s-5.111815,s205.691013
198_186,s-5.950735,s-3.196425,s211.087770
198_187,s4.695320,s4.273468,s1.495572
198_188,s-6.612566,s1.824035,s10.667486
198_189,s-5.950196,s2.976949,s6.202888
198_190,s-3.317211,s5.705796,s2.582843
198_191,s-5.365211,s-3.774668,s122.065824
198_192,s-4.150833,s5.532439,s149.892659
198_193,s5.698520,s2.547538,s35.693643
198_194,s5.955444,s1.793109,s332.152509
198_195,s-4.406861,s-4.577115,s116.222111
198_196,s-2.641979,s-5.619968,s147.872761
198_197,s1.681422,s6.526900,s300.490610
199_0,s0.019101,s0.062919,s240.547283
199_1,s0.678339,s0.393641,s308.727191
199_2,s0.396658,s-0.925848,s187.553200
199_3,s-0.489530,s-0.514428,s2.287213
199_4,s-0.418824,s0.471911,s270.420789
199_5,s0.732975,s1.126842,s0.038295
199_6,s-1.093895,s-0.141779,s282.146435
199_7,s1.881525,s0.531383,s107.838733
199_8,s-1.814772,s-1.054077,s212.248477
199_9,s-0.851243,s-1.051826,s35.126842
199_10,s0.255082,s1.536584,s32.630135
199_11,s-1.530602,s1.117609,s228.883670
199_12,s0.759626,s-0.447088,s152.121789
199_13,s1.774685,s1.424265,s191.332805
199_14,s-0.598773,s0.984182,s37.374538
199_15,s-0.351386,s-1.348647,s336.056866
199_16,s0.135792,s-2.247632,s155.197536
199_17,s1.824064,s-1.314022,s98.025101
199_18,s2.464140,s-1.869859,s210.192306
199_19,s2.250868,s1.305157,s301.428058
199_20,s1.360137,s-2.052004,s241.268330
199_21,s-0.159287,s1.194779,s62.343563
199_22,s-1.557430,s0.426029,s193.049148
199_23,s-1.152341,s-1.350987,s58.806933
199_24,s0.833558,s2.021776,s24.033688
199_25,s0.152412,s2.516035,s71.251733
199_26,s-2.308547,s-1.543133,s60.980164
199_27,s2.375328,s-0.290285,s143.103732
199_28,s2.764946,s2.045571,s69.863657
199_29,s-2.029828,s1.538875,s176.027219
199_30,s-0.958212,s2.319783,s35.529309
199_31,s1.403140,s-0.343538,s299.480912
199_32,s-0.611656,s-1.959797,s296.504423
199_33,s0.311479,s-3.316436,s-1.881823
199_34,s2.569653,s-3.672710,s332.576338
199_35,s-1.490539,s-2.164612,s236.232083
199_36,s-1.898944,s-0.342122,s70.894729
199_37,s-2.623614,s0.550335,s236.933959
199_38,s-2.851405,s-0.711143,s45.323719
199_39,s-1.896835,s-2.189571,s147.994989
199_40,s2.367920,s0.135979,s327.957845
199_41,s-0.765823,s-2.473103,s179.835287
199_42,s1.423888,s-2.563543,s190.479130
199_43,s-2.449371,s1.082372,s67.567449
199_44,s-1.622875,s-2.845562,s208.717979
199_45,s-3.236900,s-0.019657,s27.255453
199_46,s2.305361,s-2.839795,s276.434787
199_47,s2.860870,s-0.259345,s302.295631
199_48,s-0.284199,s2.122938,s120.079262
199_49,s0.801747,s-2.990576,s-7.576186
199_50,s1.520780,s1.878343,s329.467299
199_51,s-0.522775,s2.968845,s59.019294
199_52,s-0.509489,s-3.067591,s241.746828
199_53,s-1.828274,s1.897758,s262.325989
199_54,s-2.936078,s-2.482740,s126.197370
199_55,s-3.833063,s-0.533610,s217.304540
199_56,s-1.176400,s-3.197659,s234.635359
199_57,s-3.075483,s2.049242,s239.330657
199_58,s-3.525438,s1.270405,s246.372661
199_59,s3.013030,s1.237687,s-0.932523
199_60,s-3.930257,s0.641976,s63.456917
199_61,s-1.924278,s3.270647,s184.163618
199_62,s3.381697,s-1.962843,s241.810452
199_63,s-3.136989,s-1.848071,s268.937847
199_64,s-2.170902,s2.370070,s179.970807
199_65,s2.836643,s2.487876,s210.049159
199_66,s-3.422403,s2.277652,s4.176647
199_67,s-2.072257,s-3.266187,s240.860629
199_68,s1.868120,s3.042279,s238.204747
199_69,s0.513023,s3.211800,s242.965613
199_70,s3.175185,s-0.739024,s84.164681
199_71,s0.251335,s-3.882119,s271.700664
199_72,s-4.327685,s-0.262879,s301.018168
199_73,s1.449880,s3.395441,s27.342156
199_74,s0.313765,s3.758845,s298.313935
199_75,s-1.848553,s3.734734,s329.827733
199_76,s-3.706547,s-1.857524,s29.831223
199_77,s-2.842007,s2.555874,s179.807324
199_78,s-2.535257,s-3.096486,s89.391313
199_79,s-4.729071,s0.177531,s325.817454
199_80,s3.421166,s0.880662,s120.993529
199_81,s-1.669905,s-3.851346,s282.110814
199_82,s-0.932048,s3.702669,s116.702566
199_83,s-0.817181,s4.281617,s208.290224
199_84,s-2.628568,s3.224426,s-0.677812
199_85,s-3.014386,s2.933427,s-0.594538
199_86,s1.587441,s-4.013175,s308.364720
199_87,s3.458982,s1.617457,s296.208535
199_88,s-4.925005,s0.491445,s17.351160
199_89,s-4.470127,s1.494434,s5.117194
199_90,s0.172853,s4.278613,s76.913307
199_91,s3.435722,s-0.077115,s329.759658
199_92,s-4.043963,s-2.554498,s209.407804
199_93,s-0.515808,s-3.985003,s242.066897
199_94,s2.158527,s3.676514,s56.858195
199_95,s-2.363438,s-3.555996,s163.696956
199_96,s-4.458496,s-2.409600,s96.756666
199_97,s-2.880473,s4.636435,s209.336744
199_98,s0.889967,s-4.506484,s89.492310
199_99,s-3.626352,s3.251227,s331.067179
199_100,s-3.455172,s-3.798523,s268.183108
199_101,s-4.159204,s3.101218,s239.653667
199_102,s0.874682,s4.498474,s327.496252
199_103,s-5.992805,s0.559498,s88.449267
199_104,s-0.804436,s4.873166,s-0.520275
199_105,s-4.880356,s-0.793153,s224.163259
199_106,s2.642715,s2.958074,s-0.286971
199_107,s4.061355,s1.495056,s231.944222
199_108,s-4.116634,s2.696843,s179.522215
199_109,s3.332714,s-1.260626,s150.240827
199_110,s-1.833391,s4.731803,s4.946964
199_111,s-1.912749,s-4.489094,s153.137718
199_112,s4.000883,s0.846988,s268.776903
199_113,s-5.433627,s1.297994,s300.524457
199_114,s-2.820456,s-4.628575,s99.623216
199_115,s-1.259834,s-4.624763,s209.948867
199_116,s4.523176,s-0.464588,s79.314962
199_117,s-0.519209,s-4.653770,s91.139299
199_118,s-4.326205,s3.452417,s-0.288010
199_119,s2.418006,s4.056644,s-1.464960
199_120,s0.940628,s-5.439878,s247.543395
199_121,s-5.227617,s-1.312188,s211.817111
199_122,s-5.345096,s-0.455618,s27.735044
199_123,s-0.035208,s5.239583,s228.146170
199_124,s-3.361195,s4.719219,s159.864011
199_125,s3.373379,s-2.494872,s238.757754
199_126,s-4.616782,s-1.796508,s31.919282
199_127,s3.583189,s2.958361,s210.209771
199_128,s3.819479,s-2.159199,s330.988696
199_129,s3.518212,s-3.395612,s299.022962
199_130,s2.796060,s3.925073,s304.901773
199_131,s4.439220,s2.632073,s268.320605
199_132,s1.442312,s4.474829,s302.865029
199_133,s-4.767568,s3.417375,s183.658605
199_134,s-4.575611,s-3.500379,s148.460014
199_135,s-5.696070,s-1.947241,s126.943091
199_136,s4.523110,s0.153687,s347.039777
199_137,s3.733411,s3.407240,s86.545093
199_138,s4.302194,s-2.812813,s144.636872
199_139,s-5.978557,s-0.807624,s27.153241
199_140,s2.287205,s5.626503,s271.693686
199_141,s-0.244856,s-5.067467,s177.048274
199_142,s-4.215433,s-4.106381,s331.661389
199_143,s4.583103,s-1.144947,s260.673384
199_144,s-4.019041,s4.417167,s-5.805806
199_145,s-3.046526,s-5.037234,s147.468797
199_146,s2.192775,s-4.590590,s266.543123
199_147,s-6.098352,s1.386481,s-9.772973
199_148,s-1.921155,s-5.665658,s137.305416
199_149,s-2.610996,s-5.266215,s331.079025
199_150,s-2.505114,s5.118666,s326.433655
199_151,s-1.361441,s5.394447,s115.039882
199_152,s5.020133,s0.407956,s295.050760
199_153,s2.198731,s4.661341,s89.791269
199_154,s5.201366,s1.334319,s271.988933
199_155,s4.962551,s-0.794343,s123.337388
199_156,s0.816361,s5.233283,s337.019742
199_157,s-4.825474,s2.237257,s27.028563
199_158,s4.660955,s1.964050,s28.882938
199_159,s3.310407,s-3.730103,s300.474399
199_160,s-0.357963,s5.725449,s0.266373
199_161,s-5.267838,s3.434053,s31.745936
199_162,s-1.189962,s-5.518260,s58.497779
199_163,s5.100503,s-0.099866,s213.005184
199_164,s3.384102,s-4.488720,s147.652744
199_165,s3.756472,s4.212763,s9.921425
199_166,s5.071354,s2.224053,s237.397073
199_167,s-3.468673,s5.259859,s59.680794
199_168,s4.763795,s-3.315309,s150.552189
199_169,s4.263630,s3.721288,s205.859084
199_170,s-1.807931,s5.911226,s14.208485
199_171,s5.805653,s-0.270200,s27.416974
199_172,s4.260203,s-2.320553,s152.413259
199_173,s-4.735763,s3.967892,s65.858339
199_174,s-6.628486,s-0.905139,s245.262826
199_175,s-4.982150,s-2.940770,s58.429639
199_176,s1.559876,s5.890936,s305.524232
199_177,s2.934876,s4.784157,s89.089617
199_178,s5.906527,s0.338883,s340.613926
199_179,s-4.870137,s-3.788227,s299.603545
199_180,s5.142149,s-2.525611,s288.099623
199_181,s-5.139035,s4.597413,s20.179649
199_182,s0.109977,s-5.996755,s92.712597
199_183,s5.872739,s-1.717092,s32.925621
199_184,s0.815391,s6.342155,s298.728115
199_185,s2.443326,s-5.111815,s205.691013
199_186,s-5.950735,s-3.196425,s211.087770
199_187,s4.695320,s4.273468,s1.495572
199_188,s-6.612566,s1.824035,s10.667486
199_189,s-5.871473,s2.982067,s271.708727
199_190,s-3.286431,s5.764257,s6.175150
199_191,s-5.365211,s-3.774668,s122.065824
199_192,s-4.150833,s5.532439,s149.892659
199_193,s5.723104,s2.575389,s36.920329
199_194,s5.937553,s1.804859,s332.750754
199_195,s-4.354878,s-4.507785,s121.953716
199_196,s-2.641979,s-5.619968,s147.872761
199_197,s1.681422,s6.526900,s300.490610
199_198,s-3.677634,s-4.954181,s183.019241
200_0,s0.019101,s0.062919,s240.547283
200_1,s0.678339,s0.393641,s308.727191
200_2,s0.396658,s-0.925848,s187.553200
200_3,s-0.489530,s-0.514428,s2.287213
200_4,s-0.418824,s0.471911,s270.420789
200_5,s0.732975,s1.126842,s0.038295
200_6,s-1.093895,s-0.141779,s282.146435
200_7,s1.881525,s0.531383,s107.838733
200_8,s-1.814772,s-1.054077,s212.248477
200_9,s-0.851243,s-1.051826,s35.126842
200_10,s0.255082,s1.536584,s32.630135
200_11,s-1.530602,s1.117609,s228.883670
200_12,s0.759626,s-0.447088,s152.121789
200_13,s1.774685,s1.424265,s191.332805
200_14,s-0.598773,s0.984182,s37.374538
200_15,s-0.351386,s-1.348647,s336.056866
200_16,s0.135792,s-2.247632,s155.197536
200_17,s1.824064,s-1.314022,s98.025101
200_18,s2.464140,s-1.869859,s210.192306
200_19,s2.250868,s1.305157,s301.428058
200_20,s1.360137,s-2.052004,s241.268330
200_21,s-0.159287,s1.194779,s62.343563
200_22,s-1.557430,s0.426029,s193.049148
200_23,s-1.152341,s-1.350987,s58.806933
200_24,s0.833558,s2.021776,s24.033688
200_25,s0.152412,s2.516035,s71.251733
200_26,s-2.308547,s-1.543133,s60.980164
200_27,s2.375328,s-0.290285,s143.103732
200_28,s2.764946,s2.045571,s69.863657
200_29,s-2.029828,s1.538875,s176.027219
200_30,s-0.958212,s2.319783,s35.529309
200_31,s1.403140,s-0.343538,s299.480912
200_32,s-0.611656,s-1.959797,s296.504423
200_33,s0.311479,s-3.316436,s-1.881823
200_34,s2.569653,s-3.672710,s332.576338
200_35,s-1.490539,s-2.164612,s236.232083
200_36,s-1.898944,s-0.342122,s70.894729
200_37,s-2.623614,s0.550335,s236.933959
200_38,s-2.851405,s-0.711143,s45.323719
200_39,s-1.896835,s-2.189571,s147.994989
200_40,s2.367920,s0.135979,s327.957845
200_41,s-0.765823,s-2.473103,s179.835287
200_42,s1.423888,s-2.563543,s190.479130
200_43,s-2.449371,s1.082372,s67.567449
200_44,s-1.622875,s-2.845562,s208.717979
200_45,s-3.236900,s-0.019657,s27.255453
200_46,s2.305361,s-2.839795,s276.434787
200_47,s2.860870,s-0.259345,s302.295631
200_48,s-0.284199,s2.122938,s120.079262
200_49,s0.801747,s-2.990576,s-7.576186
200_50,s1.520780,s1.878343,s329.467299
200_51,s-0.522775,s2.968845,s59.019294
200_52,s-0.509489,s-3.067591,s241.746828
200_53,s-1.828274,s1.897758,s262.325989
200_54,s-2.936078,s-2.482740,s126.197370
200_55,s-3.833063,s-0.533610,s217.304540
200_56,s-1.176400,s-3.197659,s234.635359
200_57,s-3.075483,s2.049242,s239.330657
200_58,s-3.525438,s1.270405,s246.372661
200_59,s3.013030,s1.237687,s-0.932523
200_60,s-3.930257,s0.641976,s63.456917
200_61,s-1.924278,s3.270647,s184.163618
200_62,s3.381697,s-1.962843,s241.810452
200_63,s-3.136989,s-1.848071,s268.937847
200_64,s-2.170902,s2.370070,s179.970807
200_65,s2.836643,s2.487876,s210.049159
200_66,s-3.422403,s2.277652,s4.176647
200_67,s-2.072257,s-3.266187,s240.860629
200_68,s1.868120,s3.042279,s238.204747
200_69,s0.513023,s3.211800,s242.965613
200_70,s3.175185,s-0.739024,s84.164681
200_71,s0.251335,s-3.882119,s271.700664
200_72,s-4.327685,s-0.262879,s301.018168
200_73,s1.449880,s3.395441,s27.342156
200_74,s0.313765,s3.758845,s298.313935
200_75,s-1.848553,s3.734734,s329.827733
200_76,s-3.706547,s-1.857524,s29.831223
200_77,s-2.842007,s2.555874,s179.807324
200_78,s-2.535257,s-3.096486,s89.391313
200_79,s-4.729071,s0.177531,s325.817454
200_80,s3.421166,s0.880662,s120.993529
200_81,s-1.669905,s-3.851346,s282.110814
200_82,s-0.932048,s3.702669,s116.702566
200_83,s-0.817181,s4.281617,s208.290224
200_84,s-2.628568,s3.224426,s-0.677812
200_85,s-3.014386,s2.933427,s-0.594538
200_86,s1.587441,s-4.013175,s308.364720
200_87,s3.458982,s1.617457,s296.208535
200_88,s-4.925005,s0.491445,s17.351160
200_89,s-4.470127,s1.494434,s5.117194
200_90,s0.172853,s4.278613,s76.913307
200_91,s3.435722,s-0.077115,s329.759658
200_92,s-4.043963,s-2.554498,s209.407804
200_93,s-0.515808,s-3.985003,s242.066897
200_94,s2.158527,s3.676514,s56.858195
200_95,s-2.363438,s-3.555996,s163.696956
200_96,s-4.458496,s-2.409600,s96.756666
200_97,s-2.880473,s4.636435,s209.336744
200_98,s0.889967,s-4.506484,s89.492310
200_99,s-3.626352,s3.251227,s331.067179
200_100,s-3.455172,s-3.798523,s268.183108
200_101,s-4.159204,s3.101218,s239.653667
200_102,s0.874682,s4.498474,s327.496252
200_103,s-5.992805,s0.559498,s88.449267
200_104,s-0.804436,s4.873166,s-0.520275
200_105,s-4.880356,s-0.793153,s224.163259
200_106,s2.642715,s2.958074,s-0.286971
200_107,s4.061355,s1.495056,s231.944222
200_108,s-4.116634,s2.696843,s179.522215
200_109,s3.332714,s-1.260626,s150.240827
200_110,s-1.833391,s4.731803,s4.946964
200_111,s-1.912749,s-4.489094,s153.137718
200_112,s4.000883,s0.846988,s268.776903
200_113,s-5.433627,s1.297994,s300.524457
200_114,s-2.820456,s-4.628575,s99.623216
200_115,s-1.259834,s-4.624763,s209.948867
200_116,s4.523176,s-0.464588,s79.314962
200_117,s-0.519209,s-4.653770,s91.139299
200_118,s-4.326205,s3.452417,s-0.288010
200_119,s2.418006,s4.056644,s-1.464960
200_120,s0.940628,s-5.439878,s247.543395
200_121,s-5.227617,s-1.312188,s211.817111
200_122,s-5.345096,s-0.455618,s27.735044
200_123,s-0.035208,s5.239583,s228.146170
200_124,s-3.361195,s4.719219,s159.864011
200_125,s3.373379,s-2.494872,s238.757754
200_126,s-4.616782,s-1.796508,s31.919282
200_127,s3.583189,s2.958361,s210.209771
200_128,s3.819479,s-2.159199,s330.988696
200_129,s3.518212,s-3.395612,s299.022962
200_130,s2.796060,s3.925073,s304.901773
200_131,s4.439220,s2.632073,s268.320605
200_132,s1.442312,s4.474829,s302.865029
200_133,s-4.767568,s3.417375,s183.658605
200_134,s-4.575611,s-3.500379,s148.460014
200_135,s-5.696070,s-1.947241,s126.943091
200_136,s4.523110,s0.153687,s347.039777
200_137,s3.733411,s3.407240,s86.545093
200_138,s4.302194,s-2.812813,s144.636872
200_139,s-5.978557,s-0.807624,s27.153241
200_140,s2.287205,s5.626503,s271.693686
200_141,s-0.244856,s-5.067467,s177.048274
200_142,s-4.215433,s-4.106381,s331.661389
200_143,s4.583103,s-1.144947,s260.673384
200_144,s-4.019041,s4.417167,s-5.805806
200_145,s-3.046526,s-5.037234,s147.468797
200_146,s2.192775,s-4.590590,s266.543123
200_147,s-6.098352,s1.386481,s-9.772973
200_148,s-1.921155,s-5.665658,s137.305416
200_149,s-2.610996,s-5.266215,s331.079025
200_150,s-2.505114,s5.118666,s326.433655
200_151,s-1.361441,s5.394447,s115.039882
200_152,s5.020133,s0.407956,s295.050760
200_153,s2.198731,s4.661341,s89.791269
200_154,s5.201366,s1.334319,s271.988933
200_155,s4.962551,s-0.794343,s123.337388
200_156,s0.816361,s5.233283,s337.019742
200_157,s-4.825474,s2.237257,s27.028563
200_158,s4.660955,s1.964050,s28.882938
200_159,s3.310407,s-3.730103,s300.474399
200_160,s-0.357963,s5.725449,s0.266373
200_161,s-5.267838,s3.434053,s31.745936
200_162,s-1.189962,s-5.518260,s58.497779
200_163,s5.100503,s-0.099866,s213.005184
200_164,s3.384102,s-4.488720,s147.652744
200_165,s3.756472,s4.212763,s9.921425
200_166,s5.071354,s2.224053,s237.397073
200_167,s-3.468673,s5.259859,s59.680794
200_168,s4.763795,s-3.315309,s150.552189
200_169,s4.263630,s3.721288,s205.859084
200_170,s-1.807931,s5.911226,s14.208485
200_171,s5.805653,s-0.270200,s27.416974
200_172,s4.260203,s-2.320553,s152.413259
200_173,s-4.735763,s3.967892,s65.858339
200_174,s-6.628486,s-0.905139,s245.262826
200_175,s-4.982150,s-2.940770,s58.429639
200_176,s1.559876,s5.890936,s305.524232
200_177,s2.934876,s4.784157,s89.089617
200_178,s5.906527,s0.338883,s340.613926
200_179,s-4.870137,s-3.788227,s299.603545
200_180,s5.142149,s-2.525611,s288.099623
200_181,s-5.139035,s4.597413,s20.179649
200_182,s0.109977,s-5.996755,s92.712597
200_183,s5.872739,s-1.717092,s32.925621
200_184,s0.815391,s6.342155,s298.728115
200_185,s2.443326,s-5.111815,s205.691013
200_186,s-5.950735,s-3.196425,s211.087770
200_187,s4.695320,s4.273468,s1.495572
200_188,s-6.612566,s1.824035,s10.667486
200_189,s-5.871473,s2.982067,s271.708727
200_190,s-3.286431,s5.764257,s6.175150
200_191,s-5.365211,s-3.774668,s122.065824
200_192,s-4.150833,s5.532439,s149.892659
200_193,s5.723104,s2.575389,s36.920329
200_194,s5.937553,s1.804859,s332.750754
200_195,s-4.354878,s-4.507785,s121.953716
200_196,s-2.641979,s-5.619968,s147.872761
200_197,s1.681422,s6.526900,s300.490610
200_198,s-3.677634,s-4.954181,s183.019241
200_199,s3.193356,s5.615521,s207.243923
